"","Point Forecast","Lo 75","Hi 75","Lo 85","Hi 85","Lo 95","Hi 95"
"2019.000",2778.937559813,2739.92627869279,2817.9488409332,2730.11937652696,2827.75574309903,2712.47018277891,2845.40493684708
"2019.008",2783.63845629508,2723.63996066358,2843.63695192657,2708.55716000032,2858.71975258984,2681.41308670703,2885.86382588312
"2019.017",2763.3005757153,2687.18500716854,2839.41614426207,2668.05059495239,2858.55055647822,2633.6149553643,2892.98619606631
"2019.025",2774.78592827509,2679.33636476366,2870.23549178652,2655.34165081816,2894.23020573202,2612.15906898011,2937.41278757007
"2019.033",2768.29983829609,2659.8338369995,2876.76583959267,2632.56696873758,2904.0327078546,2583.49558689649,2953.10408969569
"2019.042",2771.96270915675,2650.37179349255,2893.55362482095,2619.80550138599,2924.11991692752,2564.79624337295,2979.12917494055
"2019.050",2769.89418667474,2637.24923098912,2902.53914236037,2603.90410450659,2935.88426884289,2543.89385989597,2995.89451345352
