"","Point Forecast","Lo 75","Hi 75","Lo 85","Hi 85","Lo 95","Hi 95"
"2019.000",2734.0300341661,2695.18645323199,2772.8736151002,2685.42170859782,2782.63835973438,2667.84838452108,2800.21168381112
"2019.008",2746.08542338452,2686.47199315509,2805.69885361394,2671.48599266391,2820.68485410512,2644.5161277968,2847.65471897224
"2019.016",2729.34341145636,2653.33485272681,2805.35197018592,2634.22734131418,2824.45948159855,2599.84011431196,2858.84670860077
"2019.025",2739.15310843906,2643.74875730015,2834.55745957797,2619.76540912632,2858.5408077518,2576.60328193369,2901.70293494443
"2019.033",2733.40528342823,2624.98617817758,2841.82438867887,2597.73109893979,2869.07946791666,2548.68093345912,2918.12963339734
"2019.041",2736.77312367991,2615.15094260577,2858.39530475406,2584.57679080305,2888.96945655678,2529.55338792571,2943.99285943412
"2019.049",2734.79979499654,2602.13202792639,2867.46756206669,2568.78116697399,2900.81842301909,2508.76060220639,2960.83898778669
