"","Point Forecast","Lo 75","Hi 75","Lo 85","Hi 85","Lo 95","Hi 95"
"2019.000",2792.7695664527,2753.91893415019,2831.62019875521,2744.1524168985,2841.38671600689,2726.57590269409,2858.9632302113
"2019.008",2772.54496507364,2712.88124803827,2832.20868210901,2697.8826061323,2847.20732401498,2670.88999088233,2874.19993926495
"2019.017",2786.22749539733,2710.48924641143,2861.96574438323,2691.4496871689,2881.00530362576,2657.18475169109,2915.27023910357
"2019.025",2778.4907924493,2683.42917549871,2873.5524093999,2659.53198600917,2897.44959888944,2616.52491606972,2940.45666882889
"2019.033",2782.86546373378,2674.823831446,2890.90709602156,2647.66364374498,2918.06728372258,2598.78425177558,2966.94667569197
"2019.041",2780.39183265659,2659.2487041885,2901.53496112468,2628.79497965463,2931.98868565855,2573.98830619547,2986.79535911771
"2019.050",2781.79053219494,2649.6231163684,2913.95794802148,2616.39803687085,2947.18302751903,2556.60383729268,3006.97722709721
