"","Point Forecast","Lo 75","Hi 75","Lo 85","Hi 85","Lo 95","Hi 95"
"2019.000",548.95266338123,544.048150730543,553.857176031918,542.815223373245,555.090103389215,540.596360225813,557.308966536648
"2019.008",549.835525180316,542.904320658904,556.766729701728,541.161910702581,558.509139658051,538.026146687838,561.644903672794
"2019.016",548.856398955572,540.447812500053,557.26498541109,538.334008944921,559.378788966222,534.529858780168,563.182939130975
"2019.023",549.721592125485,539.549399364737,559.893784886233,536.992249321161,562.45093492981,532.390221504546,567.052962746424
"2019.031",549.072672797096,537.822532537381,560.322813056811,534.994401245337,563.150944348855,529.904696435985,568.240649158207
"2019.039",549.501745944586,536.920227562168,562.083264327005,533.757406031297,565.246085857876,528.065369030724,570.938122858449
"2019.047",549.257256988759,535.706753821212,562.807760156306,532.30034277687,566.214171200647,526.169924884396,572.344589093121
