"","Point Forecast","Lo 75","Hi 75","Lo 85","Hi 85","Lo 95","Hi 95"
"2019.000",550.425640597796,545.457287804215,555.393993391378,544.208311908709,556.642969286884,541.960566678492,558.890714517101
"2019.008",548.969736792465,541.986905499513,555.952568085418,540.231517279387,557.707956305543,537.072396664518,560.867076920412
"2019.016",549.898855495273,541.481588168546,558.316122822001,539.365602361199,560.432108629348,535.557524861237,564.24018612931
"2019.024",549.246723508173,538.972686931095,559.52076008525,536.389934745926,562.103512270419,531.741831507156,566.75161550919
"2019.032",549.704443417711,538.254107806894,561.154779028528,535.375650143453,564.033236691969,530.195374441846,569.213512393575
"2019.040",549.383177907459,536.61833218026,562.148023634658,533.409424663926,565.356931150991,527.634448069101,571.131907745816
"2019.048",549.608668487892,535.813930010277,563.403406965507,532.346121551585,566.871215424199,526.105208536067,573.112128439717
