"","Point Forecast","Lo 75","Hi 75","Lo 85","Hi 85","Lo 95","Hi 95"
"2019.000",548.136945055113,543.196300649802,553.077589460425,541.95429026389,554.319599846336,539.719080656677,556.554809453549
"2019.008",547.42861595766,540.435304330881,554.421927584439,538.677281498265,556.179950417055,535.51341944869,559.343812466631
"2019.016",547.203466672666,538.723094818274,555.683838527057,536.59124539632,557.815687949011,532.754618615147,561.652314730185
"2019.024",547.707649205302,537.45722787741,557.958070533195,534.880412242688,560.534886167917,530.24299283937,565.172305571235
"2019.031",547.116085646512,535.77759874612,558.454572546905,532.92725831772,561.304912975305,527.797584378067,566.434586914958
"2019.039",547.628762459235,534.954660849984,560.302864068486,531.76856516298,563.488959755491,526.034642347297,569.222882571173
"2019.047",547.239995946229,533.589728717587,560.890263174871,530.158238353656,564.321753538802,523.982685946427,570.497305946031
