"","Point Forecast","Lo 75","Hi 75","Lo 85","Hi 85","Lo 95","Hi 95"
"2019.000",549.314948860891,544.390533230087,554.239364491695,543.15260253598,555.477295185802,540.924735030266,557.705162691516
"2019.008",549.046828862032,542.087125130464,556.0065325936,540.337550862747,557.756106861317,537.188893447242,560.904764276822
"2019.016",549.926838723506,541.484042708419,558.369634738592,539.361639338204,560.492038108807,535.542012338865,564.311665108146
"2019.023",548.966886662039,538.753772603866,559.180000720212,536.186335506165,561.747437817913,531.565794380427,566.367978943651
"2019.031",549.813578603263,538.518181990996,561.10897521553,535.678673871298,563.948483335228,530.568494519415,569.058662687111
"2019.039",549.181259674567,536.54949969927,561.813019649864,533.374048119554,564.988471229579,527.659281191087,570.703238158047
"2019.047",549.598353335633,535.993753903907,563.202952767359,532.573743799112,566.622962872154,526.418852077015,572.777854594251
