"","Point Forecast","Lo 75","Hi 75","Lo 85","Hi 85","Lo 95","Hi 95"
"2019.000",3225.78277812317,3186.9558079073,3264.60974833903,3177.19523898036,3274.37031726597,3159.62942980126,3291.93612644507
"2019.008",3225.78277812317,3174.97777025648,3276.58778598985,3162.20608659536,3289.35946965097,3139.22126268129,3312.34429356504
"2019.016",3225.78277812317,3165.32813369841,3286.23742254792,3150.13066347137,3301.43489277497,3122.78022273258,3328.78533351375
"2019.024",3225.78277812317,3157.01956673281,3294.54598951352,3139.73343648154,3311.83211976479,3108.62409565197,3342.94146059436
"2019.032",3225.78277812317,3149.61195399145,3301.95360225488,3130.46365127748,3321.10190496886,3096.00301336848,3355.56254287785
"2019.040",3225.78277812317,3142.86348207517,3308.70207417116,3122.01870588093,3329.5468503654,3084.50497448375,3367.06058176258
"2019.048",3225.78277812317,3136.62435246813,3314.94120377821,3114.2111444793,3337.35441176703,3073.87475245443,3377.6908037919
