"","Point Forecast","Lo 75","Hi 75","Lo 85","Hi 85","Lo 95","Hi 95"
"2019.000",3247.63367748514,3208.43238721727,3286.83496775301,3198.57771935219,3296.68963561809,3180.8425630783,3314.42479189198
"2019.008",3247.63367748514,3196.33710508288,3298.93024988741,3183.44184882505,3311.82550614523,3160.23463493867,3335.03272003161
"2019.017",3247.63367748514,3186.5932357946,3308.67411917568,3171.24850415216,3324.01885081812,3143.63304136991,3351.63431360037
"2019.025",3247.63367748514,3178.20362128949,3317.06373368079,3160.7498553806,3334.51749958968,3129.33882558234,3365.92852938794
"2019.033",3247.63367748514,3170.72379590361,3324.54355906668,3151.38970426147,3343.87765070881,3116.59470747607,3378.67264749422
"2019.041",3247.63367748514,3163.90956467144,3331.35779029884,3142.86246855701,3352.40488641327,3104.98462794266,3390.28272702762
"2019.050",3247.63367748514,3157.60965709061,3337.65769787968,3134.97885043079,3360.28850453949,3094.25085246974,3401.01650250054
