"","Point Forecast","Lo 75","Hi 75","Lo 85","Hi 85","Lo 95","Hi 95"
"2019.000",3254.65748740087,3215.60991072463,3293.70506407711,3205.79388435276,3303.52109044898,3188.12827003911,3321.18670476263
"2019.008",3254.65748740087,3203.57413837365,3305.74083642809,3190.73248355414,3318.5824912476,3167.62173460174,3341.6932402
"2019.016",3254.65748740087,3193.87670218559,3315.43827261616,3178.59724462736,3330.71773017438,3151.09925369705,3358.21572110469
"2019.025",3254.65748740087,3185.52645851415,3323.78851628759,3168.14786397824,3341.16711082351,3136.87211789176,3372.44285690999
"2019.033",3254.65748740087,3178.08141765003,3331.23355715172,3158.83124173359,3350.48373306816,3124.18726561466,3385.12770918708
"2019.041",3254.65748740087,3171.29868605371,3338.01628874804,3150.34342424231,3358.97155055943,3112.63085512549,3396.68411967625
"2019.049",3254.65748740087,3165.02777655906,3344.28719824268,3142.49609392429,3366.81888087745,3101.94648655932,3407.36848824243
