"","Point Forecast","Lo 75","Hi 75","Lo 85","Hi 85","Lo 95","Hi 95"
"2019.000",3233.29949193221,3194.32284822334,3272.27613564108,3184.52465342868,3282.07433043574,3166.89113008073,3299.7078537837
"2019.008",3233.29949193221,3182.34076369209,3284.25822017234,3169.5304368329,3297.06854703153,3146.47606789041,3320.12291597402
"2019.016",3233.29949193221,3172.68261958718,3293.91636427724,3157.44436748123,3309.15461638319,3130.02053279296,3336.57845107147
"2019.024",3233.29949193221,3164.36460641017,3302.23437745425,3147.03531963173,3319.5636642327,3115.84831126793,3350.75067259649
"2019.033",3233.29949193221,3156.94746726371,3309.65151660071,3137.7536132147,3328.84537064973,3103.21099790611,3363.38798595831
"2019.041",3233.29949193221,3150.18965557079,3316.40932829363,3129.29698014948,3337.30200371494,3091.69704592041,3374.90193794401
"2019.049",3233.29949193221,3143.94145855488,3322.65752530955,3121.4780719165,3345.12091194793,3081.05137485003,3385.5476090144
