"","Point Forecast","Lo 75","Hi 75","Lo 85","Hi 85","Lo 95","Hi 95"
"2019.000",6174.78341908328,6133.84555187443,6215.72128629214,6123.55433233315,6226.01250583342,6105.03352683141,6244.53331133516
"2019.008",6178.4250493874,6117.16485638471,6239.68524239009,6101.76488226991,6255.0852165049,6074.0500012329,6282.8000975419
"2019.016",6180.32184326341,6107.67667160345,6252.96701492338,6089.41466966885,6271.22901685798,6056.54908123723,6304.0946052896
"2019.024",6179.90921695726,6098.15277183381,6261.66566208071,6077.60032044724,6282.21811346728,6040.61267741933,6319.2057564952
"2019.031",6179.53571258561,6089.1857167602,6269.88570841102,6066.47296433836,6292.59846083286,6025.59749099657,6333.47393417466
"2019.039",6179.56451108223,6081.2236718024,6277.90535036206,6056.50213069868,6302.62689146578,6012.01149937469,6347.11752278977
"2019.047",6179.63212014907,6073.94724903575,6285.31699126239,6047.37951883939,6311.88472145874,5999.56635523758,6359.69788506056
