"","Point Forecast","Lo 75","Hi 75","Lo 85","Hi 85","Lo 95","Hi 95"
"2019.000",6208.10263324665,6167.20279843514,6249.00246805815,6156.92113971804,6259.28412677525,6138.41754055073,6277.78772594256
"2019.008",6204.53468368142,6143.09271724919,6265.97665011364,6127.64704778195,6281.42231958088,6099.84993016148,6309.21943720135
"2019.016",6203.06682864547,6130.14620681502,6275.98745047592,6111.81496047737,6294.31869681358,6078.82475492764,6327.30890236331
"2019.024",6203.51534070078,6121.46849717009,6285.56218423148,6100.84304359832,6306.18763780324,6063.72402068217,6343.30666071939
"2019.032",6203.827257641,6113.17108225222,6294.48343302977,6090.38136047852,6317.27315480347,6049.36736765517,6358.28714762682
"2019.040",6203.78629961413,6105.11003627878,6302.46256294948,6080.30417415811,6327.26842507015,6035.66179277687,6371.91080645139
"2019.048",6203.72659720772,6097.6780620278,6309.77513238764,6071.0189116622,6336.43428275324,6023.04122186729,6384.41197254816
