"","Point Forecast","Lo 75","Hi 75","Lo 85","Hi 85","Lo 95","Hi 95"
"2019.000",6181.3014422446,6140.41053274263,6222.19235174657,6130.1311177262,6232.471766763,6111.63155648107,6250.97132800813
"2019.008",6184.00199150665,6122.77410288922,6245.22988012409,6107.38224965474,6260.62173335856,6079.68198352753,6288.32199948577
"2019.016",6185.69498929698,6113.08362080503,6258.30635778894,6094.83011652423,6276.55986206973,6061.97982107054,6309.41015752342
"2019.024",6185.42154749287,6103.710240883,6267.13285410274,6083.16913670097,6287.67395828476,6046.20191490376,6324.64118008197
"2019.031",6185.09732712042,6094.80116624342,6275.39348799742,6072.10194719083,6298.09270705002,6031.25082945612,6338.94382478473
"2019.039",6185.10752316669,6086.82575621528,6283.38929011809,6062.11906508646,6308.09598124691,6017.65515882608,6352.55988750729
"2019.047",6185.16478624549,6079.54377754254,6290.78579494844,6052.99210148213,6317.33747100885,6005.20783003718,6365.12174245379
