"","Point Forecast","Lo 75","Hi 75","Lo 85","Hi 85","Lo 95","Hi 95"
"2019.000",6212.97779187994,6172.07751227136,6253.87807148852,6161.79574173837,6264.15984202151,6143.29194133928,6282.66364242061
"2019.008",6209.95771447344,6148.92876788284,6270.98666106405,6133.58692595119,6286.32850299569,6105.97666369659,6313.9387652503
"2019.016",6208.49419714027,6136.07090778783,6280.91748649271,6117.86468402866,6299.12371025188,6085.09947794087,6331.88891633967
"2019.023",6208.83704908377,6127.23967989047,6290.43441827707,6106.72721801563,6310.94688015192,6069.81154293727,6347.86255523027
"2019.031",6209.1162556513,6118.8997496595,6299.33276164311,6096.22055475488,6322.01195654772,6055.40547389108,6362.82703741152
"2019.039",6209.08948401585,6110.8789842877,6307.29998374399,6086.19020876345,6331.98875926825,6041.75854469033,6376.42042334136
"2019.047",6209.04036978181,6103.48058344305,6314.60015612057,6076.94429784711,6341.1364417165,6029.18772416897,6388.89301539464
