"","Point Forecast","Lo 75","Hi 75","Lo 85","Hi 85","Lo 95","Hi 95"
"2019.000",6211.93683746808,6170.85731159333,6253.01636334283,6160.53048100219,6263.34319393398,6141.94558734008,6281.92808759609
"2019.008",6211.53660759682,6149.7305895497,6273.34262564394,6134.19340248888,6288.87981270476,6106.23158334359,6316.84163185005
"2019.016",6212.06476322663,6138.57810760545,6285.55141884781,6120.10456811954,6304.02495833372,6086.85828177077,6337.27124468249
"2019.024",6212.19908920102,6129.43239256863,6294.96578583341,6108.62597777899,6315.77220062304,6071.18128427482,6353.21689412722
"2019.032",6212.12501329594,6120.64043668016,6303.60958991173,6097.64246617547,6326.60756041641,6056.25369422832,6367.99633236356
"2019.040",6212.09273836012,6112.49465664825,6311.690820072,6087.45706200371,6336.72841471654,6042.39763840645,6381.7878383138
"2019.048",6212.10146015252,6105.04115138533,6319.16176891971,6078.12765498701,6346.07526531803,6029.69222610847,6394.51069419656
