"","Point Forecast","Lo 75","Hi 75","Lo 85","Hi 85","Lo 95","Hi 95"
"2019.000",3720.100098,3685.03324185856,3755.16695414144,3676.21791414905,3763.98228185095,3660.35322782234,3779.84696817766
"2019.008",3720.100098,3670.50807445498,3769.69212154502,3658.04131845144,3782.15887754856,3635.60526388541,3804.59493211459
"2019.016",3720.100098,3659.36252150131,3780.83767449869,3644.09392602308,3796.10626997692,3616.61548325907,3823.58471274093
"2019.023",3720.100098,3649.96638571711,3790.23381028289,3632.33573029811,3807.86446570189,3600.60635764468,3839.59383835532
"2019.031",3720.100098,3641.68822391052,3798.51197208948,3621.97655190814,3818.22364409186,3586.50203483989,3853.69816116011
"2019.039",3720.100098,3634.20419356988,3805.99600243012,3612.61113876618,3827.58905723382,3573.75075233642,3866.44944366358
"2019.047",3720.100098,3627.32191738886,3812.87827861114,3603.99875254398,3836.20144345602,3562.02473789545,3878.17545810455
