"","Point Forecast","Lo 75","Hi 75","Lo 85","Hi 85","Lo 95","Hi 95"
"2019.000",3697.280029,3661.98790364791,3732.57215435209,3653.11594634188,3741.44411165812,3637.1493453938,3757.4107126062
"2019.008",3697.280029,3647.3694266821,3747.1906313179,3634.82258433512,3759.73747366488,3612.24240072935,3782.31765727065
"2019.016",3697.280029,3636.15227478309,3758.40778321691,3620.78559396647,3773.77446403353,3593.13062990022,3801.42942809978
"2019.024",3697.280029,3626.69577829582,3767.86427970418,3608.95186368376,3785.60819431624,3577.01866178761,3817.54139621239
"2019.031",3697.280029,3618.36443764228,3776.19562035772,3598.52613801253,3796.03391998747,3562.82373292301,3831.73632507699
"2019.039",3697.280029,3610.83232994903,3783.72772805097,3589.10056152951,3805.45949647049,3549.99053628008,3844.56952171992
"2019.047",3697.280029,3603.90584207945,3790.65421592055,3580.43284940532,3814.12720859468,3538.1891940137,3856.3708639863
