"","Point Forecast","Lo 75","Hi 75","Lo 85","Hi 85","Lo 95","Hi 95"
"2019.000",3702.23999,3666.78764187828,3737.69233812172,3657.87540676078,3746.60457323922,3641.83631901855,3762.64366098145
"2019.008",3702.23999,3652.10279846829,3752.37718153171,3639.49899469406,3764.98098530594,3616.81629928091,3787.66368071909
"2019.016",3702.23999,3640.83472180556,3763.64525819444,3625.39827777305,3779.08170222695,3597.61776289646,3806.86221710354
"2019.024",3702.23999,3631.33529375656,3773.14468624344,3613.51082352155,3790.96915647845,3581.4326480371,3823.0473319629
"2019.032",3702.23999,3622.96612963785,3781.51385036215,3603.03776608365,3801.44221391635,3567.17327559495,3837.30670440505
"2019.040",3702.23999,3615.39982691827,3789.08015308173,3593.56939841267,3810.91058158733,3554.28181750449,3850.19816249551
"2019.048",3702.23999,3608.44189347664,3796.03808652336,3584.86233572999,3819.61764427001,3542.42689830772,3862.05308169228
