"","Point Forecast","Lo 75","Hi 75","Lo 85","Hi 85","Lo 95","Hi 95"
"2019.000",3719.860107,3684.50334260335,3755.21687139665,3675.61513592618,3764.10507807382,3659.61929146216,3780.10092253784
"2019.008",3719.860107,3669.85809126863,3769.86212273137,3657.28826884059,3782.43194515941,3634.66672865798,3805.05348534202
"2019.016",3719.860107,3658.62039467377,3781.09981932623,3643.22556912072,3796.49464487928,3615.51995379908,3824.20026020092
"2019.024",3719.860107,3649.14657820671,3790.57363579329,3631.37016485235,3808.35004914765,3599.37847592433,3840.34173807567
"2019.032",3719.860107,3640.79997834465,3798.92023565535,3620.92534401642,3818.79486998358,3585.15754843737,3854.56266556263
"2019.040",3719.860107,3633.25407527241,3806.46613872759,3611.48250418493,3828.23770981507,3572.30084724318,3867.41936675682
"2019.048",3719.860107,3626.31490124257,3813.40531275743,3602.79891677341,3836.92129722659,3560.47789031117,3879.24232368883
