"","Point Forecast","Lo 75","Hi 75","Lo 85","Hi 85","Lo 95","Hi 95"
"2019.000",35645.398438,35372.1356419595,35918.6612340405,35303.4411149054,35987.3557610946,35179.813592482,36110.983283518
"2019.008",35645.398438,35258.9464857475,36031.8503902525,35161.7977539268,36128.9991220732,34986.962035033,36303.834840967
"2019.016",35645.398438,35172.0933914395,36118.7034845605,35053.1109803798,36237.6858956201,34838.9818303287,36451.8150456713
"2019.024",35645.398438,35098.872845919,36191.924030081,34961.4837918107,36329.3130841893,34714.228746964,36576.568129036
"2019.031",35645.398438,35034.3642503318,36256.4326256682,34880.7586181565,36410.0382578435,34604.319074128,36686.477801872
"2019.039",35645.398438,34976.0440220145,36314.7528539855,34807.7774826101,36483.0193933899,34504.9531345083,36785.8437414917
"2019.047",35645.398438,34922.4130371106,36368.3838388893,34740.6644020942,36550.1324739058,34413.5767225589,36877.2201534411
