"","Point Forecast","Lo 75","Hi 75","Lo 85","Hi 85","Lo 95","Hi 95"
"2019.000",35264.410156,34990.5887365334,35538.2315754666,34921.7537791953,35607.0665328047,34797.8735285149,35730.9467834851
"2019.008",35264.410156,34877.1681909221,35651.6521210779,34779.8208606891,35748.9994513109,34604.6277300668,35924.1925819332
"2019.016",35264.410156,34790.1375452832,35738.6827667168,34670.9119018367,35857.9084101633,34456.345013604,36072.475298396
"2019.024",35264.410156,34716.7673170668,35812.0529949332,34579.0974023905,35949.7229096095,34331.3369010298,36197.4834109701
"2019.032",35264.410156,34652.1268483772,35876.6934636228,34498.2072045408,36030.6131074592,34221.2025429499,36307.6177690501
"2019.040",35264.410156,34593.6873976622,35935.1329143378,34425.0768757176,36103.7434362824,34121.6334723426,36407.1868396573
"2019.048",35264.410156,34539.9467764487,35988.8735355513,34357.8265978242,36170.9937141758,34030.0702621717,36498.7500498283
