"","Point Forecast","Lo 75","Hi 75","Lo 85","Hi 85","Lo 95","Hi 95"
"2019.000",35378.601563,35105.6246628281,35651.5784631719,35037.0020060826,35720.2011199174,34913.5038265424,35843.6992994576
"2019.008",35378.601563,34992.5539285623,35764.6491974377,34895.5068367067,35861.6962892933,34720.8540362726,36036.3490897274
"2019.016",35378.601563,34905.7917026096,35851.4114233904,34786.933774576,35970.269351424,34573.0286529701,36184.1744730299
"2019.024",35378.601563,34832.6477626562,35924.5553633438,34695.4024491651,36061.8006768348,34448.4060900847,36308.7970359153
"2019.032",35378.601563,34768.2066579285,35988.9964680715,34614.7617326488,36142.4413933512,34338.6114080995,36418.5917179005
"2019.040",35378.601563,34709.9474460122,36047.2556799878,34541.8569521915,36215.3461738085,34239.3494281554,36517.8536978446
"2019.048",35378.601563,34656.3725714798,36100.8305545202,34474.8140874266,36282.3890385734,34148.0686169941,36609.1345090059
