"","Point Forecast","Lo 75","Hi 75","Lo 85","Hi 85","Lo 95","Hi 95"
"2019.000",35037.640625,34765.0272009203,35310.2540490797,34696.4959170899,35378.7853329101,34573.1621787008,35502.1190712992
"2019.008",35037.640625,34652.1070233815,35423.1742266185,34555.1891523417,35520.0920976583,34380.7689068137,35694.5123431863
"2019.016",35037.640625,34565.4603236687,35509.8209263313,34446.7606581664,35628.5205918336,34233.1403569891,35842.1408930109
"2019.024",35037.640625,34492.4137768406,35582.8674731594,34355.3512091797,35719.9300408203,34108.6837324016,35966.5975175984
"2019.033",35037.640625,34428.0584771788,35647.2227728212,34274.8178679486,35800.4633820514,33999.0352449914,36076.2460050086
"2019.041",35037.640625,34369.8768389718,35705.4044110282,34202.0101621693,35873.2710878307,33899.9054350462,36175.3758149538
"2019.049",35037.640625,34316.3733008274,35758.9079491726,34135.056566784,35940.224683216,33808.7461667426,36266.5350832574
