"","Point Forecast","Lo 75","Hi 75","Lo 85","Hi 85","Lo 95","Hi 95"
"2019.000",24060.1123097953,23748.9587842043,24371.2658353864,23670.7390463131,24449.4855732776,23529.9692817513,24590.2553378394
"2019.008",24191.5802253137,23749.5769462739,24633.5835043535,23638.4633711735,24744.6970794539,23438.4955340494,24944.664916578
"2019.016",24096.0474322231,23588.2245004371,24603.8703640091,23460.564765443,24731.5300990032,23230.8192904052,24961.275574041
"2019.024",24165.4675224383,23577.4416265622,24753.4934183144,23429.6199640524,24901.3150808243,23163.5896603253,25167.3453845513
"2019.031",24115.0225519776,23470.973680371,24759.0714235841,23309.0686084922,24920.9764954629,23017.6928066268,25212.3522973283
"2019.039",24151.6790160775,23446.4794344201,24856.8785977348,23269.2019109422,25034.1561212128,22950.1607595028,25353.1972726521
"2019.047",24125.04214132,23370.1269297739,24879.9573528661,23180.3515773492,25069.7327052907,22838.8184502808,25411.2658323591
