"","Point Forecast","Lo 75","Hi 75","Lo 85","Hi 85","Lo 95","Hi 95"
"2019.000",24129.2658623584,23817.126393707,24441.4053310099,23738.6588032241,24519.8729214928,23597.4429856336,24661.0887390833
"2019.008",24246.1789255024,23800.7773457537,24691.5805052511,23688.8094843641,24803.5483666407,23487.3042133003,25005.0536377044
"2019.016",24164.4599221102,23654.3986335805,24674.52121064,23526.1762063351,24802.7436378853,23295.4180705819,25033.5017736385
"2019.024",24221.5792493764,23631.3966306244,24811.7618681283,23483.0327975005,24960.1257012523,23216.0267652457,25227.1317335071
"2019.032",24181.6544165724,23535.4790441523,24827.8297889925,23373.0393990722,24990.2694340727,23080.7015415196,25282.6072916252
"2019.040",24209.5607724543,23502.6250753849,24916.4964695237,23324.9111162529,25094.2104286558,23005.0845243871,25414.0370205215
"2019.048",24190.0550001338,23433.2342679754,24946.8757322922,23242.9798937478,25137.1301065199,22900.5846852119,25479.5253150558
