"","Point Forecast","Lo 75","Hi 75","Lo 85","Hi 85","Lo 95","Hi 95"
"2019.000",24422.777707832,24111.3890568685,24734.1663587955,24033.1102116767,24812.4452039874,23892.2340734421,24953.321342222
"2019.008",24305.486850155,23861.7810880935,24749.1926122166,23750.2395320615,24860.7341682486,23549.501470227,25061.4722300831
"2019.016",24388.9741592906,23879.927123011,24898.0211955702,23751.9596649003,25025.9886536809,23521.660389609,25256.2879289723
"2019.024",24329.5481228139,23740.2448798861,24918.8513657416,23592.1021098092,25066.9941358185,23325.4939182264,25333.6023274013
"2019.032",24371.8474117465,23726.4523741976,25017.2424492954,23564.2088946245,25179.4859288686,23272.2240703724,25471.4707531207
"2019.040",24341.7388944991,23635.3355181506,25048.1422708475,23457.7553771625,25225.7224118357,23138.1696138794,25545.3081751187
"2019.048",24363.1700540697,23606.8947317017,25119.4453764378,23416.7774660309,25309.5626421086,23074.6290077371,25651.7111004023
