"","Point Forecast","Lo 75","Hi 75","Lo 85","Hi 85","Lo 95","Hi 95"
"2019.000",5316.77002,5266.48170131492,5367.05833868508,5253.83990624265,5379.70013375735,5231.08883900643,5402.45120099357
"2019.008",5316.77002,5245.65159768662,5387.88844231338,5227.77339964268,5405.76664035732,5195.59853179876,5437.94150820124
"2019.016",5316.77002,5229.66809701022,5403.87194298978,5207.77186564618,5425.76817435382,5168.36586126664,5465.17417873336
"2019.023",5316.77002,5216.19338262984,5417.34665737016,5190.9097924853,5442.6302475147,5145.40765801287,5488.13238198713
"2019.031",5316.77002,5204.32192094598,5429.21811905402,5176.05400780677,5457.48603219323,5125.18107490592,5508.35896509408
"2019.039",5316.77002,5193.58929919908,5439.95074080092,5162.6233518392,5470.9166881608,5106.89484600671,5526.64519399329
"2019.047",5316.77002,5183.71963490771,5449.82040509229,5150.27258902105,5483.26745097895,5090.07892305271,5543.46111694729
