"","Point Forecast","Lo 75","Hi 75","Lo 85","Hi 85","Lo 95","Hi 95"
"2019.000",5323.529785,5273.23790155689,5373.82166844311,5260.59521035324,5386.46435964676,5237.8425303757,5409.2170396243
"2019.008",5323.529785,5252.40632135746,5394.65324864254,5234.52685599237,5412.53271400763,5202.3497073878,5444.7098626122
"2019.016",5323.529785,5236.4216876682,5410.6378823318,5214.52390415907,5432.53566584093,5175.11510642962,5471.94446357038
"2019.024",5323.529785,5222.94601811377,5424.11355188623,5197.66063570648,5449.39893429352,5152.1552757514,5494.9042942486
"2019.032",5323.529785,5211.0737149047,5435.9858550953,5182.80379795481,5464.25577204519,5131.92725885473,5515.13231114527
"2019.040",5323.529785,5200.34033236085,5446.71923763915,5169.37218993634,5477.68738006366,5113.63973371052,5533.41983628948
"2019.048",5323.529785,5190.46996844448,5456.58960155552,5157.02055161704,5490.03901838296,5096.82261873623,5550.23695126377
