"","Point Forecast","Lo 75","Hi 75","Lo 85","Hi 85","Lo 95","Hi 95"
"2019.000",5275.640137,5225.38880869917,5325.89146530083,5212.75631250325,5338.52396149675,5190.02198018165,5361.25829381835
"2019.008",5275.640137,5204.5740269897,5346.7062470103,5186.70897954281,5364.57129445719,5154.5577784421,5396.7224955579
"2019.016",5275.640137,5188.60228323514,5362.67799076486,5166.72215799739,5384.55811600261,5127.34513934022,5423.93513465978
"2019.024",5275.640137,5175.13748039834,5376.14279360166,5149.87248800651,5401.40778599349,5104.4038233633,5446.8764506367
"2019.032",5275.640137,5163.27475095969,5388.00552304031,5135.02763074011,5416.25264325989,5084.19211824593,5467.08815575407
"2019.040",5275.640137,5152.55002376589,5398.73025023411,5121.60685390824,5429.67342009176,5065.91934007745,5485.36093392255
"2019.048",5275.640137,5142.68761926534,5408.59265473466,5109.26517589298,5442.01509810702,5049.11578634692,5502.16448765308
