"","Point Forecast","Lo 75","Hi 75","Lo 85","Hi 85","Lo 95","Hi 95"
"2019.000",5276.759766,5226.43906174023,5327.08047025978,5213.78912537771,5339.73040662229,5191.02340650058,5362.49612549942
"2019.008",5276.759766,5205.59554356766,5347.92398843234,5187.70583200063,5365.81369999937,5155.51024360743,5398.00928839257
"2019.016",5276.759766,5189.60174954942,5363.91778245058,5167.69141705703,5385.82811494297,5128.26003529102,5425.25949670898
"2019.024",5276.759766,5176.11835748045,5377.40117451955,5150.81848475542,5402.70104724458,5105.28704700116,5448.23248499884
"2019.031",5276.759766,5164.23925059948,5389.28028140052,5135.95313298185,5417.56639901815,5085.04743801594,5468.47209398406
"2019.039",5276.759766,5153.49971706606,5400.01981493394,5122.51382769921,5431.00570430079,5066.7494328226,5486.7700991774
"2019.047",5276.759766,5143.62369673101,5409.89583526899,5110.155111015,5443.364420985,5049.92268044851,5503.59685155149
