"","Point Forecast","Lo 75","Hi 75","Lo 85","Hi 85","Lo 95","Hi 95"
"2019.000",7547.899902,7480.96641654829,7614.83338745171,7464.14025435639,7631.65954964361,7433.85870453162,7661.94109946838
"2019.008",7547.899902,7453.24165909729,7642.55814490271,7429.44587232282,7666.35393167718,7386.62129387095,7709.17851012905
"2019.016",7547.899902,7431.96770446996,7663.83209953004,7402.8239366572,7692.9758673428,7350.37475382877,7745.42505017123
"2019.024",7547.899902,7414.03293109658,7681.76687290342,7380.38060671278,7715.41919728722,7319.81750706324,7775.98229693676
"2019.032",7547.899902,7398.23207855898,7697.56772544102,7360.60763609746,7735.19216790254,7292.89603222522,7802.90377177478
"2019.040",7547.899902,7383.94701593731,7711.85278806269,7342.73150423784,7753.06829976216,7268.55715854649,7827.24264545351
"2019.048",7547.899902,7370.81054511201,7724.98925888799,7326.29270443261,7769.50709956739,7246.17525428266,7849.62454971734
