"","Point Forecast","Lo 75","Hi 75","Lo 85","Hi 85","Lo 95","Hi 95"
"2019.000",7575.68302554245,7509.37772713939,7641.98832394551,7492.70948257416,7658.65656851074,7462.71213246325,7688.65391862165
"2019.008",7575.35274774735,7487.3735489432,7663.33194655151,7465.25678244581,7685.4487130489,7425.45388746504,7725.25160802967
"2019.016",7575.39498022199,7469.51369943839,7681.2762610056,7442.89659453898,7707.89336590501,7394.99457273448,7755.79538770951
"2019.023",7575.38957997426,7454.29029155849,7696.48886839004,7423.84758781378,7726.93157213475,7369.06074814513,7781.71841180339
"2019.031",7575.39027050154,7440.77484185028,7710.0056991528,7406.93436543205,7743.84617557102,7346.03265409316,7804.74788690991
"2019.039",7575.39018220412,7428.49796627906,7722.28239812919,7391.57127356012,7759.20909084812,7325.11538940308,7825.66497500516
"2019.047",7575.39019349467,7417.17083107198,7733.60955591736,7377.3966487467,7773.38373824265,7305.81622119071,7844.96416579864
