"","Point Forecast","Lo 75","Hi 75","Lo 85","Hi 85","Lo 95","Hi 95"
"2019.000",7615.600098,7548.79561521685,7682.40458078315,7532.0018825303,7699.1983134697,7501.77869513368,7729.42150086632
"2019.008",7615.600098,7521.12429242075,7710.07590357925,7497.37436789256,7733.82582810744,7454.63232637812,7776.56786962188
"2019.016",7615.600098,7499.89133964623,7731.30885635377,7470.80374138439,7760.39645461561,7418.45564524677,7812.74455075323
"2019.024",7615.600098,7481.9911324337,7749.2090635663,7448.4036670606,7782.7965289394,7387.95729226736,7843.24290373264
"2019.032",7615.600098,7466.22073329516,7764.97946270483,7428.66880541208,7802.53139058792,7361.08770389652,7870.11249210348
"2019.040",7615.600098,7451.96320265074,7779.23699334926,7410.82712669199,7820.37306930801,7336.79573916976,7894.40445683024
"2019.048",7615.600098,7438.85205009149,7792.34814590851,7394.42000981838,7836.78018618162,7314.45697213923,7916.74322386077
