"","Point Forecast","Lo 75","Hi 75","Lo 85","Hi 85","Lo 95","Hi 95"
"2019.000",7636.899902,7570.32896325697,7703.47084074303,7553.59394034582,7720.20586365418,7523.47641120739,7750.32339279261
"2019.008",7636.899902,7542.7543775697,7731.0454264303,7519.08748120213,7754.71232279787,7476.49486302939,7797.30494097061
"2019.016",7636.899902,7521.59565378952,7752.20415021048,7492.60974384158,7781.19006015842,7440.44465317538,7833.35515082462
"2019.024",7636.899902,7503.75802451394,7770.04177948606,7470.28797869165,7803.51182530835,7410.05292041478,7863.74688358522
"2019.032",7636.899902,7488.04275764461,7785.75704635539,7450.62210881027,7823.17769518973,7383.2772663424,7890.5225376576
"2019.040",7636.899902,7473.8350703815,7799.9647336185,7432.84280341541,7840.95700058459,7359.07022471284,7914.72957928716
"2019.048",7636.899902,7460.76975354183,7813.03005045817,7416.49304473397,7857.30675926603,7336.80955252993,7936.99025147007
