"","Point Forecast","Lo 75","Hi 75","Lo 85","Hi 85","Lo 95","Hi 95"
"2019.000",12265.6389595352,12128.9192233636,12402.3586957068,12094.5497528343,12436.7281662361,12032.696026333,12498.5818927374
"2019.008",12267.1583243292,12070.882923587,12463.4337250715,12021.5419740625,12512.774674596,11932.7445166039,12601.5721320546
"2019.016",12251.8000832716,12008.2753740329,12495.3247925103,11947.0565950058,12556.5435715375,11836.8829567049,12666.7172098383
"2019.024",12271.6990063588,11973.276537627,12570.1214750907,11898.2572131932,12645.1407995245,11763.2471387178,12780.1508739999
"2019.031",12253.6677952049,11920.3222726309,12587.0133177789,11836.5237704175,12670.8118199923,11685.7140675824,12821.6215228274
"2019.039",12267.1340876871,11892.0700891863,12642.1980861879,11797.7841330833,12736.4840422909,11628.1004675543,12906.1677078199
"2019.047",12258.8309574245,11852.4399801159,12665.2219347331,11750.2788502813,12767.3830645678,11566.4224659221,12951.2394489269
