"","Point Forecast","Lo 75","Hi 75","Lo 85","Hi 85","Lo 95","Hi 95"
"2019.000",12352.3568914698,12215.9439623891,12488.7698205505,12181.6516189635,12523.0621639761,12119.9366958451,12584.7770870945
"2019.008",12339.7206790472,12144.0147883468,12535.4265697475,12094.8170058526,12584.6243522418,12006.2772018927,12673.1641562016
"2019.016",12376.9195027152,12133.8110715346,12620.0279338958,12072.696939114,12681.1420663163,11962.7116302371,12791.1273751933
"2019.023",12343.9749433265,12045.7627333842,12642.1871532689,11970.7962651324,12717.1536215207,11835.8813143752,12852.0685722779
"2019.031",12372.2806284639,12039.115467193,12705.4457897348,11955.3623053428,12789.198951585,11804.6342002274,12939.9270567004
"2019.039",12354.0346221171,11978.8904969258,12729.1787473084,11884.5843980695,12823.4848461647,11714.864482219,12993.2047620152
"2019.047",12364.0925932223,11957.5886380831,12770.5965483615,11855.399107168,12872.7860792766,11671.4916102188,13056.6935762259
