"","Point Forecast","Lo 75","Hi 75","Lo 85","Hi 85","Lo 95","Hi 95"
"2019.000",12304.3306465587,12168.4285930623,12440.2327000551,12134.2646767667,12474.3966163507,12072.7808801817,12535.8804129357
"2019.008",12340.3170975259,12145.5126409423,12535.1215541095,12096.541466648,12584.0927284038,12008.4094828089,12672.2247122429
"2019.016",12300.2339688267,12058.2462715216,12542.2216661317,11997.4138762591,12603.0540613943,11887.9356014692,12712.5323361841
"2019.023",12334.7373393283,12037.9303588696,12631.544319787,11963.3171460781,12706.1575325785,11829.0379387957,12840.4367398608
"2019.031",12310.2709733872,11978.7274701296,12641.8144766448,11895.3819709099,12725.1599758644,11745.3875242556,12875.1544225188
"2019.039",12324.5517801155,11951.2092432334,12697.8943169975,11857.3560390215,12791.7475212094,11688.4511843587,12960.6523758723
"2019.047",12318.5725929134,11914.0745153584,12723.0706704683,11812.3892346156,12824.7559512111,11629.3892218889,13007.7559639378
