"","Point Forecast","Lo 75","Hi 75","Lo 85","Hi 85","Lo 95","Hi 95"
"2019.000",12238.3168847294,12101.02749968,12375.6062697787,12066.5148272191,12410.1189422397,12004.403384408,12472.2303850508
"2019.008",12265.7737333585,12068.6920339124,12462.8554328046,12019.1483919288,12512.3990747882,11929.9861548056,12601.5613119114
"2019.016",12267.3089001226,12022.7872642486,12511.8305359966,11961.3178715092,12573.299928736,11850.6932110723,12683.9245891729
"2019.024",12251.9716877499,11952.3355447748,12551.607830725,11877.0111192465,12626.9322562532,11741.4519632938,12762.4914122059
"2019.032",12271.8478081881,11937.1486323625,12606.5469840136,11853.0098402478,12690.6857761283,11701.5877276733,12842.1078887028
"2019.040",12253.8429593489,11877.2608062319,12630.4251124659,11782.5932068359,12725.0927118619,11612.2227090832,12895.4632096146
"2019.048",12267.288590889,11859.2541163147,12675.3230654634,11756.6798337603,12777.8973480178,11572.0799105879,12962.4972711902
