"","Point Forecast","Lo 75","Hi 75","Lo 85","Hi 85","Lo 95","Hi 95"
"2019.000",2735.21183077514,2704.28674452621,2766.13691702406,2696.51260108349,2773.91106046678,2682.52170349669,2787.90195805358
"2019.008",2730.09899518837,2686.68458723027,2773.51340314648,2675.77079923853,2784.42719113822,2656.12957558456,2804.06841479218
"2019.016",2735.88679268808,2685.55221591019,2786.22136946598,2672.89879218647,2798.87479318969,2650.12679720784,2821.64678816832
"2019.024",2735.88679268808,2675.30564062175,2796.46794475442,2660.07636810499,2811.69721727117,2632.66869371962,2839.10489165655
"2019.032",2735.88679268808,2666.55727262657,2805.21631274959,2649.12878012586,2822.6448052503,2617.7632341379,2854.01035123826
"2019.040",2735.88679268808,2658.79536178792,2812.97822358824,2639.41563113177,2832.35795424439,2604.53849915349,2867.23508622268
"2019.048",2735.88679268808,2651.74646297332,2820.02712240284,2630.5947356263,2841.17884974987,2592.52859325623,2879.24499211994
