"","Point Forecast","Lo 75","Hi 75","Lo 85","Hi 85","Lo 95","Hi 95"
"2019.000",2730.35966004208,2694.8501551712,2765.86916491297,2685.9235516292,2774.79576845497,2669.85860545548,2790.86071462869
"2019.013",2685.27947575943,2631.2487008516,2739.31025066725,2617.66610350413,2752.89284801472,2593.2219020495,2777.33704946935
"2019.025",2719.1208051169,2658.98717389082,2779.25443634298,2643.87040198855,2794.37120824526,2616.66519165432,2821.57641857949
"2019.038",2719.1208051169,2646.37911714042,2791.86249309338,2628.09285232477,2810.14875790903,2595.18359869884,2843.05801153496
"2019.051",2719.1208051169,2635.65432840379,2802.58728183001,2614.67199847904,2823.56961175476,2576.91071567375,2861.33089456005
"2019.063",2719.1208051169,2626.15870369846,2812.08290653535,2602.78930367976,2835.45230655404,2560.73208094707,2877.50952928673
"2019.076",2719.1208051169,2617.54693118583,2820.69467904798,2592.01264941804,2846.22896081576,2546.05935259537,2892.18225763844
