"","Point Forecast","Lo 75","Hi 75","Lo 85","Hi 85","Lo 95","Hi 95"
"2019.000",2735.9209914341,2700.214763557,2771.6272193112,2691.23870654359,2780.60327632462,2675.08476041008,2796.75722245813
"2019.013",2688.71361620847,2634.38403183282,2743.04320058411,2620.72631787465,2756.70091454228,2596.1469312623,2781.28030115463
"2019.025",2724.54939126891,2664.15145123504,2784.94733130279,2648.96823571581,2800.13054682202,2621.64344875594,2827.45533378188
"2019.038",2724.54939126891,2651.52698298046,2797.57179955737,2633.17014892031,2815.92863361752,2600.13389389804,2848.96488863978
"2019.051",2724.54939126891,2640.78404602306,2808.31473651476,2619.72658463949,2829.37219789833,2581.83008995476,2867.26869258306
"2019.063",2724.54939126891,2631.27027240479,2817.82851013303,2607.82117853895,2841.27760399888,2565.62053313057,2883.47824940726
"2019.076",2724.54939126891,2622.64082946973,2826.45795306809,2597.02241175244,2852.07637078538,2550.91769793295,2898.18108460488
