"","Point Forecast","Lo 75","Hi 75","Lo 85","Hi 85","Lo 95","Hi 95"
"2019.000",28241.669922,27804.3316414658,28679.0082025342,27694.3907831446,28788.9490608554,27496.5334499593,28986.8063940407
"2019.008",28241.669922,27623.1801943237,28860.1596496763,27467.7003414268,29015.6395025732,27187.8878174212,29295.4520265788
"2019.016",28241.669922,27484.17780002,28999.16204398,27293.7546475799,29189.5851964201,26951.0556938528,29532.2841501472
"2019.024",28241.669922,27366.9933609317,29116.3464830683,27147.1116442892,29336.2281997108,26751.3969779185,29731.9428660815
"2019.033",28241.669922,27263.7517975628,29219.5880464372,27017.9165648518,29465.4232791482,26575.4941180026,29907.8457259974
"2019.041",28241.669922,27170.4142897052,29312.9255542948,26901.1152849345,29582.2245590655,26416.4657767626,30066.8740672374
"2019.049",28241.669922,27084.581592898,29398.758251102,26793.705422855,29689.634421145,26270.2241241762,30213.1157198238
