"","Point Forecast","Lo 75","Hi 75","Lo 85","Hi 85","Lo 95","Hi 95"
"2019.000",28545.570313,28107.580088644,28983.560537356,27997.4753405684,29093.6652854316,27799.3230598065,29291.8175661935
"2019.008",28545.570313,27926.1585975289,29164.9820284711,27770.4469695188,29320.6936564812,27490.2173266501,29600.9232993499
"2019.016",28545.570313,27786.9489911969,29304.1916348031,27596.2419733755,29494.8986526245,27253.0321554602,29838.1084705398
"2019.025",28545.570313,27669.589864288,29421.550761712,27449.3803681369,29641.7602578631,27053.0758066131,30038.0648193869
"2019.033",28545.570313,27566.1943978596,29524.9462281404,27319.9926965171,29771.1479294829,26876.9107268369,30214.2298991631
"2019.041",28545.570313,27472.7177510007,29618.4228749993,27203.0172999578,29888.1233260422,26717.6453207225,30373.4953052775
"2019.049",28545.570313,27386.7571026766,29704.3835233234,27095.4473211013,29995.6933048987,26571.1856644851,30519.9549615149
