"","Point Forecast","Lo 75","Hi 75","Lo 85","Hi 85","Lo 95","Hi 95"
"2019.000",28497.320313,28060.4404810527,28934.2001449473,27950.6148704319,29044.0257555681,27752.9649451476,29241.6756808524
"2019.008",28497.320313,27879.4789295329,29115.1616964671,27724.162061497,29270.478564503,27444.6428565579,29549.9977694421
"2019.017",28497.320313,27740.6222472652,29254.0183787348,27550.3987096976,29444.2419163024,27208.0589969931,29786.5816290069
"2019.025",28497.320313,27623.5606491055,29371.0799768945,27403.9094278638,29590.7311981362,27008.6095772952,29986.0310487048
"2019.033",28497.320313,27520.4273107672,29474.2133152328,27274.8497797487,29719.7908462513,26832.8911110652,30161.7495149348
"2019.042",28497.320313,27427.1876458163,29567.4529801837,27158.1709391057,29836.4696868943,26674.02947446,30320.61115154
"2019.050",28497.320313,27341.4449248479,29653.1957011521,27050.8736715593,29943.7669544407,26527.9411226066,30466.6995033934
