"","Point Forecast","Lo 75","Hi 75","Lo 85","Hi 85","Lo 95","Hi 95"
"2019.000",9760.54758733052,9662.87596610236,9858.21920855868,9638.32265725792,9882.77251740312,9594.1347885891,9926.96038607194
"2019.008",9798.11653264472,9664.12756968297,9932.10549560648,9630.44457816529,9965.78848712416,9569.82628777575,10026.4067775137
"2019.016",9813.80504366438,9639.42149476868,9988.18859256008,9595.58385718689,10032.0262301419,9516.69054857061,10110.9195387582
"2019.023",9820.90699491784,9605.31469445406,10036.4992953816,9551.11774071041,10090.6962491253,9453.58107510466,10188.232914731
"2019.031",9830.36468641974,9579.25324011159,10081.4761327279,9516.12725921715,10144.6021136223,9402.52128574015,10258.2080870993
"2019.039",9834.02887158416,9548.81717054823,10119.2405726201,9477.11885231079,10190.9388908575,9348.08549513178,10319.9722480366
"2019.047",9836.97299042987,9520.14582458998,10153.8001562698,9440.49981118959,10233.4461696702,9297.16322049101,10376.7827603687
