"","Point Forecast","Lo 75","Hi 75","Lo 85","Hi 85","Lo 95","Hi 95"
"2019.000",9603.24939470436,9505.44831746187,9701.05047194685,9480.86246514716,9725.63632426156,9436.61602895086,9769.88276045785
"2019.008",9600.67048232272,9465.3940528124,9735.94691183303,9431.38740982466,9769.95355482077,9370.18665339178,9831.15431125365
"2019.016",9593.98611222668,9415.75487785851,9772.21734659485,9370.94998480831,9817.02223964506,9290.31593493884,9897.65628951452
"2019.024",9593.98611222668,9372.76966668496,9815.2025577684,9317.15887984067,9870.81334461269,9217.07778033536,9970.89444411801
"2019.032",9593.98611222668,9336.87318246269,9851.09904199068,9272.23851076365,9915.73371368971,9155.91739076374,10032.0548336896
"2019.040",9593.98611222668,9305.40787062566,9882.5643538277,9232.86325016458,9955.10897428878,9102.30682773398,10085.6653967194
"2019.048",9593.98611222668,9277.05119083232,9910.92103362104,9197.37808916029,9990.59413529308,9053.99274849493,10133.9794759584
