"","Point Forecast","Lo 75","Hi 75","Lo 85","Hi 85","Lo 95","Hi 95"
"2019.000",9646.187288537,9548.79056894137,9743.58400813262,9524.30636660505,9768.06821046895,9480.24286688887,9812.13171018512
"2019.008",9656.99179666016,9524.12470778895,9789.85888553136,9490.72374006368,9823.25985325663,9430.61299960884,9883.37059371147
"2019.016",9671.47729878834,9498.31967120597,9844.63492637071,9454.79021346441,9888.16438411227,9376.45152705375,9966.50307052293
"2019.023",9670.04357078935,9456.20194280881,9883.88519876989,9402.44508416776,9937.64205741094,9305.70044479029,10034.3866967884
"2019.031",9675.07331969855,9426.12640296184,9924.02023643527,9363.54455517794,9986.60208421917,9250.91784207596,10099.2287973212
"2019.039",9676.99896805939,9394.28169692075,9959.71623919802,9323.21044422076,10030.787491898,9195.30559846932,10158.6923376495
"2019.047",9677.64533549733,9363.6960946409,9991.59457635376,9284.77355219412,10070.5171188005,9142.73897091863,10212.551700076
