"","Point Forecast","Lo 75","Hi 75","Lo 85","Hi 85","Lo 95","Hi 95"
"2019.000",9619.21609355207,9521.7966917726,9716.63549533155,9497.30678744568,9741.12539965846,9453.23302602453,9785.19916107961
"2019.008",9617.03215387051,9482.31646471862,9751.7478430224,9448.45078418271,9785.61352355832,9387.50371373358,9846.56059400745
"2019.016",9619.98280142086,9442.36682728076,9797.59877556097,9397.71660223144,9842.24900061028,9317.36090381979,9922.60469902194
"2019.024",9619.98280142086,9399.47728778948,9840.48831505225,9344.04521949764,9895.92038334408,9244.28575452129,9995.67984832044
"2019.032",9619.98280142086,9363.66672932638,9876.29887351534,9299.23237673968,9940.73322610204,9183.27176516182,10056.6938376799
"2019.040",9619.98280142086,9332.27952357015,9907.68607927158,9259.95485702116,9980.01074582057,9129.79427918495,10110.1713236568
"2019.048",9619.98280142086,9303.99479000564,9935.97081283609,9224.55972854296,10015.4058742988,9081.60278184991,10158.3628209918
