"","Point Forecast","Lo 75","Hi 75","Lo 85","Hi 85","Lo 95","Hi 95"
"2019.000",7500.74988901714,7407.1522000372,7594.34757799709,7383.62302200419,7617.8767560301,7341.27825147264,7660.22152656165
"2019.008",7521.57203168183,7391.84746961731,7651.29659374636,7359.23649012266,7683.907573241,7300.54746828041,7742.59659508325
"2019.016",7505.30838695595,7352.9154823,7657.70129161189,7314.60599171647,7696.01078219542,7245.66152686248,7764.95524704941
"2019.024",7503.27736475546,7319.19036172163,7687.3643677893,7272.91340857085,7733.64132094008,7189.63013538043,7816.9245941305
"2019.031",7510.10269646996,7299.41576365429,7720.78962928562,7246.45195220258,7773.75344073733,7151.13453655584,7869.07085638407
"2019.039",7506.13514522714,7273.91960135996,7738.35068909431,7215.54379173015,7796.72649872413,7110.48656194083,7901.78372851344
"2019.047",7505.07746868696,7250.82945094949,7759.32548642443,7186.91497892478,7823.23995844913,7071.88998112274,7938.26495625118
