"","Point Forecast","Lo 75","Hi 75","Lo 85","Hi 85","Lo 95","Hi 95"
"2019.000",7473.46402491028,7379.95484283573,7566.97320698483,7356.44791422742,7590.48013559313,7314.14318533195,7632.7848644886
"2019.008",7489.11658466996,7359.10079374307,7619.13237559685,7326.41660329818,7651.81656604174,7267.59582585937,7710.63734348056
"2019.016",7494.38448738163,7341.69639258025,7647.07258218301,7303.31269523412,7685.45627952914,7234.23468264933,7754.53429211393
"2019.024",7482.95304489587,7297.69443645868,7668.21165333305,7251.12295774407,7714.78313204766,7167.30963554818,7798.59645424355
"2019.032",7486.79949420952,7274.15372616202,7699.44526225702,7220.69749034162,7752.90149807742,7124.49387302361,7849.10511539543
"2019.040",7489.29872596267,7254.73885578992,7723.85859613542,7195.7737146113,7782.82373731405,7089.65588214533,7888.94156978001
"2019.048",7485.8340438828,7228.57593794211,7743.09214982348,7163.90477093914,7807.76331682645,7047.51797141277,7924.15011635282
