"","Point Forecast","Lo 75","Hi 75","Lo 85","Hi 85","Lo 95","Hi 95"
"2019.000",7579.43724515479,7485.79716006091,7673.07733024867,7462.25732422508,7696.61716608449,7419.89337315889,7738.98111715068
"2019.008",7574.60032223223,7444.43969755013,7704.76094691432,7411.71909788138,7737.48154658308,7352.8327958319,7796.36784863256
"2019.016",7587.65704328853,7434.54678967962,7740.76729689743,7396.05696738694,7779.25711919011,7326.78796485328,7848.52612172377
"2019.024",7590.6093675022,7405.31375982367,7775.90497518073,7358.73298000615,7822.48575499825,7274.90291888858,7906.31581611582
"2019.032",7587.93753725365,7375.55863553974,7800.31643896756,7322.16948626328,7853.70558824402,7226.08660262771,7949.78847187959
"2019.040",7590.9327700237,7356.66096422746,7825.20457581993,7297.76823849065,7884.09730155675,7191.78072996809,7990.0848100793
"2019.048",7591.83842317432,7335.12842468828,7848.54842166036,7270.59504439801,7913.08180195062,7154.45621557099,8029.22063077764
