"","Point Forecast","Lo 75","Hi 75","Lo 85","Hi 85","Lo 95","Hi 95"
"2019.000",2262.78976314879,2237.98275943233,2287.59676686524,2231.74661820629,2293.83290809128,2220.52361802972,2305.05590826785
"2019.008",2262.31955858919,2227.6497432929,2296.98937388548,2218.93422621798,2305.7048909604,2203.24916615835,2321.38995102002
"2019.016",2262.31955858919,2216.59136901222,2308.04774816615,2205.09592798788,2319.5431891905,2184.40792045732,2340.23119672106
"2019.024",2262.31955858919,2207.72891331644,2316.91020386194,2194.00557222161,2330.63354495677,2169.30807837922,2355.33103879916
"2019.033",2262.31955858919,2200.11658614732,2324.52253103105,2184.47961018437,2340.15950699401,2156.33820388324,2368.30091329513
"2019.041",2262.31955858919,2193.33926422977,2331.2998529486,2175.99856229107,2348.64055488731,2144.79101039869,2379.84810677968
"2019.049",2262.31955858919,2187.17069140398,2337.4684257744,2168.27929467987,2356.35982249851,2134.28100293417,2390.35811424421
