"","Point Forecast","Lo 75","Hi 75","Lo 85","Hi 85","Lo 95","Hi 95"
"2019.000",2266.04557231336,2241.43865875448,2290.65248587224,2235.25281745562,2296.8383271711,2224.12034058043,2307.97080404629
"2019.008",2266.17104666113,2231.76903116601,2300.57306215625,2223.120835296,2309.22125802626,2207.55693123128,2324.78516209098
"2019.016",2266.17104666113,2220.84757887029,2311.49451445198,2209.45387936396,2322.8882139583,2188.94897305469,2343.39312026757
"2019.024",2266.17104666113,2212.08838035251,2320.25371296975,2198.49273821707,2333.84935510519,2174.02506044072,2358.31703288154
"2019.032",2266.17104666113,2204.56217670306,2327.7799166192,2189.07454997365,2343.26754334861,2161.20192310098,2371.14017022128
"2019.040",2266.17104666113,2197.86020623319,2334.48188708908,2180.68779585072,2351.65429747154,2149.7831133285,2382.55897999376
"2019.048",2266.17104666113,2191.75942806273,2340.58266525953,2173.05336554337,2359.28872777889,2139.38861432173,2392.95347900053
