"","Point Forecast","Lo 75","Hi 75","Lo 85","Hi 85","Lo 95","Hi 95"
"2019.000",2322.830078,2298.20438884917,2347.45576715083,2292.01382762346,2353.64632837654,2280.87285643456,2364.78729956544
"2019.008",2322.830078,2288.00409442012,2357.65606157988,2279.24931877602,2366.41083722398,2263.49360622267,2382.16654977733
"2019.017",2322.830078,2280.17713321937,2365.48302278063,2269.45476664907,2376.20538935093,2250.15803850424,2395.50211749576
"2019.025",2322.830078,2273.57869969835,2372.08145630165,2261.19757724693,2384.46257875307,2238.91563486913,2406.74452113087
"2019.033",2322.830078,2267.76536306597,2377.89479293403,2253.92284734641,2391.73730865359,2229.01087843267,2416.64927756733
"2019.041",2322.830078,2262.50970501609,2383.15045098391,2247.34598879163,2398.31416720837,2220.05629413979,2425.60386186021
"2019.050",2322.830078,2257.67662864333,2387.98352735667,2241.29794316418,2404.36221283582,2211.82170403462,2433.83845196538
