"","Point Forecast","Lo 75","Hi 75","Lo 85","Hi 85","Lo 95","Hi 95"
"2019.000",2280.689941,2255.68765277837,2305.69222922163,2249.40241970038,2311.97746229962,2238.09107035996,2323.28881164004
"2019.008",2280.689941,2245.3313659066,2316.0485160934,2236.44270404505,2324.93717795496,2220.44604039907,2340.93384160093
"2019.016",2280.689941,2237.38470749465,2323.99517450535,2226.49836446617,2334.88151753383,2206.90653270639,2354.47334929361
"2019.024",2280.689941,2230.68536455673,2330.69451744327,2218.11489840077,2343.26498359923,2195.49219971991,2365.88768228009
"2019.032",2280.689941,2224.78312494339,2336.59675705661,2210.72891652658,2350.65096547342,2185.43597048414,2375.94391151586
"2019.040",2280.689941,2219.447092455,2341.932789545,2204.05147849948,2357.32840350052,2176.34444431307,2385.03543768693
"2019.048",2280.689941,2214.540104158,2346.839777842,2197.91094050158,2363.46894149842,2167.98392315423,2393.39595884577
