"","Point Forecast","Lo 75","Hi 75","Lo 85","Hi 85","Lo 95","Hi 95"
"2019.000",2315.060059,2290.49398421178,2339.62613378822,2284.31840922095,2345.80170877905,2273.20440831874,2356.91570968126
"2019.008",2315.060059,2280.31838286023,2349.80173513977,2271.58480095275,2358.53531704725,2255.86723014461,2374.25288785539
"2019.016",2315.060059,2272.51036932427,2357.60974867573,2261.8139596742,2368.3061583258,2242.5639454362,2387.55617256379
"2019.025",2315.060059,2265.92790942357,2364.19220857643,2253.5767594419,2376.5433585581,2231.34875763748,2398.77136036252
"2019.033",2315.060059,2260.12864583321,2369.99147216679,2246.31964035356,2383.80047764644,2221.46797883422,2408.65213916578
"2019.041",2315.060059,2254.88571078582,2375.23440721418,2239.75870318999,2390.36141481001,2212.53507197874,2417.58504602126
"2019.049",2315.060059,2250.06433442137,2380.05578357863,2233.72529879279,2396.39481920721,2204.3204163346,2425.7997016654
