"","Point Forecast","Lo 75","Hi 75","Lo 85","Hi 85","Lo 95","Hi 95"
"2019.000",22292.3398915649,22032.0483703393,22552.6314127905,21966.6146442489,22618.0651388808,21848.8554895334,22735.8242935964
"2019.008",22293.9407844416,21899.2204970274,22688.6610718558,21799.9932189073,22787.8883499759,21621.4168012963,22966.4647675869
"2019.015",22293.9407844416,21830.844230957,22757.0373379262,21714.4280953434,22873.4534735399,21504.9173958275,23082.9641730557
"2019.023",22293.9407844416,21771.3388992534,22816.5426696298,21639.9639376385,22947.9176312447,21403.5322783869,23184.3492904963
"2019.031",22293.9407844416,21717.9485597066,22869.9330091766,21573.151997429,23014.7295714542,21312.565877727,23275.3156911562
"2019.038",22293.9407844416,21669.1037212738,22918.7778476094,21512.028235104,23075.8533337793,21229.3440967689,23358.5374721143
"2019.046",22293.9407844416,21623.8097016965,22964.0718671867,21455.3479188982,23132.533649985,21152.1721969957,23435.7093718875
