"","Point Forecast","Lo 75","Hi 75","Lo 85","Hi 85","Lo 95","Hi 95"
"2019.000",22272.8662758491,22011.5446382069,22534.1879134913,21945.8519549476,22599.8805967506,21827.626762622,22718.1057890763
"2019.008",22276.1786253329,21879.977841277,22672.3794093887,21780.3783865633,22771.9788641025,21601.1321736695,22951.2250769963
"2019.015",22276.1786253329,21811.2888226534,22741.0684280124,21694.4218887345,22857.9353619313,21484.099900751,23068.2573499147
"2019.023",22276.1786253329,21751.5168333332,22800.8404173325,21619.6240393378,22932.733211328,21382.2604523623,23170.0967983035
"2019.031",22276.1786253329,21697.8902341878,22854.467016478,21552.5164471,22999.8408035658,21290.8915128632,23261.4657378026
"2019.038",22276.1786253329,21648.8310895267,22903.5261611391,21491.1245048938,23061.2327457719,21207.3045971935,23345.0526534722
"2019.046",22276.1786253329,21603.3395672878,22949.017683378,21434.1970365603,23118.1602141054,21129.7961926069,23422.5610580588
