"","Point Forecast","Lo 75","Hi 75","Lo 85","Hi 85","Lo 95","Hi 95"
"2019.000",21751.886098243,21489.1668588281,22014.6053376579,21423.1228376107,22080.6493588753,21304.2653526825,22199.5068438035
"2019.007",21746.2678698654,21349.0552842333,22143.4804554975,21249.2014764508,22243.33426328,21069.4975118109,22423.0382279199
"2019.015",21746.2678698654,21279.3294144455,22213.2063252853,21161.9474772655,22330.5882624653,20950.6986530413,22541.8370866895
"2019.022",21746.2678698654,21218.7404259202,22273.7953138106,21086.1272462449,22406.4084934859,20847.4672023229,22645.0685374079
"2019.030",21746.2678698654,21164.4269233166,22328.1088164142,21018.1600724206,22474.3756673102,20754.927917482,22737.6078222488
"2019.037",21746.2678698654,21114.7676164639,22377.7681232669,20956.0170954616,22536.5186442692,20670.3184461431,22822.2172935877
"2019.045",21746.2678698654,21068.7383479908,22423.79739174,20898.4166988503,22594.1190408805,20591.8938301256,22900.6419096052
