"","Point Forecast","Lo 75","Hi 75","Lo 85","Hi 85","Lo 95","Hi 95"
"2019.000",21889.705095123,21625.6524039093,22153.7577863368,21559.2731711592,22220.1370190868,21439.8124158827,22339.5977743634
"2019.008",21881.5537174719,21481.5347558112,22281.5726791326,21380.9754635031,22382.1319714407,21200.0018590862,22563.1055758576
"2019.015",21881.5537174719,21412.6716562858,22350.435778658,21294.8011232163,22468.3063117274,21082.6729873225,22680.4344476213
"2019.023",21881.5537174719,21352.7006141283,22410.4068208155,21219.7541818232,22543.3532531205,20980.4943929327,22782.6130420111
"2019.030",21881.5537174719,21298.869564152,22464.2378707918,21152.3907426138,22610.71669233,20888.7771103371,22874.3303246066
"2019.038",21881.5537174719,21249.6074854678,22513.499949476,21090.7448515485,22672.3625833953,20804.8444359065,22958.2629990372
"2019.045",21881.5537174719,21203.9171941364,22559.1902408074,21033.568646293,22729.5387886508,20726.997368763,23036.1100661808
