"","Point Forecast","Lo 75","Hi 75","Lo 85","Hi 85","Lo 95","Hi 95"
"2019.000",21694.3016857178,21430.6532455106,21957.9501259251,21364.375635931,22024.2277355046,21245.0977688891,22143.5056025465
"2019.008",21727.347166752,21328.5217848607,22126.1725486432,21228.2625421714,22226.4317913326,21047.8289282393,22406.8654052647
"2019.015",21727.347166752,21258.5526393494,22196.1416941545,21140.7041110752,22313.9902224288,20928.6155765649,22526.0787569391
"2019.023",21727.347166752,21197.7483255481,22256.9460079558,21064.6144249511,22390.0799085528,20825.0172548826,22629.6770786214
"2019.030",21727.347166752,21143.2396798231,22311.4546536808,20996.4030516954,22458.2912818086,20732.1454854101,22722.5488480938
"2019.038",21727.347166752,21093.4006548377,22361.2936786662,20934.0351779248,22520.6591555792,20647.2298105184,22807.4645229856
"2019.045",21727.347166752,21047.2039438569,22407.4903896471,20876.2252460509,22578.4690874531,20568.5199061439,22886.1744273601
