"","Point Forecast","Lo 75","Hi 75","Lo 85","Hi 85","Lo 95","Hi 95"
"2019.000",10714.299805,10629.3391134649,10799.2604965351,10607.9811583837,10820.6184516163,10569.5438740185,10859.0557359815
"2019.008",10714.299805,10594.1472427625,10834.4523672375,10563.9425330221,10864.6570769779,10509.584004172,10919.015605828
"2019.016",10714.299805,10567.1435706151,10861.4560393849,10530.1505072687,10898.4491027313,10463.5751778431,10965.0244321569
"2019.024",10714.299805,10544.3784219299,10884.2211880701,10501.6625117675,10926.9370982325,10424.787943037,11003.811666963
"2019.032",10714.299805,10524.3219233122,10904.2776866878,10476.5640838903,10952.0355261097,10390.615703179,11037.983906821
"2019.040",10714.299805,10506.1894625451,10922.4101474549,10453.8733706469,10974.7262393531,10359.7216368537,11068.8779731463
"2019.048",10714.299805,10489.5149439821,10939.0846660179,10433.0071063244,10995.5925036756,10331.3116108213,11097.2879991787
