"","Point Forecast","Lo 75","Hi 75","Lo 85","Hi 85","Lo 95","Hi 95"
"2019.000",10769.900391,10685.3362237337,10854.4645582663,10664.0779494269,10875.7228325731,10625.8200576231,10913.9807243769
"2019.008",10769.900391,10650.3085987613,10889.4921832387,10620.2448589239,10919.5559230761,10566.1400294671,10973.6607525329
"2019.016",10769.900391,10623.4309567951,10916.3698252049,10586.6105456144,10953.1902363856,10520.3459332197,11019.4548487803
"2019.024",10769.900391,10600.7720564675,10939.0287255325,10558.2555078538,10981.5452741462,10481.7397242462,11058.0610577538
"2019.031",10769.900391,10580.809164532,10958.991617468,10533.2742180976,11006.5265639024,10447.7269713484,11092.0738106516
"2019.039",10769.900391,10562.7613306743,10977.0394513257,10510.6894058104,11029.1113761896,10416.9770922565,11122.8236897435
"2019.047",10769.900391,10546.1646345862,10993.6361474138,10489.9205274679,11049.8802545321,10388.6996600694,11151.1011219306
