"","Point Forecast","Lo 75","Hi 75","Lo 85","Hi 85","Lo 95","Hi 95"
"2019.000",10657.299805,10572.4777586531,10742.1218513469,10551.1546570747,10763.4449529253,10512.7800975346,10801.8195124654
"2019.008",10657.299805,10537.3433166679,10777.2562933321,10507.1878972239,10807.4117127761,10452.9180746722,10861.6815353278
"2019.016",10657.299805,10510.3837111252,10804.2158988749,10473.4510158164,10841.1485941836,10406.9843289749,10907.6152810251
"2019.024",10657.299805,10487.6557123061,10826.9438976939,10445.0095091494,10869.5901008506,10368.2603900691,10946.3392199309
"2019.032",10657.299805,10467.6319433776,10846.9676666224,10419.9520387572,10894.6475712428,10334.1439150189,10980.4556949811
"2019.040",10657.299805,10449.5290725113,10865.0705374887,10397.2983539107,10917.3012560893,10303.3002639334,11011.2993460666
"2019.048",10657.299805,10432.8817646704,10881.7178453296,10376.4661407134,10938.1334692866,10274.9365994987,11039.6630105013
