"","Point Forecast","Lo 75","Hi 75","Lo 85","Hi 85","Lo 95","Hi 95"
"2019.000",1543.27309300619,1526.45739849624,1560.08878751614,1522.23016303578,1564.3160229766,1514.62253155349,1571.92365445888
"2019.008",1538.79793856058,1515.66755308457,1561.92832403659,1509.85289073801,1567.74298638316,1499.3884137198,1578.20746340137
"2019.016",1542.47870366232,1515.41173675647,1569.54567056817,1508.60747171443,1576.3499356102,1496.36203579498,1588.59537152966
"2019.024",1539.5279699355,1508.06504781723,1570.99089205377,1500.15569979777,1578.90024007323,1485.92147850588,1593.13446136513
"2019.031",1541.87817004143,1507.29437696476,1576.46196311811,1498.60048469854,1585.15585538432,1482.95434217192,1600.80199791094
"2019.039",1540.00941373889,1502.02108012248,1577.9977473553,1492.47133295907,1587.54749451871,1475.28493351487,1604.73389396291
"2019.047",1541.4947060169,1500.78560671733,1582.20380531648,1490.55189629753,1592.43751573628,1472.13458827237,1610.85482376143
