"","Point Forecast","Lo 75","Hi 75","Lo 85","Hi 85","Lo 95","Hi 95"
"2019.000",1532.8369977545,1516.0641622511,1549.6098332579,1511.84770095832,1553.82629455069,1504.25945942911,1561.41453607989
"2019.008",1532.93798852207,1509.61647091841,1556.25950612573,1503.75376057078,1562.12221647335,1493.20281297649,1572.67316406764
"2019.016",1532.6805412952,1505.22391877854,1560.13716381185,1498.32169964877,1567.03938294162,1485.89997863503,1579.46110395536
"2019.024",1532.91748883204,1501.01827411618,1564.8167035479,1492.99924810877,1572.8357295553,1478.5676425638,1587.26733510027
"2019.032",1532.72165101056,1497.56827822655,1567.87502379457,1488.73120141717,1576.71210060395,1472.82737387429,1592.61592814683
"2019.040",1532.88024387558,1494.27135634588,1571.48913140528,1484.56561042156,1581.1948773296,1467.09846458985,1598.66202316131
"2019.048",1532.7523472018,1491.33090695528,1574.17378744832,1480.91812377051,1584.58657063309,1462.17854375053,1603.32615065307
