"","Point Forecast","Lo 75","Hi 75","Lo 85","Hi 85","Lo 95","Hi 95"
"2019.000",1538.98878574008,1522.08333727783,1555.89423420233,1517.83353890213,1560.14403257803,1510.18530160409,1567.79226987607
"2019.008",1543.83037898206,1520.6111756479,1567.04958231622,1514.77418570735,1572.88657225677,1504.26952637414,1583.39123158998
"2019.016",1539.28837168958,1512.11105411843,1566.46568926073,1505.2790484294,1573.29769494976,1492.98368848242,1585.59305489674
"2019.024",1543.04117318066,1511.46022946271,1574.62211689861,1503.52121242833,1582.56113393299,1489.23359668182,1596.84874967949
"2019.032",1540.0296373845,1505.31302715841,1574.74624761058,1496.58574647857,1583.47352829042,1480.87951580474,1599.17975896425
"2019.040",1542.42855071342,1504.29910688908,1580.55799453775,1494.71388655063,1590.1432148762,1477.46364707535,1607.39345435148
"2019.048",1540.52128391727,1499.65930910884,1581.3832587257,1489.38716787837,1591.65539995617,1470.90069705215,1610.14187078239
