"","Point Forecast","Lo 75","Hi 75","Lo 85","Hi 85","Lo 95","Hi 95"
"2019.000",1519.20568126895,1502.34629045341,1536.06507208448,1498.10807033975,1540.30329219814,1490.48067009978,1547.93069243811
"2019.008",1524.91064222056,1501.70428324224,1548.11700119888,1495.87052219696,1553.95076224416,1485.37167381171,1564.44961062941
"2019.016",1519.67676913885,1492.48049278127,1546.87304549642,1485.6437211128,1553.70981716489,1473.33978397263,1566.01375430506
"2019.023",1524.02822366811,1492.4223414483,1555.63410588792,1484.47705521587,1563.57939212036,1470.17815697777,1577.87829035845
"2019.031",1520.48850336103,1485.73405528846,1555.24295143359,1476.99726269186,1563.97974403019,1461.27391370085,1579.7030930212
"2019.039",1523.35296754056,1485.17303665443,1561.53289842669,1475.57512455961,1571.13081052151,1458.30204410321,1588.40389097791
"2019.047",1521.03786746903,1480.12172420728,1561.95401073078,1469.83596576899,1572.23976916907,1451.32498845388,1590.75074648418
