"","Point Forecast","Lo 75","Hi 75","Lo 85","Hi 85","Lo 95","Hi 95"
"2019.000",1660.420044,1642.63287576148,1678.20721223852,1638.16142510123,1682.67866289877,1630.11428669776,1690.72580130224
"2019.008",1660.420044,1635.26518944087,1685.57489855913,1628.94160327367,1691.89848472633,1617.56123100519,1703.27885699481
"2019.016",1660.420044,1629.61176488811,1691.22832311189,1621.86698516102,1698.97310283898,1607.92893259068,1712.91115540932
"2019.024",1660.420044,1624.84570752296,1695.99438047704,1615.90280620246,1704.93728179754,1599.80852939553,1721.03155860447
"2019.031",1660.420044,1620.64672669145,1700.19336130855,1610.64825905709,1710.19182894291,1592.65431056259,1728.18577743741
"2019.039",1660.420044,1616.85055784659,1703.98953015341,1605.89778531894,1714.94230268106,1586.1864023409,1734.6536856591
"2019.047",1660.420044,1613.35962031281,1707.48046768719,1601.52927386609,1719.31081413391,1580.2385468848,1740.6015411152
