"","Point Forecast","Lo 75","Hi 75","Lo 85","Hi 85","Lo 95","Hi 95"
"2019.000",1655.089966,1637.24021353238,1672.93971846762,1632.75303005346,1677.42690194654,1624.67757775839,1685.50235424161
"2019.008",1655.089966,1629.84660397529,1680.33332802471,1623.50076824254,1686.67916375746,1612.08035408456,1698.09957791544
"2019.016",1655.089966,1624.17328782355,1686.00664417645,1616.40125805518,1693.77867394482,1602.41416438602,1707.76576761398
"2019.024",1655.089966,1619.39046106476,1690.78947093524,1610.41609410692,1699.76383789308,1594.26518951678,1715.91474248322
"2019.032",1655.089966,1615.17670610086,1695.00322589914,1605.14305881448,1705.03687318552,1587.08579853364,1723.09413346636
"2019.040",1655.089966,1611.36718041934,1698.81275158066,1600.37587051374,1709.80406148626,1580.59513294864,1729.58479905136
"2019.048",1655.089966,1607.86396000661,1702.31597199339,1595.99198843428,1714.18794356572,1574.62634993715,1735.55358206285
