"","Point Forecast","Lo 75","Hi 75","Lo 85","Hi 85","Lo 95","Hi 95"
"2019.000",1645.02002,1627.07011600621,1662.96992399379,1622.55775580429,1667.48228419571,1614.4369937004,1675.6030462996
"2019.008",1645.02002,1619.63502232869,1670.40501767131,1613.25358133282,1676.78645866718,1601.76908942869,1688.27095057131
"2019.016",1645.02002,1613.92987429178,1676.11016570822,1606.11423715999,1683.92580284001,1592.04866459987,1697.99137540013
"2019.024",1645.02002,1609.12021201243,1680.91982798757,1600.09549160858,1689.94454839142,1583.85396740079,1706.18607259921
"2019.032",1645.02002,1604.8828144803,1685.1572255197,1594.79287032983,1695.24716967017,1576.63429423642,1713.40574576358
"2019.040",1645.02002,1601.05191428328,1688.98812571672,1589.99893425292,1700.04110574708,1570.10721077585,1719.93282922415
"2019.048",1645.02002,1597.52903797496,1692.51100202504,1585.59045505472,1704.44958494528,1564.1049380715,1725.9351019285
