"","Point Forecast","Lo 75","Hi 75","Lo 85","Hi 85","Lo 95","Hi 95"
"2019.000",8656.80822227557,8566.12719426869,8747.48925028245,8543.33122488693,8770.28521966421,8502.30598842689,8811.31045612426
"2019.008",8657.996075052,8540.5367808444,8775.4553692596,8511.00912182672,8804.98302827729,8457.86906127368,8858.12308883032
"2019.016",8657.7861697305,8517.06963435705,8798.50270510395,8481.69542320853,8833.87691625247,8418.03349452928,8897.53884493172
"2019.024",8657.82326207466,8497.42281290759,8818.22371124173,8457.10033522509,8858.54618892423,8384.53315662101,8931.11336752831
"2019.032",8657.81670749098,8479.85860136831,8835.77481361365,8435.122369021,8880.51104596096,8354.61188580161,8961.02152918035
"2019.040",8657.81786575067,8463.89142975601,8851.74430174534,8415.14097782119,8900.49475368015,8327.4062215287,8988.22950997264
"2019.048",8657.81766107474,8449.14024693323,8866.49507521626,8396.68160097396,8918.95372117553,8302.27331682462,9013.36200532487
