"","Point Forecast","Lo 75","Hi 75","Lo 85","Hi 85","Lo 95","Hi 95"
"2019.000",8584.9605354018,8493.92791550688,8675.99315529672,8471.04356073635,8698.87751006725,8429.85925968847,8740.06181111513
"2019.008",8588.97436202102,8470.37409927045,8707.5746247716,8440.55961637634,8737.3891076657,8386.90336731841,8791.04535672363
"2019.016",8588.31243566106,8446.08851448349,8730.53635683863,8410.33536717387,8766.28950414826,8345.99147821682,8830.6333931053
"2019.024",8588.42159496154,8426.17075107522,8750.67243884786,8385.38310948478,8791.46008043831,8311.97878905985,8864.86440086323
"2019.033",8588.40359333236,8408.31042694962,8768.49675971509,8363.03746967333,8813.76971699138,8281.56105836567,8895.24612829904
"2019.041",8588.40656200889,8392.09042569359,8784.72269832419,8342.73923580357,8834.0738882142,8253.9233490599,8922.88977495787
"2019.049",8588.40607243984,8377.10820601847,8799.70393886121,8323.99081421952,8852.82133066017,8228.3970045333,8948.41514034639
