"","Point Forecast","Lo 75","Hi 75","Lo 85","Hi 85","Lo 95","Hi 95"
"2019.000",8607.91101217449,8517.0398664451,8698.78215790387,8494.19610406985,8721.62592027913,8453.08485596334,8762.73716838563
"2019.008",8611.13340824598,8493.80797957146,8728.4588369205,8464.31397251671,8757.95284397525,8411.23447441283,8811.03234207913
"2019.016",8610.54272018569,8470.05969476605,8751.02574560533,8434.74418482409,8786.34125554728,8371.18789898195,8849.89754138942
"2019.024",8610.65099749761,8450.58999882531,8770.71199616991,8410.35285435149,8810.94914064373,8337.93924741637,8883.36274757885
"2019.032",8610.63114949819,8433.09434510271,8788.16795389367,8388.46402224369,8832.7982767527,8308.14414121925,8913.11815777713
"2019.040",8610.63478777729,8417.20205597344,8804.06751958115,8368.57571451537,8852.69386103922,8281.0643162021,8940.20525935248
"2019.048",8610.63412085492,8402.51478961446,8818.75345209539,8350.19643805859,8871.07180365125,8256.0406376259,8965.22760408395
