"","Point Forecast","Lo 75","Hi 75","Lo 85","Hi 85","Lo 95","Hi 95"
"2019.000",8468.42859067225,8378.22370714158,8558.63347420291,8355.54743396463,8581.30974737986,8314.73761124828,8622.11957009621
"2019.008",8467.37367261824,8349.39390529246,8585.35343994402,8319.73540645605,8615.01193878042,8266.3598773247,8668.38746791177
"2019.016",8467.5393093857,8325.96005383717,8609.11856493423,8290.3689666438,8644.7096521276,8226.31673251743,8708.76188625397
"2019.025",8467.51330211563,8305.91005053573,8629.11655369552,8265.28520478819,8669.74139944306,8192.17386325956,8742.85274097169
"2019.033",8467.51738561778,8288.08750287702,8646.94726835853,8242.98128603064,8692.05348520492,8161.80495257663,8773.22981865893
"2019.041",8467.5167444513,8271.88133766071,8663.15215124189,8222.70127385675,8712.33221504585,8134.1933577033,8800.8401311993
"2019.049",8467.51684512333,8256.91876176451,8678.11492848214,8203.97728585027,8731.05640439639,8108.70006681418,8826.33362343247
