"","Point Forecast","Lo 75","Hi 75","Lo 85","Hi 85","Lo 95","Hi 95"
"2019.000",3401.96166885758,3369.30608120436,3434.61725651081,3361.09691339221,3442.82642432295,3346.32311522669,3457.60022248847
"2019.008",3401.90686064973,3356.6851776846,3447.12854361485,3345.31706549043,3458.49665580902,3324.85820791523,3478.95551338422
"2019.016",3408.72165837528,3352.58211102221,3464.86120572835,3338.46939714263,3478.97391960792,3313.07116053745,3504.3721562131
"2019.024",3401.80669688784,3333.95660439988,3469.65678937579,3316.90001974374,3486.71337403193,3286.20378537878,3517.40960839689
"2019.032",3408.07189552207,3332.34694570113,3483.796845343,3313.31072968665,3502.83306135748,3279.05181091818,3537.09198012595
"2019.040",3403.7394789681,3318.9643500149,3488.51460792129,3297.65304282719,3509.825915109,3259.29970930552,3548.17924863067
"2019.048",3406.3259666863,3314.60555067917,3498.04638269344,3291.54829337919,3521.10363999342,3250.05282472811,3562.5991086445
