"","Point Forecast","Lo 75","Hi 75","Lo 85","Hi 85","Lo 95","Hi 95"
"2019.000",3411.29750860207,3379.01679971,3443.57821749413,3370.90187128782,3451.69314591631,3356.29767298413,3466.29734422
"2019.008",3418.96024168399,3373.83844614164,3464.08203722634,3362.4954442785,3475.42503908948,3342.08177702843,3495.83870633956
"2019.016",3413.35796630672,3357.47943045968,3469.23650215375,3343.43233130052,3483.28360131291,3318.15217958023,3508.5637530332
"2019.024",3418.31106886944,3350.60114352302,3486.02099421586,3333.57979496794,3503.04234277094,3302.94697397898,3533.67516375989
"2019.032",3415.37467950079,3339.82738535581,3490.92197364576,3320.83582954688,3509.91352945469,3286.65728443843,3544.09207456315
"2019.040",3416.93962219675,3332.33497147041,3501.5442729231,3311.06652017576,3522.81272421774,3272.79031314594,3561.08893124756
"2019.048",3416.49567461884,3324.93054530252,3508.06080393516,3301.91232495136,3531.07902428631,3260.48710995036,3572.50423928732
