"","Point Forecast","Lo 75","Hi 75","Lo 85","Hi 85","Lo 95","Hi 95"
"2019.000",3372.209961,3339.59596395333,3404.82395804667,3331.39725145046,3413.02267054954,3316.64226939793,3427.77765260207
"2019.008",3372.209961,3326.0868040534,3418.3331179466,3314.49207363785,3429.92784836215,3293.62537790658,3450.79454409342
"2019.016",3372.209961,3315.72086107726,3428.69906092274,3301.52027446565,3442.89964753435,3275.96389588589,3468.45602611411
"2019.024",3372.209961,3306.98196690666,3437.43795509334,3290.58454190092,3453.83538009908,3261.07457779585,3483.34534420415
"2019.032",3372.209961,3299.28284658567,3445.13707541433,3280.94996810128,3463.46995389872,3247.95682522502,3496.46309677498
"2019.040",3372.209961,3292.32230976302,3452.09761223698,3272.23964758322,3472.18027441678,3236.09747039058,3508.32245160942
"2019.048",3372.209961,3285.92143555471,3458.49848644529,3264.22968120121,3480.19024079879,3225.19166809098,3519.22825390902
