"","Point Forecast","Lo 75","Hi 75","Lo 85","Hi 85","Lo 95","Hi 95"
"2019.000",3389.11862713191,3357.00731594126,3421.22993832256,3348.93497178285,3429.30228248097,3334.40741112772,3443.82984313609
"2019.008",3373.76105230409,3327.896201475,3419.62590313319,3316.36640568222,3431.15569892597,3295.61657088407,3451.90553372411
"2019.016",3381.22694306692,3324.8362771706,3437.61760896325,3310.66043552606,3451.79345060779,3285.14858973665,3477.3052963972
"2019.025",3379.1467141871,3310.52123416957,3447.77219420463,3293.26972770044,3465.02370067376,3262.22269827451,3496.07073009969
"2019.033",3378.05560931808,3301.5553023505,3454.55591628565,3282.32417216089,3473.78704647526,3247.71447207707,3508.39674655908
"2019.041",3380.42921164588,3294.78069830209,3466.07772498967,3273.24983423171,3487.60858906005,3234.50137063783,3526.35705265394
"2019.049",3377.95070531648,3285.2007498716,3470.70066076135,3261.88468044724,3494.01673018572,3219.92343521856,3535.9779754144
