"","Point Forecast","Lo 75","Hi 75","Lo 85","Hi 85","Lo 95","Hi 95"
"2019.000",10841.7496581914,10731.066091755,10952.4332246279,10703.2417579665,10980.2575584164,10653.1671217929,11030.33219459
"2019.009",10845.9364219609,10699.5812078605,10992.2916360613,10662.7895100508,11029.0833338709,10596.5765722666,11095.2962716551
"2019.017",10849.5584868278,10681.3851546818,11017.7318189737,10639.108680598,11060.0082930575,10563.0249520695,11136.0920215861
"2019.026",10852.6920177893,10669.8851176239,11035.4989179547,10623.9299648148,11081.4540707638,10541.2258262463,11164.1582093323
"2019.034",10855.4029069223,10662.3681759229,11048.4376379218,10613.84188642,11096.9639274246,10526.5105486715,11184.2952651732
"2019.043",10857.7481589661,10657.3998760262,11058.096441906,10607.0350596586,11108.4612582735,10516.3949791188,11199.1013388133
"2019.051",10859.7770900211,10654.1251767831,11065.429003259,10602.427100344,11117.1270796981,10509.3875908183,11210.1665892238
