"","Point Forecast","Lo 75","Hi 75","Lo 85","Hi 85","Lo 95","Hi 95"
"2019.000",10735.4790244765,10625.2637240588,10845.6943248942,10597.5571059387,10873.4009430143,10547.6943191956,10923.2637297574
"2019.008",10752.6206132379,10606.7115719161,10898.5296545596,10570.0320358368,10935.2091906389,10504.0209522237,11001.220274252
"2019.017",10767.4912869353,10599.6530784104,10935.3294954603,10557.4608498184,10977.5217240523,10481.5287354268,11053.4538384439
"2019.025",10780.3918960501,10597.7784948816,10963.0052972186,10551.8719850721,11008.9118070281,10469.2553878811,11091.5284042191
"2019.034",10791.5834344375,10598.5949267319,10984.5719421431,10550.0802571325,11033.0866117425,10462.7698313829,11120.3970374921
"2019.042",10801.2923195268,10600.849449354,11001.7351896996,10550.4608550506,11052.123784003,10459.7779820582,11142.8066569954
"2019.050",10809.7149730007,10603.8399411495,11015.5900048518,10552.0857757447,11067.3441702566,10458.9453245549,11160.4846214464
