"","Point Forecast","Lo 75","Hi 75","Lo 85","Hi 85","Lo 95","Hi 95"
"2019.000",10790.1880544458,10679.7761137822,10900.5999951093,10652.0200629955,10928.356045896,10602.0683137345,10978.3077951571
"2019.008",10800.7920450738,10654.7470834633,10946.8370066844,10618.0333788835,10983.5507112641,10551.960803224,11049.6232869237
"2019.017",10809.9729778937,10642.1060341005,10977.839921687,10599.9065818553,11020.0393739321,10523.9614672673,11095.9844885202
"2019.025",10817.9218275674,10635.3998583348,11000.4437968001,10589.5163332626,11046.3273218723,10506.9411010281,11128.9025541067
"2019.034",10824.8039399164,10632.0256172352,11017.5822625976,10583.5637852743,11066.0440945585,10496.3484498706,11153.2594299621
"2019.042",10830.7624713175,10630.6402910741,11030.884651561,10580.33231383,11081.192628805,10489.7945249911,11171.730417644
"2019.051",10835.9213665314,10630.4662288295,11041.3765042334,10578.8176190671,11093.0251139958,10485.8671332663,11185.9755997966
