"","Point Forecast","Lo 75","Hi 75","Lo 85","Hi 85","Lo 95","Hi 95"
"2019.000",16.6240983699337,13.7619279559367,19.4862687839308,13.0424174854785,20.205779254389,11.7475356275635,21.5006611123039
"2019.008",16.5265956107703,12.7446263469543,20.3085648745863,11.7938910340047,21.2593001875359,10.0828806193354,22.9703106022052
"2019.016",16.3554949558006,12.0377634344853,20.6732264771158,10.9523448224344,21.7586450891667,8.99894883072234,23.7120410808788
"2019.024",16.4654776330972,11.4355822217071,21.4953730444872,10.1711353543555,22.7598199118388,7.8955474705708,25.0354077956235
"2019.032",16.4638463587733,10.8379107578101,22.0897819597365,9.42362754419682,23.5040651733498,6.87838358951849,26.0493091280282
"2019.040",16.4241416235096,10.307896124563,22.5403871224562,8.77035571297045,24.0779275340487,6.00328939979453,26.8449938472246
"2019.048",16.4445494675296,9.84020041780398,23.0488985172553,8.17995745372335,24.7091414813359,5.19206696124742,27.6970319738119
