"","Point Forecast","Lo 75","Hi 75","Lo 85","Hi 85","Lo 95","Hi 95"
"2019.000",16.5012841938226,13.6275212551686,19.3750471324766,12.9050965826668,20.0974718049785,11.6049701209392,21.3975982667061
"2019.008",16.9772150593783,13.1809132509011,20.7735168678554,12.2265749323787,21.7278551863778,10.509080294419,23.4453498243375
"2019.016",16.8243064689404,12.4892973711769,21.159315566704,11.3995354128675,22.2490775250133,9.43832282848084,24.2102901094
"2019.024",16.7256103007956,11.6760109489792,21.775209652612,10.4066107806722,23.0446098209189,8.12210858666242,25.3291120149288
"2019.032",16.8260732918789,11.1786638124448,22.473482771313,9.75898235967507,23.8931642240827,7.20402335256135,26.4481232311964
"2019.040",16.807097841716,10.6673039216014,22.9468917618306,9.12384375921058,24.4903519242215,6.34612384441686,27.2680718390152
"2019.048",16.7810989104134,10.1514360714236,23.4107617494031,8.48482956716614,25.0773682536606,5.48548679836424,28.0767110224625
