"","Point Forecast","Lo 75","Hi 75","Lo 85","Hi 85","Lo 95","Hi 95"
"2019.000",15.6431679210704,12.7907320302232,18.4956038119175,12.0736686856584,19.2126671564823,10.7831908483289,20.5031449938118
"2019.008",15.6122342519997,11.8417130947109,19.3827554092885,10.8938556790636,20.3306128249358,9.18802453163047,22.036443972369
"2019.016",15.5451834581619,11.2386176643493,19.8517492519745,10.1560059633787,20.9343609529452,8.20766148708402,22.8827054292398
"2019.024",15.564707839755,10.5503836315559,20.5790320479542,9.28985115157926,21.8395645279308,7.0213078757673,24.1081078037428
"2019.032",15.5682652570591,9.96061781282866,21.1759127012895,8.55093199152656,22.5855985225916,6.01396182874133,25.1225686853768
"2019.040",15.5559459383011,9.45915807170607,21.6527338048961,7.92650904258987,23.1853828340124,5.16824560677122,25.943646269831
"2019.048",15.5596448957262,8.97704805477834,22.142241736674,7.32227329828405,23.7970164931683,4.34422377837155,26.7750660130808
