"","Point Forecast","Lo 75","Hi 75","Lo 85","Hi 85","Lo 95","Hi 95"
"2019.000",61.470001,60.1319522268139,62.8080497731861,59.79558507775,63.14441692225,59.1902350004342,63.7497669995658
"2019.008",61.470001,59.5777142778435,63.3622877221565,59.1020192937006,63.8379827062994,58.245925004377,64.694076995623
"2019.016",61.470001,59.1524325418365,63.7875694581635,58.5698275496607,64.3701744503393,57.521330459384,65.418671540616
"2019.024",61.470001,58.7939034536278,64.1460985463722,58.1211691555,64.8188328445,56.9104690008685,66.0295329991315
"2019.032",61.470001,58.4780329859457,64.4619690140543,57.725893175241,65.214108824759,56.3722892521782,66.5677127478218
"2019.040",61.470001,58.192464254737,64.747537745263,57.3685363732958,65.5714656267042,55.8857375681178,67.0542644318822
"2019.048",61.470001,57.9298567040745,65.0101452959255,57.0399128784397,65.9000891215603,55.4383071177284,67.5016948822716
