"","Point Forecast","Lo 75","Hi 75","Lo 85","Hi 85","Lo 95","Hi 95"
"2019.000",61.25,59.9170808279864,62.5829191720136,59.5820031904537,62.9179968095463,58.9789738091608,63.5210261908392
"2019.008",61.25,59.3649676293913,63.1350323706087,58.8910962899445,63.6089037100555,58.0382839604107,64.4617160395893
"2019.016",61.25,58.9413162716898,63.5586837283102,58.360944779003,64.139055220997,57.3164672521469,65.1835327478531
"2019.024",61.25,58.5841616559728,63.9158383440272,57.9140063809073,64.5859936190926,56.7079476183216,65.7920523816784
"2019.031",61.25,58.2695021228649,64.2304978771351,57.5202457476016,64.9797542523984,56.1718310586011,66.3281689413989
"2019.039",61.25,57.9850281601937,64.5149718398063,57.1642589240212,65.3357410759788,55.6871446399474,66.8128553600526
"2019.047",61.25,57.7234273531019,64.776572646898,56.8368952542912,65.6631047457088,55.2414294781252,67.2585705218748
