"","Point Forecast","Lo 75","Hi 75","Lo 85","Hi 85","Lo 95","Hi 95"
"2019.000",61.84,60.4971105549814,63.1828894450186,60.1595265272682,63.5204734727318,59.5519864691934,64.1280135308067
"2019.008",61.84,59.9408675340871,63.7391324659129,59.4634516236545,64.2165483763455,58.6042602338401,65.0757397661599
"2019.016",61.84,59.5140472522799,64.1659527477201,58.9293345644569,64.7506654355431,57.8770443162378,65.8029556837622
"2019.024",61.84,59.1542211099629,64.5257788900371,58.4790530545365,65.2009469454635,57.2639729383867,66.4160270616133
"2019.032",61.84,58.8372079146715,64.8427920853285,58.0823470805867,65.5976529194133,56.723846211677,66.956153788323
"2019.040",61.84,58.5506060787353,65.1293939212648,57.7236974655244,65.9563025344757,56.23553432494,67.44446567506
"2019.048",61.84,58.2870484902274,65.3929515097726,57.3938851063107,66.2861148936893,55.7864852011348,67.8935147988652
