"","Point Forecast","Lo 75","Hi 75","Lo 85","Hi 85","Lo 95","Hi 95"
"2019.000",45.880001,44.3465528439881,47.4134491560119,43.9610649643147,47.7989370356853,43.2673137510528,48.4926882489472
"2019.008",45.880001,43.7113778205719,48.0486241794281,43.1662156330074,48.5937863669926,42.1851032582996,49.5748987417004
"2019.016",45.880001,43.2239908830145,48.5360111169855,42.5563062897183,49.2036957102817,41.354693940536,50.405308059464
"2019.024",45.880001,42.8131046879761,48.9468973120239,42.0421289286295,49.7178730713705,40.6546265021055,51.1053754978945
"2019.032",45.880001,42.4511066831856,49.3088953168144,41.5891295797338,50.1708724202662,40.037854707407,51.722147292593
"2019.040",45.880001,42.123835470759,49.636166529241,41.1795868635319,50.5804151364681,39.4802503826033,52.2797516173967
"2019.048",45.880001,41.8228785307818,49.9371234692182,40.8029734677366,50.9570285322634,38.9674802856961,52.7925217143039
