"","Point Forecast","Lo 75","Hi 75","Lo 85","Hi 85","Lo 95","Hi 95"
"2019.000",45.799999,44.2726260726376,47.3273719273624,43.8886654223013,47.7113325776987,43.1976627188145,48.4023352811855
"2019.008",45.799999,43.6399674913226,47.9600305086774,43.0969651321995,48.5030328678005,42.1197397372919,49.4802582627081
"2019.016",45.799999,43.1545114877032,48.4454865122968,42.4894721332135,49.1105258667865,41.2926203426069,50.3073776573931
"2019.024",45.799999,42.7452531452753,48.8547448547247,41.9773318446027,49.6226661553973,40.595326437629,51.004671562371
"2019.031",45.799999,42.3846893074249,49.2153086925751,41.5261271925879,50.0738708074121,39.9809981749552,51.6189998250448
"2019.039",45.799999,42.0587146810212,49.5412833189788,41.11820700639,50.48179099361,39.4256029719636,52.1743950280364
"2019.047",45.799999,41.7589500749465,49.8410479250535,40.743085680922,50.856912319078,38.9148643722225,52.6851336277775
