"","Point Forecast","Lo 75","Hi 75","Lo 85","Hi 85","Lo 95","Hi 95"
"2019.000",72.790001,71.2602176061221,74.3197843938779,70.8756509974934,74.7043510025066,70.183557768668,75.3964442313321
"2019.008",72.790001,70.6265605768848,74.9534414231152,70.0827012633263,75.4973007366738,69.1039336326946,76.4760683673054
"2019.016",72.790001,70.1403384372284,75.4396635627716,69.474249532189,76.105752467811,68.2755088962889,77.3044931037111
"2019.024",72.790001,69.7304342122443,75.8495677877557,68.9613009949869,76.6187010050131,67.5771145373359,78.0028874626641
"2019.031",72.790001,69.3693013404388,76.2107006595613,68.5093842616684,77.0706177383316,66.9618167552473,78.6181852447527
"2019.039",72.790001,69.0428122680161,76.5371897319839,68.1008203047632,77.4791816952368,66.4055450397055,79.1744569602945
"2019.047",72.790001,68.7425745800028,76.8374274199972,67.7251069710318,77.8548950289682,65.8940004034878,79.6860015965122
