"","Point Forecast","Lo 75","Hi 75","Lo 85","Hi 85","Lo 95","Hi 95"
"2019.000",73.410004,71.8754390234899,74.9445689765101,71.4896703904281,75.3303376095719,70.7954139135401,76.0245940864599
"2019.008",73.410004,71.2398013978766,75.5802066021234,70.6942421650625,76.1257658349375,69.7124152396821,77.1075927603179
"2019.016",73.410004,70.7520594931687,76.0679485068313,70.0838886207393,76.7361193792607,68.8814011292855,77.9386068707145
"2019.024",73.410004,70.3408740469797,76.4791339530203,69.5693367808562,77.2506712191438,68.1808238270802,78.6391841729198
"2019.032",73.410004,69.978612396633,76.841395603367,69.1160075095197,77.7040004904803,67.5636028333786,79.2564051666214
"2019.040",73.410004,69.6511028304041,77.1689051695959,68.7061665206318,78.1138414793682,67.0055924016339,79.8144155983661
"2019.048",73.410004,69.3499267014845,77.4700812985155,68.3292788347937,78.4907291652063,66.4924488508522,80.3275591491478
