"","Point Forecast","Lo 75","Hi 75","Lo 85","Hi 85","Lo 95","Hi 95"
"2019.000",73.209999,71.6693972281816,74.7506007718184,71.2821110273988,75.1378869726012,70.5851234284621,75.8348745715379
"2019.008",73.209999,71.0312590800784,75.3887389199216,70.4835536824114,75.9364443175886,69.4978643671893,76.9221336328107
"2019.016",73.209999,70.5415984569799,75.8783995430201,69.8707990801537,76.5491989198462,68.66358114655,77.75641685345
"2019.024",73.209999,70.1287954563632,76.2912025436368,69.3542230547976,77.0657749452024,67.9602478569243,78.4597501430757
"2019.032",73.209999,69.7651087119574,76.6548892880426,68.8991104402594,77.5208875597405,67.3405987895627,79.0793992104372
"2019.040",73.209999,69.4363107622172,76.9836872377828,68.4876571858783,77.9323408141217,66.7803932114359,79.6396047885641
"2019.048",73.209999,69.133949842383,77.286048157617,68.1092868689047,78.3107111310953,66.2652310152223,80.1547669847777
