"","Point Forecast","Lo 75","Hi 75","Lo 85","Hi 85","Lo 95","Hi 95"
"2019.000",38.200001,36.9778908358378,39.4221111641622,36.6706690663485,39.7293329336515,36.1177710725015,40.2822309274985
"2019.008",38.200001,36.4716762311278,39.9283257688722,36.0371990380597,40.3628029619403,35.2552831965525,41.1447188034475
"2019.016",38.200001,36.0832441032247,40.3167578967753,35.551120389278,40.848881610722,34.5934729725321,41.8065290274679
"2019.024",38.200001,35.7557806716756,40.6442213283244,35.1413371326969,41.2586648673031,34.035541145003,42.364460854997
"2019.032",38.200001,35.4672795969399,40.9327224030601,34.780310836194,41.619691163806,33.5439933373289,42.8560086626711
"2019.040",38.200001,35.2064546883336,41.1935473116664,34.4539181152098,41.9460838847902,33.0996001504763,43.3004018495237
"2019.048",38.200001,34.9666014309025,41.4334005690976,34.1537690314885,42.2462329685115,32.6909384393829,43.7090635606171
