"","Point Forecast","Lo 75","Hi 75","Lo 85","Hi 85","Lo 95","Hi 95"
"2019.000",37.75,36.5399645572748,38.9600354427252,36.2357782075003,39.2642217924997,35.6883429693479,39.8116570306521
"2019.008",37.75,36.0387514659458,39.4612485340542,35.608567004606,39.891432995394,34.83437666629,40.66562333371
"2019.016",37.75,35.6541571342408,39.8458428657592,35.1272909214624,40.3727090785376,34.179105275129,41.320894724871
"2019.024",37.75,35.3299291145495,40.1700708854505,34.7215564150005,40.7784435849995,33.6266859386959,41.8733140613041
"2019.031",37.75,35.0442784948823,40.4557215051177,34.364097138959,41.135902861041,33.1399947331716,42.3600052668284
"2019.039",37.75,34.7860305946404,40.7139694053596,34.0409292509731,41.4590707490269,32.6999922502809,42.8000077497191
"2019.047",37.75,34.5485471409751,40.9514528590249,33.7437457072512,41.7562542927488,32.2953682081868,43.2046317918132
