"","Point Forecast","Lo 75","Hi 75","Lo 85","Hi 85","Lo 95","Hi 95"
"2019.000",38.0966915849199,36.9154272313182,39.2779559385217,36.6184735395886,39.5749096302512,36.084054703659,40.1093284661809
"2019.008",37.9438855304366,36.12510382684,39.7626672340332,35.6678869983745,40.2198840624987,34.8450473030239,41.0427237578493
"2019.016",38.0086411522498,35.7485809556013,40.2687013488983,35.1804327533133,40.8368495511863,34.1579531231263,41.8593291813733
"2019.024",38.0584295016565,35.4876940345612,40.6291649687517,34.8414463211798,41.2754126821331,33.6784132950675,42.4384457082455
"2019.032",37.948366619377,35.0244906269666,40.8722426117875,34.2894682185968,41.6072650201573,32.9666699816888,42.9300632570653
"2019.040",38.0346241110232,34.8370350847004,41.232213137346,34.0332049656375,42.0360432564089,32.5865755130358,43.4826727090106
"2019.048",38.0248514388688,34.583814167842,41.4658887098955,33.7187844918895,42.330918385848,32.1620159945032,43.8876868832343
