"","Point Forecast","Lo 75","Hi 75","Lo 85","Hi 85","Lo 95","Hi 95"
"2019.000",187.16496462671,184.326471443066,190.003457810354,183.612913104272,190.717016149147,182.328743122869,192.001186130551
"2019.008",187.791762942218,183.454258049185,192.129267835251,182.363868682102,193.219657202334,180.401526968576,195.18199891586
"2019.016",187.809161209393,182.268852273356,193.349470145429,180.876094431421,194.742227987365,178.369589055838,197.248733362948
"2019.024",188.23932199247,181.747869196531,194.730774788409,180.116006805556,196.362637179384,177.179191996813,199.299451988127
"2019.032",188.23932199247,180.337711851192,196.140932133749,178.35135520299,198.12728878195,174.776567492859,201.702076492081
"2019.040",188.23932199247,179.143612770667,197.335031214274,176.857075956043,199.621568028897,172.742062818256,203.736581166685
"2019.048",188.23932199247,178.089030879874,198.389613105067,175.537386610897,200.941257374044,170.945267375096,205.533376609845
