"","Point Forecast","Lo 75","Hi 75","Lo 85","Hi 85","Lo 95","Hi 95"
"2019.000",186.078984346766,183.230806971245,188.927161722286,182.514814159152,189.64315453438,181.226262927663,190.931705765868
"2019.008",185.898188729727,181.547368466665,190.249008992789,180.453631797791,191.342745661664,178.485266043559,193.311111415896
"2019.016",186.456960955791,180.904719740268,192.009202171314,179.508962286575,193.404959625007,176.997058597826,195.916863313756
"2019.024",186.496373558419,179.991781415194,193.000965701644,178.356615972137,194.636131144702,175.413856757588,197.57889035925
"2019.032",186.496373558419,178.584811990889,194.407935125949,176.595953690323,196.396793426515,173.016663829918,199.97608328692
"2019.040",186.496373558419,177.392753733101,195.599993383737,175.104228301018,197.88851881582,170.985636306806,202.007110810032
"2019.048",186.496373558419,176.339652561412,196.653094555426,173.786391907494,199.206355209344,169.191363711195,203.801383405643
