"","Point Forecast","Lo 75","Hi 75","Lo 85","Hi 85","Lo 95","Hi 95"
"2019.000",185.008601289255,182.148502221425,187.868700357084,181.429512459045,188.587690119465,180.135567704162,189.881634874347
"2019.008",185.962026438316,181.593359427849,190.330693448783,180.495136330927,191.428916545704,178.518696483928,193.405356392703
"2019.016",185.775317785128,180.200449568833,191.350186001423,178.799003996817,192.751631573438,176.276863568615,195.273772001641
"2019.024",186.336127757555,179.805462475947,192.866793039163,178.163742602736,194.508512912374,175.209187572779,197.463067942331
"2019.032",186.336127757555,178.393106740262,194.279148774849,176.396339964579,196.275915550532,172.802817453818,199.869438061292
"2019.040",186.336127757555,177.196457263389,195.475798251721,174.898869186547,197.773386328563,170.763967416778,201.908288098332
"2019.048",186.336127757555,176.139286550461,196.532968964649,173.575940224811,199.096315290299,168.962761141366,203.709494373744
