"","Point Forecast","Lo 75","Hi 75","Lo 85","Hi 85","Lo 95","Hi 95"
"2019.000",92.4688574951917,89.3923060522604,95.5454089381231,88.6189031251436,96.3188118652399,87.2270325960822,97.7106823943012
"2019.008",92.4154882931516,87.9700577188775,96.8609188674258,86.8525373126,97.9784392737032,84.8413686648152,99.989607921488
"2019.016",92.4507228138523,87.3122913330092,97.5891542946954,86.0205599832201,98.8808856444845,83.69586901788,101.205576609825
"2019.024",92.4632949188778,86.7390656189867,98.1875242187689,85.300072714709,99.6265171230466,82.7103594555942,102.216230382161
"2019.032",92.4565356562378,86.1482001089201,98.7648712035555,84.5623708881085,100.350700424367,81.7084006234749,103.204670689001
"2019.040",92.4536403224984,85.6043389375351,99.3029417074616,83.8825183087897,101.024762336207,80.7838083020731,104.123472342924
"2019.048",92.4549162021752,85.1137169171768,99.7961154871736,83.2682398884697,101.641592515881,79.9469890911744,104.962843313176
