"","Point Forecast","Lo 75","Hi 75","Lo 85","Hi 85","Lo 95","Hi 95"
"2019.000",93.5367172375905,90.4838696924948,96.5895647826862,89.7164256008827,97.3570088742983,88.3352790130371,98.7381554621439
"2019.008",93.4302958055119,89.0182445214856,97.8423470895381,87.909115211948,98.9514763990757,85.9130477744758,100.947543836548
"2019.016",93.4408093611571,88.3394884485627,98.5421302737514,87.0570861877367,99.8245325345774,84.7491845097595,102.132434212555
"2019.024",93.463239762737,87.7795083020842,99.1469712233898,86.3506960003382,100.575783525136,83.7793044725424,103.147175052932
"2019.031",93.4620422856774,87.198115077265,99.7259694940898,85.6234495050824,101.300635066272,82.7895701309518,104.134514440403
"2019.039",93.4573588361611,86.6560949676415,100.258622704681,84.9463503130892,101.968367359233,81.8693730823939,105.045344589928
"2019.047",93.4574028516244,86.1674399959577,100.747365707291,84.3348431043636,102.579962598885,81.0367723114739,105.878033391775
