"","Point Forecast","Lo 75","Hi 75","Lo 85","Hi 85","Lo 95","Hi 95"
"2019.000",93.084396045399,90.0196491599105,96.1491429308876,89.2492137369778,96.9195783538203,87.8626837380255,98.3061083527726
"2019.008",92.988268321844,88.559599848438,97.4169367952499,87.4462932049129,98.530243438775,85.4427079421735,100.533828701514
"2019.016",92.9894112611358,87.8692853648611,98.1095371574104,86.5821557885026,99.3966667337689,84.2657464996273,101.713076022644
"2019.024",93.0093179343754,87.3047741189189,98.7138617498318,85.8707298760128,100.147905992738,83.2899225774005,102.72871329135
"2019.032",93.0099404834412,86.7231055775845,99.296775389298,85.1426813237787,100.877199643104,82.2984382194935,103.721442747389
"2019.040",93.005855158877,86.1797720648036,99.8319382529503,84.4637881966227,101.547922121131,81.3755824364381,104.636127881316
"2019.048",93.0055503418436,85.6890477520348,100.322052931652,83.8497791344998,102.161321549187,80.5397014324176,105.47139925127
