"","Point Forecast","Lo 75","Hi 75","Lo 85","Hi 85","Lo 95","Hi 95"
"2019.000",85.269997,83.0303840181964,87.5096099818036,82.4673759658802,88.0726180341199,81.4541469126043,89.0858470873957
"2019.008",85.269997,82.1027059466666,88.4372880533334,81.3064923233556,89.2335016766444,79.8735700544225,90.6664239455775
"2019.016",85.269997,81.3908735262254,89.1491204737746,80.4157149745432,90.1242790254568,78.6607507745646,91.8792432254354
"2019.024",85.269997,80.7907710363929,89.7492229636071,79.6647549317603,90.8752390682397,77.6382968252087,92.9016971747913
"2019.032",85.269997,80.2620701293962,90.2779238706038,79.0031458525372,91.5368481474628,76.7374968126348,93.8024971873652
"2019.040",85.269997,79.7840879732681,90.7559060267319,78.405005524015,92.134988475985,75.923111350926,94.616882649074
"2019.048",85.269997,79.344538017116,91.1954559828841,77.8549587245602,92.6850352754398,75.174206628447,95.365787371553
