"","Point Forecast","Lo 75","Hi 75","Lo 85","Hi 85","Lo 95","Hi 95"
"2019.000",86.68,84.4555775671447,88.9044224328553,83.8963882109364,89.4636117890636,82.8900315528712,90.4699684471289
"2019.008",86.68,83.5341916270091,89.8258083729909,82.7433784555246,90.6166215444754,81.3201752211043,92.0398247788957
"2019.016",86.68,82.8271873287987,90.5328126712013,81.8586429527942,91.5013570472058,80.1155820904899,93.2444179095101
"2019.024",86.68,82.2311551342895,91.1288448657106,81.1127764218728,92.2472235781272,79.1000631057423,94.2599368942577
"2019.031",86.68,81.7060402294602,91.6539597705399,80.455654816684,92.904345183316,78.2053729196406,95.1546270803594
"2019.039",86.68,81.2313000671042,92.1286999328958,79.8615714747984,93.4984285252016,77.396511163286,95.963488836714
"2019.047",86.68,80.7947314319117,92.5652685680883,79.3152554595902,94.0447445404099,76.6526860121154,96.7073139878846
