"","Point Forecast","Lo 75","Hi 75","Lo 85","Hi 85","Lo 95","Hi 95"
"2019.000",61,60.0740247500065,61.9259752499935,59.8412472450413,62.1587527549587,59.4223244072427,62.5776755927573
"2019.008",61,59.6904732430374,62.3095267569626,59.3612761385002,62.6387238614998,58.7688297796976,63.2311702203024
"2019.016",61,59.39616382046,62.60383617954,58.9929813550011,63.0070186449989,58.267385715483,63.732614284517
"2019.024",61,59.148049500013,62.851950499987,58.6824944900826,63.3175055099174,57.8446488144854,64.1553511855146
"2019.032",61,58.9294563955322,63.0705436044678,58.4089500707972,63.5910499292028,57.4722101281524,64.5277898718476
"2019.040",61,58.7318331230699,63.2681668769301,58.1616470123069,63.8383529876931,57.1354998181017,64.8645001818983
"2019.048",61,58.5500997683164,63.4499002316836,57.9342283793683,64.0657716206317,56.8258627320278,65.1741372679722
