"","Point Forecast","Lo 75","Hi 75","Lo 85","Hi 85","Lo 95","Hi 95"
"2019.000",60.990002,60.0603010501076,61.9197029498924,59.8265869551777,62.1534170448223,59.4059785639321,62.5740254360679
"2019.008",60.990002,59.675206307711,62.304797692289,59.3446846649434,62.6353193350566,58.749854573596,63.230149426404
"2019.016",60.990002,59.3797127189413,62.6002912810586,58.9749080320778,63.0050959679222,58.2463929283506,63.7336110716494
"2019.024",60.990002,59.1306001002152,62.8494038997848,58.6631719103554,63.3168320896446,57.8219551278643,64.1580488721357
"2019.032",60.990002,58.9111274772945,63.0688765227055,58.3885268737314,63.5914771262686,57.4480179189995,64.5319860810005
"2019.040",60.990002,58.7127090593828,63.2672949406172,58.1402287811081,63.8397752188919,57.1099528410236,64.8700511589764
"2019.048",60.990002,58.5302444929242,63.4497595070758,57.9118951198491,64.0681088801509,56.7990699172664,65.1809340827336
