"","Point Forecast","Lo 75","Hi 75","Lo 85","Hi 85","Lo 95","Hi 95"
"2019.000",163.462193297106,160.796124215384,166.128262378829,160.12591093602,166.798475658193,158.919747784801,168.004638809411
"2019.008",162.641611792098,159.016723011069,166.266500573126,158.105475581691,167.177748002504,156.465530351121,168.817693233074
"2019.016",163.040846516283,158.835567795874,167.246125236692,157.778418278943,168.303274753623,155.875897347309,170.205795685257
"2019.024",163.471272839017,158.578199222477,168.364346455557,157.34814748181,169.594398196224,155.134459497155,171.808086180879
"2019.031",162.881598964377,157.367374436072,168.395823492683,155.981173857248,169.782024071506,153.486469395469,172.276728533285
"2019.039",162.887304432394,156.945165166857,168.82944369793,155.451392679529,170.323216185258,152.763094213959,173.011514650828
"2019.047",163.367781144555,156.966579543972,169.768982745138,155.357405068333,171.378157220777,152.461421034358,174.274141254752
