"","Point Forecast","Lo 75","Hi 75","Lo 85","Hi 85","Lo 95","Hi 95"
"2019.000",162.501399533344,159.816506655692,165.186292410996,159.141561331653,165.861237735034,157.926882058639,167.075917008049
"2019.008",163.731523301349,160.091989324273,167.371057278426,159.177060293042,168.285986309657,157.530489391766,169.932557210933
"2019.016",163.876685469996,159.669386608431,168.08398433156,158.611729255662,169.141641684329,156.708294386786,171.045076553205
"2019.024",162.788492079595,157.89215173969,167.684832419499,156.661278789477,168.915705369712,154.446112898126,171.130871261063
"2019.032",163.325454883674,157.805202934255,168.845706833093,156.417487144255,170.233422623093,153.92005580143,172.730853965918
"2019.040",163.887554216915,157.94433939239,169.830769041439,156.450296524252,171.324811909577,153.761511462282,174.013596971547
"2019.048",163.11232029793,156.712264495189,169.512376100672,155.103378057446,171.121262538415,152.207912396811,174.016728199049
