"","Point Forecast","Lo 75","Hi 75","Lo 85","Hi 85","Lo 95","Hi 95"
"2019.000",0.145392233034332,0.0971849445380975,0.193599521530567,0.0850662919743594,0.205718174094306,0.063256708943322,0.227527757125343
"2019.005",0.138518743733926,0.067730822844693,0.209306664623159,0.0499357083355458,0.227101779132306,0.0179103634885978,0.259127123979254
"2019.011",0.132043432148154,0.0493280621675561,0.214758802128752,0.0285345501957262,0.235552314100582,-0.00888692248626713,0.272973786782575
"2019.016",0.126649907782316,0.03305199671612,0.220247818848513,0.00952276285366195,0.243777052710971,-0.0328221081524991,0.286121923717132
"2019.022",0.125340538745494,0.0265133865339563,0.224167690957031,0.00166959301487411,0.249011484476114,-0.0430410523898521,0.29372212988084
"2019.027",0.12302873024511,0.0200048300660844,0.226052630424135,-0.00589396845539544,0.251951428945615,-0.0525032753719469,0.298560735862166
"2019.033",0.119789266893267,0.0113191936393684,0.228259340147165,-0.0159486982568929,0.255527232043426,-0.0650219223026379,0.304600456089171
