"","Point Forecast","Lo 75","Hi 75","Lo 85","Hi 85","Lo 95","Hi 95"
"2019.000",0.153315550631153,0.105220608182953,0.201410493079353,0.093130197878125,0.213500903384182,0.0713714416108252,0.235259659651481
"2019.005",0.143277237180168,0.0726651547634737,0.213889319596862,0.0549142436398001,0.231640230720536,0.0229684503272053,0.263586024033131
"2019.011",0.139930618274165,0.0573970823290892,0.222464154219241,0.0366492809452117,0.243211955603118,-0.000689927734401574,0.280551164282732
"2019.016",0.134299522516321,0.0408774207108786,0.227721624321764,0.0173923828904512,0.251206662142191,-0.0248729497971352,0.293471994829778
"2019.022",0.130375054156382,0.0317006009072795,0.229049507405485,0.00689519381751774,0.253854914495247,-0.0377463686579697,0.298496476970734
"2019.027",0.129055352680746,0.0261608436383286,0.231949861723164,0.000294572277746763,0.257816133083745,-0.0462561964628286,0.304366901824321
"2019.032",0.125542107465534,0.0171944529573592,0.233889761973708,-0.0100426645416482,0.261126879472716,-0.0590605048086596,0.310144719739727
