"","Point Forecast","Lo 75","Hi 75","Lo 85","Hi 85","Lo 95","Hi 95"
"2019.000",0.116993652932734,0.0682957432111186,0.165691562654349,0.0560537551859545,0.177933550679513,0.0340222089479934,0.199965096917474
"2019.006",0.110841703932518,0.0394002213882394,0.182283186476797,0.0214408104236485,0.200242597441388,-0.0108802139279191,0.232563621792956
"2019.011",0.107669323410991,0.0242868907922291,0.191051756029753,0.00332568840257377,0.212012958419408,-0.0343975717984391,0.249736218620421
"2019.017",0.103620948659638,0.00937799723406287,0.197863900085213,-0.0143133909467304,0.221555288266006,-0.0569500863162829,0.264191983635559
"2019.022",0.0985130011015596,-0.000926831336709552,0.197952833539829,-0.0259246442796598,0.222950646482779,-0.070912473917169,0.267938476120288
"2019.028",0.095291822242171,-0.00833670338245635,0.198920347866798,-0.034387496466066,0.224971140950408,-0.0812703435312108,0.271853988015553
"2019.033",0.0915033543012596,-0.0175987213204581,0.200605429922977,-0.0450254899624145,0.228032198564934,-0.0943846398203495,0.277391348422869
