"","Point Forecast","Lo 75","Hi 75","Lo 85","Hi 85","Lo 95","Hi 95"
"2019.000",0.14173506338084,0.0936626332542576,0.189807493507422,0.0815778822389805,0.201892244522699,0.0598293108288436,0.223640815932836
"2019.005",0.133609413917723,0.0630309351933347,0.204187892642112,0.0452884715780071,0.22193035625744,0.0133578809980353,0.253860946837412
"2019.011",0.129978168779845,0.0475053884654046,0.212450949094286,0.0267728602155682,0.233183477344123,-0.010538861853363,0.270495199413054
"2019.016",0.126968039059912,0.0336443188484093,0.220291759271415,0.0101840128142494,0.243752065305575,-0.0320368108040927,0.285972888923917
"2019.022",0.123588136871677,0.0250476067205112,0.222128667022842,0.000275866064701341,0.246900407678652,-0.0443051079185613,0.291481381661915
"2019.027",0.121176466092502,0.0184452157018017,0.223907716483202,-0.00738001466809377,0.249732946853097,-0.0538569231433184,0.296209855328322
"2019.032",0.117627677449485,0.00946291139603093,0.22579244350294,-0.0177282304484685,0.252983585347439,-0.0666633296806062,0.301918684579577
