"","Point Forecast","Lo 75","Hi 75","Lo 85","Hi 85","Lo 95","Hi 95"
"2019.000",0.115375910952581,0.0666795637573028,0.164072258147859,0.0544379685298751,0.176313853375287,0.0324071291984618,0.1983446927067
"2019.006",0.109499944533603,0.0380596743594055,0.1809402147078,0.0201005681680607,0.198899320899145,-0.0122199076920488,0.231219796759254
"2019.011",0.106291437031541,0.0229111670387755,0.189671707024307,0.00195050830369797,0.210632365759384,-0.0357717734981413,0.248354647561224
"2019.017",0.102611209837581,0.00837094047924428,0.196851479195918,-0.015319773466552,0.220542193141714,-0.0579552554351862,0.263177675110348
"2019.022",0.0975759490814345,-0.00186016075963856,0.197012058922508,-0.0268570378926012,0.22200893605547,-0.0718431833803651,0.266995081543234
"2019.028",0.0941970643443468,-0.00942636627784911,0.197820494966543,-0.0354758785475776,0.223870007236271,-0.0823564205696047,0.270750549258298
"2019.033",0.0904022171876877,-0.0186939967934699,0.199498431168845,-0.0461192918992118,0.226923726274587,-0.0954757898773071,0.276280224252683
