"","Point Forecast","Lo 75","Hi 75","Lo 85","Hi 85","Lo 95","Hi 95"
"2019.000",0.149960416163906,0.101873789626066,0.198047042701746,0.0897854698272911,0.210135362500521,0.0680304757823261,0.231890356545486
"2019.005",0.140474344110726,0.0698746286038573,0.211074059617595,0.0521268263520605,0.228821861869392,0.0201866279848587,0.260762060236593
"2019.011",0.137043731302819,0.0545308793072175,0.21955658329842,0.0337882775851576,0.24029918502048,-0.00354157341582359,0.277629036021461
"2019.016",0.132170258357803,0.038780156885161,0.225560359830446,0.0153031635104436,0.249037353205163,-0.0269476918245059,0.291288208540113
"2019.022",0.128403645413398,0.0297717110692824,0.227035579757513,0.00497699265032137,0.251830298176474,-0.0396453337383079,0.296452624565103
"2019.027",0.126769216923535,0.0239259091269121,0.229612524720158,-0.00192749094121644,0.255465924788287,-0.0484550955948605,0.301993529441931
"2019.032",0.123246479934117,0.0149559379489316,0.231537021919303,-0.0122668222434376,0.258759782111672,-0.0612588240874411,0.307751783955676
