"","Point Forecast","Lo 75","Hi 75","Lo 85","Hi 85","Lo 95","Hi 95"
"2019.000",0.135065057341782,0.0867451927411679,0.183384921942396,0.0745982400855038,0.19553187459806,0.0527377262103482,0.217392388473215
"2019.005",0.125699362265841,0.0547762445566361,0.196622479975045,0.0369471434172496,0.214451581114432,0.00486063383022435,0.246538090701457
"2019.011",0.120108009863257,0.0372868632544768,0.202929156472036,0.0164667604859793,0.223749259240534,-0.0210025668716666,0.26121858659818
"2019.016",0.116219795194364,0.0225715279677047,0.209868062421024,-0.000970364744320093,0.233409955133049,-0.0433380175101903,0.275777607898919
"2019.022",0.113551785923818,0.0147152585598221,0.212388313287814,-0.01013089174428,0.237234463591916,-0.0548457785857754,0.281949350433411
"2019.027",0.111505979993265,0.00849563173750208,0.214516328249028,-0.0173997600159411,0.240411720002471,-0.0640029358721315,0.287014895858662
"2019.033",0.108246567285816,-0.000202780434304037,0.216695915005936,-0.0274654622150229,0.243958596786655,-0.0765293097688742,0.293022444340506
