"","Point Forecast","Lo 75","Hi 75","Lo 85","Hi 85","Lo 95","Hi 95"
"2019.000",241.030968988804,236.764899183696,245.297038793911,235.692467620059,246.369470357549,233.762444037879,248.299493939729
"2019.008",240.805154184721,235.225800517549,246.384507851894,233.823227364571,247.787081004871,231.299057662033,250.31125070741
"2019.016",241.217588031665,234.680034108497,247.755141954834,233.036582525075,249.398593538255,230.078910987122,252.356265076208
"2019.024",242.368937621778,234.666582127962,250.071293115594,232.730315371136,252.007559872419,229.245672967113,255.492202276442
"2019.032",242.513532674619,233.933399898082,251.093665451156,231.776471945627,253.250593403611,227.894712069798,257.13235327944
"2019.040",242.734905746153,233.490915488871,251.978896003436,231.1671028513,254.302708641007,226.98500550994,258.484805982367
"2019.048",243.715525224969,233.681612204936,253.749438245002,231.15922379568,256.271826654257,226.619755471223,260.811294978714
