"","Point Forecast","Lo 75","Hi 75","Lo 85","Hi 85","Lo 95","Hi 95"
"2019.000",243.877285471918,239.652008804063,248.102562139774,238.589832076836,249.164738867001,236.678263822506,251.076307121331
"2019.008",243.935807456378,238.402351796905,249.46926311585,237.011316774903,250.860298137852,234.507911907748,253.363703005007
"2019.016",243.663768824407,237.197192025002,250.130345623812,235.571583119104,251.755954529711,232.646022523755,254.68151512506
"2019.024",245.07694360434,237.458997079506,252.694890129175,235.543949582263,254.609937626418,232.097494856389,258.056392352291
"2019.031",245.613290555962,237.123233942628,254.103347169295,234.988949904822,256.237631207102,231.147941617016,260.078639494908
"2019.039",245.383704280963,236.242761043264,254.524647518662,233.944853016116,256.82255554581,229.809375441181,260.958033120744
"2019.047",246.382150008106,236.460594440114,256.303705576097,233.966451156579,258.797848859632,229.477814755175,263.286485261036
