"","Point Forecast","Lo 75","Hi 75","Lo 85","Hi 85","Lo 95","Hi 95"
"2019.000",243.147179746741,238.88938311199,247.404976381492,237.819031310153,248.475328183329,235.892750614193,250.401608879289
"2019.008",243.424735715606,237.855325758783,248.994145672429,236.455252318497,250.394219112715,233.935581275461,252.913890155751
"2019.016",245.067092857394,238.555010944868,251.579174769919,236.917962676313,253.216223038474,233.971814996026,256.162370718761
"2019.024",245.030301512202,237.357615747633,252.702987276771,235.428807554681,254.631795469723,231.957588108963,258.10301491544
"2019.032",245.030774094432,236.48225366803,253.579294520835,234.333272627752,255.728275561112,230.465814576327,259.595733612537
"2019.040",246.356844676436,237.151488921283,255.562200431589,234.837388468796,257.876300884076,230.672769861634,262.040919491238
"2019.048",246.75677638055,236.764687327474,256.748865433627,234.252812891109,259.260739869992,229.732266254814,263.781286506287
