"","Point Forecast","Lo 75","Hi 75","Lo 85","Hi 85","Lo 95","Hi 95"
"2019.000",94.6402745018237,93.0036237509784,96.276925252669,92.5921921513931,96.6883568522543,91.8517507875077,97.4287982161397
"2019.008",94.7355450121709,92.4744794240461,96.9966106002956,91.9060784801007,97.565011544241,90.8831439981773,98.5879460261644
"2019.016",94.3317359507419,91.5845369256117,97.078934975872,90.893928688818,97.7695432126658,89.6510613318198,99.0124105696639
"2019.024",93.9823894206037,90.6115151731729,97.3532636680344,89.7641235211024,98.200655320105,88.2390976571758,99.7256811840315
"2019.031",94.0272076411331,89.9871049089635,98.0673103733027,88.9714783748805,99.0829369073858,87.1436851357305,100.910730146536
"2019.039",94.3077806636712,89.7372396300714,98.8783216972709,88.5882681665794,100.027293160763,86.5204979750067,102.095063352336
"2019.047",94.4712760212157,89.5294839617696,99.4130680806618,88.2871850713156,100.655366971116,86.0514562509521,102.891095791479
