"","Point Forecast","Lo 75","Hi 75","Lo 85","Hi 85","Lo 95","Hi 95"
"2019.000",95.9574557969104,94.3226547588032,97.5922568350176,93.9116881516852,98.0032234421356,93.1720836210837,98.742827972737
"2019.008",96.1044386776776,93.8452649023229,98.3636124530322,93.2773395342166,98.9315378211385,92.2552609321607,99.9536164231945
"2019.016",96.2024665929979,93.4491194718184,98.9558137141774,92.7569656878207,99.6479674981752,91.5113168549202,100.893616331076
"2019.024",96.166162466882,92.7807017335758,99.5516232001882,91.9296432385866,100.402681695177,90.3980182651736,101.93430666859
"2019.032",96.0691262580942,92.0080942042102,100.130158311978,90.9872063250865,101.151046191102,89.1499443978199,102.988308118368
"2019.040",96.0259376531974,91.4302034579588,100.621671848436,90.2748987784239,101.776976527971,88.1957308839786,103.856144422416
"2019.048",96.0653234055845,91.0968356753542,101.033811135815,89.8478258586216,102.282820952547,87.6000195813693,104.5306272298
