"","Point Forecast","Lo 75","Hi 75","Lo 85","Hi 85","Lo 95","Hi 95"
"2019.000",95.8184915555699,94.1768252528072,97.4601578583325,93.7641328121127,97.8728502990271,93.0214223495204,98.6155607616193
"2019.008",95.8586241467247,93.5901230288076,98.1271252646417,93.019852894435,98.6973953990144,91.9935544854075,99.7236938080418
"2019.016",96.0057173507131,93.2407876505109,98.7706470509152,92.5457221646658,99.4657125367603,91.2948332274826,100.716601473944
"2019.024",96.0820612960968,92.6822125169581,99.4819100752354,91.8275370641612,100.336585528032,90.2894027580306,101.874719834163
"2019.032",96.0302060334153,91.9518905459818,100.108521520849,90.9266578482046,101.133754218626,89.0815766784372,102.978835388393
"2019.040",95.937730011968,91.3223575150483,100.553102508888,90.1621160352403,101.713343988696,88.074063526363,103.801396497573
"2019.048",95.9090228730878,90.9191983455732,100.898847400603,89.6648247500184,102.153220996157,87.4073654375819,104.410680308594
