"","Point Forecast","Lo 75","Hi 75","Lo 85","Hi 85","Lo 95","Hi 95"
"2019.000",45.23,44.6517210057014,45.8082789942986,44.5063495808523,45.9536504191477,44.2447288978669,46.2152711021331
"2019.008",45.23,44.4121900034275,46.0478099965725,44.2066037628243,46.2533962371757,43.836616244749,46.623383755251
"2019.016",45.23,44.228391400925,46.231608599075,43.9766007071176,46.4833992928824,43.523460391876,46.936539608124
"2019.024",45.23,44.0734420114028,46.3865579885971,43.7826991617045,46.6773008382955,43.2594577957337,47.2005422042663
"2019.032",45.23,43.9369288587882,46.5230711412118,43.6118684708394,46.8481315291606,43.0268668393642,47.4331331606358
"2019.040",45.23,43.8135115349987,46.6464884650013,43.4574257209369,47.0025742790631,42.8165885414642,47.6434114585358
"2019.048",45.23,43.7000175926734,46.7599824073266,43.3154009547874,47.1445990452126,42.6232176897772,47.8367823102228
