"","Point Forecast","Lo 75","Hi 75","Lo 85","Hi 85","Lo 95","Hi 95"
"2019.000",45.66,45.0823370616761,46.2376629383239,44.9371205048677,46.3828794951323,44.6757785333458,46.6442214666541
"2019.008",45.66,44.8430612381421,46.4769387618579,44.6376940140225,46.6823059859775,44.268100653479,47.051899346521
"2019.016",45.66,44.6594584411735,46.6605415588265,44.4079359866811,46.9120640133189,43.955278413855,47.3647215861449
"2019.024",45.66,44.5046741233523,46.8153258766477,44.2142410097353,47.1057589902646,43.6915570666917,47.6284429333083
"2019.031",45.66,44.3683064018256,46.9516935981744,44.0435923093434,47.2764076906566,43.4592138956468,47.8607861043532
"2019.039",45.66,44.2450205577897,47.0749794422103,43.8893140914051,47.4306859085949,43.2491596128036,48.0708403871964
"2019.047",45.66,44.1316475235762,47.1883524764238,43.7474406280119,47.5725593719881,43.0559947642219,48.2640052357781
