"","Point Forecast","Lo 75","Hi 75","Lo 85","Hi 85","Lo 95","Hi 95"
"2019.000",133.660004,131.771234988737,135.548773011263,131.296424308969,136.023583691031,130.441921476253,136.878086523747
"2019.008",133.660004,130.988881248082,136.331126751918,130.317397545195,137.002610454805,129.108948050081,138.211059949919
"2019.016",133.660004,130.388560108731,136.931447891269,129.566163887397,137.753844112603,128.086121565921,139.233886434079
"2019.024",133.660004,129.882465977474,137.437542022526,128.932844617938,138.387163382062,127.223838952506,140.096169047494
"2019.031",133.660004,129.43658809702,137.883419902979,128.374879140617,138.945128859383,126.464152719698,140.855855280302
"2019.039",133.660004,129.033483680424,138.286524319576,127.870439790569,139.449568209431,125.777343866652,141.542664133348
"2019.047",133.660004,128.662790912152,138.657217087848,127.40655993365,139.91344806635,125.145757943683,142.174250056317
