"","Point Forecast","Lo 75","Hi 75","Lo 85","Hi 85","Lo 95","Hi 95"
"2019.000",134.139999,132.241555360329,136.038442639671,131.764312611386,136.515685388614,130.905432855218,137.374565144782
"2019.008",134.139999,131.455194257376,136.824803742624,130.780271089277,137.499726910723,129.565631689657,138.714366310343
"2019.016",134.139999,130.851798160783,137.428199839216,130.025189472071,138.254808527929,128.537566096796,139.742431903204
"2019.024",134.139999,130.343111720658,137.936886279342,129.388626222772,138.891371777228,127.670866710437,140.609131289563
"2019.032",134.139999,129.894949970243,138.385048029757,128.827802741838,139.452195258161,126.907289222549,141.372708777451
"2019.040",134.139999,129.489780777373,138.790217222627,128.320779559021,139.959218440979,126.216962406004,142.063035593996
"2019.048",134.139999,129.117189251358,139.162808748642,127.854523622647,140.425474377353,125.582141381719,142.697856618281
