"","Point Forecast","Lo 75","Hi 75","Lo 85","Hi 85","Lo 95","Hi 95"
"2019.000",134.860001,132.967715719561,136.752286280439,132.492021097847,137.227980902153,131.635927460774,138.084074539226
"2019.008",134.860001,132.183905492525,137.536096507475,131.511171706948,138.208830293052,130.300472474739,139.419529525261
"2019.016",134.860001,131.582466751866,138.137535248134,130.758539498168,138.961462501832,129.275741822723,140.444260177277
"2019.024",134.860001,131.075430439123,138.644571560877,130.124041195693,139.595960804307,128.411853921548,141.308148078452
"2019.032",134.860001,130.628722480117,139.091279519883,129.565036969432,140.154965030568,127.650753401833,142.069248598167
"2019.040",134.860001,130.224867615146,139.495134384854,129.059658518558,140.660343481442,126.962665935688,142.757336064312
"2019.048",134.860001,129.853484738371,139.866517261629,128.594915069303,141.125086930697,126.329904206625,143.390097793375
