"","Point Forecast","Lo 75","Hi 75","Lo 85","Hi 85","Lo 95","Hi 95"
"2019.000",130.240005,126.983857950635,133.496152049365,126.165307146004,134.314702853996,124.692185308007,135.787824691993
"2019.008",130.240005,125.635117681707,134.844892318293,124.477512032306,136.002497967694,122.394203149984,138.085806850016
"2019.016",130.240005,124.600192873585,135.879817126415,123.182421291387,137.297588708613,120.630899422238,139.849110577762
"2019.024",130.240005,123.72771090127,136.75229909873,122.090609292007,138.389400707993,119.144365616015,141.335644383985
"2019.032",130.240005,122.959038852885,137.520971147115,121.128703610692,139.351306389308,117.834703041793,142.645306958207
"2019.040",130.240005,122.264106201587,138.215903798413,120.259074401695,140.220935598305,116.650677569654,143.829332430346
"2019.048",130.240005,121.625049675124,138.854960324876,119.459367810597,141.020642189403,115.561853776361,144.918156223639
