"","Point Forecast","Lo 75","Hi 75","Lo 85","Hi 85","Lo 95","Hi 95"
"2019.000",131.600006,128.380459936882,134.819552063118,127.571110119273,135.628901880727,126.114547027339,137.085464972661
"2019.008",131.600006,127.046880292854,136.153131707146,125.902286804087,137.297725195913,123.842395525022,139.357616474978
"2019.016",131.600006,126.023588641372,137.176423358628,124.621753636176,138.578258363824,122.098912356517,141.101099643483
"2019.024",131.600006,125.160913873765,138.039098126235,123.542214238546,139.657797761454,120.629088054679,142.570923945321
"2019.031",131.600006,124.400882146177,138.799129853823,122.591120936426,140.608891063574,119.334146849345,143.865865150655
"2019.039",131.600006,123.713760941976,139.486251058024,121.731266865418,141.468745134582,118.16343051201,145.03658148799
"2019.047",131.600006,123.081887782474,140.118124217526,120.940549441424,142.259462558576,117.086845731292,146.113166268708
