"","Point Forecast","Lo 75","Hi 75","Lo 85","Hi 85","Lo 95","Hi 95"
"2019.000",131.089996,127.845816621251,134.334175378749,127.030274325223,135.149717674777,125.562566811784,136.617425188216
"2019.008",131.089996,126.502033523802,135.677958476199,125.34868254807,136.83130945193,123.273030676968,138.906961323032
"2019.016",131.089996,125.470912487139,136.709079512861,124.058351794697,138.121640205303,121.516207810771,140.663784189229
"2019.024",131.089996,124.601637242501,137.578354757499,122.970552650445,139.209439349555,120.035137623568,142.144854376432
"2019.032",131.089996,123.835790377913,138.344201622087,122.012182365468,140.167809634532,118.730288594333,143.449703405667
"2019.040",131.089996,123.143411888005,139.036580111995,121.145749399078,141.034242600922,117.550614899505,144.629377100495
"2019.048",131.089996,122.506704155345,139.673287844655,120.3489820564,141.8310099436,116.465792978461,145.714199021539
