"","Point Forecast","Lo 75","Hi 75","Lo 85","Hi 85","Lo 95","Hi 95"
"2019.000",60.849998,60.08585543239,61.61414056761,59.8937604489363,61.8062355510637,59.5480527500446,62.1519432499554
"2019.009",60.849998,59.7693372172993,61.9306587827007,59.4976738864353,62.2023221135647,59.0087693700459,62.6912266299541
"2019.017",60.849998,59.5264642486733,62.1735317513267,59.1937459774525,62.5062500225475,58.5949626784043,63.1050333215957
"2019.026",60.849998,59.3217128647799,62.3782831352201,58.9375228978726,62.7624731021274,58.2461075000892,63.4538884999108
"2019.034",60.849998,59.1413232743227,62.5586727256773,58.7117858331837,62.9882101668163,57.9387599181168,63.7612360818832
"2019.043",60.849998,58.9782386186152,62.7217573813848,58.5077039270054,63.1922920729946,57.660896464569,64.039099535431
"2019.051",60.849998,58.8282667999055,62.8717292000945,58.3200312455841,63.3799647544159,57.4053746479962,64.2946213520038
