"","Point Forecast","Lo 75","Hi 75","Lo 85","Hi 85","Lo 95","Hi 95"
"2019.000",61.23,60.4713476282379,61.9886523717621,60.2806328048817,62.1793671951183,59.9374089395749,62.5225910604251
"2019.008",61.23,60.1571035267275,62.3028964732724,59.8873920369916,62.5726079630084,59.4020001917446,63.0579998082554
"2019.017",61.23,59.9159755468254,62.5440244531746,59.585647783016,62.874352216984,58.9911666099344,63.4688333900656
"2019.025",61.23,59.7126952564758,62.7473047435242,59.3312656097634,63.1287343902365,58.6448178791498,63.8151821208502
"2019.034",61.23,59.5336017254485,62.9263982745515,59.1071504161072,63.3528495838928,58.339678521781,64.120321478219
"2019.042",61.23,59.3716887970307,63.0883112029693,58.9045347934229,63.555465206577,58.0638114558755,64.3961885441245
"2019.050",61.23,59.2227944927682,63.2372055072318,58.7182104988341,63.7417895011659,57.8101255072099,64.64987449279
