"","Point Forecast","Lo 75","Hi 75","Lo 85","Hi 85","Lo 95","Hi 95"
"2019.000",69.1310364742087,68.3223816046437,69.9396913437737,68.1190968376732,70.1429761107442,67.7532512140886,70.5088217343289
"2019.008",69.0148216404942,67.7963608222721,70.2332824587163,67.4900564484073,70.5395868325812,66.9388094645169,71.0908338164715
"2019.016",68.9074567323572,67.4121790096083,70.4027344551062,67.0362866544573,70.7786268102571,66.3598042248077,71.4551092399068
"2019.024",68.8095208519805,67.1156107779865,70.5034309259744,66.6897849682119,70.929256735749,65.9234387670816,71.6956029368793
"2019.032",68.7204552353035,66.8779225166435,70.5629879539635,66.4147350080471,71.0261754625599,65.5811500550548,71.8597604155522
"2019.040",68.6395151075854,66.6826480514027,70.5963821637682,66.190718455131,71.0883117600398,65.3054072112544,71.9736230039164
"2019.048",68.565971977331,66.5195052843936,70.6124386702683,66.0050515657011,71.1268923889608,65.0792043203545,72.0527396343075
