"","Point Forecast","Lo 75","Hi 75","Lo 85","Hi 85","Lo 95","Hi 95"
"2019.000",70.4267485786044,69.6181860168177,71.2353111403911,69.4149244547594,71.4385727024494,69.0491205923735,71.8043765648353
"2019.008",70.2548311614036,69.0332977639527,71.4763645588545,68.726220985721,71.7834413370862,68.1735839283812,72.336078394426
"2019.016",70.0746320388605,68.5708742198974,71.5783898578235,68.1928500846167,71.9564139931042,67.512531152889,72.6367329248319
"2019.024",69.9045613757257,68.1955231854113,71.6135995660401,67.7658943742369,72.0432283772145,66.9927040232013,72.81641872825
"2019.031",69.7475976329239,67.8827362925888,71.6124589732589,67.4139356740925,72.0812595917553,66.5702489720996,72.9249462937481
"2019.039",69.6034738730615,67.6169540848623,71.5899936612607,67.1175701975886,72.0893775485345,66.2188436851668,72.9881040609562
"2019.047",69.4712989565346,67.3879956218576,71.5546022912117,66.8642816755774,72.0783162374918,65.9217690706624,73.0208288424069
