"","Point Forecast","Lo 75","Hi 75","Lo 85","Hi 85","Lo 95","Hi 95"
"2019.000",13.41,13.1858932394887,13.6341067605113,13.1295558670178,13.6904441329822,13.028167152704,13.791832847296
"2019.008",13.41,13.0930651798654,13.7269348201346,13.0133921036486,13.8066078963514,12.8700068087945,13.9499931912055
"2019.016",13.41,13.0218357044747,13.7981642955253,12.9242565129903,13.8957434870097,12.7486461084846,14.0713538915154
"2019.024",13.41,12.9617864789773,13.8582135210227,12.8491117340356,13.9708882659644,12.646334305408,14.173665694592
"2019.032",13.41,12.9088820492794,13.9111179507206,12.7829078547609,14.0370921452391,12.5561957974039,14.2638042025961
"2019.040",13.41,12.8610527888391,13.9589472111609,12.7230549728364,14.0969450271636,12.4747043570908,14.3452956429092
"2019.048",13.41,12.8170692445587,14.0029307554413,12.668014567482,14.151985432518,12.3997652436591,14.4202347563409
