"","Point Forecast","Lo 75","Hi 75","Lo 85","Hi 85","Lo 95","Hi 95"
"2019.000",13.14,12.9150693437922,13.3649306562078,12.8585248552191,13.4214751447809,12.7567634001401,13.5232365998599
"2019.008",13.14,12.8219000153974,13.4580999846026,12.7419340327799,13.5380659672201,12.5980216028803,13.6819783971197
"2019.016",13.14,12.7504086752683,13.5295913247317,12.6524707481716,13.6275292518284,12.4762147377226,13.8037852622774
"2019.024",13.14,12.6901386875844,13.5898613124156,12.5770497104381,13.7029502895619,12.3735268002801,13.9064731997199
"2019.032",13.14,12.6370397624957,13.6429602375043,12.5106024422932,13.7693975577068,12.2830569112473,13.9969430887527
"2019.040",13.14,12.5890346647815,13.6909653352185,12.4505295200107,13.8294704799893,12.201265879584,14.078734120416
"2019.048",13.14,12.5448894214395,13.7351105785605,12.3952867666638,13.8847132333362,12.1260512634726,14.1539487365274
