"","Point Forecast","Lo 75","Hi 75","Lo 85","Hi 85","Lo 95","Hi 95"
"2019.000",13.01,12.7855679329062,13.2344320670938,12.7291487828127,13.2908512171873,12.6276128957136,13.3923871042864
"2019.008",13.01,12.6926051268846,13.3273948731154,12.6128163996447,13.4071836003553,12.4692229710415,13.5507770289585
"2019.016",13.01,12.6212722569459,13.3987277430541,12.523551422464,13.496448577536,12.3476861072168,13.6723138927832
"2019.024",13.01,12.5611358658124,13.4588641341876,12.4482975656254,13.5717024343746,12.2452257914271,13.7747742085729
"2019.031",13.01,12.5081546416475,13.5118453583525,12.3819975868056,13.6380024131944,12.1549564410962,13.8650435589038
"2019.039",13.01,12.4602559537022,13.5597440462978,12.3220578242515,13.6979421757485,12.0733467102778,13.9466532897222
"2019.047",13.01,12.4162085642417,13.6037914357583,12.2669375239126,13.7530624760874,11.9982988175,14.0217011825
