"","Point Forecast","Lo 75","Hi 75","Lo 85","Hi 85","Lo 95","Hi 95"
"2019.000",185.679993,183.720265625901,187.639720374099,183.227616984852,188.132369015148,182.341011697211,189.018974302789
"2019.008",185.679993,182.908519968996,188.451466031004,182.211809579339,189.148176420661,180.957960357085,190.402025642915
"2019.016",185.679993,182.285645619078,189.074340380922,181.4323531425,189.9276328575,179.896707738047,191.463278261953
"2019.024",185.679993,181.760538251803,189.599447748197,180.775240969704,190.584745030296,179.002030394422,192.357955605578
"2019.032",185.679993,181.297909374148,190.062076625852,180.196313523739,191.163672476261,178.213803831363,193.146182168637
"2019.040",185.679993,180.879660898494,190.480325101506,179.672923105447,191.687062894553,177.501192547473,193.858793452527
"2019.048",185.679993,180.495041730649,190.864944269351,179.191615942699,192.168370057301,176.845878840526,194.514107159474
