"","Point Forecast","Lo 75","Hi 75","Lo 85","Hi 85","Lo 95","Hi 95"
"2019.000",183.5,181.545316636283,185.454683363717,181.053935990411,185.946064009589,180.169612676443,186.830387323557
"2019.008",183.5,180.735660276886,186.264339723114,180.040743103206,186.959256896794,178.790121079071,188.209878920929
"2019.016",183.5,180.114389101332,186.885610898668,179.263292856826,187.736707143174,177.731599946716,189.268400053284
"2019.024",183.5,179.590633272565,187.409366727435,178.607871980822,188.392128019178,176.839225352886,190.160774647114
"2019.032",183.5,179.12919512424,187.87080487576,178.030434597243,188.969565402757,176.053027553123,190.946972446877
"2019.040",183.5,178.712023150185,188.287976849815,177.50839129832,189.49160870168,175.342250411452,191.657749588548
"2019.048",183.5,178.328393927729,188.671606072271,177.028322939681,189.971677060319,174.688623372347,192.311376627653
