"","Point Forecast","Lo 75","Hi 75","Lo 85","Hi 85","Lo 95","Hi 95"
"2019.000",42.9147550260585,42.2954724221045,43.5340376300125,42.1397932509627,43.6897168011543,41.8596220197667,43.9698880323503
"2019.008",42.9147550260585,42.1019822856986,43.7275277664184,41.8976623423674,43.9318477097496,41.5299537422949,44.2995563098221
"2019.016",42.9147550260585,41.9464120540779,43.8830979980391,41.7029838836491,44.1265261684679,41.2648933560812,44.5646166960358
"2019.024",42.9147550260585,41.8125859395312,44.0169241125858,41.5355157154476,44.2939943366694,41.0368805721593,44.7926294799577
"2019.032",42.9147550260585,41.6933356553228,44.1361743967942,41.3862875418467,44.4432225102703,40.8337020716255,44.9958079804915
"2019.040",42.9147550260585,41.5847347769192,44.2447752751978,41.2503858889224,44.5791241631946,40.6486680167623,45.1808420353547
"2019.048",42.9147550260585,41.4843556248307,44.3451544272862,41.1247727917865,44.7047372603305,40.4776421299767,45.3518679221403
