"","Point Forecast","Lo 75","Hi 75","Lo 85","Hi 85","Lo 95","Hi 95"
"2019.000",43.210704034569,42.6067119644689,43.8146961046691,42.454876624272,43.966531444866,42.1816230227142,44.2397850464239
"2019.008",43.4278440089937,42.6452164712128,44.2104715467747,42.4484746192432,44.4072133987442,42.0944040875861,44.7612839304013
"2019.016",43.593005167616,42.716087259896,44.4699230753361,42.4956420993803,44.6903682358518,42.0989134196223,45.0870969156097
"2019.024",43.7918532917866,42.8108680766986,44.7728385068746,42.5642618193741,45.019444764199,42.1204517821771,45.4632548013961
"2019.032",43.9610330330639,42.9177297636617,45.004336302466,42.6554576003667,45.2666084657611,42.1834540923835,45.7386119737442
"2019.040",44.0902099690794,43.0093644914172,45.1710554467416,42.7376547307677,45.4427652073911,42.2486666560571,45.9317532821018
"2019.048",44.2034165007137,43.093609696412,45.3132233050154,42.8146194546096,45.5922135468178,42.3125289118338,46.0943040895936
