"","Point Forecast","Lo 75","Hi 75","Lo 85","Hi 85","Lo 95","Hi 95"
"2019.000",42.9022109593855,42.2854085297596,43.5190133890114,42.1303528405003,43.6740690782707,41.8513036713332,43.9531182474378
"2019.008",42.9022109593855,42.0926590239522,43.7117628948189,41.8891487468997,43.9152731718713,41.5228972794447,44.2815246393263
"2019.016",42.9022109593855,41.9376885723279,43.8667333464431,41.6952208446603,44.1092010741107,41.2588587977165,44.5455631210545
"2019.024",42.9022109593855,41.8043801281065,44.0000417906645,41.528400482019,44.276021436752,41.0317280199144,44.7726938988566
"2019.031",42.9022109593855,41.6855920243536,44.1188298944174,41.3797506747148,44.4246712440562,40.8293369819226,44.9750849368484
"2019.039",42.9022109593855,41.5774125852736,44.2270093334974,41.2443764051922,44.5600455135788,40.6450209749063,45.1594009438647
"2019.047",42.9022109593855,41.4774233152009,44.3269986035701,41.1192512010749,44.6851707176961,40.4746593686621,45.3297625501089
