"","Point Forecast","Lo 75","Hi 75","Lo 85","Hi 85","Lo 95","Hi 95"
"2019.000",168.639999,164.989899126205,172.290098873795,164.072313973144,173.207684026856,162.420962927434,174.859035072566
"2019.008",168.639999,163.477978254462,173.802019745537,162.180316886372,175.099681113628,159.844953841289,177.435044158711
"2019.016",168.639999,162.317840565886,174.962157434114,160.728536460514,176.551461539486,157.868312548211,179.411685451789
"2019.024",168.639999,161.33979925241,175.94019874759,159.504628946288,177.775369053712,156.201926854867,181.078071145133
"2019.031",168.639999,160.478127557531,176.801870442469,158.426344780142,178.853653219858,154.733811587218,182.546186412782
"2019.039",168.639999,159.699116799004,177.580881200995,157.451501378452,179.828496621548,153.40653393025,183.87346406975
"2019.047",168.639999,158.98274247339,178.29725552661,156.555040351665,180.724957648335,152.18597615745,185.09402184255
