"","Point Forecast","Lo 75","Hi 75","Lo 85","Hi 85","Lo 95","Hi 95"
"2019.000",166.720001,163.043897765637,170.396104234363,162.119775723611,171.320226276389,160.456660430852,172.983341569148
"2019.008",166.720001,161.52120594928,171.91879605072,160.214300024159,173.225701975841,157.86229982135,175.57770217865
"2019.016",166.720001,160.352803424215,173.087198575785,158.752177095031,174.687824904969,155.871576909129,177.568425090871
"2019.024",166.720001,159.367794531274,174.072207468726,157.519550447222,175.920451552778,154.193319861705,179.246682138295
"2019.032",166.720001,158.499984275657,174.940017724343,156.433584570181,177.006417429819,152.714745721154,180.725256278846
"2019.040",166.720001,157.715423834015,175.724578165985,155.451796370993,177.988205629007,151.378012520315,182.061989479685
"2019.048",166.720001,156.993946048075,176.446055951925,154.548948943801,178.891053056199,150.148759477534,183.291242522466
