"","Point Forecast","Lo 75","Hi 75","Lo 85","Hi 85","Lo 95","Hi 95"
"2019.000",53.463204294922,52.6458944301892,54.2805141596548,52.4404339158857,54.4859746739583,52.0706726637388,54.8557359261052
"2019.008",53.6261179033978,52.3730779781608,54.8791578286348,52.0580808900415,55.194154916754,51.4911898836578,55.7610459231378
"2019.016",53.4977733591739,51.986201862332,55.0093448560159,51.6062134753704,55.3893332429775,50.922359537593,56.0731871807549
"2019.024",53.5988841392134,51.8253618021388,55.3724064762879,51.379522558998,55.8182457194288,50.5771587697372,56.6206095086896
"2019.031",53.5192283197782,51.5469385537051,55.4915180858513,51.051131899242,55.9873247403144,50.1588432276276,56.8796134119288
"2019.039",53.5819817627584,51.4082414818456,55.7557220436712,50.8617929250005,56.3021706005164,49.8783655092855,57.2855980162313
"2019.047",53.5325441368097,51.1897899177908,55.8752983558287,50.6008535700279,56.4642347035916,49.540962125086,57.5241261485335
