"","Point Forecast","Lo 75","Hi 75","Lo 85","Hi 85","Lo 95","Hi 95"
"2019.000",52.7860474547367,51.9642535935581,53.6078413159152,51.7576658639161,53.8144290455573,51.3858759954366,54.1862189140368
"2019.008",52.9690020022173,51.7058843060588,54.2321196983757,51.3883538042541,54.5496502001804,50.8169034876803,55.1211005167542
"2019.016",52.8259286861901,51.3024625942421,54.349394778138,50.9194840688601,54.7323733035201,50.2302488668034,55.4216085055768
"2019.024",52.9378142558078,51.1498900888193,54.7257384227963,50.7004304227412,55.1751980888743,49.8915510646711,55.9840774469444
"2019.032",52.8503179914009,50.8619263074215,54.8387096753804,50.3620718511674,55.3385641316345,49.4624984695746,56.2381375132272
"2019.040",52.9187414378857,50.7272088127691,55.1102740630023,50.1762875040968,55.6611953716745,49.1848106083067,56.6526722674647
"2019.048",52.8652332331573,50.5031437645875,55.2273227017271,49.9093467997095,55.8211196666051,48.840707844927,56.8897586213876
