"","Point Forecast","Lo 75","Hi 75","Lo 85","Hi 85","Lo 95","Hi 95"
"2019.000",53.6298129099048,52.8091918592182,54.4504339605913,52.6028989580827,54.6567268617268,52.2316396838059,55.0279861360036
"2019.008",53.4171330475308,52.1593072607749,54.6749588342866,51.8431070725691,54.9911590224924,51.2740508823008,55.5602152127607
"2019.016",53.5847784412252,52.0674024949155,55.1021543875348,51.6859549487973,55.483601933653,50.9994750051488,56.1700818773015
"2019.024",53.452631571685,51.6723456021544,55.2329175412157,51.224806074381,55.680457068989,50.4193823328133,56.4858808105567
"2019.032",53.5567966474108,51.5769864139247,55.536606880897,51.0792892168789,56.0343040779427,50.1835981913136,56.929995103508
"2019.040",53.4746882854139,51.2926687396488,55.656707831179,50.7441388889297,56.2052376818981,49.7569658297681,57.1924107410596
"2019.048",53.539410391771,51.1877426795886,55.8910781039534,50.5965656016343,56.4822551819076,49.5326415803889,57.546179203153
