"","Point Forecast","Lo 75","Hi 75","Lo 85","Hi 85","Lo 95","Hi 95"
"2019.000",42.099998,41.5606038007884,42.6393921992115,41.4250074812474,42.7749885187526,41.1809787681394,43.0190172318606
"2019.008",42.099998,41.3371794080096,42.8628165919904,41.1454172539069,43.0545787460931,40.800308538221,43.399687461779
"2019.016",42.099998,41.1657398416577,43.0342561583423,40.9308801268933,43.2691158731067,40.5082099972845,43.6917860027155
"2019.024",42.099998,41.0212096015769,43.1787863984231,40.7500169624949,43.4499790375051,40.2619595362788,43.9380364637212
"2019.031",42.099998,40.8938759038939,43.3061200961061,40.5906733159014,43.6093226840986,40.0450085249301,44.1549874750699
"2019.039",42.099998,40.7787574417146,43.4212385582854,40.4466156478397,43.7533803521603,39.848869818137,44.351126181863
"2019.047",42.099998,40.6728950902554,43.5271009097446,40.3141409500543,43.8858550499457,39.6685016624113,44.5314943375887
