"","Point Forecast","Lo 75","Hi 75","Lo 85","Hi 85","Lo 95","Hi 95"
"2019.000",42.299999,41.7571050677985,42.8428929322015,41.6206289632811,42.9793690367189,41.375016926995,43.224981073005
"2019.008",42.299999,41.5322310381506,43.0677669618494,41.3392246802023,43.2607733197977,40.9918768074043,43.6081211925957
"2019.016",42.299999,41.3596791263062,43.2403188736938,41.123295579263,43.476702420737,40.6978830534649,43.9021149465351
"2019.024",42.299999,41.214211135597,43.385786864403,40.9412589265623,43.6587390734377,40.4500348539899,44.1499631460101
"2019.032",42.299999,41.0860512630253,43.5139467369747,40.7808814160201,43.8191165839799,40.2316762067921,44.3683217932079
"2019.040",42.299999,40.9701858816532,43.6298121183468,40.6358890635029,43.9641089364971,40.0342648999159,44.5657331000841
"2019.048",42.299999,40.8636366671089,43.7363613328911,40.5025548346531,44.0974431653469,39.8527264676357,44.7472715323643
