"","Point Forecast","Lo 75","Hi 75","Lo 85","Hi 85","Lo 95","Hi 95"
"2019.000",103.773537252614,102.172353574072,105.374720931156,101.769837911063,105.777236594166,101.045442296324,106.501632208904
"2019.008",103.641981316427,101.312051762078,105.971910870777,100.726339359495,106.55762327336,99.672249953989,107.611712678866
"2019.016",103.735990561601,100.979428344181,106.492552779021,100.28646632899,107.185514794212,99.0393629461535,108.432618177048
"2019.024",103.662720166547,100.443553739101,106.881886593994,99.6342993567032,107.691140976391,98.1779080167172,109.147532316377
"2019.032",103.720557615023,100.164414123011,107.276701107036,99.2704483184444,108.170666911602,97.6616043203966,109.77951090965
"2019.040",103.674822085369,99.7624356396151,107.587208531123,98.7789152320138,108.570728938725,97.0089024455689,110.340741725169
"2019.048",103.710996634158,99.507861476985,107.91413179133,98.4512508225155,108.9707424458,96.5496996658229,110.872293602492
