"","Point Forecast","Lo 75","Hi 75","Lo 85","Hi 85","Lo 95","Hi 95"
"2019.000",105.660599120969,104.060867002053,107.260331239884,103.658716241268,107.66248200067,102.934977330343,108.386220911594
"2019.008",105.378246299581,103.050360661314,107.706131937847,102.465162071261,108.2913305279,101.411997359072,109.344495240089
"2019.016",105.616282391962,102.863008476472,108.369556307451,102.170873095383,109.06169168854,100.925257381657,110.307307402267
"2019.024",105.429170464488,102.214828406753,108.643512522222,101.406786804875,109.4515541241,99.9525780703645,110.905762858611
"2019.031",105.574848429461,102.023372231431,109.126324627491,101.130579720695,110.019117138226,99.5238472650886,111.625849593833
"2019.039",105.461585237281,101.555620292319,109.367550182244,100.573714162132,110.349456312431,98.8066065433306,112.116563931232
"2019.047",105.549628780399,101.352497752079,109.746759808719,100.297396453431,110.801861107367,98.3985616400722,112.700695920726
