"","Point Forecast","Lo 75","Hi 75","Lo 85","Hi 85","Lo 95","Hi 95"
"2019.000",103.679333076993,102.08473994018,105.273926213807,101.683881049162,105.674785104824,100.96246707831,106.396199075676
"2019.008",103.769387007699,101.449191230619,106.089582784779,100.865925766425,106.672848248973,99.8162400440584,107.72253397134
"2019.016",103.699596973405,100.954718442843,106.444475503968,100.264693546625,107.134500400186,99.0228760105256,108.376317936285
"2019.024",103.754646290627,100.549096600019,106.960195981235,99.7432652789046,107.76602730235,98.2930343217561,109.216258259498
"2019.032",103.711117378389,100.170102037572,107.252132719205,99.2799392431732,108.142295513604,97.6779394108089,109.744295345968
"2019.040",103.745548452673,99.8497896258416,107.641307279504,98.8704491740721,108.620647731273,97.1079589313507,110.383137973995
"2019.048",103.718312440934,99.533090408818,107.90353447305,98.480982868829,108.955642013039,96.5875358349871,110.849089046881
