"","Point Forecast","Lo 75","Hi 75","Lo 85","Hi 85","Lo 95","Hi 95"
"2019.000",74.440002,73.041793939488,75.8382100605121,72.6903035689294,76.1897004310706,72.0577366741375,76.8222673258625
"2019.008",74.440002,72.4626371978045,76.4173668021955,71.9655547487171,76.9144492512829,71.0709700669941,77.809033933006
"2019.016",74.440002,72.0182345996408,76.8617694003592,71.4094354194622,77.4705685805378,70.3137974184965,78.5662065815036
"2019.024",74.440002,71.6435858789759,77.2364181210241,70.9406051378589,77.9393988621412,69.6754713482749,79.2045326517251
"2019.032",74.440002,71.3135137300069,77.5664902699931,70.5275573680015,78.3524466319986,69.1130947909307,79.7669092090693
"2019.040",74.440002,71.015105697499,77.864898302501,70.1541336401288,78.7258703598712,68.6046675197117,80.2753364802883
"2019.048",74.440002,70.7406911907592,78.1393128092408,69.8107350820274,79.0692689179727,68.1371203907955,80.7428836092045
