"","Point Forecast","Lo 75","Hi 75","Lo 85","Hi 85","Lo 95","Hi 95"
"2019.000",74.230003,72.8371881622699,75.6228178377301,72.4870535741071,75.9729524258929,71.8569266410665,76.6030793589335
"2019.008",74.230003,72.2602653666075,76.1997406333925,71.7651002833719,76.6949057166281,70.8739662286493,77.5860397713507
"2019.016",74.230003,71.8175769355156,76.6424290644844,71.2111260393306,77.2488799606694,70.1197141760867,78.3402918239133
"2019.024",74.230003,71.4443733245397,77.0156326754603,70.7441041482143,77.7159018517857,69.483850282133,78.9761557178669
"2019.031",74.230003,71.1155743427651,77.3444316572349,70.3326496023593,78.1273563976407,68.9236429456271,79.5363630543729
"2019.039",74.230003,70.8183173413838,77.6416886586162,69.9606662590856,78.4993397409144,68.4171767999512,80.0428292000488
"2019.047",74.230003,70.5449613170053,77.9150446829947,69.6185922713247,78.8414137286753,67.9514331120954,80.5085728879046
