"","Point Forecast","Lo 75","Hi 75","Lo 85","Hi 85","Lo 95","Hi 95"
"2019.000",72.480003,71.078228809185,73.881777190815,70.7258419622743,74.2341640377256,70.0916617053256,74.8683442946744
"2019.008",72.480003,70.4975949279649,74.4624110720351,69.9992446698619,74.9607613301381,69.1023783494958,75.8576276505042
"2019.016",72.480003,70.0520588807697,74.9079471192303,69.4417069580014,75.5182990419986,68.3432745318091,76.6167314681909
"2019.024",72.480003,69.6764546183701,75.2835513816299,68.9716809245487,75.9883250754513,67.7033204106512,77.2566855893488
"2019.032",72.480003,69.345540620233,75.614465379767,68.5575796761639,76.4024263238361,67.1395095116382,77.8204964883618
"2019.040",72.480003,69.0463714979005,75.9136345020995,68.1832035309011,76.7768024690989,66.6297854964296,78.3302205035704
"2019.048",72.480003,68.7712570968348,76.1887489031652,67.8389291346189,77.1210768653811,66.1610458883455,78.7989601116545
