"","Point Forecast","Lo 75","Hi 75","Lo 85","Hi 85","Lo 95","Hi 95"
"2019.000",73.230003,71.8317443571095,74.6282616428905,71.4802412708333,74.9797647291667,70.8476514919378,75.6123545080622
"2019.008",73.230003,71.2525666635189,75.2074393364811,70.7554662316911,75.7045397683089,69.8608491869584,76.5991568130416
"2019.016",73.230003,70.8081479883914,75.6518580116086,70.1993267839437,76.2606792160563,69.1036491465479,77.3563568534521
"2019.024",73.230003,70.433485714219,76.026520285781,69.7304795416666,76.7295264583334,68.4652999838756,77.9947060161244
"2019.032",73.230003,70.1034016243703,76.3566043756297,69.3174168291557,77.1425891708443,67.9029030816738,78.5571029183262
"2019.040",73.230003,69.8049827964818,76.6550232035182,68.9439795920917,77.5160264079083,67.3944574172976,79.0655485827024
"2019.048",73.230003,69.5305583623651,76.9294476376349,68.6005686110066,77.8594373889934,66.9268933741277,79.5331126258723
