"","Point Forecast","Lo 75","Hi 75","Lo 85","Hi 85","Lo 95","Hi 95"
"2019.000",91.669998,90.2550678457041,93.0849281542959,89.8993737696266,93.4406222303734,89.2592415894969,94.0807544105031
"2019.008",91.669998,89.668984585984,93.671011414016,89.1659571995395,94.1740388004605,88.2606735886887,95.0793224113114
"2019.016",91.669998,89.2192670835982,94.1207289164018,88.6031868718807,94.7368091281193,87.4944454123363,95.8455505876637
"2019.024",91.669998,88.8401376914082,94.4998583085919,88.1287495392532,95.2112464607468,86.8484851789938,96.4915108210062
"2019.032",91.669998,88.5061179915801,94.83387800842,87.7107618582768,95.6292341417232,86.2793827889217,97.0606132110783
"2019.040",91.669998,88.2041411002975,95.1358548997025,87.332872109377,96.007123890623,85.7648749001239,97.5751210998761
"2019.048",91.669998,87.9264446892067,95.4135513107933,86.9853666210868,96.3546293789132,85.2917360662541,98.0482599337459
