"","Point Forecast","Lo 75","Hi 75","Lo 85","Hi 85","Lo 95","Hi 95"
"2019.000",91.900002,90.490500729167,93.309503270833,90.1361714000925,93.6638325999075,89.4984953150543,94.3015086849457
"2019.008",91.900002,89.9066661866059,93.8933378133941,89.4055688438822,94.3944351561179,88.5037586760202,95.2962453239798
"2019.016",91.900002,89.4586741855844,94.3413298144156,88.8449577850155,94.9550462149845,87.7404704069578,96.0595335930422
"2019.024",91.900002,89.080999458334,94.719004541666,88.372340800185,95.427663199815,87.0969886301087,96.7030153698913
"2019.031",91.900002,88.7482613440451,95.0517426559549,87.9559568778126,95.8440471221874,86.5300698040413,97.2699341959587
"2019.039",91.900002,88.4474430946548,95.3525609053452,87.5795170375195,96.2204869624805,86.0175360080004,97.7824679919996
"2019.047",91.900002,88.1708121647464,95.6291918352536,87.2333448777989,96.5666591222011,85.5462125397746,98.2537914602254
