"","Point Forecast","Lo 75","Hi 75","Lo 85","Hi 85","Lo 95","Hi 95"
"2019.000",91.269997,89.8499740332337,92.6900199667663,89.4929996938013,93.0469943061987,88.8505634613198,93.6894305386802
"2019.008",91.269997,89.2617812615178,93.2782127384822,88.7569433092734,93.7830506907267,87.8484012763381,94.6915927236619
"2019.016",91.269997,88.8104450736461,93.729548926354,88.1921473807508,94.3478466192492,87.0794151854697,95.4605788145303
"2019.024",91.269997,88.4299510664674,94.1100429335326,87.7160023876026,94.8239916123974,86.4311299226396,96.1088640773604
"2019.032",91.269997,88.0947291166996,94.4452648833004,87.2965102275057,95.2434837724943,85.8599791404682,96.6800148595318
"2019.040",91.269997,87.7916653083894,94.7483286916106,86.917260325513,95.6227336744871,85.3436193636572,97.1963746363428
"2019.048",91.269997,87.5129693739362,95.0270246260638,86.5685040473665,95.9714899526335,84.8687775430032,97.6712164569968
