"","Point Forecast","Lo 75","Hi 75","Lo 85","Hi 85","Lo 95","Hi 95"
"2019.000",33.799999,32.973608999954,34.626389000046,32.7658658639034,34.8341321360966,32.3919966444507,35.2080013555493
"2019.008",33.799999,32.6313070541255,34.9686909458745,32.3375138936328,35.2624841063672,31.8087829729289,35.7912150270711
"2019.016",33.799999,32.3686495330535,35.2313484669465,32.0088278664902,35.5911701335098,31.3612673830119,36.2387306169881
"2019.024",33.799999,32.1472189999081,35.4527790000919,31.7317327278069,35.8682652721931,30.9839942889013,36.6160037110987
"2019.031",33.799999,31.9521347839712,35.6478632160288,31.487607009903,36.112390990097,30.6516100205119,36.9483879794881
"2019.039",33.799999,31.7757651713488,35.8242328286512,31.2669004904592,36.3330975095408,30.3511116722674,37.2488863277326
"2019.047",33.799999,31.6135765739277,35.9864214260723,31.0639398993571,36.5360581006428,30.0747749218233,37.5252230781767
