"","Point Forecast","Lo 75","Hi 75","Lo 85","Hi 85","Lo 95","Hi 95"
"2019.000",33.700001,32.8691717047092,34.5308302952908,32.6603125905901,34.7396894094099,32.2844349781897,35.1155670218103
"2019.008",33.700001,32.5250309425828,34.8749710574172,32.2296595507704,35.1703424492296,31.6980883335213,35.7019136664787
"2019.016",33.700001,32.2609624481396,35.1390395518604,31.8992078508616,35.5007941491384,31.2481687287564,36.1518332712436
"2019.024",33.700001,32.0383424094183,35.3616595905817,31.6206241811802,35.7793778188198,30.8688689563794,36.5311330436206
"2019.032",33.700001,31.8422102180315,35.5577917819685,31.3751870411409,36.0248149588591,30.5346991485932,36.8653028514068
"2019.040",33.700001,31.6648931631813,35.7351088368187,31.1532949054599,36.2467070945401,30.2325865493433,37.1674154506567
"2019.048",33.700001,31.5018333027134,35.8981686972866,30.9492440277052,36.4507579722948,29.9547653418969,37.4452366581031
