"","Point Forecast","Lo 75","Hi 75","Lo 85","Hi 85","Lo 95","Hi 95"
"2019.000",34.52,33.6936249185164,35.3463750814836,33.4858855327882,35.5541144672118,33.1120230626805,35.9279769373195
"2019.008",34.52,33.3513291521588,35.6886708478413,33.0575412954229,35.9824587045771,32.5288199197343,36.5111800802657
"2019.016",34.52,33.0886763727616,35.9513236272384,32.7288612019472,36.3111387980528,32.0813124086775,36.9586875913225
"2019.024",34.52,32.8672498370329,36.1727501629672,32.4517710655764,36.5882289344236,31.7040461253611,37.3359538746389
"2019.032",34.52,32.6721691428908,36.3678308571092,32.2076497547985,36.8323502452015,31.3716678574017,37.6683321425983
"2019.040",34.52,32.4958027142144,36.5441972857856,31.9869472197011,37.053052780299,31.0711749339607,37.9688250660393
"2019.048",34.52,32.3336170447337,36.7063829552663,31.7839902925836,37.2560097074164,30.7948431721383,38.2451568278617
