"","Point Forecast","Lo 75","Hi 75","Lo 85","Hi 85","Lo 95","Hi 95"
"2019.000",34.18,33.3510432226298,35.0089567773702,33.1426548338887,35.2173451661113,32.7676243721234,35.5923756278766
"2019.008",34.18,33.0076780828219,35.3523219171781,32.7129723972232,35.6470276027768,32.1825992318917,36.1774007681083
"2019.016",34.18,32.7442047443162,35.6157952556838,32.3832654673093,35.9767345326907,31.7336936531457,36.6263063468543
"2019.024",34.18,32.5220864452595,35.8379135547405,32.1053096677774,36.2546903322226,31.3552487442467,37.0047512557533
"2019.032",34.18,32.326396295391,36.033603704609,31.8604256924443,36.4995743075557,31.0218320863039,37.3381679136961
"2019.040",34.18,32.149478876621,36.210521123379,31.6390336558847,36.7209663441153,30.7204003865593,37.6395996134408
"2019.048",34.18,31.9867865194568,36.3732134805432,31.4354426667345,36.9245573332655,30.4432053308297,37.9167946691703
