"","Point Forecast","Lo 75","Hi 75","Lo 85","Hi 85","Lo 95","Hi 95"
"2019.000",124.302614493547,121.028316269278,127.576912717816,120.205202507692,128.400026479402,118.723868850103,129.881360136991
"2019.008",123.70246743102,119.119534948676,128.285399913364,117.967448444559,129.437486417482,115.894072205878,131.510862656162
"2019.016",123.70246743102,118.580051275585,128.824883586456,117.292345959418,130.112588902623,114.974900528522,132.430034333519
"2019.024",123.70246743102,118.092206795256,129.312728066784,116.681864053367,130.723070808674,114.143711649897,133.261223212143
"2019.032",123.70246743102,117.643515249913,129.761419612128,116.12037759431,131.284557267731,113.379231498004,134.025703364037
"2019.040",123.70246743102,117.225834149393,130.179100712648,115.597697181496,131.807237680545,112.667586907232,134.737347954809
"2019.048",123.70246743102,116.833504205291,130.57143065675,115.106740858868,132.298194003172,111.999135588342,135.405799273699
