"","Point Forecast","Lo 75","Hi 75","Lo 85","Hi 85","Lo 95","Hi 95"
"2019.000",125.540186151024,122.288477229539,128.791895072508,121.471042109517,129.609330192531,119.999928136338,131.08044416571
"2019.008",125.158570816027,120.603200472766,129.713941159287,119.458042713199,130.859098918854,117.397135932553,132.920005699501
"2019.016",125.158570816027,120.062357906791,130.254783725262,118.781239728101,131.535901903952,116.475648975025,133.841492657028
"2019.024",125.158570816027,119.573647086175,130.743494545878,118.169673695672,132.147467936382,115.642984026791,134.674157605263
"2019.031",125.158570816027,119.124388177072,131.192753454981,117.607477245371,132.709664386682,114.87753720116,135.439604430893
"2019.039",125.158570816027,118.706334988637,131.610806643416,117.084331206832,133.232810425221,114.165258647414,136.151882984639
"2019.047",125.158570816027,118.313767369305,132.003374262748,116.593077460675,133.724064171378,113.496402377734,136.820739254319
