"","Point Forecast","Lo 75","Hi 75","Lo 85","Hi 85","Lo 95","Hi 95"
"2019.000",122.001997179126,118.721780415161,125.282213943092,117.897178813696,126.106815544556,116.413167534383,127.590826823869
"2019.008",122.193937635119,117.597957658451,126.789917611787,116.442591192828,127.94528407741,114.363312103776,130.024563166462
"2019.016",122.193937635119,117.048827832873,127.339047437365,115.755417644483,128.632457625755,113.427705322628,130.96016994761
"2019.024",122.193937635119,116.552902463415,127.834972806823,115.13482342437,129.253051845868,112.582748234165,131.805127036073
"2019.032",122.193937635119,116.097184340156,128.290690930082,114.564544001875,129.823331268363,111.806296206698,132.58157906354
"2019.040",122.193937635119,115.673238004644,128.714637265594,114.034023359739,130.353851910499,111.083976915571,133.303898354667
"2019.048",122.193937635119,115.275220513997,129.112654756241,113.535949719204,130.851925551034,110.405835161254,133.982040108984
