"","Point Forecast","Lo 75","Hi 75","Lo 85","Hi 85","Lo 95","Hi 95"
"2019.000",124.384282146308,121.122537353693,127.646026938922,120.302579353019,128.465984939596,118.826925025642,129.941639266973
"2019.008",124.188845323921,119.620695527096,128.756995120747,118.472325187802,129.905365460041,116.405636821791,131.972053826051
"2019.016",124.188845323921,119.083250738291,129.294439909551,117.799774134553,130.577916513289,115.489938993197,132.887751654646
"2019.024",124.188845323921,118.597226633471,129.780464014371,117.1915702215,131.186120426343,114.661851668323,133.715838979519
"2019.032",124.188845323921,118.150194556906,130.227496090936,116.632160398961,131.745530248881,113.900198917474,134.477491730368
"2019.040",124.188845323921,117.734048147205,130.643642500638,116.111400477234,132.266290170608,113.191169131198,135.186521516644
"2019.048",124.188845323921,117.343152510252,131.03453813759,115.622239026943,132.755451620899,112.525161583221,135.852529064621
