"","Point Forecast","Lo 75","Hi 75","Lo 85","Hi 85","Lo 95","Hi 95"
"2019.000",45.1396317626907,43.6358476052301,46.6434159201513,43.2578168488116,47.0214466765698,42.5774860012167,47.7017775241647
"2019.008",45.1158256506901,42.9421616079428,47.2894896934373,42.3957322163291,47.835919085051,41.4123392917181,48.819312009662
"2019.016",44.7689648587815,42.2120293169947,47.3259004005683,41.5692507159703,47.9686790015927,40.412460949461,49.125468768102
"2019.024",44.8711514086566,41.7264392657738,48.0158635515393,40.9359016715356,48.8064011457776,39.51319438539,50.2291084319231
"2019.031",44.9197496629959,41.2418140569667,48.5976852690251,40.3172313817815,49.5222679442102,38.6532871010579,51.1862122249339
"2019.039",44.7903258295739,40.711561052318,48.8690906068298,39.6862154092284,49.8944362499194,37.8409309751001,51.7397206840477
"2019.047",44.8115988428336,40.3087794683847,49.3144182172825,39.1768323031655,50.4463653825016,37.1397002411024,52.4834974445647
