"","Point Forecast","Lo 75","Hi 75","Lo 85","Hi 85","Lo 95","Hi 95"
"2019.000",45.74730349787,44.2331042594015,47.2615027363384,43.8524552941583,47.6421517015817,43.1674125330519,48.3271944626881
"2019.008",45.6091919989151,43.4219660935936,47.7964179042365,42.8721274353361,48.346256562494,41.8825989536944,49.3357850441357
"2019.016",45.9696382735048,43.3952650846892,48.5440114623204,42.7481028978532,49.1911736491564,41.5834241207273,50.3558524262823
"2019.024",45.857216340498,42.6897680966593,49.0246645843367,41.8935149578067,49.8209177231894,40.4605215739139,51.2539111070822
"2019.032",45.753101768349,42.0491687114347,49.4570348252634,41.1180506328978,50.3881529038003,39.4423447787407,52.0638587579573
"2019.040",45.8858237690445,41.777480423224,49.994167114865,40.7446991328091,51.0269484052799,38.8860329826132,52.8856145554759
"2019.048",45.869201699208,41.3328671015346,50.4055362968815,40.1924946678856,51.5459087305305,38.1401998977233,53.5982035006927
