"","Point Forecast","Lo 75","Hi 75","Lo 85","Hi 85","Lo 95","Hi 95"
"2019.000",45.5391289174584,44.0311383066376,47.0471195282792,43.6520501054138,47.426207729503,42.9698162054655,48.1084416294514
"2019.008",45.9098007104843,43.731748978766,48.0878524422025,43.1842165821948,48.6353848387737,42.1988386119629,49.6207628090056
"2019.016",45.7754288646858,43.2119688988037,48.3388888305679,42.567550146855,48.9833075825166,41.4078086489068,50.1430490804648
"2019.024",45.6679108324212,42.5135279581474,48.8222937066951,41.7205592743909,49.6152623904516,40.2934768278531,51.0423448369893
"2019.032",45.8073247958669,42.1185167037344,49.4961328879995,41.1912008343436,50.4234487573903,39.5223377042961,52.0923118874377
"2019.040",45.7840669387603,41.6925126856845,49.8756211918362,40.6639519434103,50.9041819341103,38.8128813897238,52.7552524877968
"2019.048",45.7265165607079,41.2085303344296,50.2445027869863,40.0727704302338,51.3802626911821,38.0287766938345,53.4242564275814
