"","Point Forecast","Lo 75","Hi 75","Lo 85","Hi 85","Lo 95","Hi 95"
"2019.000",61.98,60.7683119938601,63.1916880061399,60.4637102122601,63.4962897877399,59.9155273336548,64.0444726663452
"2019.008",61.98,60.2664143883521,63.6935856116479,59.8356424176904,64.1243575823096,59.060394756106,64.8996052438939
"2019.016",61.98,59.8812948104438,64.0787051895562,59.3537090486366,64.6062909513634,58.4042284510529,65.5557715489471
"2019.024",61.98,59.5566239877201,64.4033760122799,58.9474204245201,65.0125795754799,57.8510546673096,66.1089453326904
"2019.032",61.98,59.2705832507499,64.6894167492501,58.5894729610248,65.3705270389752,57.3636987803619,66.5963012196381
"2019.040",61.98,59.0119826575068,64.9480173424932,58.2658637178441,65.6941362821559,56.9230953795312,67.0369046204688
"2019.048",61.98,58.774174869154,65.185825130846,57.9682743061332,65.9917256938668,56.5179187363601,67.4420812636399
