"","Point Forecast","Lo 75","Hi 75","Lo 85","Hi 85","Lo 95","Hi 95"
"2019.000",63.220001,62.0033059417041,64.4366960582959,61.6974454557185,64.7425565442815,61.1469973238052,65.2930046761948
"2019.008",63.220001,61.4993343472856,64.9406676527144,61.0667822998108,65.3732197001892,60.2883310862761,66.1516709137239
"2019.016",63.220001,61.1126233417135,65.3273786582865,60.5828574399588,65.8571445600412,59.6294533085536,66.8105486914464
"2019.024",63.220001,60.7866108834082,65.6533911165918,60.174889911437,66.265112088563,59.0739936476105,67.3660083523896
"2019.032",63.220001,60.4993881417623,65.9406138582377,59.8154633034674,66.6245386965326,58.5846238624215,67.8553781375785
"2019.040",63.220001,60.2397189346092,66.2002830653908,59.4905168114648,66.9494851885352,58.1421997584091,68.2978022415909
"2019.048",63.220001,60.0009284543478,66.4390735456522,59.1916976725486,67.2483043274514,57.735348805866,68.704653194134
