"","Point Forecast","Lo 75","Hi 75","Lo 85","Hi 85","Lo 95","Hi 95"
"2019.000",62.200001,60.9836492710159,63.4163527289841,60.6778750933205,63.7221269066795,60.1275822879017,64.2724197120983
"2019.008",62.200001,60.4798198882547,63.9201821117453,60.0473898991344,64.3526121008656,59.2691583504348,65.1308436495652
"2019.016",62.200001,60.0932180055252,64.3067839944748,59.5636015941142,64.8364004058858,58.6104664960893,65.7895355039107
"2019.024",62.200001,59.7672975420317,64.6327044579683,59.1557491866409,65.2442528133591,58.0551635758034,66.3448384241966
"2019.032",62.200001,59.4801558494421,64.9198461505579,58.7964240023511,65.6035779976489,57.5659318819056,66.8340701180944
"2019.040",62.200001,59.2205599162368,65.1794420837632,58.4715692043639,65.9284327956361,57.1236326219633,67.2763693780367
"2019.048",62.200001,58.9818368183245,65.4181651816755,58.1728343867972,66.2271676132028,56.7168964753911,67.6831055246089
