"","Point Forecast","Lo 75","Hi 75","Lo 85","Hi 85","Lo 95","Hi 95"
"2019.000",61.720001,60.5128367620528,62.9271652379472,60.2093721938642,63.2306298061358,59.6632359248296,63.7767660751704
"2019.008",61.720001,60.0128129626832,63.4271890373168,59.5836492546513,63.8563527453487,58.8112959360787,64.6287060639213
"2019.016",61.720001,59.6291312067952,63.8108707932048,59.1035151563957,64.3364868436043,58.1575793905716,65.2824226094284
"2019.024",61.720001,59.3056725241055,64.1343294758945,58.6987433877284,64.7412586122716,57.6064708496592,65.8335311503408
"2019.031",61.720001,59.0206997039433,64.4193022960567,58.342132300711,65.097869699289,57.1209344781715,66.3190675218285
"2019.039",61.720001,58.7630645812936,64.6769374187064,58.0197312342176,65.4202707657825,56.6819760450554,66.7580259549446
"2019.047",61.720001,58.5261446347808,64.9138573652192,57.7232528556343,65.7167491443657,56.278312105816,67.161689894184
