"","Point Forecast","Lo 75","Hi 75","Lo 85","Hi 85","Lo 95","Hi 95"
"2019.000",15,14.5823700038841,15.4176299961159,14.4773835385384,15.5226164614616,14.2884424808547,15.7115575191453
"2019.008",15,14.4093819954391,15.5906180045609,14.2609087122815,15.7390912877185,13.9937057060162,16.0062942939838
"2019.016",15,14.2766436279625,15.7233563720375,14.0948017358766,15.9051982641234,13.7675462243327,16.2324537756673
"2019.024",15,14.1647400077683,15.8352599922317,13.9547670770768,16.0452329229232,13.5768849617094,16.4231150382906
"2019.031",15,14.066150939242,15.933849060758,13.8313940660114,16.1686059339886,13.40890901729,16.59109098271
"2019.039",15,13.9770196082356,16.0229803917644,13.7198563382401,16.2801436617599,13.2570471554534,16.7429528445466
"2019.047",15,13.8950548902366,16.1049451097634,13.617286811904,16.382713188096,13.1173957608235,16.8826042391765
