"","Point Forecast","Lo 75","Hi 75","Lo 85","Hi 85","Lo 95","Hi 95"
"2019.000",14.99,14.5697068374419,15.4102931625581,14.4640508885007,15.5159491114993,14.2739049808564,15.7060950191436
"2019.008",14.99,14.3956157093377,15.5843842906623,14.2461956333996,15.7338043666004,13.9772887119792,16.0027112880208
"2019.016",14.99,14.2620308883756,15.7179691116244,14.0790294166874,15.9009705833126,13.7496870437962,16.2303129562038
"2019.024",14.99,14.1494136748839,15.8305863251161,13.9381017770013,16.0418982229987,13.5578099617127,16.4221900382873
"2019.032",14.99,14.0501959180418,15.9298040819582,13.8139420339819,16.1660579660181,13.3887628588458,16.5912371411542
"2019.040",14.99,13.9604962093521,16.0195037906479,13.7016930461564,16.2783069538436,13.2359325957495,16.7440674042505
"2019.048",14.99,13.8780088141305,16.1019911858695,13.5984694486974,16.3815305513026,13.0953906642539,16.8846093357461
