"","Point Forecast","Lo 75","Hi 75","Lo 85","Hi 85","Lo 95","Hi 95"
"2019.000",15.16,14.7410261111145,15.5789738888855,14.6357018095189,15.6842981904811,14.4461527578605,15.8738472421395
"2019.008",15.16,14.5674814440579,15.7525185559421,14.418530388294,15.901469611706,14.1504675487037,16.1695324512963
"2019.016",15.16,14.4343159374056,15.8856840625944,14.2518888957704,16.0681111042296,13.9235803077715,16.3964196922285
"2019.024",15.16,14.322052222229,15.997947777771,14.1114036190379,16.2085963809621,13.732305515721,16.587694484279
"2019.032",15.16,14.2231459036546,16.0968540963454,13.9876336056042,16.3323663943958,13.5637890410254,16.7562109589746
"2019.040",15.16,14.133727756681,16.186272243319,13.8757369602569,16.4442630397431,13.4114385024653,16.9085614975347
"2019.048",15.16,14.0514992841794,16.2685007158207,13.7728373751459,16.5471626248541,13.2713377232096,17.0486622767904
