"","Point Forecast","Lo 75","Hi 75","Lo 85","Hi 85","Lo 95","Hi 95"
"2019.000",183.196107067066,180.142415660654,186.249798473479,179.374759433856,187.017454700277,177.993231072548,188.398983061585
"2019.008",182.851651751079,178.653672827304,187.049630674854,177.598358379343,188.104945122816,175.699139967426,190.004163534732
"2019.016",182.570712169217,177.750016192059,187.391408146376,176.538159199373,188.603265139062,174.357215768185,190.78420857025
"2019.024",182.420017241527,176.695790180404,188.14424430265,175.256797838922,189.583236644133,172.667085592654,192.172948890401
"2019.032",182.339185053051,175.64470161075,189.033668495353,173.961800093953,190.716570012149,170.933131669754,193.745238436348
"2019.040",182.295826973294,174.65777048674,189.933883459847,172.737667620345,191.853986326242,169.282114895113,195.309539051474
"2019.048",182.272569863524,173.746746603306,190.798393123743,171.603471319974,192.941668407075,167.746281751716,196.798857975333
