"","Point Forecast","Lo 75","Hi 75","Lo 85","Hi 85","Lo 95","Hi 95"
"2019.000",184.17058407669,181.126073141243,187.215095012136,180.360724759202,187.980443394178,178.983349758309,189.35781839507
"2019.008",183.658164713015,179.473775236454,187.842554189576,178.421876989537,188.894452436493,176.528806614289,190.787522811741
"2019.016",183.832635608461,179.029509449119,188.635761767802,177.822069268172,189.84320194875,175.649074643327,192.016196573595
"2019.024",183.925937413393,178.227021520173,189.624853306613,176.794392059894,191.057482766892,174.216130904015,193.635743922771
"2019.032",183.975832421849,177.31587904999,190.635785793708,175.641657920325,192.310006923373,172.628611333859,195.323053509839
"2019.040",184.002514776715,176.408369535701,191.596660017729,174.499305355466,193.505724197964,171.063618629452,196.941410923978
"2019.048",184.016783700265,175.543871722734,192.489695677796,173.413897611727,194.619669788803,169.580645772577,198.452921627953
