"","Point Forecast","Lo 75","Hi 75","Lo 85","Hi 85","Lo 95","Hi 95"
"2019.000",184.719890275583,181.685668733473,187.754111817694,180.922906964096,188.516873587071,179.550187014033,189.889593537134
"2019.008",184.705797151333,180.531110504483,188.880483798183,179.481651416162,189.929942886503,177.59297072299,191.818623579676
"2019.016",185.055109743889,180.261861149499,189.848358338279,179.056904053197,191.053315434581,176.888378162845,193.221841324933
"2019.024",185.241388046306,179.55665546403,190.926120628583,178.127591494009,192.355184598604,175.555747046212,194.927029046401
"2019.032",185.340724877245,178.701292259253,191.980157495238,177.032229766263,193.649219988227,174.028467026685,196.652982727805
"2019.040",185.393698336059,177.826970780981,192.960425891137,175.924799031752,194.862597640366,172.501516411353,198.285880260764
"2019.048",185.421947549489,176.983245057951,193.860650041027,174.861870743532,195.982024355445,171.044095705681,199.799799393297
