"","Point Forecast","Lo 75","Hi 75","Lo 85","Hi 85","Lo 95","Hi 95"
"2019.000",139.088869212036,136.110415543273,142.067322880798,135.361673054018,142.816065370053,134.01418319057,144.163555233501
"2019.008",138.772588393288,134.747799915574,142.797376871002,133.73602317547,143.809153611106,131.915158297456,145.63001848912
"2019.017",138.338767949881,133.649665829182,143.027870070579,132.470889731018,144.206646168743,130.349481013945,146.328054885816
"2019.025",138.061029141147,132.611891392769,143.510166889524,131.242052739643,144.880005542651,128.776794354906,147.345263927388
"2019.034",137.642344472206,131.669292455615,143.615396488797,130.167748925743,145.116940018669,127.465465143184,147.819223801229
"2019.042",137.341105493295,130.777915450645,143.904295535944,129.128019297642,145.554191688948,126.158749657122,148.523461329467
"2019.050",136.944146383409,129.921960174521,143.966332592297,128.15667866714,145.731614099678,124.979753393816,148.908539373003
