"","Point Forecast","Lo 75","Hi 75","Lo 85","Hi 85","Lo 95","Hi 95"
"2019.000",140.170618976901,137.180424927337,143.160813026464,136.428731067027,143.912506886774,135.07592970779,145.265308246012
"2019.008",139.930909664417,135.88828323016,143.973536098674,134.872022271912,144.989797056923,133.043087278227,146.818732050607
"2019.017",139.53980134248,134.829216627378,144.250386057582,133.645040098992,145.434562585969,131.513912386285,147.565690298675
"2019.025",139.21749882118,133.743629582009,144.691368060351,132.367573770573,146.067423871787,129.891126548654,148.543871093706
"2019.034",138.852669756289,132.851768822458,144.853570690121,131.343224455931,146.362115056647,128.628341473296,149.076998039283
"2019.042",138.518973477436,131.925557533666,145.112389421207,130.268063002792,146.769883952081,127.285118784823,149.75282817005
"2019.051",138.160949914236,131.105838134234,145.216061694238,129.332279588894,146.989620239578,126.140458373493,150.181441454978
