"","Point Forecast","Lo 75","Hi 75","Lo 85","Hi 85","Lo 95","Hi 95"
"2019.000",1697.96750029366,1667.60483273199,1728.33016785532,1659.97207364999,1735.96292693732,1646.235621344,1749.69937924332
"2019.008",1701.97503958731,1659.03574333178,1744.91433584285,1648.24139191969,1755.70868725494,1628.81511476966,1775.13496440497
"2019.016",1705.98257888097,1653.39289601084,1758.5722617511,1640.17256947889,1771.79258828306,1616.38033616915,1795.58482159279
"2019.024",1709.99011817463,1649.26478305129,1770.71545329796,1633.9992648873,1785.98097146196,1606.5263602753,1813.45387607395
"2019.031",1713.99765746829,1646.10466882217,1781.8906461144,1629.03730065894,1798.95801427763,1598.32165953305,1829.67365540352
"2019.039",1718.00519676194,1643.6321540061,1792.37823951778,1624.93578892561,1811.07460459827,1591.28848989984,1844.72190362404
"2019.047",1722.0127360556,1641.6806685469,1802.3448035643,1621.48628619866,1822.53918591253,1585.1430495007,1858.8824226105
