"","Point Forecast","Lo 75","Hi 75","Lo 85","Hi 85","Lo 95","Hi 95"
"2019.000",1717.978189152,1687.59367425168,1748.36270405232,1679.95542304774,1756.00095525626,1666.20908673123,1769.74729157277
"2019.008",1722.176349304,1679.20615624584,1765.14654236216,1668.40403780042,1775.94866080758,1648.96378254867,1795.38891605933
"2019.016",1726.374509456,1673.74698588531,1779.00203302669,1660.51714671912,1792.23187219288,1636.70779380099,1816.04122511101
"2019.024",1730.572669608,1669.80363980735,1791.34169940865,1654.52713739949,1806.61820181651,1627.03446476646,1834.11087444954
"2019.032",1734.77082976,1666.82898897952,1802.71267054048,1649.74934005831,1819.79231946169,1619.01159761301,1850.53006190699
"2019.040",1738.968989912,1664.54243232422,1813.39554749978,1645.83261434738,1832.10536547662,1612.16110453923,1865.77687528477
"2019.048",1743.167150064,1662.77727993041,1823.55702019759,1642.56836679336,1843.76593333464,1606.19897946161,1880.13532066639
