"","Point Forecast","Lo 75","Hi 75","Lo 85","Hi 85","Lo 95","Hi 95"
"2019.000",1705.6161293821,1675.00659985575,1736.22565890846,1667.31178305438,1743.92047570983,1653.46364729378,1757.76861147042
"2019.008",1709.78230776421,1666.49389597018,1753.07071955824,1655.6117816897,1763.95283383871,1636.02756028348,1783.53705524493
"2019.016",1713.94848614631,1660.93122581088,1766.96574648174,1647.60341215598,1780.29356013665,1623.61773742851,1804.27923486411
"2019.024",1718.11466452841,1656.8956054757,1779.33372358112,1641.50597187296,1794.72335718386,1613.80970035177,1822.41962870505
"2019.032",1722.28084291052,1653.8358541303,1790.72583169073,1636.62972068803,1807.93196513301,1605.66434776569,1838.89733805534
"2019.040",1726.44702129262,1651.4692926864,1801.42474989884,1632.62091785884,1820.2731247264,1598.7000513566,1854.19399122864
"2019.048",1730.61319967472,1649.6279967993,1811.59840255015,1629.26942515867,1831.95697419078,1592.63070181428,1868.59569753517
