"","Point Forecast","Lo 75","Hi 75","Lo 85","Hi 85","Lo 95","Hi 95"
"2019.000",48.27,47.2752103774539,49.2647896225461,47.0251338810214,49.5148661189786,46.5750785564406,49.9649214435594
"2019.008",48.27,46.8631550240873,49.6768449759127,46.5094934512018,50.0305065487983,45.8730191073614,50.6669808926386
"2019.016",48.27,46.5469738309079,49.9930261690921,46.113828633308,50.426171366692,45.3343099449172,51.2056900550828
"2019.024",48.27,46.2804207549078,50.2595792450922,45.7802677620429,50.7597322379571,44.8801571128813,51.6598428871187
"2019.031",48.27,46.0455827806756,50.4944172193244,45.4863947350776,51.0536052649224,44.4800404356792,52.0599595643208
"2019.039",48.27,45.8332730233462,50.7067269766538,45.2207132104237,51.3192867895763,44.1183073091781,52.4216926908219
"2019.047",48.27,45.6380340519152,50.9019659480848,44.9763938336126,51.5636061663874,43.7856593685513,52.7543406314487
