"","Point Forecast","Lo 75","Hi 75","Lo 85","Hi 85","Lo 95","Hi 95"
"2019.000",48.389999,47.3913144641103,49.3886835358897,47.140258839769,49.639739160231,46.6884414074527,50.0915565925473
"2019.008",48.389999,46.9776457848125,49.8023522151875,46.6225995159589,50.1573984840411,45.9836331754607,50.7963648245394
"2019.016",48.389999,46.6602266431057,50.1197713568943,46.2253855462206,50.5546124537794,45.4428147977034,51.3371832022966
"2019.024",48.389999,46.3926299282206,50.3873680717794,45.8905186795379,50.8894793204621,44.9868838149053,51.7931141850947
"2019.032",48.389999,46.1568724896728,50.6231255103272,45.5954950475119,51.1845029524881,44.5852005554333,52.1947974445667
"2019.040",48.389999,45.943731473062,50.836266526938,45.3287732963699,51.4512247036301,44.2220511303005,52.5579468696995
"2019.048",48.389999,45.7477280798299,51.0322699201701,45.0834973325787,51.6965006674214,43.888100768666,52.891897231334
