"","Point Forecast","Lo 75","Hi 75","Lo 85","Hi 85","Lo 95","Hi 95"
"2019.000",24.76,23.8571352488606,25.6628647511394,23.6301674070174,25.8898325929826,23.2217000492794,26.2982999507206
"2019.008",24.76,23.4831564239501,26.0368435760499,23.1621754237928,26.3578245762072,22.584515346693,26.935484653307
"2019.016",24.76,23.1961923786635,26.3238076213365,22.8030725449068,26.7169274550932,22.0955863280712,27.4244136719288
"2019.024",24.76,22.9542704977212,26.5657295022788,22.5003348140348,27.0196651859652,21.6834000985587,27.8365999014413
"2019.031",24.76,22.7411330419639,26.7788669580361,22.233617518896,27.286382481104,21.3202567404041,28.1997432595959
"2019.039",24.76,22.5484420529636,26.9715579470364,21.992486652427,27.527513347573,20.9919500493859,28.5280499506141
"2019.047",24.76,22.371244400959,27.1487555990411,21.7707439358327,27.7492560641673,20.6900408885703,28.8299591114297
