"","Point Forecast","Lo 75","Hi 75","Lo 85","Hi 85","Lo 95","Hi 95"
"2019.000",24.48,23.5702819695814,25.3897180304186,23.3415913071213,25.6184086928787,22.9300234397273,26.0299765602727
"2019.008",24.48,23.1934644234467,25.7665355765533,22.8700469870075,26.0899530129925,22.2880021271019,26.6719978728981
"2019.016",24.48,22.9043221507536,26.0556778492464,22.508218304156,26.451781695844,21.7953618470668,27.1646381529332
"2019.024",24.48,22.6605639391629,26.2994360608371,22.2031826142426,26.7568173857574,21.3800468794545,27.5799531205455
"2019.032",24.48,22.4458086436269,26.5141913563731,21.9344407765466,27.0255592234534,21.0141470476989,27.9458529523011
"2019.040",24.48,22.2516550156648,26.7083449843352,21.6914795836985,27.2685204163015,20.6833483140576,28.2766516859424
"2019.048",24.48,22.073112328321,26.886887671679,21.4680537082889,27.4919462917111,20.379147483539,28.580852516461
