"","Point Forecast","Lo 75","Hi 75","Lo 85","Hi 85","Lo 95","Hi 95"
"2019.000",137.25,135.476498232864,139.023501767136,135.030664160724,139.469335839276,134.228309677562,140.271690322438
"2019.008",137.25,134.741889748024,139.758110251976,134.111385156636,140.388614843364,132.976684564717,141.523315435283
"2019.016",137.25,134.178204832007,140.321795167993,133.405997567316,141.094002432684,132.016278836799,142.483721163201
"2019.024",137.25,133.702996465728,140.797003534272,132.811328321449,141.688671678551,131.206619355124,143.293380644876
"2019.032",137.25,133.284329490468,141.215670509532,132.287414198478,142.212585801522,130.493295032076,144.006704967924
"2019.040",137.25,132.905825612593,141.594174387407,131.813759625903,142.686240374097,129.848400549321,144.651599450679
"2019.048",137.25,132.557755374425,141.942244625575,131.378189293544,143.121810706456,129.255358867779,145.244641132221
