"","Point Forecast","Lo 75","Hi 75","Lo 85","Hi 85","Lo 95","Hi 95"
"2019.000",137.169998,135.389378555439,138.950617444561,134.941755196607,139.398240803393,134.136180586746,140.203815413254
"2019.008",137.169998,134.651821832077,139.688174167923,134.018786807182,140.321209192818,132.879532268412,141.460463731588
"2019.016",137.169998,134.085874653076,140.254121346924,133.310568252924,141.029427747076,131.915272099357,142.424723900643
"2019.024",137.169998,133.608759110878,140.731236889122,132.713512393214,141.626483606786,131.102363173492,143.237632826508
"2019.032",137.169998,133.188411879904,141.151584120096,132.187495621239,142.152500378761,130.386176032641,143.953819967359
"2019.040",137.169998,132.808388934748,141.531607065252,131.711940108659,142.628055891341,129.738693364757,144.601302635243
"2019.048",137.169998,132.458921770046,141.881074229954,131.274621681553,143.065374318447,129.143271601352,145.196724398648
