"","Point Forecast","Lo 75","Hi 75","Lo 85","Hi 85","Lo 95","Hi 95"
"2019.000",46.75,45.6094255013833,47.8905744986167,45.3227006823162,48.1772993176838,44.806690448042,48.693309551958
"2019.008",46.75,45.1369840751593,48.3630159248407,44.7314939473657,48.7685060526343,44.0017452757318,49.4982547242682
"2019.016",46.75,44.7744670185784,48.7255329814216,44.2778450641633,49.2221549358367,43.3840891211749,50.1159108788251
"2019.024",46.75,44.4688510027665,49.0311489972335,43.8954013646324,49.6045986353676,42.863380896084,50.636619103916
"2019.032",46.75,44.1995978876902,49.3004021123098,43.55846170142,49.94153829858,42.4046277404973,51.0953722595027
"2019.040",46.75,43.9561744647582,49.5438255352418,43.2538449614521,50.2461550385479,41.9898831854264,51.5101168145736
"2019.048",46.75,43.7323235249179,49.7676764750821,42.9737209589565,50.5262790410435,41.6084862051028,51.8915137948972
