"","Point Forecast","Lo 75","Hi 75","Lo 85","Hi 85","Lo 95","Hi 95"
"2019.000",44.68,43.5242038685445,45.8357961314555,43.2336525393048,46.1263474606952,42.7107558470775,46.6492441529225
"2019.008",44.68,43.0454574355573,46.3145425644427,42.634555805181,46.725444194819,41.895068211313,47.464931788687
"2019.016",44.68,42.6781023771275,46.6818976228725,42.1748527126777,47.1851472873223,41.2691690746302,48.0908309253698
"2019.024",44.68,42.368407737089,46.991592262911,41.7873050786096,47.5726949213904,40.7415116941549,48.6184883058451
"2019.032",44.68,42.0955612819342,47.2644387180658,41.4458687588013,47.9141312411987,40.2766362097712,49.0833637902288
"2019.040",44.68,41.8488892312512,47.5111107687488,41.1371867305266,48.2228132694734,39.8563566463805,49.5036433536195
"2019.048",44.68,41.6220508698782,47.7379491301218,40.8533243096108,48.5066756903892,39.4698697005989,49.8901302994011
