"","Point Forecast","Lo 75","Hi 75","Lo 85","Hi 85","Lo 95","Hi 95"
"2019.000",45.779999,44.6232922566708,46.9367057433292,44.3325120120687,47.2274859879313,43.8092033475881,47.7507946524119
"2019.008",45.779999,44.1441686358955,47.4158293641045,43.732943270309,47.827054729691,42.9928730596931,48.5671249403069
"2019.016",45.779999,43.7765241510963,47.7834738489037,43.2728779936082,48.2871200063918,42.3664807986867,49.1935172013133
"2019.024",45.779999,43.4665855133417,48.0934124866583,42.8850250241374,48.6749729758625,41.8384076951761,49.7215903048239
"2019.031",45.779999,43.1935240918836,48.3664739081164,42.5433196984393,49.0166783015607,41.3731659514459,50.1868320485541
"2019.039",45.779999,42.9466576968071,48.6133403031929,42.2343944702502,49.3256035297498,40.9525552642953,50.6074427357047
"2019.047",45.779999,42.7196406173196,48.8403573826804,41.9503084039319,49.6096895960681,40.5657638187907,50.9942341812093
