"","Point Forecast","Lo 75","Hi 75","Lo 85","Hi 85","Lo 95","Hi 95"
"2019.000",73.3076916854417,71.885759506304,74.7296238645793,71.5283052170109,75.0870781538724,70.8850052328637,75.7303781380196
"2019.008",73.3901425185771,71.5458387090659,75.2344463280883,71.0822059724687,75.6980790646856,70.2478197557219,76.5324652814323
"2019.016",73.4900116838285,71.3918026052033,75.5882207624537,70.8643415588944,76.1156818087626,69.9150854081294,77.0649379595276
"2019.024",73.6021348368767,71.3276023766419,75.8766672971115,70.7558160453555,76.448453628398,69.7267889812809,77.4774806924726
"2019.032",73.7228788048185,71.3144214790082,76.1313361306287,70.7089682694098,76.7367893402272,69.6193519134085,77.8264056962284
"2019.040",73.8496876106449,71.3326400163157,76.3667352049741,70.6998886993764,76.9994865219135,69.5611447414812,78.1382304798087
"2019.048",73.9807630964803,71.3711937245267,76.5903324684339,70.7151836989442,77.2463424940164,69.5345817263334,78.4269444666273
