"","Point Forecast","Lo 75","Hi 75","Lo 85","Hi 85","Lo 95","Hi 95"
"2019.000",72.6639246929087,71.2450307437305,74.082818642087,70.888340223868,74.4395091619495,70.2464147731292,75.0814346126882
"2019.008",72.8626468357509,71.0224440825599,74.7028495889419,70.5598422953945,75.1654513761073,69.727311448056,75.9979822234459
"2019.016",73.0435535766481,70.9505775720341,75.1365295812622,70.4244320489119,75.6626751043844,69.4775434065821,76.6095637467142
"2019.024",73.211865808869,70.9438873912247,75.4798442265132,70.373748656547,76.0499829611909,69.3476867236906,77.0760448940474
"2019.032",73.3712744166143,70.970860714554,75.7716881186746,70.3674295618814,76.3751192713472,69.2814522423312,77.4610965908974
"2019.040",73.5243886518804,71.0170006102598,76.031776693501,70.3866775726709,76.6620997310899,69.2523037177916,77.7964735859693
"2019.048",73.6730531122245,71.0748465867836,76.2712596376654,70.4216930253026,76.9244131991464,69.2462317472261,78.0998744772229
