"","Point Forecast","Lo 75","Hi 75","Lo 85","Hi 85","Lo 95","Hi 95"
"2019.000",157.270586906167,155.059275534817,159.481898277518,154.503382120033,160.037791692302,153.502957070931,161.038216741404
"2019.008",158.723475292663,155.702574414322,161.744376171004,154.94316127751,162.503789307816,153.576467763108,163.870482822218
"2019.016",159.821935316559,156.405719222167,163.238151410951,155.546929250319,164.0969413828,154.001390165115,165.642480468003
"2019.024",161.031811751985,157.176750913902,164.886872590068,156.207641379512,165.855982124458,154.463563418262,167.600060085708
"2019.032",162.221577422156,157.976612941436,166.466541902877,156.909486967502,167.533667876811,154.989011699259,169.454143145054
"2019.040",163.291656773442,158.750058025181,167.833255521702,157.608362256119,168.974951290764,155.553685918088,171.029627628795
"2019.048",164.175811932797,159.438471514318,168.913152351275,158.247568968282,170.104054897312,156.104336639187,172.247287226406
