"","Point Forecast","Lo 75","Hi 75","Lo 85","Hi 85","Lo 95","Hi 95"
"2019.000",158.003463852658,155.792347638472,160.214580066844,155.236503283529,160.770424421787,154.23616652598,161.770761179336
"2019.008",159.399294779684,156.397719023927,162.400870535442,155.643163958449,163.155425600919,154.285213372321,164.513376187048
"2019.016",160.802952445591,157.437450949595,164.168453941588,156.591409933703,165.014494957479,155.068814770033,166.537090121149
"2019.024",162.254229139635,158.484580175276,166.023878103993,157.536942016994,166.971516262275,155.831505460602,168.676952818667
"2019.032",163.607925249304,159.480348485877,167.735502012731,158.442732177505,168.773118321103,156.57536458752,170.640485911088
"2019.040",164.755645801252,160.360571129415,169.150720473089,159.25570950784,170.255582094664,157.26732250303,172.243969099475
"2019.048",165.62895902187,161.065139552595,170.192778491145,159.917857798383,171.340060245357,157.853128526966,173.404789516774
