"","Point Forecast","Lo 75","Hi 75","Lo 85","Hi 85","Lo 95","Hi 95"
"2019.000",157.169674492245,154.955608828769,159.383740155721,154.399023022639,159.940325961851,153.397351897172,160.941997087318
"2019.008",158.935215856353,155.925718848482,161.944712864224,155.169172488633,162.701259224073,153.807638228519,164.062793484187
"2019.016",160.137128352985,156.741989844468,163.532266861502,155.888498489241,164.385758216729,154.352495168723,165.921761537247
"2019.024",161.436882266737,157.61709221627,165.256672317204,156.656849275171,166.216915258303,154.92872826141,167.945036272065
"2019.032",162.697743583664,158.502324462457,166.893162704871,157.447653513827,167.9478336535,155.549593188756,169.845893978572
"2019.040",163.81518380322,159.336317042494,168.294050563945,158.21039123655,169.41997636989,156.184095637895,171.446271968544
"2019.048",164.719456369051,160.056892388323,169.38202034978,158.884787615347,170.554125122756,156.775385086243,172.66352765186
