"","Point Forecast","Lo 75","Hi 75","Lo 85","Hi 85","Lo 95","Hi 95"
"2019.000",87.110001,85.9228433805414,88.2971586194586,85.6244082024306,88.5955937975694,85.0873231789796,89.1326788210204
"2019.008",87.110001,85.4311065938871,88.7888954061129,85.0090555175136,89.2109464824864,84.2495025932017,89.9704994067983
"2019.016",87.110001,85.0537836865052,89.1662183134948,84.5368787952515,89.6831232047485,83.60662024665,90.61338175335
"2019.024",87.110001,84.7356857610829,89.4843162389171,84.1388154048613,90.0811865951387,83.0646453579592,91.1553566420408
"2019.032",87.110001,84.4554358628838,89.7645661371162,83.7881145177508,90.4318874822492,82.5871558956173,91.6328461043827
"2019.040",87.110001,84.2020705880693,90.0179314119306,83.4710566804013,90.7489453195987,82.1554724244555,92.0645295755445
"2019.048",87.110001,83.9690771718772,90.2509248281228,83.1794919081227,91.0405100918773,81.7584985031741,92.4615034968259
