"","Point Forecast","Lo 75","Hi 75","Lo 85","Hi 85","Lo 95","Hi 95"
"2019.000",86.709999,85.5268513539766,87.8931466460234,85.229424228307,88.190573771693,84.6941533672226,88.7258446327774
"2019.008",86.709999,85.036775552704,88.383222447296,84.6161500777643,88.8038479222357,83.8591627664757,89.5608352335243
"2019.016",86.709999,84.660727164232,88.759270835768,84.1455682710231,89.2744297289769,83.2184519438138,90.2015460561862
"2019.024",86.709999,84.3437037079533,89.0762942920467,83.748849456614,89.671148543386,82.6783077344453,90.7416902655547
"2019.031",86.709999,84.0644004360729,89.3555975639271,83.3993331647233,90.0206648352767,82.2024311329637,91.2175668670363
"2019.039",86.709999,83.8118909768677,89.6081070231323,83.0833462833145,90.3366517166855,81.7722057994776,91.6477922005224
"2019.047",86.709999,83.5796845643507,89.8403134356493,82.7927663566641,90.6272316433358,81.3765727741755,92.0434252258245
