"","Point Forecast","Lo 75","Hi 75","Lo 85","Hi 85","Lo 95","Hi 95"
"2019.000",47.8539837279156,47.0652844468338,48.6426830089974,46.8670162416962,48.840951214135,46.5101987770795,49.1977686787518
"2019.008",47.6780261586094,46.5913119896032,48.7647403276156,46.3181269202686,49.0379253969502,45.826483775855,49.5295685413638
"2019.016",47.843035271063,46.6127194083435,49.0733511337825,46.3034348385399,49.382635703586,45.7468244835626,49.9392460585633
"2019.024",47.788889247162,46.379234428566,49.1985440657579,46.0248664996854,49.5529119946386,45.3871209477099,50.190657546614
"2019.032",47.780121386176,46.2217101943547,49.3385325779974,45.8299469491226,49.7302958232295,45.1249021448047,50.4353406275474
"2019.040",47.7987052781217,46.1098161733358,49.4875943829076,45.6852525665032,49.9121579897402,44.9211779149301,50.6762326413132
"2019.048",47.7898739739571,45.9748587892739,49.6048891586403,45.5185888121147,50.0611591357995,44.6974531372461,50.8822948106681
