"","Point Forecast","Lo 75","Hi 75","Lo 85","Hi 85","Lo 95","Hi 95"
"2019.000",48.8552085274153,48.0582814128357,49.6521356419949,47.8579448429628,49.8524722118679,47.4974050030905,50.2130120517401
"2019.008",48.6200051813207,47.498745190808,49.7412651718333,47.2168757747403,50.023134587901,46.7096036666155,50.5304066960258
"2019.016",48.6200051813207,47.3448166402915,49.8951937223498,47.0242516932877,50.2157586693536,46.4473403748265,50.7926699878148
"2019.024",48.6200051813207,47.2075648590345,50.0324455036068,46.8524966926485,50.3875136699928,46.2134909438043,51.026519418837
"2019.032",48.6200051813207,47.0825171284021,50.1574932342393,46.6960136739364,50.543996688705,46.0004347605533,51.239575602088
"2019.040",48.6200051813207,46.9669016268768,50.2731087357646,46.5513340176396,50.6886763450017,45.8034491986798,51.4365611639615
"2019.048",48.6200051813207,46.8588597555926,50.3811506070487,46.4161318985741,50.8238784640673,45.6193675795199,51.6206427831214
