"","Point Forecast","Lo 75","Hi 75","Lo 85","Hi 85","Lo 95","Hi 95"
"2019.000",49.1712493647575,48.3755809122535,49.9669178172615,48.1755607528003,50.1669379767147,47.8155903474659,50.5269083820492
"2019.008",49.0531614356384,47.9287060117992,50.1776168594776,47.6460333075259,50.460289563751,47.1373155452141,50.9690073260627
"2019.016",49.0531614356384,47.770184274566,50.3361385967109,47.4476613750783,50.6586614961986,46.8672263870469,51.2390964842299
"2019.024",49.0531614356384,47.6292018886479,50.477120982629,47.2712379468231,50.8350849244538,46.6270207559858,51.4793021152911
"2019.031",49.0531614356384,47.5009722760649,50.605350595212,47.1107731645852,50.9955497066916,46.4085432858349,51.697779585442
"2019.039",49.0531614356384,47.3825562809924,50.7237665902844,46.9625890089911,51.1437338622858,46.2067862461957,51.8995366250812
"2019.047",49.0531614356384,47.2719955314167,50.8343273398601,46.8242348001048,51.2820880711721,46.0184129650267,52.0879099062502
