"","Point Forecast","Lo 75","Hi 75","Lo 85","Hi 85","Lo 95","Hi 95"
"2019.000",25.2642435441631,24.5190811530033,26.0094059353229,24.3317575261469,26.1967295621794,23.9946366975636,26.5338503907627
"2019.008",25.3955214472554,24.3879481189102,26.4030947756007,24.1346579737974,26.6563849207135,23.6788191400882,27.1122237544226
"2019.016",25.51499998211,24.3334003824257,26.6965995817942,24.0363624144192,26.9936375498007,23.5017919089496,27.5282080552704
"2019.024",25.6237396858586,24.3154031537672,26.93207621795,23.9865052554733,27.2609741162439,23.3945973693573,27.8528820023598
"2019.032",25.7227057736645,24.3180229462424,27.1273886010865,23.9649049078962,27.4805066394327,23.3294087472,28.1160028001289
"2019.040",25.8127767063409,24.3330310965257,27.2925223161561,23.9610433019941,27.6645101106878,23.2915877953937,28.3339656172881
"2019.048",25.8947519879053,24.3556000691172,27.4339039066934,23.9686783415436,27.820825634267,23.272346674335,28.5171573014756
