"","Point Forecast","Lo 75","Hi 75","Lo 85","Hi 85","Lo 95","Hi 95"
"2019.000",25.3822391253893,24.6400902432891,26.1243880074895,24.4535241713673,26.3109540794112,24.1177666921467,26.6467115586319
"2019.008",25.5026100380087,24.4990451328627,26.5061749431546,24.246762650483,26.7584574255343,23.7927372777943,27.2124827982231
"2019.016",25.6121778876309,24.4352065861291,26.7891491891327,24.1393321089429,27.0850236663189,23.6068555037247,27.6175002715371
"2019.024",25.71191222884,24.4086259634843,27.0151984941957,24.0809976331299,27.3428268245502,23.4913745511408,27.9324499065392
"2019.032",25.8026956005199,24.4033610451695,27.2020301558703,24.0515874892258,27.553803711814,23.4185109540147,28.186880247025
"2019.040",25.8853313353495,24.4111481185591,27.3595145521399,24.040558633507,27.730104037192,23.3736196234015,28.3970430472975
"2019.048",25.960550668411,24.4271160746446,27.4939852621773,24.0416316043342,27.8794697324877,23.3478865268025,28.5732148100194
