"","Point Forecast","Lo 75","Hi 75","Lo 85","Hi 85","Lo 95","Hi 95"
"2019.000",75.4610251907287,73.9759260037542,76.9461243777032,73.6025923931936,77.3194579882637,72.9307148610197,77.9913355204376
"2019.008",76.1151947039642,74.1274473840846,78.1029420238438,73.6277549121464,78.602634495782,72.7284730489688,79.5019163589596
"2019.016",76.2454853834091,73.9665209922567,78.5244497745615,73.3936205341929,79.0973502326253,72.3625884088848,80.1283823579334
"2019.024",75.931100926124,73.1973350903313,78.6648667619166,72.5101037734906,79.3520980787574,71.2733137601342,80.5888880921137
"2019.032",76.0992152949036,73.0004036797556,79.1980269100517,72.2214048499958,79.9770257398114,70.8194635393288,81.3789670504785
"2019.040",76.1587107396425,72.7759423059548,79.5414791733302,71.9255606182429,80.3918608610421,70.3951536750056,81.9222678042795
"2019.048",76.0531283633178,72.3655052561698,79.7407514704658,71.4384872757864,80.6677694508492,69.7701602478351,82.3360964788005
