"","Point Forecast","Lo 75","Hi 75","Lo 85","Hi 85","Lo 95","Hi 95"
"2019.000",77.7104571602716,76.219647753181,79.2012665673622,75.8448786714332,79.57603564911,75.1704177639309,80.2504965566122
"2019.008",77.6065094031765,75.6083181973481,79.6047006090049,75.1060002754172,80.1070185309358,74.2019934670109,81.0110253393421
"2019.016",77.7739421708894,75.4677488982491,80.0801354435298,74.8880034720332,80.6598808697456,73.8446526586143,81.7032316831646
"2019.024",77.865111080231,75.1016993288704,80.6285228315916,74.4070154345895,81.3232067258725,73.1568132365349,82.5734089239271
"2019.032",77.8102009461722,74.6798476311861,80.9405542611582,73.8929196497664,81.727482242578,72.4767084777772,83.1436934145671
"2019.040",77.8412383000651,74.4171311737625,81.2653454263677,73.556357504488,82.1261190956422,72.0072484172989,83.6752281828313
"2019.048",77.8653551109666,74.1328403702215,81.5978698517116,73.194537247538,82.5361729743951,71.5059006804926,84.2248095414405
