"","Point Forecast","Lo 75","Hi 75","Lo 85","Hi 85","Lo 95","Hi 95"
"2019.000",76.1290323096923,74.63787796974,77.6201866496445,74.2630221765916,77.9950424427929,73.5884052171288,78.6696594022558
"2019.008",75.2956030032369,73.301893963784,77.2893120426899,72.800702797137,77.7905032093368,71.8987237771166,78.6924822293573
"2019.016",75.9757435200258,73.6896620288657,78.261825011186,73.1149724292644,78.8365146107872,72.0807204384878,79.8707666015639
"2019.024",76.0519858547887,73.3096439831307,78.7943277264467,72.6202567682449,79.4837149413324,71.3795868485068,80.7243848610705
"2019.032",75.7469690586963,72.6394001203242,78.8545379970684,71.8581998193585,79.6357382980341,70.4522965856308,81.0416415317618
"2019.040",75.9285222774929,72.5361935021535,79.3208510528323,71.683408475393,80.1736360795927,70.1486763134686,81.7083682415171
"2019.048",75.9716284158604,72.2736132527656,79.6696435789552,71.3439828517427,80.5992739799781,69.6709543271069,82.2723025046139
