"","Point Forecast","Lo 75","Hi 75","Lo 85","Hi 85","Lo 95","Hi 95"
"2019.000",75.9761527897289,74.4796730021631,77.4726325772946,74.1034784643686,77.8488271150891,73.4264522054922,78.5258533739656
"2019.008",76.3488034931029,74.3553414946647,78.3422654915412,73.8542124307479,78.843394555458,72.9523451751865,79.7452618110194
"2019.016",76.0136424874096,73.7217000416202,78.3055849331991,73.145537078238,78.8817478965812,72.1086335179453,79.918651456874
"2019.024",76.0211982046764,73.2959691127293,78.7464272966235,72.6108838164576,79.4315125928952,71.3779559332795,80.6644404760733
"2019.031",76.1405380177061,73.0659389658351,79.215137069577,72.2930268431105,79.9880491923017,70.9020396002963,81.3790364351159
"2019.039",76.0588312561631,72.702857677486,79.4148048348402,71.8592118496098,80.2584506627164,70.3409272354514,81.7767352768747
"2019.047",76.0535771677985,72.4058030029992,79.7013513325978,71.4888025013502,80.6183518342467,69.8385036356118,82.2686506999852
