"","Point Forecast","Lo 75","Hi 75","Lo 85","Hi 85","Lo 95","Hi 95"
"2019.000",0.73478,0.730318559811895,0.739241440188105,0.729197014807808,0.740362985192192,0.727178603209568,0.742381396790432
"2019.008",0.73478,0.728470570778265,0.741089429221735,0.726884466622673,0.742675533377327,0.724030001565992,0.745529998434008
"2019.016",0.73478,0.727052558919272,0.742507441080728,0.725109985989218,0.744450014010782,0.72161399455048,0.74794600544952
"2019.024",0.73478,0.72585711962379,0.74370288037621,0.723614029615615,0.745945970384385,0.719577206419136,0.749982793580864
"2019.033",0.73478,0.724803916461847,0.744756083538153,0.722296065592883,0.747263934407117,0.717782760052645,0.751777239947355
"2019.041",0.73478,0.723851748021196,0.745708251978804,0.721104535037614,0.748455464962386,0.716160456531011,0.753399543468989
"2019.049",0.73478,0.722976138773084,0.746583861226916,0.720008809608103,0.749551190391897,0.714668594475792,0.754891405524208
