"","Point Forecast","Lo 75","Hi 75","Lo 85","Hi 85","Lo 95","Hi 95"
"2019.000",0.73341,0.728942036263922,0.737877963736078,0.727818851329155,0.739001148670845,0.725797488395846,0.741022511604154
"2019.008",0.73341,0.727091345088247,0.739728654911753,0.725502921720447,0.741317078279553,0.722644282845682,0.744175717154318
"2019.016",0.73341,0.725671259802737,0.741148740197263,0.723725846429426,0.743094153570574,0.720224743128397,0.746595256871603
"2019.024",0.73341,0.724474072527844,0.742345927472156,0.722227702658311,0.744592297341689,0.718184976791691,0.748635023208309
"2019.033",0.73341,0.723419329365125,0.743400670634875,0.720907811499684,0.745912188500316,0.716387906573605,0.750432093426395
"2019.041",0.73341,0.722465768657349,0.744354231342651,0.71971453868039,0.74710546131961,0.714763230908806,0.752056769091194
"2019.049",0.73341,0.721588879087482,0.745231120912518,0.718617211073756,0.748202788926244,0.713269187442814,0.753550812557186
