"","Point Forecast","Lo 75","Hi 75","Lo 85","Hi 85","Lo 95","Hi 95"
"2019.000",0.72909,0.724571924634369,0.733608075365631,0.72343614232176,0.73474385767824,0.721392108257597,0.736787891742403
"2019.008",0.72909,0.722700476542101,0.735479523457899,0.721094237791705,0.737085762208295,0.718203537096214,0.739976462903786
"2019.016",0.72909,0.721264463914302,0.736915536085698,0.719297231242525,0.738882768757475,0.715756860390994,0.742423139609007
"2019.024",0.72909,0.720053849268738,0.738126150731262,0.71778228464352,0.74039771535648,0.713694216515194,0.744485783484806
"2019.033",0.72909,0.718987276354982,0.739192723645018,0.716447589896346,0.741732410103654,0.711876990780553,0.746303009219447
"2019.041",0.72909,0.718023020734765,0.740156979265235,0.715240933609995,0.742939066390005,0.710234093135929,0.747945906864071
"2019.049",0.72909,0.717136296177893,0.741043703822107,0.714131298635223,0.744048701364777,0.708723292830105,0.749456707169895
