"","Point Forecast","Lo 75","Hi 75","Lo 85","Hi 85","Lo 95","Hi 95"
"2019.000",0.73506,0.730599332521167,0.739520667478833,0.729477981765616,0.740642018234384,0.72745991975076,0.74266008024924
"2019.008",0.73506,0.728751663554198,0.741368336445802,0.72716583410752,0.74295416589248,0.724311863436401,0.745808136563599
"2019.016",0.73506,0.727333897290992,0.742786102709008,0.725391660809271,0.744728339190729,0.721896274866716,0.748223725133284
"2019.024",0.73506,0.726138665042335,0.743981334957665,0.723895963531232,0.746224036468768,0.719859839501521,0.75026016049848
"2019.033",0.73506,0.725085644292308,0.745034355707692,0.722578227776274,0.747541772223726,0.718065703928246,0.752054296071754
"2019.041",0.73506,0.724133640764633,0.745986359235367,0.721386903590848,0.748733096409152,0.716443681385158,0.753676318614842
"2019.049",0.73506,0.723258183169656,0.746861816830344,0.720291367937992,0.749828632062008,0.714952077716378,0.755167922283622
