"","Point Forecast","Lo 75","Hi 75","Lo 85","Hi 85","Lo 95","Hi 95"
"2019.000",0.73299,0.728519126189811,0.737460873810189,0.727395209702241,0.738584790297759,0.725372530214839,0.740607469785161
"2019.008",0.73299,0.726667229621973,0.739312770378027,0.725077771682275,0.740902228317725,0.722217270918858,0.743762729081142
"2019.016",0.73299,0.725246219406524,0.740733780593476,0.723299538946588,0.742680461053412,0.71979615530698,0.74618384469302
"2019.024",0.73299,0.724048252379623,0.741931747620377,0.721800419404482,0.744179580595518,0.717755060429678,0.748224939570322
"2019.033",0.73299,0.722992822241595,0.742987177758405,0.720479668574354,0.745500331425646,0.715956819743829,0.750023180256171
"2019.041",0.73299,0.722038640460665,0.743941359539335,0.719285618552616,0.746694381447384,0.714331085895287,0.751648914104713
"2019.049",0.73299,0.721161179755089,0.744818820244911,0.718187576234572,0.747792423765428,0.712836069328915,0.753143930671085
