"","Point Forecast","Lo 75","Hi 75","Lo 85","Hi 85","Lo 95","Hi 95"
"2019.000",0.73359,0.729123152889926,0.738056847110074,0.728000248659655,0.739179751340345,0.72597939090198,0.74120060909802
"2019.008",0.73359,0.727272924235887,0.739907075764113,0.725684897844191,0.741495102155809,0.72282697339566,0.74435302660434
"2019.016",0.73359,0.72585319385571,0.74132680614429,0.723908266676846,0.743271733323154,0.720408038365683,0.746771961634317
"2019.024",0.73359,0.724656305779852,0.742523694220148,0.72241049731931,0.74476950268069,0.71836878180396,0.74881121819604
"2019.033",0.73359,0.723601826216776,0.743578173783223,0.721090936025668,0.746089063974332,0.716572160706649,0.750607839293351
"2019.041",0.73359,0.722648503821294,0.744531496178706,0.719897961427117,0.747282038572883,0.714947891078067,0.752232108921933
"2019.049",0.73359,0.721771833402197,0.745408166597803,0.718800908062757,0.748379091937243,0.713454221000913,0.753725778999087
