"","Point Forecast","Lo 75","Hi 75","Lo 85","Hi 85","Lo 95","Hi 95"
"2019.000",81.509003,80.8776420179534,82.1403639820466,80.7189265078636,82.2990794921364,80.433290866656,82.584715133344
"2019.008",81.509003,80.6161237364365,82.4018822635636,80.3916661095086,82.6263398904914,79.9877163118156,83.0302896881844
"2019.016",81.509003,80.4154537011787,82.6025522988214,80.140550373754,82.877455626246,79.6458149307299,83.3721910692701
"2019.024",81.509003,80.2462810359067,82.7717249640933,79.9288500157272,83.0891559842728,79.357578733312,83.660427266688
"2019.033",81.509003,80.0972369258027,82.9207690741973,79.7423382561585,83.2756677438415,79.1036375456215,83.9143684543785
"2019.041",81.509003,79.9624907504833,83.0555152495167,79.5737187364978,83.4442872635022,78.8740571631864,84.1439488368136
"2019.049",81.509003,79.8385788539951,83.1794271460049,79.4186570850889,83.5993489149111,78.662936212877,84.355069787123
