"","Point Forecast","Lo 75","Hi 75","Lo 85","Hi 85","Lo 95","Hi 95"
"2019.000",81.807999,81.1760367717823,82.4399612282177,81.0171701166337,82.5988278833662,80.7312624641038,82.8847355358962
"2019.008",81.807999,80.914269445947,82.701728554053,80.6895980676271,82.9263999323729,80.2852635878329,83.3307344121671
"2019.016",81.807999,80.7134083122625,82.9025896877375,80.4382431939167,83.1777548060833,79.943036613462,83.672961386538
"2019.024",81.807999,80.5440745435645,83.0719234564355,80.2263412332675,83.3896567667325,79.6545259282075,83.9614720717924
"2019.033",81.807999,80.3948884984929,83.2211095015071,80.0396518582228,83.5763461417772,79.4003429118784,84.2156550881216
"2019.041",81.807999,80.2600140041543,83.3559839958457,79.8708717618977,83.7451262381023,79.1705438996423,84.4454541003577
"2019.049",81.807999,80.1359841061496,83.4800138938504,79.715662445006,83.900335554994,78.9592218984814,84.6567761015186
