"","Point Forecast","Lo 75","Hi 75","Lo 85","Hi 85","Lo 95","Hi 95"
"2019.000",82.078003,81.4441823738653,82.7118236261347,81.2848485429145,82.8711574570855,80.9981001278165,83.1579058721835
"2019.008",82.078003,81.1816452744085,82.9743607255915,80.956313209733,83.199692790267,80.5507897121124,83.6052162878876
"2019.016",82.078003,80.9801934726496,83.1758125273504,80.7042191820782,83.4517868179218,80.2075563581386,83.9484496418614
"2019.024",82.078003,80.8103617477307,83.3456442522693,80.491694085829,83.664311914171,79.9181972556329,84.237808744367
"2019.033",82.078003,80.6607369944214,83.4952690055786,80.3044557172999,83.8515502827001,79.6632667687004,84.4927392312996
"2019.041",82.078003,80.5254658775187,83.6305401224813,80.1351792929263,84.0208267070737,79.4327919913844,84.7232140086156
"2019.049",82.078003,80.4010712474244,83.7549347525756,79.9795135552893,84.1764924447107,79.220848560098,84.935157439902
