"","Point Forecast","Lo 75","Hi 75","Lo 85","Hi 85","Lo 95","Hi 95"
"2019.000",81.712997,81.081392133882,82.344601866118,80.9226153146745,82.5033786853255,80.6368693372486,82.7891246627514
"2019.008",81.712997,80.8197728322751,82.6062211677249,80.5952285011614,82.8307654988386,80.1911226644921,83.2348713355079
"2019.016",81.712997,80.6190252815759,82.8069687184241,80.3440157636443,83.0819782363557,79.8490892126842,83.5769047873158
"2019.024",81.712997,80.449787267764,82.976206732236,80.132233629349,83.293760370651,79.5607416744972,83.8652523255028
"2019.033",81.712997,80.3006855844405,83.1253084155595,79.9456498234413,83.4803441765587,79.3067023936199,84.1192916063801
"2019.041",81.712997,80.165887358952,83.260106641048,79.7769651689115,83.6490288310885,79.0770333281652,84.3489606718348
"2019.049",81.712997,80.0419275973935,83.3840664026065,79.6218436198086,83.8041503801914,78.8658308254026,84.5601631745974
