"","Point Forecast","Lo 75","Hi 75","Lo 85","Hi 85","Lo 95","Hi 95"
"2019.000",81.592003,80.9606290335132,82.2233769664868,80.8019102593129,82.3820957406871,80.5162687437814,82.6677372562186
"2019.008",81.592003,80.6991053736651,82.4849006263349,80.4746431305878,82.7093628694122,80.0706850253464,83.1133209746536
"2019.016",81.592003,80.4984312114686,82.6855747885314,80.2235222304387,82.9604837695613,79.7287766127871,83.4552293872129
"2019.024",81.592003,80.3292550670265,82.8547509329735,80.0118175186259,83.1721884813741,79.4405344875629,83.7434715124371
"2019.033",81.592003,80.1802078917119,83.0037981082881,79.8253019232946,83.3587040767054,79.1865880773701,83.9974179226299
"2019.041",81.592003,80.0454589452303,83.1385470547697,79.6566789358396,83.5273270641604,78.9570029734321,84.2270030265679
"2019.049",81.592003,79.9215445003956,83.2624614996044,79.5016140954646,83.6823919045354,78.7458776812527,84.4381283187474
