"","Point Forecast","Lo 75","Hi 75","Lo 85","Hi 85","Lo 95","Hi 95"
"2019.000",81.808998,81.177031191958,82.440964808042,81.0181633855043,82.5998326144957,80.7322536610043,82.8857423389957
"2019.008",81.808998,80.9152619690974,82.7027340309026,80.6905889625861,82.9274070374139,80.2862515525838,83.3317444474162
"2019.016",81.808998,80.7143993797741,82.9035966202259,80.4392322673094,83.1787637326906,79.9440220980973,83.6739739019027
"2019.024",81.808998,80.545064383916,83.072931616084,80.2273287710087,83.3906672289913,79.6555093220086,83.9624866779914
"2019.033",81.808998,80.3958772576945,83.2221187423055,80.0406380430279,83.5773579569722,79.4013244636176,84.2166715363824
"2019.041",81.808998,80.2610017859217,83.3569942140783,79.871856723555,83.746139276445,79.1715237860302,84.4464722139698
"2019.049",81.808998,80.1369709890736,83.4810250109264,79.7166462818628,83.9013497181372,78.9602002534208,84.6577957465792
