"","Point Forecast","Lo 75","Hi 75","Lo 85","Hi 85","Lo 95","Hi 95"
"2019.000",1.09055,1.08558198246608,1.09551801753392,1.08433309085026,1.09676690914974,1.08208549729573,1.09901450270427
"2019.008",1.09055,1.08352416222542,1.09757583777458,1.0817579627644,1.0993420372356,1.07857938547687,1.10252061452313
"2019.016",1.09055,1.08194514121835,1.09915485878165,1.07978199748661,1.10131800251339,1.07588905125539,1.10521094874461
"2019.024",1.09055,1.08061396493215,1.10048603506785,1.07811618170052,1.10298381829948,1.07362099459145,1.10747900540855
"2019.033",1.09055,1.07944117508074,1.10165882491926,1.07664856853124,1.10445143146876,1.07162279655751,1.10947720344249
"2019.041",1.09055,1.07838089200869,1.10271910799131,1.0753217448059,1.1057782551941,1.06981628744812,1.11128371255188
"2019.049",1.09055,1.07740586109623,1.10369413890377,1.07410160446631,1.10699839553369,1.06815503087266,1.11294496912734
