"","Point Forecast","Lo 75","Hi 75","Lo 85","Hi 85","Lo 95","Hi 95"
"2019.000",1.09368,1.08855075866592,1.09880924133408,1.08726133759325,1.10009866240675,1.08494080436578,1.10241919563422
"2019.008",1.09368,1.08642615734066,1.10093384265934,1.08460264057208,1.10275735942792,1.08132091100985,1.10603908899015
"2019.016",1.09368,1.08479589340509,1.10256410659491,1.08256255059487,1.10479744940513,1.07854326914424,1.10881673085576
"2019.024",1.09368,1.08342151733184,1.10393848266816,1.0808426751865,1.1065173248135,1.07620160873155,1.11115839126845
"2019.033",1.09368,1.08221066770399,1.10514933229601,1.07932743453388,1.10803256546612,1.0741385644932,1.1132214355068
"2019.041",1.09368,1.08111597596391,1.10624402403609,1.07795755227227,1.10940244772773,1.07227342993379,1.11508657006621
"2019.049",1.09368,1.08010930301559,1.10725069698441,1.07669781552206,1.11066218447794,1.0705582616931,1.1168017383069
