"","Point Forecast","Lo 75","Hi 75","Lo 85","Hi 85","Lo 95","Hi 95"
"2019.000",1.09168,1.08665561948845,1.09670438051155,1.08539255899145,1.09796744100855,1.08311946611764,1.10024053388236
"2019.008",1.09168,1.08457445293805,1.09878554706195,1.08278821565308,1.10057178434692,1.07957357688242,1.10378642311758
"2019.016",1.09168,1.08297751767744,1.10038248232256,1.08078983272359,1.10257016727641,1.07685272037584,1.10650727962416
"2019.024",1.09168,1.08163123897691,1.10172876102309,1.07910511798289,1.10425488201711,1.07455893223529,1.10880106776471
"2019.033",1.09168,1.08044514363136,1.10291485636864,1.07762085450035,1.10573914549965,1.07253806431536,1.11082193568464
"2019.041",1.09168,1.07937283147313,1.10398716852687,1.07627897774119,1.10708102225881,1.07071106006242,1.11264893993758
"2019.049",1.09168,1.07838673867429,1.10497326132571,1.07504499470838,1.10831500529162,1.06903095625734,1.11432904374266
