"","Point Forecast","Lo 75","Hi 75","Lo 85","Hi 85","Lo 95","Hi 95"
"2019.000",1.09452,1.08934485035269,1.09969514964731,1.08804388855837,1.10099611144162,1.08570258583317,1.10333741416683
"2019.008",1.09452,1.08720123318146,1.10183876681854,1.08536139536781,1.10367860463219,1.08205029330021,1.10698970669979
"2019.016",1.09452,1.08555637787409,1.10348362212591,1.08330304594763,1.10573695405237,1.07924779067167,1.10979220932833
"2019.024",1.09452,1.08416970070538,1.10487029929462,1.08156777711675,1.10747222288325,1.07688517166634,1.11215482833366
"2019.033",1.09452,1.08294801359488,1.10609198640512,1.08003897458666,1.10900102541334,1.07480366253719,1.11423633746281
"2019.041",1.09452,1.08184352402155,1.10719647597845,1.07865683145062,1.11038316854938,1.07292183444047,1.11611816555953
"2019.049",1.09452,1.08082784103567,1.10821215896433,1.07738581966272,1.11165418033728,1.07119131490791,1.11784868509209
