"","Point Forecast","Lo 75","Hi 75","Lo 85","Hi 85","Lo 95","Hi 95"
"2019.000",1.08997,1.08503007295111,1.09490992704889,1.08378824289879,1.09615175710121,1.08155335783263,1.09838664216737
"2019.008",1.08997,1.08298388817033,1.09695611182967,1.08122767526817,1.09871232473183,1.07806707049727,1.10187292950273
"2019.016",1.08997,1.08141379536564,1.09852620463436,1.07926288262065,1.10067711737935,1.07539194813699,1.10454805186301
"2019.024",1.08997,1.08009014590222,1.09984985409778,1.07760648579757,1.10233351420243,1.07313671566526,1.10680328433474
"2019.033",1.08997,1.07892398731479,1.10101601268521,1.07614717090129,1.10379282909871,1.07114981597147,1.10879018402853
"2019.041",1.08997,1.07786969936365,1.10207030063635,1.0748278493882,1.1051121506118,1.06935352134236,1.11058647865764
"2019.049",1.08997,1.07690018153384,1.10303981846616,1.07361460804478,1.10632539195522,1.06770165795092,1.11223834204908
