"","Point Forecast","Lo 75","Hi 75","Lo 85","Hi 85","Lo 95","Hi 95"
"2019.000",1.09242,1.08735756665675,1.09748243334325,1.08608494019864,1.09875505980135,1.08379463174565,1.10104536825435
"2019.008",1.09242,1.08526063810737,1.09957936189263,1.08346087251048,1.10137912748952,1.08022188723424,1.10461811276576
"2019.016",1.09242,1.08365160823956,1.10118839176044,1.08144735455507,1.10339264544493,1.07748042394948,1.10735957605052
"2019.024",1.09242,1.0822951333135,1.1025448666865,1.07974988039729,1.10509011960271,1.07516926349131,1.10967073650869
"2019.033",1.09242,1.08110005491294,1.10373994508706,1.07825437564264,1.10658562435736,1.07313309025232,1.11170690974768
"2019.041",1.09242,1.08001962145219,1.10482037854781,1.07690233599666,1.10793766400334,1.07129224893325,1.11354775106675
"2019.049",1.09242,1.07902606034492,1.10581393965508,1.07565900722489,1.10918099277511,1.06959942063265,1.11524057936735
