"","Point Forecast","Lo 75","Hi 75","Lo 85","Hi 85","Lo 95","Hi 95"
"2019.000",1.00620865158413,1.0022528378291,1.01016446533916,1.0012584003903,1.01115890277797,0.999468740543481,1.01294856262478
"2019.008",1.00653030214865,1.00121119184724,1.01184941245006,0.999874040314724,1.01318656398258,0.997467607980763,1.01559299631654
"2019.016",1.00656459895441,0.999656707671427,1.01347249023739,0.99792015834418,1.01520903956464,0.994794941531428,1.01833425637739
"2019.024",1.00637778847575,0.997994729480659,1.01476084747085,0.99588734317971,1.0168682337718,0.9920947419588,1.02066083499271
"2019.033",1.00633451786274,0.996919535293175,1.0157495004323,0.994552737528495,1.01811629819698,0.990293281116574,1.0223757546089
"2019.041",1.0064401520569,0.996200620193665,1.01667968392014,0.993626542021324,1.01925376209248,0.988994049148639,1.02388625496517
"2019.049",1.00647879957061,0.995384902488703,1.01757269665251,0.992596048593219,1.02036155054799,0.987577030160676,1.02538056898054
