"","Point Forecast","Lo 75","Hi 75","Lo 85","Hi 85","Lo 95","Hi 95"
"2019.000",1.00701800458964,1.00304939581113,1.01098661336815,1.00205174187854,1.01198426730075,1.00025629340233,1.01377971577696
"2019.008",1.00752032597305,1.00218415464267,1.01285649730343,1.00084271420098,1.01419793774512,0.998428563243144,1.01661208870296
"2019.016",1.00762976012042,1.00069574907809,1.01456377116275,0.99895263360082,1.01630688664003,0.99581559988075,1.0194439203601
"2019.024",1.00734417608907,0.998927605489803,1.01576074668834,0.996811794830203,1.01787655734794,0.993004032538497,1.02168431963965
"2019.033",1.00724459353868,0.997793213868036,1.01669597320933,0.995417266370274,1.01907192070709,0.991141343452499,1.02334784362487
"2019.041",1.00740244387804,0.997124087849931,1.01768079990615,0.994540249813889,1.02026463794219,0.9898901924012,1.02491469535488
"2019.049",1.00748074123409,0.996343897475154,1.01861758499303,0.993544247372831,1.02141723509536,0.988505799323979,1.02645568314421
