"","Point Forecast","Lo 75","Hi 75","Lo 85","Hi 85","Lo 95","Hi 95"
"2019.000",1.00782886778313,1.00384529443682,1.01181244112944,1.00284387861668,1.01281385694958,1.00104165998197,1.01461607558429
"2019.008",1.00851507193878,1.00315868420901,1.01387145966855,1.00181216164119,1.01521798223637,0.999388864530253,1.0176412793473
"2019.016",1.00869895884049,1.00173456927458,1.01566334840641,0.999983817052239,1.01741410062875,0.996833039706399,1.02056487797459
"2019.024",1.0083120431895,0.999856622053434,1.01676746432556,0.997731044900593,1.0188930414784,0.993905706137893,1.0227183802411
"2019.033",1.00815628574953,0.998662363779211,1.01765020771985,0.996275721729545,1.02003684976951,0.991980552140863,1.02433201935819
"2019.041",1.00836823132501,0.998044374017536,1.01869208863248,0.995449097582591,1.02128736506742,0.990778454819403,1.02595800783061
"2019.049",1.00848634007571,0.997299398167736,1.01967328198369,0.994487154076387,1.02248552607504,0.989426040995437,1.02754663915599
