"","Point Forecast","Lo 75","Hi 75","Lo 85","Hi 85","Lo 95","Hi 95"
"2019.000",1.00791907195643,1.00393370305847,1.01190444085439,1.00293183586122,1.01290630805164,1.00112880489639,1.01470933901648
"2019.008",1.00862589264005,1.00326706459525,1.01398472068485,1.00191992856563,1.01533185671447,0.999495527425517,1.01775625785458
"2019.016",1.00881800939323,1.00184998265846,1.015786036128,1.00009831610164,1.01753770268481,0.996945893254913,1.02069012553154
"2019.024",1.00841968679594,0.999959621116023,1.01687975247587,0.99783287638842,1.01900649720347,0.994005436375719,1.02283393721617
"2019.033",1.00825769194717,0.998758666565991,1.01775671732835,0.996370741588679,1.02014464230566,0.992073263152801,1.02444212074154
"2019.041",1.00847575569663,0.998146434373693,1.01880507701956,0.995549784360041,1.02140172703322,0.990876669607602,1.02607484178565
"2019.049",1.00859830251019,0.997405356746106,1.01979124827427,0.994591603367502,1.02260500165287,0.989527774066613,1.02766883095376
