"","Point Forecast","Lo 75","Hi 75","Lo 85","Hi 85","Lo 95","Hi 95"
"2019.000",1.00837036934585,1.00437562707107,1.01236511162064,1.00337140353517,1.01336933515654,1.00156413193688,1.01517660675483
"2019.008",1.00918080573888,1.00380921499591,1.01455239648185,1.00245887059864,1.01590274087912,1.00002869545351,1.01833291602424
"2019.016",1.00941397868758,1.00242700741253,1.01640094996263,1.00067057845756,1.0181573789176,0.997509584862773,1.02131837251238
"2019.024",1.00895820055909,1.00047396036337,1.01744244075481,0.998341138493353,1.01957526262483,0.994502761625959,1.02341363949222
"2019.033",1.00876500873731,0.999239377577679,1.01829063989693,0.996844764271792,1.02068525320282,0.992535249047447,1.02499476842717
"2019.041",1.00901396629465,0.998656144757653,1.01937178783165,0.996052330180239,1.02197560240907,0.991366321572858,1.02666161101645
"2019.049",1.00915876055287,0.997934527890868,1.02038299321488,0.995112909414317,1.02320461169143,0.990034925527694,1.02828259557805
