"","Point Forecast","Lo 75","Hi 75","Lo 85","Hi 85","Lo 95","Hi 95"
"2019.000",1.0094558880059,1.00543598246489,1.01347579354691,1.00442543322824,1.01448634278355,1.00260677745215,1.01630499855965
"2019.008",1.01051830764429,1.00511218624565,1.01592442904293,1.00375316131413,1.01728345397446,1.0013073640665,1.01972925122208
"2019.016",1.01084927435186,1.00381164259711,1.01788690610661,1.00204247829089,1.01965607041283,0.998858565258542,1.02283998344518
"2019.024",1.01025290927997,1.00170420017788,1.01880161838207,0.999555171707114,1.02095064685283,0.995687628296435,1.02481819026351
"2019.033",1.00998471556655,1.00038785477324,1.01958157635986,0.997975335312288,1.02199409582081,0.993633594906677,1.02633583622642
"2019.041",1.01030976140651,0.999875556556265,1.02074396625676,0.997252540259281,1.02336698255375,0.992531974881244,1.02808754793178
"2019.049",1.01050844739212,0.999200572409068,1.02181632237516,0.996357927397734,1.0246589673865,0.991242102674122,1.02977479211011
