"","Point Forecast","Lo 75","Hi 75","Lo 85","Hi 85","Lo 95","Hi 95"
"2019.000",0.73828,0.733564954575419,0.742995045424581,0.732379656685719,0.744180343314281,0.730246510891996,0.746313489108004
"2019.007",0.73828,0.731611918813352,0.744948081186648,0.729935654462286,0.746624345537714,0.726918930750285,0.749641069249715
"2019.015",0.73828,0.73011330176463,0.74644669823537,0.728060305597566,0.748499694402434,0.724365588702887,0.752194411297113
"2019.022",0.73828,0.728849909150838,0.747710090849162,0.726479313371438,0.750080686628562,0.722213021783993,0.754346978216007
"2019.030",0.73828,0.727736837913637,0.748823162086363,0.725086431258681,0.751473568741319,0.720316572258,0.756243427742
"2019.037",0.73828,0.726730544595732,0.749829455404268,0.723827169572769,0.752732830427231,0.718602050831185,0.757957949168815
"2019.045",0.73828,0.725805162386186,0.750754837613815,0.72266915894051,0.75389084105949,0.717025385660076,0.759534614339924
