"","Point Forecast","Lo 75","Hi 75","Lo 85","Hi 85","Lo 95","Hi 95"
"2019.000",0.738607,0.733867329202265,0.743346670797735,0.732675840830777,0.744538159169223,0.730531554208827,0.746682445791173
"2019.008",0.738607,0.73190409327666,0.74530990672334,0.730219074262292,0.746994925737708,0.727186595039914,0.750027404960086
"2019.015",0.738607,0.730397649367173,0.746816350632827,0.728333930971128,0.748880069028872,0.72461991759592,0.75259408240408
"2019.023",0.738607,0.729127658404531,0.748086341595469,0.726744681661555,0.750469318338445,0.722456108417654,0.754757891582346
"2019.030",0.738607,0.728008773905295,0.749205226094705,0.725344524912247,0.751869475087753,0.720549754262323,0.756664245737677
"2019.038",0.738607,0.72699722499678,0.75021677500322,0.724078686452175,0.753135313547825,0.71882627836612,0.75838772163388
"2019.045",0.738607,0.726067009772879,0.751146990227121,0.722914627851896,0.754299372148104,0.717241378710573,0.759972621289427
