"","Point Forecast","Lo 75","Hi 75","Lo 85","Hi 85","Lo 95","Hi 95"
"2019.000",0.73959,0.734879141525943,0.744300858474057,0.733694896178302,0.745485103821698,0.731563644613605,0.747616355386395
"2019.008",0.73959,0.732927840055568,0.746252159944432,0.731253064223758,0.747926935776242,0.728239019356134,0.750940980643866
"2019.015",0.73959,0.731430553775667,0.747749446224333,0.729379380664926,0.749800619335074,0.72568794467116,0.75349205532884
"2019.023",0.73959,0.730168283051886,0.749011716948114,0.727799792356605,0.751380207643395,0.72353728922721,0.75564271077279
"2019.031",0.73959,0.729056200219628,0.750123799780372,0.726408147120265,0.752771852879735,0.721642523744449,0.757537476255551
"2019.038",0.73959,0.728050800488094,0.751129199511906,0.72515000365611,0.75402999634389,0.719929524809093,0.759250475190907
"2019.046",0.73959,0.727126240016024,0.752053759983976,0.723993021334882,0.755186978665118,0.718354259713375,0.760825740286625
