"","Point Forecast","Lo 75","Hi 75","Lo 85","Hi 85","Lo 95","Hi 95"
"2019.000",0.733299,0.728557030220662,0.738040969779338,0.727364963916662,0.739233036083338,0.725219637206548,0.741378362793452
"2019.008",0.733299,0.726592842025696,0.740005157974304,0.724907005691332,0.741690994308668,0.721873055562168,0.744724944437833
"2019.015",0.733299,0.72508566741423,0.74151233258577,0.723020948009712,0.743577051990288,0.719305133148959,0.747292866851041
"2019.023",0.733299,0.723815060441323,0.742782939558677,0.721430927833324,0.745167072166676,0.717140274413096,0.749457725586904
"2019.030",0.733299,0.72269563322615,0.74390236677385,0.72003009193672,0.74656790806328,0.715232995578959,0.751365004421041
"2019.038",0.733299,0.721683593664923,0.744914406335077,0.718763639480558,0.747834360519442,0.713508683709215,0.753089316290785
"2019.045",0.733299,0.720752927239287,0.745845072760713,0.717599016252604,0.748998983747396,0.711923015296658,0.754674984703342
