"","Point Forecast","Lo 75","Hi 75","Lo 85","Hi 85","Lo 95","Hi 95"
"2019.000",0.741675,0.736894943609646,0.746455056390354,0.735693302852889,0.747656697147111,0.733530745281401,0.749819254718599
"2019.008",0.741675,0.734914979423853,0.748435020576147,0.733215602768548,0.750134397231452,0.730157284521536,0.753192715478464
"2019.015",0.741675,0.733395699468862,0.749954300531138,0.731314396625715,0.752035603374285,0.727568737037603,0.755781262962397
"2019.023",0.741675,0.732114887219291,0.751235112780709,0.729711605705779,0.753638394294221,0.725386490562801,0.757963509437199
"2019.030",0.741675,0.730986468974885,0.752363531025115,0.728299518558244,0.755050481441756,0.723463892823138,0.759886107176862
"2019.038",0.741675,0.729966300901902,0.753383699098098,0.727022894193717,0.756327105806283,0.721725731604177,0.761624268395823
"2019.045",0.741675,0.729028159538257,0.754321840461743,0.725848916930641,0.757501083069359,0.720127327400622,0.763222672599378
