"","Point Forecast","Lo 75","Hi 75","Lo 85","Hi 85","Lo 95","Hi 95"
"2019.000",0.738771,0.734047077112102,0.743494922887898,0.732859547549621,0.744682452450379,0.73072238547995,0.746819614520049
"2019.008",0.738771,0.73209036418433,0.74545163581567,0.730410943771351,0.747131056228649,0.727388540187433,0.750153459812567
"2019.015",0.738771,0.730588925547123,0.746953074452877,0.728532064009416,0.749009935990584,0.724830390720738,0.752711609279262
"2019.023",0.738771,0.729323154224204,0.748218845775796,0.726948095099242,0.750593904900758,0.722673770959901,0.754868229040099
"2019.031",0.738771,0.728207987302193,0.749334012697807,0.725552590475195,0.751989409524805,0.720773750808477,0.756768249191522
"2019.038",0.738771,0.727199799340395,0.750342200659604,0.724290957857847,0.753251042142153,0.719056001289523,0.758485998710477
"2019.046",0.738771,0.726272674825976,0.751269325174024,0.723130766929114,0.754411233070886,0.717476367581326,0.760065632418674
