"","Point Forecast","Lo 75","Hi 75","Lo 85","Hi 85","Lo 95","Hi 95"
"2019.000",171.889999,169.766516704599,174.013481295401,169.232702317481,174.547295682519,168.272012245894,175.507985754106
"2019.008",171.889999,168.886941538384,174.893056461616,168.132013992333,175.647984007667,166.773393063857,177.006604936143
"2019.016",171.889999,168.212019775392,175.567978224608,167.287426135093,176.492571864907,165.623462120777,178.156535879223
"2019.024",171.889999,167.643034409198,176.136963590802,166.575405634962,177.204592365037,164.654025491787,179.125972508213
"2019.032",171.889999,167.141748238466,176.638249761534,165.948102981503,177.831895018497,163.799934676124,179.980063323875
"2019.040",171.889999,166.688550898433,177.091447101567,165.380978032639,178.399019967361,163.027777556291,180.752220443709
"2019.048",171.889999,166.27179293292,177.50820506708,164.859452818338,178.920545181662,162.317705801909,181.462292198091
