"","Point Forecast","Lo 75","Hi 75","Lo 85","Hi 85","Lo 95","Hi 95"
"2019.000",170.600006,168.480874024715,172.719137975285,167.948153248536,173.251858751464,166.989431316429,174.210580683571
"2019.008",170.600006,167.603100820093,173.596911179907,166.849719873463,174.350292126537,165.493882314533,175.706129685467
"2019.016",170.600006,166.929561750862,174.270450249138,166.006862300272,175.193149699728,164.346307203534,176.853704796466
"2019.024",170.600006,166.361742049429,174.838269950571,165.296300497071,175.903711502929,163.378856632859,177.821155367141
"2019.032",170.600006,165.861482849968,175.338529150032,164.670282981406,176.529729018594,162.526515569696,178.673496430304
"2019.040",170.600006,165.409213962934,175.790798037066,164.104319885917,177.095692114083,161.755940347041,179.444071652959
"2019.048",170.600006,164.99330979807,176.20670220193,163.583863106063,177.616148893937,161.047323297246,180.152688702754
