"","Point Forecast","Lo 75","Hi 75","Lo 85","Hi 85","Lo 95","Hi 95"
"2019.000",1.60870699648131,1.52775151533982,1.6896624776228,1.50740041533633,1.71001357762629,1.47077513847782,1.74663885448481
"2019.008",1.60853981067138,1.486425255402,1.73065436594076,1.45572732746522,1.76135229387754,1.40048116831537,1.81659845302739
"2019.016",1.60851819348733,1.45515768299487,1.76187870397978,1.41660494954667,1.80043143742798,1.34722272765446,1.86981365932019
"2019.024",1.60851539837782,1.42918489148512,1.78784590527052,1.38410365636688,1.83292714038877,1.30297228179517,1.91405851496048
"2019.032",1.60851503696918,1.40651597176923,1.81051410216913,1.35573617133409,1.86129390260427,1.2643492561581,1.95268081778026
"2019.040",1.60851499023891,1.3861451225923,1.83088485788553,1.33024438121655,1.88678559926127,1.22964145905846,1.98738852141937
"2019.048",1.60851498419667,1.36748974883612,1.84954021955723,1.30689930333417,1.91013066505918,1.19785645842116,2.01917350997219
