"","Point Forecast","Lo 75","Hi 75","Lo 85","Hi 85","Lo 95","Hi 95"
"2019.000",1.62,1.53872271514833,1.70127728485167,1.5182907180963,1.7217092819037,1.4815198531959,1.7584801468041
"2019.008",1.62,1.4974005441855,1.7425994558145,1.46658071888801,1.77341928111199,1.41111518463887,1.82888481536113
"2019.016",1.62,1.46603080160309,1.77396919839691,1.42732505234621,1.81267494765379,1.35766745239798,1.88233254760202
"2019.024",1.62,1.43995790299836,1.80004209700164,1.39469778386554,1.84530221613446,1.31324447698755,1.92675552301245
"2019.032",1.62,1.41719950983309,1.82280049016692,1.36621824212954,1.87378175787046,1.27446875222874,1.96553124777126
"2019.040",1.62,1.39674796946697,1.84325203053303,1.34062546441485,1.89937453558515,1.23962344068273,2.00037655931727
"2019.048",1.62,1.37801865703702,1.86198134296298,1.3171878591691,1.9228121408309,1.20771245916345,2.03228754083655
