"","Point Forecast","Lo 75","Hi 75","Lo 85","Hi 85","Lo 95","Hi 95"
"2019.000",1.63257937516363,1.55191858434511,1.71324016598215,1.53164156545569,1.73351718487157,1.49514961020201,1.77000914012525
"2019.008",1.63291203397537,1.51126201734151,1.75456205060922,1.48068086806004,1.7851431998907,1.42564487202574,1.840179195925
"2019.016",1.63295493656921,1.48018898402094,1.78572088911749,1.4417857143028,1.82412415883563,1.37267247789504,1.89323739524338
"2019.024",1.63296046966347,1.45433193545348,1.81158900387345,1.40942716666048,1.85649377266645,1.32861337335059,1.93730756597634
"2019.031",1.63296118325976,1.43175730032909,1.83416506619043,1.38117739783359,1.88474496868593,1.29015023310752,1.975772133412
"2019.039",1.63296127529139,1.41147000054589,1.85445255003688,1.35579012540108,1.91013242518169,1.2555846897108,2.01033786087197
"2019.047",1.63296128716059,1.39289080623221,1.87303176808898,1.33254037292775,1.93338220139343,1.22392947091617,2.04199310340501
