"","Point Forecast","Lo 75","Hi 75","Lo 85","Hi 85","Lo 95","Hi 95"
"2019.000",102.088870092178,100.379584325096,103.79815585926,99.9498932765109,104.227846907845,99.1765909186352,105.001149265721
"2019.008",101.791986165063,99.3297061700981,104.254266160029,98.7107226780902,104.873249652037,97.5967562702917,105.987216059835
"2019.016",101.783295207996,98.9371114759749,104.629478940016,98.2216198385721,105.344970577419,96.9339705564529,106.632619859538
"2019.024",101.843261125392,98.6704878092862,105.016034441497,97.8728960201445,105.813626230639,96.4374935066497,107.249028744134
"2019.032",101.847237804837,98.3500010048514,105.344474604823,97.4708435364646,106.22363207321,95.888649666041,107.805825943633
"2019.040",101.835207556947,98.0381504941562,105.632264619738,97.0836223150356,106.586792798859,95.3657859905347,108.30462912336
"2019.048",101.833956297235,97.7640461402153,105.903866454254,96.740926427469,106.926986167001,94.8996479347922,108.768264659678
