"","Point Forecast","Lo 75","Hi 75","Lo 85","Hi 85","Lo 95","Hi 95"
"2019.000",100.517227756751,98.8144100918927,102.220045421609,98.3863450356839,102.648110477818,97.6159689285245,103.418486584977
"2019.008",100.595681713719,98.1524036230945,103.038959804343,97.5381969497782,103.65316647766,96.4328272422588,104.758536185179
"2019.016",100.535105485124,97.7165430925405,103.353667877707,97.007995081847,104.062215888401,95.732842040746,105.337368929502
"2019.024",100.51730150805,97.3767951836194,103.657807832481,96.5873148745791,104.447288141522,95.1665103535465,105.868092662554
"2019.031",100.529177660116,97.0677913623002,103.990563957931,96.1976462195095,104.860709100722,94.6316715667223,106.426683753509
"2019.039",100.533163818052,96.7758273665625,104.290500269541,95.8312844055074,105.235043230596,94.1314181846413,106.934909451462
"2019.047",100.530849820888,96.504363340637,104.557336301138,95.4921597459346,105.56953989584,93.6705266702384,107.391172971537
