"","Point Forecast","Lo 75","Hi 75","Lo 85","Hi 85","Lo 95","Hi 95"
"2019.000",100.206414817368,98.4966891455249,101.916140489211,98.0668875109031,102.345942123833,97.2933861345859,103.11944350015
"2019.008",100.513522506592,98.0603103537252,102.966734659458,97.4436063931187,103.583438620064,96.3337423910214,104.693302622162
"2019.016",100.592709265952,97.7626709471111,103.422747584794,97.0512380456157,104.134180486289,95.7708931512828,105.414525380622
"2019.024",100.532182648394,97.3788840434649,103.685481253324,96.5861879301822,104.478177366606,95.1595960207196,105.904769276069
"2019.032",100.514229671159,97.0387428197251,103.989716522592,96.1650529907347,104.863406351583,94.59269907032,106.435760271997
"2019.040",100.526090602985,96.7534457842179,104.298735421752,95.8050545091393,105.24712669683,94.0982625905701,106.9539186154
"2019.048",100.530106887083,96.4872129296175,104.573000844549,95.4708847196957,105.589329054471,93.6418286951505,107.418385079016
