"","Point Forecast","Lo 75","Hi 75","Lo 85","Hi 85","Lo 95","Hi 95"
"2019.000",97.883398759033,96.2549774325901,99.511820085476,95.8456145976717,99.9211829203943,95.1088963287871,100.657901189279
"2019.008",97.7407767587861,95.3119507684332,100.169602749139,94.7013771553339,100.780176362238,93.6025457595652,101.879007758007
"2019.016",97.87909994326,95.1261892377251,100.632010648795,94.4341451626476,101.324054723872,93.1886937696682,102.569506116852
"2019.024",97.8030508562943,94.5918247165841,101.014276996005,93.784566413853,101.821535298736,92.3317673598071,103.274334352782
"2019.032",97.8312485624489,94.2919892996044,101.370507825293,93.4022679591736,102.260229165724,91.8010625985484,103.861434526349
"2019.040",97.8264198376431,93.9680595171724,101.684780158114,92.9981205380666,102.65471913722,91.2525498495278,104.400289825758
"2019.048",97.8237985872865,93.6709154644618,101.976681710111,92.6269374836787,103.020659690894,90.7481209787323,104.899476195841
