"","Point Forecast","Lo 75","Hi 75","Lo 85","Hi 85","Lo 95","Hi 95"
"2019.000",98.9802825802349,97.354359198363,100.606205962107,96.945624312523,101.014940847947,96.2100361451485,101.750529015321
"2019.008",98.7724454139403,96.3429629212035,101.201927906677,95.7322242723899,101.812666555491,94.6330958666938,102.911794961187
"2019.016",98.9390157675975,96.1824663134268,101.695565221768,95.4895075067421,102.388524028453,94.2424098981597,103.635621637035
"2019.024",98.855439851886,95.640383467215,102.070496236557,94.8321622933213,102.878717410451,93.3776303883289,104.333249315443
"2019.032",98.8834694067268,95.3390723833012,102.427866430153,94.4480594801756,103.318879333278,92.8445297321085,104.922409081345
"2019.040",98.8802547901303,95.0156330453144,102.744876534946,94.044120029822,103.716389550439,92.2957165942358,105.464792986025
"2019.048",98.8765062420851,94.7167380786092,103.036274405561,93.671029292835,104.081983191335,91.7890979089888,105.963914575181
