"","Point Forecast","Lo 75","Hi 75","Lo 85","Hi 85","Lo 95","Hi 95"
"2019.000",97.5119856077604,95.8883646502085,99.1356065653122,95.4802085623317,99.543762653189,94.7456620406491,100.278309174872
"2019.008",98.0328623762326,95.6120143589649,100.4537103935,95.0034462991129,101.062278453352,93.9082242386096,102.157500513856
"2019.016",97.699953463757,94.9562650052655,100.443641922249,94.2665392768792,101.133367650635,93.025260144338,102.374646783176
"2019.024",97.841842258421,94.6418825531333,101.041801963709,93.8374564778237,101.846228039018,92.3897545002711,103.293930016571
"2019.031",97.8066269753553,94.279541958009,101.333711992702,93.3928810562799,102.220372894431,91.7971834772852,103.816070473425
"2019.039",97.8018695489842,93.9571160739685,101.646623024,92.990597669587,102.613141428381,91.2511828888994,104.352556209069
"2019.047",97.8136127808932,93.6753076574359,101.95191790435,92.6349943861795,102.992231175607,90.7627731513167,104.86445241047
