"","Point Forecast","Lo 75","Hi 75","Lo 85","Hi 85","Lo 95","Hi 95"
"2019.000",668.975442818838,654.786378135291,683.164507502385,651.21944146517,686.731444172506,644.800130319455,693.150755318221
"2019.008",668.975442818838,651.285853643674,686.665031994002,646.838933024485,691.11195261319,638.835940615344,699.114945022332
"2019.016",668.975442818838,648.371715637129,689.579170000546,643.192220605944,694.758665031731,633.870835547056,704.080050090619
"2019.024",668.975442818838,645.821488893634,692.129396744041,640.000901761498,697.949983876177,629.525762080743,708.425123556933
"2019.032",668.975442818838,643.525539263762,694.425346373913,637.127781817008,700.823103820667,625.613925675532,712.336959962144
"2019.040",668.975442818838,641.420232793239,696.530652844436,634.493230112988,703.457655524687,622.026906871475,715.923978766201
"2019.048",668.975442818838,639.464739537706,698.48614609997,632.046152615864,705.904733021811,618.695139655149,719.255745982526
