"","Point Forecast","Lo 75","Hi 75","Lo 85","Hi 85","Lo 95","Hi 95"
"2019.000",672.347602240965,658.207758495256,686.487445986673,654.653195295271,690.042009186658,648.256152320286,696.439052161643
"2019.008",672.347602240965,654.729837480993,689.965367000937,650.300972536795,694.394231945134,642.330474395547,702.364730086383
"2019.016",672.347602240965,651.833312364823,692.861892117107,646.676300648219,698.01890383371,637.395378150132,707.299826331797
"2019.024",672.347602240965,649.29794838007,695.397256101859,643.503580856652,701.191623625277,633.0756278355,711.619576646429
"2019.031",672.347602240965,647.015073802379,697.68013067955,640.646822853517,704.048381628412,629.186068689536,715.509135792393
"2019.039",672.347602240965,644.921566233616,699.773638248314,638.027036133679,706.66816834825,625.619152841068,719.076051640861
"2019.047",672.347602240965,642.976904171952,701.718300309977,635.593512644329,709.1016918376,622.305839800715,722.389364681214
