"","Point Forecast","Lo 75","Hi 75","Lo 85","Hi 85","Lo 95","Hi 95"
"2019.000",672.375479647948,658.136747300892,686.614211995004,654.557324859916,690.19363443598,648.115543439165,696.635415856731
"2019.008",672.375479647948,654.631945193013,690.119014102882,650.171463468785,694.579495827111,642.144065537263,702.606893758633
"2019.016",672.375479647948,651.713327507965,693.037631787931,646.519145241873,698.231814054023,637.171327997763,707.579631298133
"2019.024",672.375479647948,649.158760518016,695.59219877788,643.322395072415,701.428564223481,632.818859624408,711.932099671488
"2019.032",672.375479647948,646.858670222385,697.892289073511,640.444093555463,704.306865740432,628.899968357519,715.850990938377
"2019.040",672.375479647948,644.74942167069,700.001537625206,637.804608785015,706.946350510881,625.30623303998,719.444726255916
"2019.048",672.375479647948,642.790169180333,701.960790115563,635.352827032882,709.398132263014,621.968060843577,722.782898452319
