"","Point Forecast","Lo 75","Hi 75","Lo 85","Hi 85","Lo 95","Hi 95"
"2019.000",335.90884957481,328.185180185871,343.632518963748,326.243555407513,345.574143742106,322.749270329532,349.068428820087
"2019.008",335.90884957481,325.972594783098,345.845104366521,323.474756315893,348.342942833726,318.979469800986,352.838229348633
"2019.016",335.90884957481,324.169886684418,347.647812465201,321.218872073041,350.598827076579,315.908017763609,355.909681386011
"2019.024",335.90884957481,322.609325515725,349.208373633894,319.266007184354,352.551691965265,313.249135394054,358.568563755566
"2019.032",335.90884957481,321.213563573702,350.604135575917,317.519369792483,354.298329357136,310.87103776213,360.946661387489
"2019.040",335.90884957481,319.939331075164,351.878368074456,315.924812682939,355.89288646668,308.70000185976,363.117697289859
"2019.048",335.90884957481,318.759516889054,353.058182260565,314.448409357361,357.369289792258,306.689835772247,365.127863377373
