"","Point Forecast","Lo 75","Hi 75","Lo 85","Hi 85","Lo 95","Hi 95"
"2019.000",335.181476758999,327.427038220477,342.935915297522,325.47767849902,344.885275018979,321.969473071158,348.393480446841
"2019.008",335.181476758999,325.207584134952,345.155369383046,322.700284031809,347.662669486189,318.187969688641,352.174983829357
"2019.016",335.181476758999,323.39904275306,346.963910764938,320.437100098179,349.925853419819,315.106578909867,355.256374608131
"2019.024",335.181476758999,321.833332014032,348.529621503967,318.477791107652,351.885162410346,312.438922708148,357.92403080985
"2019.032",335.181476758999,320.432911230077,349.930042287921,316.72532370475,353.637629813249,310.052887346566,360.310066171432
"2019.040",335.181476758999,319.154393362785,351.208560155213,315.125403943396,355.237549574602,307.874550037718,362.48840348028
"2019.048",335.181476758999,317.970590110791,352.392363407208,313.644008755363,356.718944762635,305.857587384222,364.505366133777
