"","Point Forecast","Lo 75","Hi 75","Lo 85","Hi 85","Lo 95","Hi 95"
"2019.000",184.251539485427,179.901430837706,188.601648133148,178.807873059189,189.695205911664,176.839829248679,191.663249722174
"2019.008",184.159478920921,177.974614420727,190.344343421115,176.41982413134,191.899133710502,173.621713719815,194.697244122027
"2019.016",184.325864819818,176.35920580232,192.292523837317,174.356496756895,194.295232882742,170.752280117835,197.899449521802
"2019.024",184.317840501988,174.570048791572,194.065632212404,172.119587363703,196.516093640274,167.709563914776,200.926117089201
"2019.031",184.168320379863,173.172891958437,195.163748801289,170.408791736556,197.927849023169,165.434321763253,202.902318996473
"2019.039",184.206837994586,172.241368338194,196.172307650978,169.233413025812,199.18026296336,163.820084209427,204.593591779745
"2019.047",184.326007631527,171.255777118205,197.39623814485,167.970100046131,200.681915216924,162.056963536962,206.595051726092
