"","Point Forecast","Lo 75","Hi 75","Lo 85","Hi 85","Lo 95","Hi 95"
"2019.000",186.45876207254,182.09731165942,190.820212485661,181.000902716306,191.916621428775,179.027727748621,193.889796396459
"2019.008",185.982094138709,179.779612265682,192.184576011737,178.220393209875,193.743795067544,175.414312477521,196.549875799898
"2019.016",186.046201475949,178.053474186834,194.038928765064,176.044211934695,196.048191017204,172.428201682013,199.664201269886
"2019.024",186.449724974457,176.675333071847,196.224116877067,174.21818471971,198.681265229204,169.796127009608,203.103322939306
"2019.032",186.307936375325,175.287958138867,197.327914611784,172.517686429476,200.098186321175,167.532109811387,205.083762939263
"2019.040",185.992299060372,174.001363741592,197.983234379152,170.987006710209,200.997591410535,165.562156908189,206.422441212555
"2019.048",186.183079523995,173.084592421327,199.281566626663,169.791812029411,202.574347018579,163.865891884184,208.500267163806
