"","Point Forecast","Lo 75","Hi 75","Lo 85","Hi 85","Lo 95","Hi 95"
"2019.000",28.5228472011328,28.009009035484,29.0366853667816,27.8798371530212,29.1658572492444,27.6473703106036,29.3983240916619
"2019.008",28.2716354561282,27.5934637376023,28.9498071746542,27.4229806490127,29.1202902632438,27.1161672424539,29.4271036698026
"2019.016",28.4195171966995,27.6625803080799,29.176454085319,27.4722967337077,29.3667376596913,27.1298489745292,29.7091854188697
"2019.024",28.3685484696755,27.4844232156211,29.2526737237299,27.2621662268765,29.4749307124745,26.8621768530779,29.8749200862731
"2019.032",28.3656818578552,27.4023947734827,29.3289689422276,27.1602375840039,29.5711261317065,26.7244344035162,30.0069293121941
"2019.040",28.3852828979845,27.3383672979928,29.4321984979761,27.0751870442259,29.695378751743,26.6015492724958,30.1690165234731
"2019.048",28.368383641158,27.2441593490634,29.4926079332526,26.9615447481473,29.7752225341687,26.452931552741,30.2838357295751
