"","Point Forecast","Lo 75","Hi 75","Lo 85","Hi 85","Lo 95","Hi 95"
"2019.000",27.6540640691847,27.1366200515491,28.1715080868203,27.0065417072465,28.3015864311229,26.7724435320832,28.5356846062862
"2019.008",27.9291709242988,27.2483802073472,28.6099616412504,27.077238738397,28.7811031102006,26.7692404640432,29.0891013845544
"2019.016",27.7195331674133,26.9565875918833,28.4824787429434,26.7647935158565,28.6742728189701,26.4196273512218,29.0194389836048
"2019.024",27.8217349313164,26.9320795256356,28.7113903369972,26.7084323324578,28.9350375301751,26.3059410485782,29.3375288140547
"2019.031",27.796169620691,26.826314438463,28.7660248029189,26.5825061190741,29.0098331223078,26.1437314485897,29.4486077927922
"2019.039",27.7865791533384,26.7317659980745,28.8413923086024,26.4666004069979,29.106557899679,25.9893896820313,29.5837686246455
"2019.047",27.803510257554,26.6711925717481,28.9358279433599,26.3865434024191,29.220477112689,25.8742686540058,29.7327518611023
