"","Point Forecast","Lo 75","Hi 75","Lo 85","Hi 85","Lo 95","Hi 95"
"2019.000",72.7291840023434,71.6834816121475,73.7748863925393,71.4206063427193,74.0377616619676,70.9475174423445,74.5108505623423
"2019.008",73.141813992481,71.6518093879477,74.6318185970144,71.2772426225483,75.0063853624138,70.6031458178352,75.6804821671269
"2019.016",72.7930398220475,71.0466107090034,74.5394689350915,70.6075823315864,74.9784973125086,69.8174758572981,75.7686037867968
"2019.024",73.0717045695589,71.0327965364197,75.1106126026981,70.5202429613527,75.623166177765,69.5978153486719,76.5455937904458
"2019.031",72.851529031564,70.607530720896,75.095527342232,70.0434202569207,75.6596378062073,69.0282072257658,76.6748508373622
"2019.039",73.0250907625524,70.5566553467253,75.4935261783794,69.9361244661559,76.1140570589488,68.8193732686178,77.2308082564869
"2019.047",72.8883398745538,70.2410751947195,75.5356045543882,69.5755890846331,76.2010906644745,68.3779332811027,77.3987464680049
