"","Point Forecast","Lo 75","Hi 75","Lo 85","Hi 85","Lo 95","Hi 95"
"2019.000",73.4196449549636,72.3724145971682,74.466875312759,72.1091552175971,74.7301346923301,71.6353750454817,75.2039148644454
"2019.008",73.8147740609995,72.3185619408297,75.3109861811693,71.9424346909553,75.6871134310438,71.2655295281719,76.3640185938271
"2019.016",73.495234179511,71.7459440466929,75.2445243123291,71.3061964480605,75.6842719109615,70.5147956124783,76.4756727465437
"2019.024",73.7461642445838,71.7017705239996,75.7905579651679,71.1878379221861,76.3044905669814,70.2629285155786,77.2293999735889
"2019.032",73.5503663584786,71.3021216970268,75.7986110199305,70.73694375858,76.3637889583773,69.7198096249759,77.3809230919814
"2019.040",73.702928804149,71.229254122175,76.1766034861229,70.6074061618008,76.7984514464971,69.4882846544275,77.9175729538704
"2019.048",73.5840922876922,70.9318939086704,76.2362906667141,70.2651675341309,76.9030170412536,69.0652796630971,78.1029049122874
