"","Point Forecast","Lo 75","Hi 75","Lo 85","Hi 85","Lo 95","Hi 95"
"2019.000",9.69038994399121,9.33495757941061,10.0458223085718,9.24560674739697,10.1351731405854,9.08480467972117,10.2959752082613
"2019.008",9.66138917793954,9.13441395840053,10.1883643974786,9.00193960038325,10.3208387554958,8.76352938972116,10.5592489661579
"2019.016",9.78511569875889,9.12341880911014,10.4468125884076,8.95707726702599,10.6131541304918,8.6577172800543,10.9125141174635
"2019.024",9.78017060598891,8.9842169600966,10.5761242518812,8.78412510692873,10.7762161050491,8.42402567652204,11.1363155354558
"2019.032",9.78017060598891,8.81223765391659,10.7481035580612,8.56891255688123,10.9914286550966,8.13100752747168,11.4293336845061
"2019.040",9.78017060598891,8.66650719498645,10.8938340169914,8.3865474550409,11.1737937569369,7.88271213493608,11.6776290770417
"2019.048",9.78017060598891,8.53775433665572,11.0225868753221,8.22542789023548,11.3349133217423,7.66334315926684,11.896998052711
