"","Point Forecast","Lo 75","Hi 75","Lo 85","Hi 85","Lo 95","Hi 95"
"2019.000",10.1468034119394,9.79325998815901,10.5003468357198,9.70438401001054,10.5892228138682,9.54443652288694,10.7491703009918
"2019.008",10.1748290197798,9.6493307954233,10.7003272441363,9.51722773378076,10.8324303057788,9.2794857342974,11.0701723052622
"2019.016",10.2601535886144,9.59565340837884,10.92465376885,9.42860715740696,11.0917000198218,9.12797892655099,11.3923282506778
"2019.024",10.2738166494004,9.47172960549637,11.0759036933045,9.27009590000994,11.2775373987909,8.90722164327777,11.6404116555231
"2019.031",10.2738166494004,9.29509646991487,11.252536828886,9.04905961154165,11.4985736872592,8.6062743049109,11.94135899389
"2019.039",10.2738166494004,9.14579060649816,11.4018426923027,8.86222029745975,11.6854130013411,8.35188714221973,12.1957461565811
"2019.047",10.2738166494004,9.01405781644895,11.5335754823519,8.69737168688513,11.8502616119157,8.12744096222959,12.4201923365713
