"","Point Forecast","Lo 75","Hi 75","Lo 85","Hi 85","Lo 95","Hi 95"
"2019.000",9.9540349606864,9.59906504595697,10.3090048754158,9.50983046750683,10.398239453866,9.34923761795429,10.5588323034185
"2019.008",10.0969790198737,9.56954966427103,10.6244083754764,9.43696114266263,10.7569968970848,9.19834547513921,10.9956125646082
"2019.016",10.1223723002913,9.45560619176318,10.7891384088195,9.28799031743,10.9567542831527,8.9863369521435,11.2584076484392
"2019.024",10.2026347508067,9.39862044029703,11.0066490613165,9.19650224636248,11.208767255251,8.83275607000217,11.5725134316113
"2019.032",10.2026347508067,9.22182688313546,11.183442618478,8.97526520852442,11.4300042930891,8.53153540552705,11.8737340960864
"2019.040",10.2026347508067,9.07235640673951,11.332913094874,8.78821990001319,11.6170496016003,8.2768677754264,12.1284017261871
"2019.048",10.2026347508067,8.94046431982333,11.4648051817902,8.62317194751937,11.7820975540941,8.05215018561291,12.3531193160006
