"","Point Forecast","Lo 75","Hi 75","Lo 85","Hi 85","Lo 95","Hi 95"
"2019.000",19.93,19.2765155198344,20.5834844801656,19.1122384650994,20.7477615349006,18.8165938753653,21.0434061246347
"2019.008",19.93,19.0058333853495,20.8541666146505,18.7735105465566,21.0864894534434,18.3554059581123,21.5045940418877
"2019.016",19.93,18.7981316783955,21.0618683216045,18.5135954730767,21.3464045269233,18.0015240226743,21.8584759773257
"2019.024",19.93,18.6230310396688,21.2369689603312,18.2944769301988,21.5655230698012,17.7031877507305,22.1568122492695
"2019.032",19.93,18.4687642801086,21.3912357198914,18.1014296185777,21.7585703814223,17.4403482187521,22.4196517812479
"2019.040",19.93,18.3292964687664,21.5307035312336,17.9269015082184,21.9330984917816,17.2027231181552,22.6572768818448
"2019.048",19.93,18.2010425798415,21.6589574201585,17.7664063468986,22.0935936531014,16.9842042860003,22.8757957139997
