"","Point Forecast","Lo 75","Hi 75","Lo 85","Hi 85","Lo 95","Hi 95"
"2019.000",20.030001,19.3748746111498,20.6851273888502,19.2101848030426,20.8498171969574,18.9137973931892,21.1462046068108
"2019.008",20.030001,19.1035123758195,20.9564896241805,18.8706058156097,21.1893961843903,18.4514507208784,21.6085512791216
"2019.016",20.030001,18.8952888091323,21.1647131908677,18.6100376940019,21.4499643059981,18.0966796414121,21.9633223585879
"2019.024",20.030001,18.7197482222995,21.3402537777005,18.3903686060852,21.6696333939148,17.7975937863784,22.2624082136216
"2019.031",20.030001,18.5650938606769,21.4949081393231,18.1968362545479,21.8631657454521,17.5340938584406,22.5259081415594
"2019.039",20.030001,18.4252756302848,21.6347263697152,18.0218696345853,22.0381323654147,17.2958717142594,22.7641302857406
"2019.047",20.030001,18.2966994977865,21.7633025022135,17.8609712220679,22.1990307779321,17.0768038438653,22.9831981561347
