"","Point Forecast","Lo 75","Hi 75","Lo 85","Hi 85","Lo 95","Hi 95"
"2019.000",19.41,18.7560850702895,20.0639149297105,18.59169980643,20.22830019357,18.2958604759132,20.5241395240868
"2019.008",19.41,18.4852246377651,20.3347753622349,18.2527487681608,20.5672512318392,17.8343687746605,20.9856312253395
"2019.016",19.41,18.2773861179135,20.5426138820865,17.9926624888933,20.8273375111067,17.4802537375611,21.3397462624389
"2019.024",19.41,18.1021701405789,20.7178298594211,17.77339961286,21.04660038714,17.1817209518264,21.6382790481736
"2019.032",19.41,17.9478017656653,20.8721982343347,17.5802251411763,21.2397748588237,16.9187082877227,21.9012917122773
"2019.040",19.41,17.8082420870213,21.0117579129787,17.4055820693328,21.4144179306672,16.6809266637201,22.1390733362799
"2019.048",19.41,17.6799037173937,21.1400962826063,17.2449811900178,21.5750188099822,16.4622638934385,22.3577361065615
