"","Point Forecast","Lo 75","Hi 75","Lo 85","Hi 85","Lo 95","Hi 95"
"2019.000",50.6100626629481,49.7835262496217,51.4365990762745,49.5757463072762,51.64437901862,49.2018108486157,52.0183144772805
"2019.008",51.081201825406,49.9483387635716,52.2140648872404,49.663552494173,52.4988511566389,49.1510310107919,53.0113726400201
"2019.016",50.9987724800587,49.6941791738992,52.3033657862183,49.3662222713747,52.6313226887427,48.7760078677033,53.2215370924142
"2019.024",51.406162588639,49.8996400538471,52.9126851234309,49.5209209068448,53.2914042704331,48.8393511829381,53.9729739943399
"2019.031",51.5011558687994,49.8965413267947,53.1057704108041,49.4931631916649,53.509148545934,48.7672154111878,54.2350963264111
"2019.039",51.6764004303673,49.9754579657718,53.3773428949628,49.5478643092452,53.8049365514894,48.7783365662461,54.5744642944885
"2019.047",51.8591944268681,50.0905569338716,53.6278319198645,49.6459456736781,54.0724431800581,48.8457918492553,54.8725970044808
