"","Point Forecast","Lo 75","Hi 75","Lo 85","Hi 85","Lo 95","Hi 95"
"2019.000",51.4395669208982,50.6152066622896,52.2639271795068,50.4079737754574,52.471160066339,50.0350228365342,52.8441110052622
"2019.008",51.5426486335092,50.4085806309156,52.6767166361028,50.123491455901,52.9618058111175,49.6104248421805,53.4748724248379
"2019.016",51.9002819874558,50.5951362563628,53.2054277185489,50.2670404817706,53.5335234931411,49.6765761541181,54.1239878207936
"2019.024",51.9629496872488,50.4591911838188,53.4667081906788,50.0811668764724,53.8447324980251,49.4008476350833,54.5250517394142
"2019.032",52.160554360221,50.562973903253,53.758134817189,50.161364040833,54.159744679609,49.4385985688085,54.8825101516336
"2019.040",52.2866167420147,50.5998185698683,53.973414914161,50.1757805948848,54.3974528891446,49.41265190751,55.1605815765193
"2019.048",52.3805511700962,50.6323175595646,54.1287847806278,50.1928355561755,54.5682667840169,49.4019127045507,55.3591896356416
