"","Point Forecast","Lo 75","Hi 75","Lo 85","Hi 85","Lo 95","Hi 95"
"2019.000",50.6702526948133,49.8441165095546,51.496388880072,49.6364371790678,51.7040682105588,49.262682788614,52.0778226010126
"2019.008",50.9594209963278,49.8213545187274,52.0974874739282,49.5352601818191,52.3835818108365,49.0203846077655,52.8984573848901
"2019.016",51.1223363230595,49.8107558301958,52.4339168159231,49.4810424445605,52.7636302015584,48.8876669498314,53.3570056962875
"2019.024",51.4071391922711,49.8926732425469,52.9216051419954,49.5119572297441,53.3023211547982,48.8267938051144,53.9874845794279
"2019.032",51.5789772814775,49.9665479964788,53.1914065664763,49.5612053419128,53.5967492210423,48.8317220735144,54.3262324894407
"2019.040",51.765931147248,50.0601998148958,53.4716624796002,49.6314023025555,53.9004599919405,48.8597080156121,54.6721542788839
"2019.048",51.9334683847973,50.1619927995939,53.7049439700008,49.7166680818616,54.1502686877331,48.9152302688643,54.9517065007304
