"","Point Forecast","Lo 75","Hi 75","Lo 85","Hi 85","Lo 95","Hi 95"
"2019.000",74.580002,72.9176573288445,76.2423466711555,72.4997666293399,76.6602373706601,71.7477010130669,77.4123029869331
"2019.008",74.580002,72.2290916207133,76.9309123792867,71.6381049258842,77.5218990741158,70.5745235315566,78.5854804684434
"2019.016",74.580002,71.7007365698673,77.4592674301327,70.9769286463148,78.1830753536852,69.6743127883044,79.4856912116955
"2019.024",74.580002,71.255312657689,77.9046913423109,70.4195312586797,78.7404727413203,68.9154000261339,80.2446039738661
"2019.032",74.580002,70.8628863132618,78.2971176867382,69.9284543020045,79.2315496979955,68.2467844604779,80.9132195395221
"2019.040",74.580002,70.5081057790344,78.6518982209656,69.4844867969932,79.6755172030067,67.6423097840328,81.5176942159672
"2019.048",74.580002,70.1818514068492,78.9781525931508,69.076216540753,80.083787459247,67.0864379504923,82.0735660495077
