"","Point Forecast","Lo 75","Hi 75","Lo 85","Hi 85","Lo 95","Hi 95"
"2019.000",74.349998,72.6941469412157,76.0058490587843,72.2778886469897,76.4221073530103,71.5287608225445,77.1712351774555
"2019.008",74.349998,72.0082709753974,76.6917250246026,71.4195928502527,77.2804031497473,70.3601661209713,78.3398298790287
"2019.016",74.349998,71.4819798364189,77.2180161635811,70.7609993217475,77.9389966782525,69.4634718684449,79.2365241315551
"2019.024",74.349998,71.0382958824315,77.6617001175685,70.2057792939794,78.4942167060206,68.707523645089,79.992472354911
"2019.032",74.349998,70.6474024719434,78.0525935280566,69.7166206298559,78.9833753701441,68.0415198905599,80.6584761094401
"2019.040",74.349998,70.2940078159313,78.4059881840687,69.2743873938762,79.4256086061238,67.4394064718642,81.2605895281358
"2019.048",74.349998,69.9690278902938,78.7309681097062,68.8677119626038,79.8322840373962,66.885706038923,81.814289961077
