"","Point Forecast","Lo 75","Hi 75","Lo 85","Hi 85","Lo 95","Hi 95"
"2019.000",778.450012,651.572912667373,905.327111332627,619.677746333198,937.222277666802,562.276952408681,994.623071591319
"2019.005",778.450012,599.01869736924,957.88132663076,553.912120565304,1002.9879034347,472.735139306269,1084.16488469373
"2019.011",778.450012,558.692429638927,998.207594361073,503.448381032274,1053.45164296773,404.027289560221,1152.87273443978
"2019.016",778.450012,524.695813334746,1032.20421066525,460.905480666395,1095.9945433336,346.103892817362,1210.79613118264
"2019.022",778.450012,494.744193104253,1062.15583089575,423.424433027374,1133.47559097263,295.072355849697,1261.8276681503
"2019.027",778.450012,467.665858590648,1089.23416540935,389.538975810722,1167.36104818928,248.936319865007,1307.96370413499
"2019.032",778.450012,442.76476009663,1114.13526390337,358.378081951362,1198.52194204864,206.509856169423,1350.39016783058
