"","Point Forecast","Lo 75","Hi 75","Lo 85","Hi 85","Lo 95","Hi 95"
"2019.000",661.780029,533.356647546473,790.203410453527,501.072767049497,822.487290950503,442.972415664747,880.587642335253
"2019.006",661.780029,480.161941222609,843.398116777391,434.505639577753,889.054418422247,352.339334670796,971.220723329204
"2019.011",661.780029,439.344207442693,884.215850557307,383.426886156448,940.133171843552,282.794125620456,1040.76593237954
"2019.017",661.780029,404.933266092946,918.626791907054,340.365505098994,983.194552901006,224.164802329493,1099.39525567051
"2019.022",661.780029,374.616618169528,948.943439830472,302.427666800809,1021.13239119919,172.511331587884,1151.04872641212
"2019.028",661.780029,347.208273396054,976.351784603946,268.129239261473,1055.43081873853,125.813024492429,1197.74703350757
"2019.033",661.780029,322.003699147983,1001.55635885202,236.588579996856,1086.97147800314,82.8694991473391,1240.69055885266
