"","Point Forecast","Lo 75","Hi 75","Lo 85","Hi 85","Lo 95","Hi 95"
"2019.000",731.599976,604.114991163025,859.084960836975,572.067010732568,891.132941267432,514.391201767919,948.808750232081
"2019.005",731.599976,551.308981444621,911.890970555379,505.986292873202,957.213659126798,424.420381614556,1038.77957038544
"2019.011",731.599976,510.789505060211,952.410446939789,455.280774674687,1007.91917732531,355.383343180279,1107.81660881972
"2019.016",731.599976,476.63000632605,986.56994567395,412.534045465136,1050.66590653486,297.182427535839,1166.01752446416
"2019.022",731.599976,446.534883793994,1016.66506820601,374.873421009909,1088.32653099009,245.906391507663,1217.29356049234
"2019.027",731.599976,419.32681328296,1043.87313871704,340.82561394164,1122.37433805836,199.549311476011,1263.65064052399
"2019.033",731.599976,394.306410226523,1068.89354177348,309.51542398567,1153.68452801433,156.91957680074,1306.28037519926
