"","Point Forecast","Lo 75","Hi 75","Lo 85","Hi 85","Lo 95","Hi 95"
"2019.000",664.97998,536.555786190764,793.404173809236,504.27170147868,825.68825852132,446.170982574,883.788977426
"2019.006",664.97998,483.360743378147,846.599216621853,437.704152929517,892.255807070483,355.537328270891,974.422631729109
"2019.011",664.97998,442.542751401331,887.417208598669,386.625076404144,943.334883595856,285.991679304961,1043.96828069504
"2019.017",664.97998,408.131592381528,921.828367618472,343.563422957361,986.396537042639,227.361985148,1102.597974852
"2019.022",664.97998,377.81475268694,952.145207313059,305.62534467936,1024.33461532064,175.708187666888,1154.25177233311
"2019.028",664.97998,350.406234539077,979.553725460923,271.326700181685,1058.63325981831,129.009585176343,1200.95037482366
"2019.033",664.97998,325.201500856801,1004.7584591432,239.785841403285,1090.17411859671,86.0657881874323,1243.89417181257
