"","Point Forecast","Lo 75","Hi 75","Lo 85","Hi 85","Lo 95","Hi 95"
"2019.000",780.820007,653.629298345922,908.010715654078,621.655294920386,939.984719079614,564.112620198404,997.527393801596
"2019.005",780.820007,600.945181813558,960.694832186442,555.727112525801,1005.9129014742,474.349481518751,1087.29053248125
"2019.011",780.820007,560.519237360446,1001.12077663955,505.138638906037,1056.50137509396,405.471802684155,1156.16821131585
"2019.016",780.820007,526.438589691844,1035.20142430816,462.490582840772,1099.14943115923,347.405233396808,1214.23478060319
"2019.022",780.820007,496.412936343111,1065.22707765689,424.916891170801,1136.7231228292,296.247558885291,1265.39245511471
"2019.027",780.820007,469.267670774512,1092.37234322549,390.947677347948,1170.69233665205,249.997485844144,1311.64252815586
"2019.033",780.820007,444.305022823239,1117.33499117676,359.709761340143,1201.93025265986,207.466154252296,1354.1738597477
