"","Point Forecast","Lo 75","Hi 75","Lo 85","Hi 85","Lo 95","Hi 95"
"2019.000",746.679993,619.81502290098,873.54496309902,587.922905690132,905.437080309868,530.527599183301,962.832386816699
"2019.005",746.679993,567.265831695908,926.094154304092,522.163567003535,971.196418996465,440.994346125013,1052.36563987499
"2019.011",746.679993,526.94341908779,966.41656691221,471.704651717661,1021.65533428234,372.29306473184,1121.06692126816
"2019.016",746.679993,492.950052801959,1000.40993319804,429.165818380265,1064.19416761974,314.375205366601,1178.9847806334
"2019.022",746.679993,463.001295895112,1030.35869010489,391.688353865266,1101.67163213473,263.348546926555,1230.01143907344
"2019.027",746.679993,435.925550023955,1057.43443597605,357.806136040345,1135.55384995965,217.216921467965,1276.14306453204
"2019.032",746.679993,411.026832032347,1082.33315396765,326.648221109122,1166.71176489088,174.794513669718,1318.56547233028
