"","Point Forecast","Lo 75","Hi 75","Lo 85","Hi 85","Lo 95","Hi 95"
"2019.000",240.232299913487,236.895430546843,243.569169280131,236.056587256412,244.408012570562,234.546945627818,245.917654199156
"2019.008",240.369528909122,235.634946038323,245.104111779922,234.444736702033,246.294321116211,232.302751922158,248.436305896087
"2019.016",240.505198634238,234.519582686934,246.490814581543,233.01488075683,247.995516511647,230.306912894152,250.703484374324
"2019.024",240.505198634238,232.866881971839,248.143515296637,230.946713700798,250.063683567679,227.491043268743,253.519353999733
"2019.031",240.505198634238,231.512970623254,249.497426645223,229.252447568788,251.757949699689,225.184250630997,255.82614663748
"2019.039",240.505198634238,230.337777733735,250.672619534742,227.781827270516,253.228569997961,223.181958303433,257.828438965043
"2019.047",240.505198634238,229.285005635254,251.725391633222,226.4644026747,254.545994593776,221.388246382385,259.622150886091
