"","Point Forecast","Lo 75","Hi 75","Lo 85","Hi 85","Lo 95","Hi 95"
"2019.000",238.593947012464,235.230016545381,241.957877479546,234.384370464658,242.803523560269,232.862486054208,244.325407970719
"2019.008",239.749797692637,234.977518847987,244.522076537287,233.777833259778,245.721762125497,231.618794347689,247.880801037585
"2019.016",239.4714683688,233.440862984751,245.502073752849,231.924851325975,247.018085411626,229.19652967683,249.74640706077
"2019.024",239.4714683688,231.779096988216,247.163839749384,229.845340100815,249.097596636786,226.365214635066,252.577722102534
"2019.032",239.4714683688,230.41735584379,248.52558089381,228.141275869449,250.801660868152,224.045081599946,254.897855137655
"2019.040",239.4714683688,229.235193178368,249.707743559232,226.661933689,252.2810030486,222.030914176013,256.912022561588
"2019.048",239.4714683688,228.176084093223,250.766852644378,225.336579074799,253.606357662801,220.22640530419,258.716531433411
