"","Point Forecast","Lo 75","Hi 75","Lo 85","Hi 85","Lo 95","Hi 95"
"2019.000",240.047634425157,236.697336787214,243.3979320631,235.855117813158,244.240151037157,234.339401065904,245.75586778441
"2019.008",239.801162888854,235.049771906383,244.552553871326,233.855337240854,245.746988536855,231.705748260067,247.896577517642
"2019.016",239.894851916293,233.888752651788,245.900951180797,232.378901496075,247.410802336511,229.661666723327,250.128037109259
"2019.024",239.894851916293,232.2358577403,247.553846092285,230.310491425333,249.479212407252,226.84546622632,252.944237606265
"2019.032",239.894851916293,230.881131530087,248.908572302498,228.615205586635,251.17449824595,224.537285228247,255.252418604339
"2019.040",239.894851916293,229.704949138862,250.084754693724,227.143347039469,252.646356793116,222.533306988784,257.256396843801
"2019.048",239.894851916293,228.651138916296,251.13856491629,225.824623349381,253.965080483204,220.737826313083,259.051877519502
