"","Point Forecast","Lo 75","Hi 75","Lo 85","Hi 85","Lo 95","Hi 95"
"2019.000",31.5168810079996,30.7474335011254,32.2863285148737,30.5540049285441,32.479757087455,30.2058972084738,32.8278648075253
"2019.008",31.4237610159991,30.3355979162435,32.5119241157547,30.0620486055486,32.7854734264497,29.5697499466584,33.2777720853399
"2019.016",31.3306410239987,29.9979188483355,32.6633631996619,29.6628907329891,32.9983913150083,29.0599504753204,33.601331572677
"2019.024",31.2375210319983,29.69862601825,32.7764160457466,29.3117688730873,33.1632731909092,28.6155534329467,33.8594886310498
"2019.032",31.1444010399978,29.4238641095095,32.8649379704862,28.9913446724269,33.2974574075687,28.2129521468572,34.0758499331384
"2019.040",31.0512810479974,29.1665272722991,32.9360348236957,28.6927259678,33.4098361281948,27.8400396781041,34.2625224178907
"2019.048",30.958161055997,28.9223943058893,32.9939278061046,28.4106304063849,33.505691705609,27.4896239496172,34.4266981623767
