"","Point Forecast","Lo 75","Hi 75","Lo 85","Hi 85","Lo 95","Hi 95"
"2019.000",31.3865873015873,30.620214444652,32.1529601585226,30.4275587969857,32.3456158061889,30.0808420871801,32.6923325159945
"2019.008",31.2931746031745,30.209359715062,32.3769894912871,29.9369034852646,32.6494457210845,29.4465720119561,33.139777194393
"2019.016",31.1997619047618,29.8723651790082,32.5271586305155,29.538675808885,32.8608480006386,28.9381448516686,33.461378957855
"2019.024",31.1063492063491,29.5736034924785,32.6390949202197,29.1882921971459,33.0244062155523,28.4948587775347,33.7178396351635
"2019.031",31.0129365079363,29.2992747037183,32.7265983121544,28.8684835792872,33.1573894365855,28.0932014472268,33.9326715686459
"2019.039",30.9195238095236,29.0423013573132,32.7967462617341,28.5703933244653,33.2686542945819,27.721114300145,34.1179333189022
"2019.047",30.8261111111109,28.79847912011,32.8537431021118,28.2887601877129,33.3634620345089,27.3714339981767,34.280788224045
