"","Point Forecast","Lo 75","Hi 75","Lo 85","Hi 85","Lo 95","Hi 95"
"2019.000",31.9596764112906,31.1879524215797,32.7314004010014,30.9939515723691,32.925401250212,30.6448139428599,33.2745388797212
"2019.008",31.8693538225811,30.7779712899233,32.9607363552389,30.5036126578578,33.2350949873044,30.0098574870711,33.7288501580911
"2019.016",31.7790312338717,30.4423660742726,33.1156963934707,30.1063467467284,33.4517157210149,29.5016226335843,34.056439834159
"2019.024",31.6887086451622,30.1452606657404,33.232156624584,29.7572589673193,33.6201583230051,29.0589837083009,34.3184335820236
"2019.032",31.5983860564528,29.8727587555919,33.3240133573137,29.4389596690644,33.7578124438412,28.6582641959786,34.538507916927
"2019.040",31.5080634677433,29.6177334706868,33.3983934647999,29.1425303804543,33.8735965550324,28.2873213381518,34.7288055973349
"2019.048",31.4177408790339,29.3759511214763,33.4595306365915,28.8626731203298,33.972808637738,27.9389417793138,34.896539978754
