"","Point Forecast","Lo 75","Hi 75","Lo 85","Hi 85","Lo 95","Hi 95"
"2019.000",49.4589683573693,48.4914504815044,50.4264862332342,48.2482297289468,50.6697069857917,47.8105124852289,51.1074242295097
"2019.008",49.8297170582719,48.4998636151803,51.1595705013636,48.165556659941,51.4938774566028,47.5639142529327,52.0955198636111
"2019.016",50.1315110036031,48.6145351468069,51.6484868603993,48.2331881777167,52.0298338294894,47.5468892395912,52.7161327676149
"2019.024",50.4080421398221,48.6969543210091,52.1191299586352,48.2668102612813,52.549274018363,47.4926926325598,53.3233916470845
"2019.031",50.788024585505,48.8416622715924,52.7343868994176,48.3523734237597,53.2236757472503,47.4718146572762,54.1042345137338
"2019.039",51.1226248237508,49.0107540423188,53.2344956051828,48.4798586308981,53.7653910166035,47.5244217541267,54.720827893375
"2019.047",51.4026544322392,49.1741175367431,53.6311913277353,48.6138938609374,54.191415003541,47.605675768276,55.1996330962024
