"","Point Forecast","Lo 75","Hi 75","Lo 85","Hi 85","Lo 95","Hi 95"
"2019.000",49.4788328582166,48.506062553056,50.4516031633771,48.2615214116582,50.6961443047749,47.8214279029311,51.136237813502
"2019.008",49.9924035485902,48.6557924103658,51.3290146868145,48.3197866630559,51.6650204341244,47.7150869898604,52.2697201073199
"2019.016",50.4144824186558,48.89113128382,51.9378335534915,48.5081816570827,52.3207831802289,47.8189984630679,53.0099663742436
"2019.024",50.7193487232545,49.0016043320181,52.4370931144909,48.5697869010848,52.8689105454242,47.7926577553604,53.6460396911486
"2019.032",51.1513409085563,49.1991795951539,53.1035022219587,48.7084329582145,53.5942488588981,47.8252506514985,54.4774311656141
"2019.040",51.558155767573,49.4455514359583,53.6707600991876,48.9144716200611,54.2018399150849,47.9587028759701,55.1576086591759
"2019.048",51.8815165030509,49.6590228572216,54.1040101488802,49.1003183716743,54.6627146344275,48.0948343210944,55.6681986850074
