"","Point Forecast","Lo 75","Hi 75","Lo 85","Hi 85","Lo 95","Hi 95"
"2019.000",41.4055033326759,40.2305166946811,42.5804899706707,39.9351411347384,42.8758655306134,39.4035624162276,43.4074442491241
"2019.008",41.4055033326759,39.5772525980421,43.2337540673097,39.1176553847668,43.6933512805849,38.2905317807984,44.5204748845533
"2019.016",41.4055033326759,39.1023733107467,43.7086333546051,38.523397943836,44.2876087215157,37.4814329835279,45.3295736818238
"2019.024",41.4055033326759,38.7098930034305,44.1011136619213,38.0322534587401,44.7787532066117,36.8127254759623,45.9982811893894
"2019.032",41.4055033326759,38.3677044261718,44.4433022391799,37.6040433563463,45.2069633090055,36.2297049616828,46.581301703669
"2019.040",41.4055033326759,38.0603382626711,44.7506684026806,37.2194095459501,45.5915971194017,35.706014836922,47.1049918284298
"2019.048",41.4055033326759,37.778929674965,45.0320769903868,36.8672586906483,45.9437479747035,35.2265512006969,47.5844554646548
