"","Point Forecast","Lo 75","Hi 75","Lo 85","Hi 85","Lo 95","Hi 95"
"2019.000",41.7437754168654,40.5643884551871,42.9231623785437,40.2679067140931,43.2196441196376,39.7343372338587,43.753213599872
"2019.008",41.7437754168654,39.9090515004172,43.5784993333136,39.4478270178256,44.0397238159051,38.6177748650701,44.8697759686607
"2019.016",41.7437754168654,39.4326133511942,44.0549374825365,38.8516188384133,44.6359319953175,37.8060200805953,45.6815307531355
"2019.024",41.7437754168654,39.0388302532793,44.4487205804514,38.358844058992,45.1287067747387,37.1350928798681,46.3524579538626
"2019.032",41.7437754168654,38.6954994152182,44.7920514185125,37.929204547063,45.5583462866677,36.5501261829141,46.9374246508167
"2019.040",41.7437754168654,38.3871037280599,45.1004471056709,37.5432824048517,45.944268428879,36.0246819568997,47.462868876831
"2019.048",41.7437754168654,38.1047504003756,45.3828004333552,37.1899493148709,46.2976015188598,35.5436086737591,47.9439421599717
