"","Point Forecast","Lo 75","Hi 75","Lo 85","Hi 85","Lo 95","Hi 95"
"2019.000",290.23999,284.110841126618,296.369138873382,282.570056983288,297.909923016712,279.797153021389,300.682826978611
"2019.008",290.23999,281.572064537459,298.907915462541,279.393066705272,301.086913294728,275.471588315197,305.008391684803
"2019.016",290.23999,279.623992744149,300.855987255851,276.955276324404,303.524703675596,272.152465777887,308.327514222113
"2019.024",290.23999,277.981692253236,302.498287746764,274.900123966576,305.579856033424,269.354316042778,311.125663957222
"2019.032",290.23999,276.534796474902,303.945183525098,273.089498391762,307.390481608238,266.889096637877,313.590883362123
"2019.040",290.23999,275.22670270266,305.25327729734,271.452567747729,309.02741225227,264.660367935335,315.819612064665
"2019.048",290.23999,274.02378633254,306.45619366746,269.947254665256,310.532725334744,262.610840372606,317.869139627394
