"","Point Forecast","Lo 75","Hi 75","Lo 85","Hi 85","Lo 95","Hi 95"
"2019.000",293.51001,287.398955511692,299.621064488308,285.86272004913,301.15729995087,283.098002214391,303.922017785609
"2019.008",293.51001,284.867673862234,302.152346137766,282.69510883608,304.32491116392,278.785207378058,308.234812621942
"2019.016",293.51001,282.925353138429,304.094666861571,280.264515264882,306.755504735118,275.475883506523,311.544136493477
"2019.024",293.51001,281.287901023384,305.732118976616,278.21543009826,308.80458990174,272.685994428782,314.334025571218
"2019.031",293.51001,279.845276749938,307.174743250062,276.410149826204,310.609870173796,270.228052809121,316.791967190879
"2019.039",293.51001,278.541044713301,308.478975286699,274.778051705255,312.241968294745,268.005903727372,319.014116272628
"2019.047",293.51001,277.341679575572,309.678340424428,273.277182586395,313.742837413605,265.96242675041,321.05759324959
