"","Point Forecast","Lo 75","Hi 75","Lo 85","Hi 85","Lo 95","Hi 95"
"2019.000",295.769989,289.638946950568,301.901031049432,288.097686888689,303.442291111311,285.323926430158,306.216051569842
"2019.008",295.769989,287.099386182214,304.440591817786,284.91971529956,306.62026270044,280.997025640331,310.542952359669
"2019.016",295.769989,285.150712667043,306.389265332957,282.481171932191,309.058806067809,277.67687788999,313.86310011001
"2019.024",295.769989,283.507904901136,308.032073098864,280.425384777378,311.114593222622,274.877863860316,316.662114139684
"2019.032",295.769989,282.060562204561,309.479415795439,278.614199935194,312.925778064806,272.411882996617,319.128095003383
"2019.040",295.769989,280.752064387344,310.787913612656,276.97676367481,314.56321432519,270.1824658827,321.3575121173
"2019.048",295.769989,279.548776459524,311.991201540476,275.470985630115,316.068992369885,268.132305260377,323.407672739623
