"","Point Forecast","Lo 75","Hi 75","Lo 85","Hi 85","Lo 95","Hi 95"
"2019.000",53.3474797656777,52.3924048124759,54.3025547188795,52.1523120403822,54.5426474909732,51.72022413122,54.9747354001354
"2019.008",53.4919196438093,52.195956976062,54.7878823115565,51.8701696979156,55.1136695897029,51.2838599035042,55.6999793841143
"2019.016",53.6243985424537,52.0995888576022,55.1492082273052,51.7162725713527,55.5325245135547,51.0264295109844,56.222367573923
"2019.024",53.7459069431327,52.0523646772039,55.4394492090615,51.626631329343,55.8651825569224,50.8604515292028,56.6313623570626
"2019.031",53.8573533061886,52.0339190971746,55.6807875152026,51.5755326925212,56.139173919856,50.7505881452619,56.9641184671153
"2019.039",53.9595708629088,52.0336392071525,55.8855025186651,51.5494863471667,56.3696553786509,50.6781706671404,57.2409710586772
"2019.047",54.0533238451986,52.0452150094484,56.0614326809488,51.5404039310877,56.5662437593095,50.6319102622917,57.4747374281056
