"","Point Forecast","Lo 75","Hi 75","Lo 85","Hi 85","Lo 95","Hi 95"
"2019.000",53.93,52.9582340571734,54.9017659428266,52.7139453987207,55.1460546012793,52.2743062761331,55.5856937238669
"2019.008",53.93,52.5557154242024,55.3042845757976,52.2102390902846,55.6497609097154,51.5884954805715,56.2715045194285
"2019.016",53.93,52.2468520139593,55.6131479860407,51.8237316458063,56.0362683541937,51.0622543484897,56.7977456515103
"2019.024",53.93,51.9864681143468,55.8735318856532,51.4978907974414,56.3621092025586,50.6186125522663,57.2413874477337
"2019.032",53.93,51.7570652936206,56.1029347063794,51.2108192471881,56.6491807528119,50.2277562835139,57.6322437164861
"2019.040",53.93,51.5496692906603,56.3103307093397,50.9512867275021,56.9087132724979,49.8743952061976,57.9856047938024
"2019.048",53.93,51.3589489827187,56.5010510172813,50.7126219443392,57.1473780556608,49.5494461593578,58.3105538406422
