"","Point Forecast","Lo 75","Hi 75","Lo 85","Hi 85","Lo 95","Hi 95"
"2019.000",2060.22998,2027.11978691879,2093.34017308121,2018.79633752377,2101.66362247623,2003.8168701506,2116.6430898494
"2019.008",2060.22998,2013.40509589176,2107.05486410824,2001.63396087159,2118.82599912841,1980.44979495533,2140.01016504467
"2019.016",2060.22998,2002.88144333492,2117.57851666508,1988.46480608852,2131.99515391148,1962.51960752787,2157.94035247213
"2019.024",2060.22998,1994.00959383757,2126.45036616243,1977.36269504754,2143.09726495246,1947.40376030119,2173.05619969881
"2019.031",2060.22998,1986.19333752226,2134.26662247773,1967.58153886772,2152.87842113228,1934.08643155457,2186.37352844543
"2019.039",2060.22998,1979.126901666,2141.333058334,1958.73869774832,2161.72126225168,1922.04664606539,2198.41331393461
"2019.047",2060.22998,1972.62864324578,2147.83131675422,1950.60686609633,2169.85309390367,1910.97492065471,2209.48503934529
