"","Point Forecast","Lo 75","Hi 75","Lo 85","Hi 85","Lo 95","Hi 95"
"2019.000",2047.939941,2014.72163073162,2081.15825126838,2006.37100215544,2089.50887984456,1991.34262120832,2104.53726079168
"2019.008",2047.939941,2000.96215609934,2094.91772590066,1989.15258391256,2106.72729808744,1967.89924375664,2127.98063824336
"2019.016",2047.939941,1990.40413987358,2105.47574212642,1975.94042690449,2119.93945509551,1949.91050754859,2145.96937445141
"2019.024",2047.939941,1981.50332046324,2114.37656153676,1964.80206331087,2131.07781868913,1934.74530141664,2161.13458058336
"2019.032",2047.939941,1973.66154114222,2122.21834085778,1954.98896799103,2140.89091400897,1921.38448660151,2174.49539539849
"2019.040",2047.939941,1966.57203072501,2129.30785127499,1946.11725168186,2149.76263031814,1909.30538670126,2186.57449529874
"2019.048",2047.939941,1960.05255305608,2135.82732894392,1937.95886655243,2157.92101544757,1898.19750795842,2197.68237404158
