"","Point Forecast","Lo 75","Hi 75","Lo 85","Hi 85","Lo 95","Hi 95"
"2019.000",2019.48999,1986.08190531016,2052.89807468984,1977.68357004167,2061.29640995833,1962.56933276181,2076.41064723819
"2019.008",2019.48999,1972.24382353872,2066.73615646128,1960.36678390067,2078.61319609933,1938.99202455456,2099.98795544544
"2019.016",2019.48999,1961.62548993363,2077.35449006637,1947.07914654961,2091.90083345039,1920.90051966324,2118.07946033676
"2019.024",2019.48999,1952.67382062032,2086.30615937968,1935.87715008334,2103.10282991666,1905.64867552361,2133.33130447639
"2019.032",2019.48999,1944.78724163545,2094.19273836455,1926.00799307727,2112.97198692273,1892.21153109143,2146.76844890857
"2019.040",2019.48999,1937.6572292262,2101.3227507738,1917.08559312959,2121.89438687041,1880.06342394257,2158.91655605743
"2019.048",2019.48999,1931.1005061317,2107.8794738683,1908.88059958434,2130.09938041566,1868.89208648539,2170.08789351461
