"","Point Forecast","Lo 75","Hi 75","Lo 85","Hi 85","Lo 95","Hi 95"
"2019.000",492.625105325016,483.042956239312,502.207254410719,480.634135100313,504.616075549718,476.299050456074,508.951160193957
"2019.008",498.146806529523,484.228719514256,512.06489354479,480.729902921345,515.563710137702,474.433185477542,521.860427581504
"2019.016",493.619960377857,477.622107540477,509.617813215237,473.600466283529,513.639454472184,466.362836649944,520.87708410577
"2019.024",495.771347333342,476.19463327277,515.348061393914,471.273315284552,520.269379382131,462.416563865889,529.126130800794
"2019.032",494.74889910401,472.914272962403,516.583525245616,467.425346778764,522.072451429255,457.547087564408,531.950710643611
"2019.040",495.234818375296,471.034107013538,519.435529737054,464.950379387759,525.519257362833,454.001673490399,536.467963260193
"2019.048",495.003884885038,468.790858688436,521.216911081641,462.201262653687,527.80650711639,450.342160240694,539.665609529383
