"","Point Forecast","Lo 75","Hi 75","Lo 85","Hi 85","Lo 95","Hi 95"
"2019.000",485.90954393125,476.227280173706,495.591807688793,473.793291576374,498.025796286125,469.412913796673,502.406174065826
"2019.008",492.529785060073,478.481567169641,506.578002950504,474.950037455683,510.109532664462,468.594447168886,516.465122951259
"2019.016",487.483179766301,471.422279981503,503.5440795511,467.384789584834,507.581569947769,460.118636720063,514.84772281254
"2019.024",490.826830454235,471.960237308738,509.693423599732,467.217433999867,514.436226908604,458.681950205717,522.971710702753
"2019.031",488.743449876534,468.082308396068,509.404591356999,462.888380195946,514.598519557121,453.541020186901,523.945879566166
"2019.039",490.001766851445,467.317081393863,512.686452309027,461.614461932086,518.389071770804,451.351625202351,528.651908500539
"2019.047",489.25453864679,464.926946232482,513.582131061097,458.811322446584,519.697754846995,447.805213966815,530.703863326764
