"","Point Forecast","Lo 75","Hi 75","Lo 85","Hi 85","Lo 95","Hi 95"
"2019.000",35.7045773860887,35.1558744995425,36.2532802726349,35.0179381034041,36.3912166687733,34.769698023184,36.6394567489934
"2019.008",35.6401127317119,34.8678406490117,36.4123848144122,34.6737020167248,36.6065234466991,34.3243164230605,36.9559090403634
"2019.016",35.4485199105645,34.5438129515625,36.3532268695664,34.3163820038751,36.5806578172539,33.907081208153,36.9899586129759
"2019.024",35.3657593854762,34.3672964069475,36.3642223640049,34.1162964790945,36.615222291858,33.6645792821121,37.0669394888403
"2019.032",35.4821243256259,34.3856655287772,36.5785831224746,34.1100307933679,36.8542178578839,33.6139790568789,37.3502695943729
"2019.040",35.6456422316794,34.4315617192148,36.859722744144,34.1263584942686,37.1649259690902,33.5770932157406,37.7141912476181
"2019.048",35.6592869445458,34.3290608294724,36.9895130596191,33.9946601895973,37.3239136994942,33.3928491811019,37.9257247079896
