"","Point Forecast","Lo 75","Hi 75","Lo 85","Hi 85","Lo 95","Hi 95"
"2019.000",35.6952303106326,35.148779639486,36.2416809817792,35.0114094194753,36.3790512017899,34.7641882698007,36.6262723514646
"2019.008",35.4958716850931,34.7265895116669,36.2651538585193,34.5332025016516,36.4585408685346,34.1851695805105,36.8065737896757
"2019.016",35.4076305273101,34.5064263473108,36.3088347073094,34.2798759503257,36.5353851042945,33.8721598558362,36.943101198784
"2019.024",35.5271827334521,34.5327263340096,36.5216391328946,34.2827336053048,36.7716318615994,33.832829035043,37.2215364318612
"2019.032",35.6981865408501,34.6062832875852,36.790089794115,34.3317937534857,37.0645793282145,33.8378030021536,37.5585700795467
"2019.040",35.7144101254035,34.5053962362248,36.9234240145822,34.201466691031,37.2273535597761,33.6544936165387,37.7743266342684
"2019.048",35.5675879628356,34.2428170624552,36.892358863216,33.9097877888939,37.2253881367773,33.3104447880694,37.8247311376018
