"","Point Forecast","Lo 75","Hi 75","Lo 85","Hi 85","Lo 95","Hi 95"
"2019.000",35.9100208062489,35.3641262112488,36.4559154012491,35.2268957811708,36.593145831327,34.9799262073318,36.840115405166
"2019.008",35.7654438240092,34.9957116147598,36.5351760332587,34.8022114718978,36.7286761761207,34.4539749488957,37.0769126991228
"2019.016",35.8435134177356,34.9404208316064,36.7466060038648,34.7133957151649,36.9736311203063,34.3048252820148,37.3822015534564
"2019.024",36.0364701293834,35.0393337150852,37.0336065436816,34.7886672673244,37.2842729914424,34.337550224668,37.7353900340988
"2019.031",36.1080592352179,35.0136132006012,37.2025052698345,34.7384844460704,37.4776340243654,34.2433433085051,37.9727751619306
"2019.039",35.9819582516063,34.7708835196347,37.1930329835779,34.4664359067674,37.4974805964453,33.9185304811015,38.0453860221111
"2019.047",35.8210356687469,34.494008823115,37.1480625143789,34.1604124357923,37.4816589017016,33.5600488169905,38.0820225205034
