"","Point Forecast","Lo 75","Hi 75","Lo 85","Hi 85","Lo 95","Hi 95"
"2019.000",42.2446517325869,41.7464736198719,42.7428298453019,41.6212384603934,42.8680650047804,41.3958564226887,43.0934470424852
"2019.008",42.2446517325869,41.4905646636265,42.9987388015474,41.3009974949139,43.1883059702599,40.9598390299567,43.5294644352171
"2019.016",42.2446517325869,41.3017237485084,43.1875797166655,41.064684558209,43.4246189069648,40.6380920905025,43.8512113746714
"2019.024",42.2446517325869,41.1448430861654,43.3444603790085,40.8683662444194,43.6209372207545,40.3707989938934,44.1185044712804
"2019.032",42.2446517325869,41.0077018814092,43.4816015837647,40.6967496176999,43.792553847474,40.1371379629893,44.3521655021846
"2019.040",42.2446517325869,40.8843169172147,43.6049865479591,40.5423473621517,43.9469561030222,39.926914799331,44.5623886658428
"2019.048",42.2446517325869,40.7712282749554,43.7180751902185,40.4008297829578,44.0884736822161,39.7342344974419,44.7550689677319
