"","Point Forecast","Lo 75","Hi 75","Lo 85","Hi 85","Lo 95","Hi 95"
"2019.000",42.2327744191899,41.7382864961818,42.7272623421981,41.6139789998917,42.8515698384882,41.3902664503768,43.075282388003
"2019.008",42.2327744191899,41.4840447683838,42.9815040699961,41.2958243812737,43.1697244571062,40.9570896796044,43.5084591587755
"2019.016",42.2327744191899,41.2964657767051,43.1690830616748,41.0610905982902,43.4044582400896,40.6374928038915,43.8280560344884
"2019.024",42.2327744191899,41.1406427155996,43.3249061227803,40.8660957522148,43.5994530861651,40.372001647085,44.0935471912949
"2019.031",42.2327744191899,41.0044302320898,43.46111860629,40.6956413145527,43.7699075238272,40.1399229703993,44.3256258679805
"2019.039",42.2327744191899,40.8818831482218,43.5836656901581,40.5422875709777,43.9232612674022,39.9311273863018,44.5344214520781
"2019.047",42.2327744191899,40.7695639046113,43.6959849337686,40.401732806723,44.0638160316568,39.739757984968,44.7257908534119
