"","Point Forecast","Lo 75","Hi 75","Lo 85","Hi 85","Lo 95","Hi 95"
"2019.000",42.3758207494807,41.8795133041644,42.872128194797,41.754748404868,42.9968930940934,41.5302126805989,43.2214288183625
"2019.008",42.3758207494807,41.624160909866,43.1274805890954,41.435203913392,43.3164375855694,41.0951435574885,43.6564979414729
"2019.016",42.3758207494807,41.4357867348287,43.3158547641327,41.1994750488364,43.552166450125,40.7741918492606,43.9774496497008
"2019.024",42.3758207494807,41.2793102010062,43.4723312979552,41.0036624559463,43.7479790430151,40.5075873063715,44.2440541925899
"2019.032",42.3758207494807,41.1425296982162,43.6091118007452,40.8324972067308,43.9191442922306,40.2745408390731,44.4771006598883
"2019.040",42.3758207494807,41.0194733561694,43.732168142792,40.6785061844407,44.0731353145207,40.0648775814617,44.6867639174997
"2019.048",42.3758207494807,40.9066884594689,43.8449530394925,40.537368708282,44.2142727906794,39.872714800915,44.8789266980464
