"","Point Forecast","Lo 75","Hi 75","Lo 85","Hi 85","Lo 95","Hi 95"
"2019.000",55.650002,54.522167168526,56.777836831474,54.2386449274238,57.0613590725762,53.7283982786364,57.5716057213636
"2019.008",55.650002,54.0550026852127,57.2450013147873,53.6540416866115,57.6459623133885,52.9324439557411,58.3675600442589
"2019.016",55.650002,53.6965347693412,57.6034692306588,53.2054598426763,58.0945441573237,52.3216867225849,58.9783172774151
"2019.024",55.650002,53.394332337052,57.905671662948,52.8272878548475,58.4727161451525,51.8067945572729,59.4932094427271
"2019.031",55.650002,53.1280866494322,58.1719173505678,52.4941116451945,58.8058923548055,51.3531654532145,59.9468385467855
"2019.039",55.650002,52.8873821487509,58.4126218512491,52.19289732732,59.10710667268,50.943053394826,60.356950605174
"2019.047",55.650002,52.6660315159634,58.6339724840366,51.9159021748512,59.3841018251488,50.5659164348558,60.7340875651442
