"","Point Forecast","Lo 75","Hi 75","Lo 85","Hi 85","Lo 95","Hi 95"
"2019.000",55.189999,54.0586514050382,56.3213465949618,53.7742461032708,56.6057518967292,53.2624102361443,57.1175877638557
"2019.008",55.189999,53.5900318874469,56.7899661125531,53.1878220524765,57.1921759475235,52.4639768274773,57.9160211725227
"2019.016",55.189999,53.2304474845053,57.1495505154947,52.7378430519021,57.6421549480979,51.8513173249031,58.5286806750969
"2019.024",55.189999,52.9273038100764,57.4526941899236,52.3584932065415,58.0215047934585,51.3348214722887,59.0451765277113
"2019.032",55.189999,52.6602288714846,57.7197691285154,52.0242792835712,58.3557187164288,50.879779491354,59.500218508646
"2019.040",55.189999,52.4187746706187,57.9612233293813,51.7221268011462,58.6578711988538,50.4683900946315,59.9116079053685
"2019.048",55.189999,52.1967346173601,58.1832633826399,51.4442689173351,58.9357290826649,50.0900785008355,60.2899194991645
