"","Point Forecast","Lo 75","Hi 75","Lo 85","Hi 85","Lo 95","Hi 95"
"2019.000",185.926427641359,182.718762275292,189.134093007426,181.912399102322,189.940456180396,180.461210987012,191.391644295705
"2019.008",186.446097159471,181.939204848817,190.952989470125,180.806233803178,192.085960515764,178.7672590936,194.124935225342
"2019.016",186.497493919972,181.328959745541,191.666028094402,180.029660990569,192.965326849374,177.691351188416,195.303636651527
"2019.024",186.253350896067,180.19061579787,192.316085994264,178.666527168684,193.840174623451,175.923669633155,196.58303215898
"2019.032",186.347161378205,179.454625399189,193.239697357221,177.721936185207,194.972386571203,174.603666304907,198.090656451503
"2019.040",186.404342380741,178.876310683944,193.932374077538,176.983866543896,195.824818217586,173.57809041599,199.230594345492
"2019.048",186.33761974064,178.183772748512,194.491466732767,176.134007208117,196.541232273163,172.445104377354,200.230135103926
