"","Point Forecast","Lo 75","Hi 75","Lo 85","Hi 85","Lo 95","Hi 95"
"2019.000",185.742041172657,182.545496864339,188.938585480976,181.741929373085,189.74215297223,180.295772564035,191.18830978128
"2019.008",186.317355617357,181.837415768218,190.797295466496,180.711220202533,191.923491032181,178.684439125197,193.950272109517
"2019.016",186.024909301277,180.885084822977,191.164733779578,179.593003292691,192.456815309863,177.267682117799,194.782136484756
"2019.024",185.866950439989,179.846333999604,191.887566880374,178.332833424556,193.401067455422,175.609030899034,196.124869980944
"2019.031",186.03335260745,179.199314256837,192.867390958064,177.481330546038,194.585374668863,174.389525727838,197.677179487063
"2019.039",186.006711972199,178.544246506862,193.469177437536,176.668284820065,195.345139124333,173.292171679098,198.7212522653
"2019.047",185.945579522453,177.86603447118,194.025124573727,175.83494742182,196.056211623087,172.179659722689,199.711499322218
