"","Point Forecast","Lo 75","Hi 75","Lo 85","Hi 85","Lo 95","Hi 95"
"2019.000",33.2254133698077,32.6396590253673,33.811167714248,32.4924083998,33.9584183398153,32.2274057744841,34.2234209651312
"2019.008",33.2256862788141,32.4386102017644,34.0127623558637,32.2407500479053,34.2106225097228,31.8846669411879,34.5667056164402
"2019.016",33.3040867741684,32.417159010908,34.1910145374289,32.1941975097041,34.4139760386328,31.7929402455277,34.8152333028092
"2019.024",33.3776600670045,32.3904907623134,34.3648293716957,32.1423299094981,34.612990224511,31.6957221124627,35.0595980215463
"2019.031",33.4353184555401,32.3481449094898,34.5224920015905,32.0748443590533,34.795792552027,31.5829933866928,35.2876435243874
"2019.039",33.4956218860749,32.3197462732969,34.6714974988529,32.0241472372603,34.9670965348896,31.4921663353878,35.4990774367621
"2019.047",33.5589969333865,32.3020278414357,34.8159660253373,31.9860430145791,35.1319508521939,31.4173744038048,35.7006194629681
