"","Point Forecast","Lo 75","Hi 75","Lo 85","Hi 85","Lo 95","Hi 95"
"2019.000",32.8532111663891,32.266229167292,33.4401931654862,32.1186699261457,33.5877524066325,31.8531118944378,33.8533104383403
"2019.008",32.9022692834547,32.1138897308143,33.6906488360951,31.915701901031,33.8888366658784,31.5590290855785,34.2455094813309
"2019.016",32.9712483308261,32.0833707049558,33.8591259566964,31.8601704212916,34.0823262403606,31.4584834273357,34.4840132343165
"2019.024",33.0326993982199,32.0446819053972,34.0207168910426,31.796307829694,34.2690909667458,31.3493163016906,34.7160824947492
"2019.032",33.0907141644821,32.0026373024378,34.1787910265264,31.7291096707232,34.452318658241,31.2368500268571,34.9445783021071
"2019.040",33.1506767918736,31.9739148809882,34.327438702759,31.6780930417371,34.6232605420101,31.1457111674647,35.1556424162825
"2019.048",33.2111650487381,31.9533469277232,34.468983169753,31.6371486665797,34.7851814308966,31.0680959443889,35.3542341530873
