"","Point Forecast","Lo 75","Hi 75","Lo 85","Hi 85","Lo 95","Hi 95"
"2019.000",6324.640137,5734.90511396749,6914.37516003251,5586.65380028165,7062.62647371836,5319.8502659542,7329.4300080458
"2019.005",6324.640137,5490.62886922101,7158.65140477899,5280.96985076686,7368.31042323314,4903.65267403191,7745.62759996809
"2019.011",6324.640137,5303.18911410488,7346.09115989512,5046.41030651218,7602.86996748783,4584.29302941809,8064.98724458191
"2019.016",6324.640137,5145.17009093497,7504.11018306503,4848.66746356329,7800.61281043671,4315.0603949084,8334.21987909161
"2019.022",6324.640137,5005.95253678689,7643.32773721311,4674.45252163171,7974.82775236829,4077.86168223834,8571.41859176166
"2019.027",6324.640137,4880.09024712185,7769.19002687815,4516.95017489426,8132.33009910574,3863.41765422087,8785.86261977913
"2019.033",6324.640137,4764.34792663102,7884.93234736898,4372.11181907966,8277.16845492034,3666.21601833615,8983.06425566385
