"","Point Forecast","Lo 75","Hi 75","Lo 85","Hi 85","Lo 95","Hi 95"
"2019.000",6635.540039,6048.38507127647,7222.69500672353,5900.78234818471,7370.29772981529,5635.14606329695,7635.93401470305
"2019.005",6635.540039,5805.17752043065,7465.90255756935,5596.43574759108,7674.64433040892,5220.76931084441,8050.31076715559
"2019.011",6635.540039,5618.55780298638,7652.52227501362,5362.90238725594,7908.17769074406,4902.8068454965,8368.27323250351
"2019.016",6635.540039,5461.23010355294,7809.84997444706,5166.02465736942,8105.05542063058,4634.7520875939,8636.3279904061
"2019.022",6635.540039,5322.6216178435,7948.4584601565,4992.57189534624,8278.50818265376,4398.59110504671,8872.48897295329
"2019.027",6635.540039,5197.30996813703,8073.77010986297,4835.7586119169,8435.3214660831,4185.0852567733,9085.9948212267
"2019.032",6635.540039,5082.07401334739,8189.00606465261,4691.55391521066,8579.52616278934,3988.74636620254,9282.33371179746
