"","Point Forecast","Lo 75","Hi 75","Lo 85","Hi 85","Lo 95","Hi 95"
"2019.000",6613.660156,6025.06966272265,7202.25064927735,5877.10606815324,7350.21424384676,5610.82033346782,7616.49997853218
"2019.005",6613.660156,5781.2674977233,7446.0528142767,5572.01537554577,7655.30493645423,5195.43047808717,8031.88983391283
"2019.011",6613.660156,5594.1915167916,7633.1287952084,5337.91105332686,7889.40925867314,4876.69063152091,8350.62968047909
"2019.016",6613.660156,5436.4791694453,7790.8411425547,5140.55198030648,8086.76833169352,4607.98051093565,8619.33980106435
"2019.022",6613.660156,5297.53180212171,7929.78850987829,4966.67514646929,8260.64516553071,4371.24214227423,8856.07816972577
"2019.027",6613.660156,5171.91378001744,8055.40653198256,4809.47847281434,8417.84183918566,4157.21429705293,9070.10601494707
"2019.033",6613.660156,5056.39608673129,8170.92422526871,4664.92121240945,8562.39909959055,3960.39538074771,9266.92493125229
