"","Point Forecast","Lo 75","Hi 75","Lo 85","Hi 85","Lo 95","Hi 95"
"2019.000",6712.529785,6125.21975321669,7299.83981678331,5977.57804914251,7447.48152085749,5711.87161132575,7713.18795867425
"2019.005",6712.529785,5881.94797273427,7543.11159726573,5673.15107246069,7751.90849753931,5297.38542449039,8127.67414550961
"2019.011",6712.529785,5695.27897015642,7729.78059984358,5439.55603738388,7985.50353261612,4979.33898718712,8445.72058281288
"2019.016",6712.529785,5537.90972143338,7887.14984856662,5242.62631328502,8182.43325671498,4711.21343765151,8713.84613234849
"2019.022",6712.529785,5399.26463006496,8025.79493993504,5069.12774344118,8355.93182655882,4474.99008642359,8950.06948357641
"2019.027",6712.529785,5273.91988631313,8151.13968368687,4912.27304657638,8512.78652342362,4261.42785255278,9163.63171744722
"2019.032",6712.529785,5158.65349840793,8266.40607159207,4768.03026628585,8657.02930371415,4065.03711007386,9360.02245992614
