"","Point Forecast","Lo 75","Hi 75","Lo 85","Hi 85","Lo 95","Hi 95"
"2019.000",5910.549805,5316.79138105412,6504.30822894587,5167.52863944287,6653.57097055713,4898.90486798896,6922.19474201104
"2019.006",5910.549805,5070.84858908247,6750.25102091753,4859.75919553884,6961.34041446116,4479.86781477291,7341.23179522709
"2019.011",5910.549805,4882.13004730372,6938.96956269628,4623.599395156,7197.500214844,4158.32937487706,7662.77023512294
"2019.017",5910.549805,4723.03295710825,7098.06665289175,4424.50747388574,7396.59213611426,3887.25993097791,7933.83967902209
"2019.022",5910.549805,4582.86560684388,7238.23400315612,4249.10397009313,7571.99563990687,3648.44295674981,8172.65665325019
"2019.028",5910.549805,4456.14463585347,7364.95497414653,4090.52708129701,7730.57252870299,3432.53590845291,8388.56370154709
"2019.033",5910.549805,4339.61267638956,7481.48693361044,3944.70058207848,7876.39902792152,3233.98888657118,8587.11072342882
