"","Point Forecast","Lo 75","Hi 75","Lo 85","Hi 85","Lo 95","Hi 95"
"2019.000",5902.22998,5308.47519306326,6495.98476693674,5159.21336574632,6645.24659425368,4890.59123972103,6913.86872027897
"2019.006",5902.22998,5062.53390759011,6741.92605240989,4851.44580705391,6953.01415294609,4471.55675327545,7332.90320672455
"2019.011",5902.22998,4873.81652178832,6930.64343821168,4615.28745324482,7189.17250675518,4150.02028293186,7654.43967706814
"2019.017",5902.22998,4714.72040612651,7089.73955387349,4416.19675149264,7388.26320850736,3878.95249944207,7925.50746055793
"2019.022",5902.22998,4574.55391444353,7229.90604555647,4240.79432211703,7563.66563788297,3640.13698806398,8164.32297193602
"2019.028",5902.22998,4447.83371967003,7356.62624032997,4082.21840466812,7722.24155533188,3424.23126228458,8380.22869771542
"2019.033",5902.22998,4331.30247401123,7473.15748598877,3936.39279869555,7868.06716130445,3225.6854565832,8578.7745034168
