"","Point Forecast","Lo 75","Hi 75","Lo 85","Hi 85","Lo 95","Hi 95"
"2019.000",45.130001,44.2694786295591,45.9905233704409,44.0531550827263,46.2068469172737,43.6638439500401,46.5961580499599
"2019.008",45.130001,43.913038592997,46.346963407003,43.6071108992054,46.6528911007946,43.0565418153778,47.2034601846222
"2019.016",45.130001,43.6395325333467,46.6204694666533,43.2648491593588,46.9951528406412,42.5905424975942,47.6694595024058
"2019.024",45.130001,43.4089562591181,46.8510457408819,42.9763091654525,47.2836928345475,42.1976869000802,48.0623150999198
"2019.032",45.130001,43.2058144835348,47.0541875164652,42.7221003276828,47.5379016723172,41.8515741705992,48.4084278294008
"2019.040",45.130001,43.0221602801695,47.2378417198305,42.49227797108,47.76772402892,41.538664344814,48.721337655186
"2019.048",45.130001,42.8532728102055,47.4067291897945,42.2809345025584,47.9790674974416,41.2509140628421,49.0090879371579
