"","Point Forecast","Lo 75","Hi 75","Lo 85","Hi 85","Lo 95","Hi 95"
"2019.000",44.889999,44.032545371669,45.747452628331,43.8169932646039,45.9630047353961,43.4290704694065,46.3509275305935
"2019.008",44.889999,43.6773764497083,46.1026215502917,43.3725397364987,46.4074582635013,42.8239340583768,46.9560639416232
"2019.016",44.889999,43.4048457505965,46.3751522494035,43.0314985494812,46.7484994505188,42.3595965587851,47.4204014412149
"2019.024",44.889999,43.1750917433381,46.6049062566619,42.7439875292078,47.0360104707922,41.968141938813,47.811856061187
"2019.031",44.889999,42.9726743994981,46.8073236005019,42.4906852354072,47.2893127645928,41.623263495324,48.156734504676
"2019.039",44.889999,42.7896751324911,46.9903228675089,42.2616824571998,47.5183155428002,41.3114695493719,48.4685284506281
"2019.047",44.889999,42.6213899386663,47.1586080613337,42.051092668796,47.728905331204,41.0247454248105,48.7552525751895
