"","Point Forecast","Lo 75","Hi 75","Lo 85","Hi 85","Lo 95","Hi 95"
"2019.000",43.2294038697157,42.1754433182959,44.2833644211355,41.9104920601571,44.5483156792744,41.4336670638824,45.025140675549
"2019.008",43.3703488978638,41.9262838238425,44.8144139718851,41.5632656276861,45.1774321680415,40.909952443798,45.8307453519296
"2019.016",43.3420800080081,41.6247058514918,45.0594541645243,41.1929814925002,45.491178523516,40.4160198456151,46.2681401704011
"2019.024",43.3420800080081,41.2516241698698,45.4325358461463,40.7261121821086,45.9580478339076,39.7803636947579,46.9037963212583
"2019.031",43.3420800080081,40.9357057168924,45.7484542991238,40.3307761537077,46.3533838623085,39.2421021887752,47.442057827241
"2019.039",43.3420800080081,40.6566994303843,46.0274605856319,39.9816315052473,46.7025285107689,38.766731590638,47.9174284253782
"2019.047",43.3420800080081,40.4040703986951,46.2800896173211,39.6654949924685,47.0186650235477,38.3363025296877,48.3478574863285
