"","Point Forecast","Lo 75","Hi 75","Lo 85","Hi 85","Lo 95","Hi 95"
"2019.000",43.2020656769191,42.1410088988845,44.2631224549538,41.8742737464934,44.5298576073448,41.3942383281355,45.0098930257028
"2019.008",43.0085038530414,41.5517753774645,44.4652323286182,41.1855737754682,44.8314339306146,40.5265315096031,45.4904761964796
"2019.016",42.8524270272182,41.1163479595957,44.5885060948407,40.6799214419471,45.0249326124894,39.8944974582539,45.8103565961826
"2019.024",42.8524270272182,40.7381646838897,44.9666893705467,40.2066680665392,45.4981859878973,39.2501492171162,46.4547048373202
"2019.032",42.8524270272182,40.4180400440546,45.2868140103819,39.8060684734704,45.8987855809661,38.7047212146813,47.0001328397552
"2019.040",42.8524270272182,40.1353744492992,45.5694796051372,39.4523446167505,46.2525094376859,38.2231158912551,47.4817381631814
"2019.048",42.8524270272182,39.8794639533547,45.8253901010818,39.1321017245127,46.5727523299237,37.7870958751856,47.9177581792508
