"","Point Forecast","Lo 75","Hi 75","Lo 85","Hi 85","Lo 95","Hi 95"
"2019.000",125.054517555288,123.26796790124,126.841067209336,122.818853768904,127.290181341673,122.010596257759,128.098438852818
"2019.008",124.729549109516,122.338911308298,127.120186910733,121.737937683305,127.721160535726,120.656383104128,128.802715114903
"2019.016",124.440602074795,121.663890293067,127.217313856522,120.965862953176,127.915341196413,119.709643654271,129.171560495318
"2019.024",124.183683626373,121.136168402467,127.231198850279,120.370064783424,127.997302469322,118.991330604684,129.376036648062
"2019.032",123.955243527643,120.709586128405,127.20090092688,119.893672278254,128.016814777031,118.425296089776,129.485190965509
"2019.040",123.752125071072,120.357995011302,127.146255130843,119.504757166288,127.999492975857,117.969210080654,129.53504006149
"2019.048",123.571521457132,120.06445591043,127.078587003834,119.182827629635,127.960215284629,117.5961871107,129.546855803564
