"","Point Forecast","Lo 75","Hi 75","Lo 85","Hi 85","Lo 95","Hi 95"
"2019.000",124.304554026304,122.53183505182,126.077273000788,122.086197763039,126.522910289568,121.284197425108,127.324910627499
"2019.008",124.059794449942,121.688331452229,126.431257447655,121.092178110411,127.027410789474,120.019298453267,128.100290446617
"2019.016",123.842304194281,121.088571576961,126.596036811601,120.396320884509,127.288287504053,119.150497648311,128.534110740251
"2019.024",123.649045111181,120.627454768258,126.670635454104,119.867868309487,127.430221912875,118.500862872645,128.797227349717
"2019.031",123.477317540733,120.259947153685,126.694687927781,119.451144271263,127.503490810203,117.995565482521,128.959069598946
"2019.039",123.324722599379,119.960807495699,126.68863770306,119.115165277125,127.534279921634,117.593287817271,129.056157381488
"2019.047",123.189128669609,119.713866883604,126.664390455614,118.840233632982,127.538023706236,117.267981534995,129.110275804223
