"","Point Forecast","Lo 75","Hi 75","Lo 85","Hi 85","Lo 95","Hi 95"
"2019.000",66.2729455478351,65.096199069716,67.4496920259542,64.8003811100512,67.745509985619,64.2680062177562,68.277884877914
"2019.008",66.833625006108,65.10110946505,68.5661405471661,64.6655787692092,69.0016712430068,63.8817669697088,69.7854830425072
"2019.016",66.7250602595385,64.6930147037904,68.7571058152865,64.1821862616198,69.2679342574571,63.2628633199365,70.1872571991404
"2019.024",66.7250602595385,64.2862859836578,69.1638345354191,63.673211507729,69.776909011348,62.5698793825892,70.8802411364878
"2019.032",66.7250602595385,63.9383003493993,69.5118201696777,63.2377470475439,70.212373471533,61.9769818490928,71.4731386699842
"2019.040",66.7250602595385,63.6291853226554,69.8209351964216,62.8509247336201,70.5991957854568,61.450312013099,71.999808505978
"2019.048",66.7250602595385,63.3482492709158,70.1018712481611,62.4993652033598,70.9507553157172,60.971653483124,72.4784670359529
