"","Point Forecast","Lo 75","Hi 75","Lo 85","Hi 85","Lo 95","Hi 95"
"2019.000",67.7424792985627,66.5670055187939,68.9179530783315,66.2715074980762,69.2134510990491,65.7397083905061,69.7452502066193
"2019.008",67.5164774300326,65.7901872634632,69.242767596602,65.3562215415685,69.6767333184966,64.5752261797075,70.4577286803577
"2019.016",67.7094324914873,65.6747598176843,69.7441051652903,65.1632709539894,70.2555940289852,64.2427594710887,71.1761055118859
"2019.024",67.7094324914873,65.2662749850949,70.1525899978797,64.6520986250042,70.7667663579704,63.5467834713065,71.8720815116681
"2019.032",67.7094324914873,64.9169167238394,70.5019482591352,64.2149164781809,71.2039485047937,62.9515472574716,72.467317725503
"2019.040",67.7094324914873,64.606648254051,70.8122167289236,63.8266507614173,71.5922142215573,62.4229121865119,72.9959527964627
"2019.048",67.7094324914873,64.324702703808,71.0941622791666,63.4738279585457,71.9450370244289,61.9425336741185,73.4763313088561
