"","Point Forecast","Lo 75","Hi 75","Lo 85","Hi 85","Lo 95","Hi 95"
"2019.000",66.059998,64.8607882153524,67.2592077846476,64.5593232878588,67.5606727121412,64.0167857134431,68.1032102865569
"2019.008",66.059998,64.3640592584208,67.7559367415792,63.9377234693796,68.1822725306204,63.1704594735439,68.9495365264561
"2019.016",66.059998,63.9829057240566,68.1370902759434,63.4607531529377,68.6592428470623,62.5210505090345,69.5989454909655
"2019.024",66.059998,63.6615784307048,68.4584175692952,63.0586485757176,69.0613474242824,61.9735734268862,70.1464225731137
"2019.031",66.059998,63.3784834022451,68.7415125977549,62.7043873315374,69.4156086684626,61.491236434796,70.6287595652039
"2019.039",66.059998,63.1225459330605,68.9974500669395,62.384110685356,69.7358853146439,61.0551704617504,71.0648255382496
"2019.047",66.059998,62.8871871400271,69.2328088599729,62.089585912871,70.030410087129,60.6541664140589,71.4658295859411
