"","Point Forecast","Lo 75","Hi 75","Lo 85","Hi 85","Lo 95","Hi 95"
"2019.000",35.5961879873518,35.1172181285002,36.0751578462034,34.9968116611591,36.1955643135445,34.7801196788501,36.4122562958535
"2019.008",35.9381131135196,35.2536249307024,36.6226012963368,35.081553969437,36.7946722576022,34.7718829150676,37.1043433119715
"2019.016",35.6725436660509,34.8845354053963,36.4605519267055,34.6864409133367,36.6586464187651,34.3299360750438,37.015151257058
"2019.024",35.8605486352934,34.9368483223203,36.7842489482666,34.7046427053873,37.0164545651996,34.2867490776808,37.434348192906
"2019.031",35.7318259734819,34.7197662613471,36.7438856856168,34.4653483007502,36.9983036462137,34.0074797706441,37.4561721763198
"2019.039",35.8188109557109,34.7065684948488,36.931053416573,34.4269659623214,37.2106559491004,33.923773497914,37.7138484135078
"2019.047",35.760342346938,34.5683051381973,36.9523795556788,34.2686432981229,37.2520413957532,33.7293506871695,37.7913340067066
