"","Point Forecast","Lo 75","Hi 75","Lo 85","Hi 85","Lo 95","Hi 95"
"2019.000",36.3943853611269,35.916115559076,36.8726551631777,35.7958850764336,36.9928856458201,35.5795098086174,37.2092609136363
"2019.008",36.0745710348893,35.3856965752312,36.7634454945474,35.2125229639985,36.9366191057801,34.9008675028736,37.248274566905
"2019.016",36.3278164745123,35.5354674858534,37.1201654631711,35.3362817941808,37.3193511548438,34.9778131559983,37.6778197930262
"2019.024",36.1505113585525,35.2212420394833,37.0797806776217,34.987636450635,37.31338626647,34.5672233345972,37.7337993825078
"2019.032",36.269253563055,35.2506966148318,37.2878105112783,34.9946453380033,37.5438617881068,34.5338373766543,38.0046697494558
"2019.040",36.191148335147,35.0720518177701,37.310244852524,34.7907262692394,37.5915704010547,34.2844329435448,38.0978637267493
"2019.048",36.2421345738135,35.042271246796,37.441997900831,34.740642027695,37.743627119932,34.1978087824995,38.2864603651275
