"","Point Forecast","Lo 75","Hi 75","Lo 85","Hi 85","Lo 95","Hi 95"
"2019.000",35.3680412598797,34.8947288402451,35.8413536795143,34.7757445756955,35.9603379440639,34.5616120899729,36.1744704297865
"2019.008",35.6034589013127,34.9203991108916,36.2865186917338,34.7486872279256,36.4582305746997,34.4396623962238,36.7672554064016
"2019.016",35.4416814417801,34.6601425434223,36.2232203401378,34.4636743605046,36.4196885230555,34.1100963430011,36.773266540559
"2019.024",35.544499503782,34.6270870682427,36.4619119393213,34.3964621376407,36.6925368699233,33.9814132246913,37.1075857828727
"2019.032",35.481591423003,34.4768554403862,36.4863274056198,34.2242785651577,36.7389042808483,33.7697233823068,37.1934594636992
"2019.040",35.5193116311364,34.4162982718428,36.62232499043,34.1390158091404,36.8996074531324,33.6399987062445,37.3986245560282
"2019.048",35.4969464823936,34.3141001015759,36.6797928632113,34.0167487098559,36.9771442549314,33.4816141449359,37.5122788198514
