"","Point Forecast","Lo 75","Hi 75","Lo 85","Hi 85","Lo 95","Hi 95"
"2019.000",0.75344,0.749094540607749,0.757785459392251,0.748002151588428,0.758877848411572,0.74603621115951,0.76084378884049
"2019.008",0.75344,0.747294592392737,0.759585407607263,0.745749721026226,0.761130278973774,0.742969461408832,0.763910538591168
"2019.016",0.75344,0.745913443550394,0.760966556449606,0.7440213702673,0.7628586297327,0.740616261559759,0.766263738440241
"2019.024",0.75344,0.744749081215498,0.762130918784502,0.742564303176857,0.764315696823143,0.738632422319019,0.768247577680981
"2019.033",0.75344,0.743723257405462,0.763156742594538,0.741280601300387,0.765599398699613,0.736884624861609,0.769995375138391
"2019.041",0.75344,0.742795841791001,0.764084158208999,0.740120046093045,0.766759953906955,0.735304495177486,0.771575504822514
"2019.049",0.75344,0.741942995115775,0.764937004884225,0.739052805435714,0.767827194564286,0.733851415968427,0.773028584031573
