"","Point Forecast","Lo 75","Hi 75","Lo 85","Hi 85","Lo 95","Hi 95"
"2019.000",0.75514,0.750787104065381,0.75949289593462,0.749692845601085,0.760587154398915,0.74772354078696,0.76255645921304
"2019.008",0.75514,0.748984075533662,0.761295924466338,0.747436560372714,0.762843439627287,0.744651542796131,0.765628457203869
"2019.016",0.75514,0.747600563081179,0.762679436918821,0.745705251824406,0.764574748175594,0.742294315830752,0.767985684169248
"2019.024",0.75514,0.746434208130761,0.763845791869239,0.744245691202169,0.766034308797831,0.740307081573919,0.769972918426081
"2019.033",0.75514,0.745406628791208,0.764873371208792,0.742959792480088,0.767320207519912,0.738556293047287,0.771723706952713
"2019.041",0.75514,0.744477626056747,0.765802373943253,0.7417972511725,0.7684827488275,0.736973459229888,0.773306540770113
"2019.049",0.75514,0.743623319874053,0.766656680125947,0.740728184107498,0.769551815892502,0.735517893313641,0.774762106686359
