"","Point Forecast","Lo 75","Hi 75","Lo 85","Hi 85","Lo 95","Hi 95"
"2019.000",0.75405,0.749702700140156,0.758397299859844,0.748609848452471,0.759490151547529,0.746643075372888,0.761456924627112
"2019.008",0.75405,0.747901989578507,0.760198010421493,0.74635646390012,0.76174353609988,0.743575026736864,0.764524973263136
"2019.016",0.75405,0.746520255767014,0.761579744232986,0.744627381118806,0.763472618881194,0.74122083021801,0.76687916978199
"2019.024",0.75405,0.745355400280313,0.762744599719687,0.743169696904943,0.764930303095057,0.739236150745777,0.768863849254223
"2019.033",0.75405,0.744329141994814,0.763770858005186,0.741885451331825,0.766214548668175,0.737487613029561,0.770612386970439
"2019.041",0.75405,0.74340133358451,0.76469866641549,0.740724404585142,0.767375595414858,0.735906814100322,0.772193185899678
"2019.049",0.75405,0.742548125696228,0.765551874303772,0.739656711910736,0.768443288089264,0.734453119456863,0.773646880543137
