"","Point Forecast","Lo 75","Hi 75","Lo 85","Hi 85","Lo 95","Hi 95"
"2019.000",0.75603,0.751670347407772,0.760389652592228,0.750574390412224,0.761485609587776,0.748602028801301,0.763457971198699
"2019.008",0.75603,0.749864520176836,0.762195479823164,0.748314602929955,0.763745397070045,0.745525262389883,0.766534737610117
"2019.016",0.75603,0.748478860206911,0.763581139793089,0.746580607007713,0.765479392992287,0.743164376486695,0.768895623513305
"2019.024",0.75603,0.747310694815543,0.764749305184456,0.745118780824449,0.766941219175551,0.741174057602602,0.770885942397398
"2019.033",0.75603,0.746281520445494,0.765778479554506,0.743830886103034,0.768229113896966,0.739420551464799,0.772639448535201
"2019.041",0.75603,0.745351075693239,0.766708924306761,0.742666540274114,0.769393459725886,0.737835260739098,0.774224739260902
"2019.049",0.75603,0.744495443438326,0.767564556561674,0.741595813780486,0.770464186219514,0.736377435462492,0.775682564537508
