"","Point Forecast","Lo 75","Hi 75","Lo 85","Hi 85","Lo 95","Hi 95"
"2019.000",0.7526,0.748255555545409,0.756944444454591,0.747163421667525,0.758036578332475,0.745197940409156,0.760002059590844
"2019.008",0.7526,0.746456027731341,0.75874397226866,0.74491151718931,0.76028848281069,0.742131906937135,0.763068093062865
"2019.016",0.7526,0.745075201473987,0.760124798526013,0.743183570108826,0.762016429891175,0.739779256708006,0.765420743291994
"2019.024",0.7526,0.743911111090818,0.761288888909182,0.74172684333505,0.76347315666495,0.737795880818312,0.767404119181688
"2019.033",0.7526,0.742885526875062,0.762314473124938,0.740443441283584,0.764756558716416,0.736048491581369,0.769151508418631
"2019.041",0.7526,0.741958327870388,0.763241672129612,0.739283157138766,0.765916842861234,0.734468730956758,0.770731269043242
"2019.049",0.7526,0.741105680388418,0.764094319611582,0.738216165749149,0.766983834250851,0.733015991132947,0.772184008867053
