"","Point Forecast","Lo 75","Hi 75","Lo 85","Hi 85","Lo 95","Hi 95"
"2019.000",0.75479,0.750439223025038,0.759140776974962,0.7493454972382,0.7602345027618,0.747377151068049,0.762202848931951
"2019.008",0.75479,0.748637072195148,0.760942927804852,0.747090310353885,0.762489689646115,0.744306648504611,0.765273351495388
"2019.016",0.75479,0.747254233226965,0.762325766773035,0.745359844594614,0.764220155405386,0.741950569021028,0.767629430978972
"2019.024",0.75479,0.746088446050076,0.763491553949924,0.7439009944764,0.7656790055236,0.739964302136097,0.769615697863903
"2019.033",0.75479,0.745061366929045,0.764518633070955,0.74261572172093,0.76696427827907,0.73821436588122,0.77136563411878
"2019.041",0.75479,0.744132816426694,0.765447183573306,0.741453746330417,0.768126253669583,0.736632302576384,0.772947697423616
"2019.049",0.75479,0.743278926114345,0.766301073885655,0.740385199679873,0.769194800320127,0.735177445219566,0.774402554780434
