"","Point Forecast","Lo 75","Hi 75","Lo 85","Hi 85","Lo 95","Hi 95"
"2019.000",83.663002,83.0519202444489,84.2740837555511,82.898302654359,84.427701345641,82.6218415900225,84.7041624099775
"2019.008",83.663002,82.7988018935809,84.5272021064191,82.5815538142567,84.7444501857434,82.1905788276039,85.1354251723961
"2019.016",83.663002,82.6045773518072,84.7214266481928,82.3385038808351,84.9875001191649,81.8596592710898,85.4663447289102
"2019.024",83.663002,82.4408384888979,84.8851655111021,82.133603308718,85.192400691282,81.5806811800451,85.7453228199549
"2019.033",83.663002,82.2965816547779,85.0294223452221,81.9530822807971,85.3729217192029,81.3348965478089,85.9911074521912
"2019.041",83.663002,82.1661635077757,85.1598404922243,81.7898787965393,85.5361252034607,81.1126902551683,86.2133137448317
"2019.049",83.663002,82.0462316440831,85.2797723559169,81.6397977037,85.6862062963,80.9083504802736,86.4176535197264
