"","Point Forecast","Lo 75","Hi 75","Lo 85","Hi 85","Lo 95","Hi 95"
"2019.000",84.386002,83.7665410996829,85.0054629003171,83.6108171072756,85.1611868927244,83.3305652125646,85.4414387874354
"2019.008",84.386002,83.5099519934117,85.2620520065883,83.2897250113624,85.4822789886376,82.8933889809814,85.8786150190186
"2019.016",84.386002,83.3130642473484,85.4589397526517,83.0433423805415,85.7286616194585,82.5579318599846,86.2140721400154
"2019.024",84.386002,83.1470801993657,85.6249238006343,82.8356322145511,85.9363717854489,82.2751284251292,86.4968755748708
"2019.033",84.386002,83.0008453174877,85.7711586825124,82.6526358847373,86.1193681152627,82.0259735973405,86.7460304026595
"2019.041",84.386002,82.8686388786179,85.9033651213821,82.487194556511,86.284809443489,81.800720415021,86.971283584979
"2019.049",84.386002,82.7470625108327,86.0249414891673,82.3350555537569,86.4369484462431,81.593578735897,87.178425264103
