"","Point Forecast","Lo 75","Hi 75","Lo 85","Hi 85","Lo 95","Hi 95"
"2019.000",84.056,83.4414930071545,84.6705069928455,83.2870143592865,84.8249856407135,83.0090036745605,85.1029963254394
"2019.008",84.056,83.1869558765448,84.9250441234552,82.9684900776327,85.1435099223673,82.5753235968087,85.5366764031913
"2019.016",84.056,82.9916426667852,85.1203573332148,82.7240777999932,85.3879222000068,82.242549169001,85.869450830999
"2019.024",84.056,82.826986014309,85.285013985691,82.5180287185729,85.5939712814271,81.9620073491211,86.1499926508789
"2019.033",84.056,82.6819205913484,85.4300794086516,82.3364958336433,85.7755041663567,81.7148450441249,86.3971549558751
"2019.041",84.056,82.5507714241564,85.5612285758436,82.1723775607246,85.9396224392754,81.4913932401044,86.6206067598956
"2019.049",84.056,82.4301673180206,85.6818326819794,82.0214552328923,86.0905447671077,81.2859080992888,86.8260919007112
