"","Point Forecast","Lo 75","Hi 75","Lo 85","Hi 85","Lo 95","Hi 95"
"2019.000",84.068001,83.4533468238941,84.6826551761059,83.2988311761688,84.8371708238312,83.0207539038866,85.1152480961134
"2019.008",84.068001,83.1987487279818,84.9372532720182,82.9802306033698,85.1557713966302,82.5869699535206,85.5490320464794
"2019.016",84.068001,83.0033887379003,85.1326132620997,82.7357597854756,85.4002422145244,82.2541158214526,85.8818861785474
"2019.024",84.068001,82.8386926477883,85.2973093522117,82.5296613523376,85.6063406476624,81.9735068077732,86.1624951922268
"2019.033",84.068001,82.6935924795732,85.4424095204268,82.3480849876719,85.7879170123281,81.7262853038512,86.4097166961488
"2019.041",84.068001,82.5624119002699,85.5735900997301,82.1839274060672,85.9520745939328,81.5027799799108,86.6332220200892
"2019.049",84.068001,82.4417789077166,85.6942230922834,82.0329689301673,86.1030330698327,81.2972456224494,86.8387563775506
