"","Point Forecast","Lo 75","Hi 75","Lo 85","Hi 85","Lo 95","Hi 95"
"2019.000",83.717003,83.1056118174062,84.3283941825938,82.9519164415926,84.4820895584074,82.6753153885741,84.7586906114259
"2019.008",83.717003,82.8523652976606,84.5816407023394,82.6350072127109,84.7989987872891,82.2438342521655,85.1901717478345
"2019.016",83.717003,82.658042408448,84.775963591552,82.3918342086503,85.0421717913497,81.9127471313953,85.5212588686047
"2019.024",83.717003,82.4942206348125,84.9397853651875,82.1868298831852,85.2471761168149,81.6336277771483,85.8003782228517
"2019.033",83.717003,82.3498907548764,85.0841152451236,82.0062174467296,85.4277885532704,81.3877186895324,86.0462873104676
"2019.041",83.717003,82.2194065694085,85.2145994305915,81.8429313228397,85.5910746771603,81.165399880628,86.268606119372
"2019.049",83.717003,82.0994139770792,85.3345920229208,81.6927742350157,85.7412317649843,80.9609566363503,86.4730493636497
