"","Point Forecast","Lo 75","Hi 75","Lo 85","Hi 85","Lo 95","Hi 95"
"2019.000",84.004997,83.3910875260587,84.6189064739413,83.2367590862656,84.7732349137345,82.9590187265996,85.0509752734004
"2019.008",84.004997,83.1367978958829,84.8731961041171,82.9185445232675,85.0914494767325,82.5257603398096,85.4842336601904
"2019.016",84.004997,82.9416745998858,85.0683194001142,82.6743699011112,85.3356240988888,82.1933094868574,85.8166845131426
"2019.024",84.004997,82.7771780521174,85.2328159478826,82.4685211725311,85.5414728274689,81.9130404531993,86.0969535468007
"2019.033",84.004997,82.6322536842361,85.3777403157639,82.2871648019972,85.7228291980028,81.6661184776889,86.3438755223111
"2019.041",84.004997,82.5012320405834,85.5087619594166,82.1232061102903,85.8867878897097,81.4428839481317,86.5671100518683
"2019.049",84.004997,82.3807452044448,85.6292487955552,81.9724305325276,86.0375634674724,81.2375986118059,86.7723953881941
