"","Point Forecast","Lo 75","Hi 75","Lo 85","Hi 85","Lo 95","Hi 95"
"2019.000",34.9532624910522,34.4280908368372,35.4784341452673,34.2960698704588,35.6104551116457,34.0584756154107,35.8480493666938
"2019.008",35.3556659696941,34.5859583963974,36.1253735429909,34.3924644466767,36.3188674927115,34.0442390692891,36.6670928700991
"2019.016",35.6770940902218,34.7857580654662,36.5684301149774,34.5616883876539,36.7924997927897,34.1584367705881,37.1957514098554
"2019.024",35.9338414648088,34.9729137058958,36.8947692237217,34.7313496185478,37.1363333110697,34.2966138265424,37.5710691030751
"2019.031",36.1389237527215,35.1361145670418,37.1417329384011,34.8840220621932,37.3938254432498,34.4303385864865,37.8475089189564
"2019.039",36.3027374816181,35.2740971877873,37.3313777754489,35.0155110958736,37.5899638673626,34.5501413022764,38.0553336609598
"2019.047",36.4335870934892,35.3887993336623,37.4783748533162,35.1261539897911,37.7410201971873,34.6534788796875,38.213695307291
