"","Point Forecast","Lo 75","Hi 75","Lo 85","Hi 85","Lo 95","Hi 95"
"2019.000",35.73,35.184704392112,36.275295607888,35.0476245391963,36.4123754608037,34.800925954653,36.659074045347
"2019.008",35.73,34.9588355558223,36.5011644441777,34.7649753687009,36.6950246312991,34.4160908846214,37.0439091153786
"2019.016",35.73,34.7855203019938,36.6744796980062,34.5480910320498,36.9119089679502,34.1207965494654,37.3392034505346
"2019.024",35.73,34.639408784224,36.820591215776,34.3652490783927,37.0947509216073,33.871851909306,37.588148090694
"2019.032",35.73,34.5106819529304,36.9493180470696,34.2041620834652,37.2558379165347,33.6525272784734,37.8074727215266
"2019.040",35.73,34.3943040016936,37.0656959983064,34.0585283080345,37.4014716919655,33.4542426556364,38.0057573443636
"2019.048",35.73,34.2872834305126,37.1727165694874,33.9246042299404,37.5353957700596,33.2719011264471,38.1880988735529
