"","Point Forecast","Lo 75","Hi 75","Lo 85","Hi 85","Lo 95","Hi 95"
"2019.000",48.830002,46.8461883704704,50.8138156295296,46.3474847744497,51.3125192255503,45.4499825622125,52.2100214377875
"2019.008",48.830002,46.0244658598986,51.6355381401014,45.3191924708019,52.3408115291981,44.0499326699962,53.6100713300038
"2019.016",48.830002,45.393936000907,52.266067999093,44.530156034682,53.129847965318,42.9756366031816,54.6843673968184
"2019.024",48.830002,44.8623747409407,52.7976292590593,43.8649675488994,53.7950364511006,42.0699631244249,55.5900408755751
"2019.032",48.830002,44.3940598696812,53.2659441303189,43.2789247283554,54.3810792716446,41.2720487718364,56.3879552281636
"2019.040",48.830002,43.9706708628737,53.6893331371263,42.749101519732,54.910902480268,40.5506790567316,57.1093249432684
"2019.048",48.830002,43.5813244887642,54.0786795112358,42.2618787957599,55.3981252042401,39.8873111410498,57.7726928589502
