"","Point Forecast","Lo 75","Hi 75","Lo 85","Hi 85","Lo 95","Hi 95"
"2019.000",49.5,47.5313938997501,51.4686061002499,47.0365132684604,51.9634867315396,46.145891133549,52.854108866451
"2019.008",49.5,46.7159705540563,52.2840294459437,46.0161036535305,52.9838963464695,44.7565737513892,54.2434262486108
"2019.016",49.5,46.0902742142772,52.9097257857228,45.2331158172016,53.7668841827984,43.6905130291897,55.3094869708103
"2019.024",49.5,45.5627877995003,53.4372122004997,44.5730265369208,54.4269734630792,42.7917822670981,56.2082177329019
"2019.031",49.5,45.0980629389206,53.9019370610794,43.9914762066087,55.0085237933913,41.9999845706809,57.0000154293191
"2019.039",49.5,44.6779195498576,54.3220804501424,43.4657145196113,55.5342854803887,41.2841447354502,57.7158552645498
"2019.047",49.5,44.2915578292942,54.7084421707058,42.9822267502389,56.0177732497611,40.625862069134,58.374137930866
