"","Point Forecast","Lo 75","Hi 75","Lo 85","Hi 85","Lo 95","Hi 95"
"2019.000",32.509998,30.8471939943966,34.1728020056034,30.4291878244982,34.5908081755018,29.6769143995496,35.3430816004504
"2019.008",32.509998,30.1584380237074,34.8615579762926,29.5672880290814,35.4527079709186,28.5034127489063,36.5165832510937
"2019.016",32.509998,29.6299369792659,35.3900590207341,28.9059290551246,36.1140669448754,27.6029532619298,37.4170427380703
"2019.024",32.509998,29.1843899887933,35.8356060112067,28.3483776489964,36.6716183510036,26.8438307990992,38.1761652009008
"2019.032",32.509998,28.7918552102119,36.2281407897881,27.8571649993047,37.1628310006953,26.1750304834531,38.8449655165469
"2019.040",32.509998,28.4369766440158,36.5830193559842,27.4130748184295,37.6069211815705,25.5703887802495,39.4496072197505
"2019.048",32.509998,28.1106321221314,36.9093638778686,27.0046917500896,38.0153042499104,25.0143633497528,40.0056326502472
