"","Point Forecast","Lo 75","Hi 75","Lo 85","Hi 85","Lo 95","Hi 95"
"2019.000",32.18,30.5040607376701,33.8559392623299,30.0827525439996,34.2772474560004,29.3245365638659,35.0354634361341
"2019.008",32.18,29.8098639654995,34.5501360345005,29.2140442040717,35.1459557959283,28.1417648817587,36.2182351182413
"2019.016",32.18,29.2771880472451,35.0828119527549,28.5474608501627,35.8125391498373,27.2341922494605,37.1258077505395
"2019.024",32.18,28.8281214753402,35.5318785246598,27.9855050879991,36.3744949120009,26.4690731277318,37.8909268722682
"2019.032",32.18,28.4324858832695,35.9275141167305,27.4904121227445,36.8695878772555,25.794989649539,38.565010350461
"2019.040",32.18,28.0748039673953,36.2851960326047,27.0428138684488,37.3171861315512,25.1855716022971,39.1744283977029
"2019.048",32.18,27.7458814994261,36.6141185005739,26.63120479366,37.72879520634,24.6251538701512,39.7348461298488
