"","Point Forecast","Lo 75","Hi 75","Lo 85","Hi 85","Lo 95","Hi 95"
"2019.000",32.5,30.8305049226375,34.1694950773625,30.4108167088727,34.5891832911273,29.6555161589882,35.3444838410118
"2019.008",32.5,30.1389774192788,34.8610225807212,29.5454486554045,35.4545513445955,28.47729237409,36.52270762591
"2019.016",32.5,29.6083497030219,35.3916502969781,28.8814283934435,36.1185716065565,27.5732094660589,37.4267905339411
"2019.024",32.5,29.1610098452749,35.8389901547251,28.3216334177454,36.6783665822546,26.8110323179764,38.1889676820236
"2019.032",32.5,28.7668955189161,36.2331044810839,27.8284441435826,37.1715558564174,26.1395407705979,38.8604592294021
"2019.040",32.5,28.4105889323734,36.5894110676266,27.3825669575896,37.6174330424104,25.5324660079291,39.4675339920709
"2019.048",32.5,28.0829312102522,36.9170687897478,26.9725405684457,38.0274594315543,24.974203148341,40.025796851659
