"","Point Forecast","Lo 75","Hi 75","Lo 85","Hi 85","Lo 95","Hi 95"
"2019.000",32.52,30.8638072501308,34.1761927498692,30.4474630594424,34.5925369405576,29.6981806496571,35.3418193503429
"2019.008",32.52,30.177789751231,34.862210248769,29.5889901501442,35.4510098498558,28.5293448041782,36.5106551958218
"2019.016",32.52,29.6513900100993,35.3886099899007,28.9302607183909,36.1097392816091,27.6324655154251,37.4075344845749
"2019.024",32.52,29.2076145002616,35.8323854997384,28.3749261188848,36.6650738811152,26.8763612993142,38.1636387006858
"2019.031",32.52,28.8166404274502,36.2233595725498,27.8856665150338,37.1543334849662,26.210220112409,38.829779887591
"2019.039",32.52,28.4631728471235,36.5768271528765,27.4433420225649,37.5966579774351,25.607982445348,39.432017554652
"2019.047",32.52,28.1381258606579,36.9018741393421,27.0365826722899,38.0034173277101,25.0541677542428,39.9858322457572
