"","Point Forecast","Lo 75","Hi 75","Lo 85","Hi 85","Lo 95","Hi 95"
"2019.000",136.289993,132.986127971781,139.593858028219,132.155581520333,140.424404479667,130.660871469136,141.919114530864
"2019.008",136.289993,131.617622268843,140.962363731157,130.443052213024,142.136933786976,128.329212986806,144.250773013194
"2019.016",136.289993,130.567530909775,142.012455090225,129.128982257821,143.451003742179,126.540068506564,146.039917493436
"2019.024",136.289993,129.682262943562,142.897723056438,128.021170040666,144.558815959334,125.031749938272,147.548236061728
"2019.032",136.289993,128.902326208418,143.677659791582,127.045167884509,145.534818115491,123.70289460338,148.87709139662
"2019.040",136.289993,128.197209501837,144.382776498163,126.162794488111,146.417191511889,122.501517549269,150.078468450731
"2019.048",136.289993,127.548787770009,145.031198229991,125.351368407191,147.228617592809,121.396737329575,151.183248670425
