"","Point Forecast","Lo 75","Hi 75","Lo 85","Hi 85","Lo 95","Hi 95"
"2019.000",135.669998,132.353456070557,138.986539929443,131.519722819637,139.820273180363,130.019277579044,141.320718420956
"2019.008",135.669998,130.979699423203,140.360296576797,129.800622552351,141.539373447649,127.678672543505,143.661323456495
"2019.016",135.669998,129.925578872772,141.414417127228,128.48151052222,142.85848547778,125.882663131537,145.457332868463
"2019.024",135.669998,129.036914141114,142.303081858886,127.369447639275,143.970548360725,124.368557158087,146.971438841913
"2019.032",135.669998,128.253984795537,143.086011204463,126.389700571379,144.950295428621,123.034603016895,148.305392983105
"2019.040",135.669998,127.546162562319,143.793833437681,125.503941515974,145.836054484026,121.828616289532,149.511379710468
"2019.048",135.669998,126.895252841976,144.444743158024,124.689402000277,146.650593999723,120.719597037795,150.620398962205
