"","Point Forecast","Lo 75","Hi 75","Lo 85","Hi 85","Lo 95","Hi 95"
"2019.000",127.580002,125.645334614977,129.514669385023,125.158985712211,130.001018287789,124.283717878502,130.876286121498
"2019.008",127.580002,124.84396914542,130.31603485458,124.156167931083,131.003836068917,122.918352289942,132.241651710058
"2019.016",127.580002,124.229059793395,130.930944206605,123.386678783598,131.773325216402,121.870670425383,133.289333574617
"2019.024",127.580002,123.710667229955,131.449336770045,122.737969424422,132.422034575578,120.987433757004,134.172570242996
"2019.031",127.580002,123.253954213238,131.906049786762,122.16644500587,132.99355899413,120.209286631177,134.950717368823
"2019.039",127.580002,122.84105408469,132.31894991531,121.64974743595,133.51025656405,119.505787855092,135.654216144908
"2019.047",127.580002,122.461353229603,132.698650770397,121.174594982474,133.985409017526,118.858853963905,136.301150036095
