"","Point Forecast","Lo 75","Hi 75","Lo 85","Hi 85","Lo 95","Hi 95"
"2019.000",126.809998,124.869223764163,128.750772235837,124.381339682681,129.238656317319,123.503309032932,130.116686967068
"2019.008",126.809998,124.065328754175,129.554667245825,123.375356469277,130.244639530723,122.133633616223,131.486362383777
"2019.016",126.809998,123.44847841751,130.17151758249,122.603438400178,131.016557599822,121.08264470421,132.53735129579
"2019.024",126.809998,122.928449528327,130.691546471673,121.952681365361,131.667314634639,120.196620065863,133.423375934137
"2019.032",126.809998,122.470294879689,131.149701120311,121.379352908353,132.240643091647,119.416016689187,134.203979310813
"2019.040",126.809998,122.05609141626,131.56390458374,120.861024363001,132.758971636999,118.710297292592,134.909698707408
"2019.048",126.809998,121.675192021055,131.944803978945,120.384372072824,133.235623927176,118.061321330096,135.558674669904
