"","Point Forecast","Lo 75","Hi 75","Lo 85","Hi 85","Lo 95","Hi 95"
"2019.000",47.740002,47.035552153162,48.444451846838,46.8584631027568,48.6215408972432,46.53976114077,48.94024285923
"2019.009",47.740002,46.7437594725901,48.7362445274099,46.4933177357592,48.9866862642408,46.0426050987626,49.4373989012374
"2019.017",47.740002,46.5198590738925,48.9601449261075,46.2131318411265,49.2668721588735,45.6611238504935,49.8188801495065
"2019.026",47.740002,46.331102306324,49.148901693676,45.9769242055136,49.5030797944864,45.3395202815399,50.1404837184601
"2019.034",47.740002,46.1648042557309,49.3151997442691,45.768821100954,49.711182899046,45.0561818493889,50.4238221506111
"2019.043",47.740002,46.0144593258651,49.4655446741348,45.5806815133384,49.8993224866616,44.8000243264468,50.6799796735532
"2019.052",47.740002,45.8762028941491,49.6038011058509,45.4076693068644,50.0723346931356,44.5644631730989,50.9155408269011
