"","Point Forecast","Lo 75","Hi 75","Lo 85","Hi 85","Lo 95","Hi 95"
"2019.000",47.610001,46.9115259812316,48.3084760187684,46.7359389208317,48.4840630791683,46.4199400461361,48.8000619538639
"2019.008",47.610001,46.6222081554789,48.5977938445211,46.3738905532841,48.8461114467159,45.927000658995,49.293001341005
"2019.017",47.610001,46.4002067796755,48.8197952203245,46.0960810699111,49.1239209300889,45.5487549638038,49.6712470361962
"2019.025",47.610001,46.2130509624632,49.0069510375368,45.8618768416633,49.3581251583367,45.2298790922722,49.9901229077278
"2019.034",47.610001,46.0481633774484,49.1718386225516,45.6555387744248,49.5644632255752,44.948943809792,50.271058190208
"2019.042",47.610001,45.8990936059365,49.3209083940635,45.4689949025214,49.7510070974786,44.6949589002236,50.5250430997764
"2019.051",47.610001,45.7620098033476,49.4579921966524,45.2974501080885,49.9225518919115,44.4613956710677,50.7586063289322
