"","Point Forecast","Lo 75","Hi 75","Lo 85","Hi 85","Lo 95","Hi 95"
"2019.000",47.66,46.9585411013172,48.3614588986827,46.7822039343442,48.5377960656558,46.4648551148835,48.8551448851165
"2019.009",47.66,46.6679873120356,48.6520126879644,46.4186088989518,48.9013911010482,45.9698098944674,49.3501901055326
"2019.017",47.66,46.4450375480602,48.8749624519398,46.1396126156001,49.1803873843999,45.5899483365721,49.7300516634279
"2019.026",47.66,46.2570822026345,49.0629177973655,45.9044078686884,49.4155921313116,45.269710229767,50.050289770233
"2019.034",47.66,46.0914902191232,49.2285097808768,45.6971883268117,49.6228116731882,44.9875747939183,50.3324252060817
"2019.043",47.66,45.9417836226926,49.3782163773074,45.5098475409207,49.8101524590793,44.7325048627673,50.5874951372327
"2019.051",47.66,45.8041141991522,49.5158858008478,45.3375699084438,49.9824300915562,44.4979438532909,50.8220561467091
