"","Point Forecast","Lo 75","Hi 75","Lo 85","Hi 85","Lo 95","Hi 95"
"2019.000",55.98,54.8175757855484,57.1424242144516,54.5253582469553,57.4346417530447,53.9994629267,57.9605370733
"2019.008",55.98,54.3360839106916,57.6239160893083,53.9228259044501,58.0371740955499,53.1790976101564,58.7809023898436
"2019.016",55.98,53.9666222006215,57.9933777993785,53.4604865769156,58.4995134230844,52.5496091627706,59.4103908372294
"2019.024",55.98,53.6551515710968,58.3048484289032,53.0707164939107,58.8892835060893,52.0189258533999,59.9410741466001
"2019.032",55.98,53.3807404377944,58.5792595622056,52.7273221572827,59.2326778427173,51.5513844721426,60.4086155278574
"2019.040",55.98,53.132653809938,58.827346190062,52.416869946493,59.543130053507,51.1286947537497,60.8313052462502
"2019.048",55.98,52.9045146106014,59.0554853893986,52.1313796747528,59.8286203252472,50.7399914417044,61.2200085582956
