"","Point Forecast","Lo 75","Hi 75","Lo 85","Hi 85","Lo 95","Hi 95"
"2019.000",56.220001,55.0531623779629,57.3868396220371,54.7598351177184,57.6801668822816,54.2319426640052,58.2080593359949
"2019.008",56.220001,54.5698419956144,57.8701600043856,54.1550146059629,58.2849873940371,53.4084619384472,59.0315400615528
"2019.016",56.220001,54.1989772223981,58.2410247776019,53.6909195044096,58.7490824955904,52.7765829536461,59.6634190463539
"2019.024",56.220001,53.8863237559258,58.5536782440742,53.2996692354368,59.1403327645632,52.2438843280103,60.1961176719897
"2019.032",56.220001,53.6108705223529,58.8291314776471,52.9549708287924,59.4850311712077,51.7745674174804,60.6654345825196
"2019.040",56.220001,53.3618417638369,59.0781602361631,52.6433396485892,59.7966623514108,51.350272497926,61.089729502074
"2019.048",56.220001,53.1328361859446,59.3071658140554,52.3567652025816,60.0832367974184,50.9600930510687,61.4799089489313
