"","Point Forecast","Lo 75","Hi 75","Lo 85","Hi 85","Lo 95","Hi 95"
"2019.000",55.639999,54.4816725813836,56.7983254186164,54.1904851725812,57.0895128274188,53.6664437466497,57.6135542533503
"2019.008",55.639999,54.0018780691377,57.2781199308623,53.590076886417,57.689921113583,52.8489703946193,58.4310276053807
"2019.016",55.639999,53.6337187912072,57.6462792087928,53.129367404637,58.150630595363,52.2217010296528,59.0582969703472
"2019.024",55.639999,53.3233461627673,57.9566518372327,52.7409713451624,58.5390266548376,51.6928884932994,59.5871095067006
"2019.031",55.639999,53.0499023878399,58.2300956121601,52.3987875475656,58.8812104524344,51.2269952961569,60.0530027038431
"2019.039",55.639999,52.8026903188044,58.4773076811956,52.0894297477152,59.1905682522848,50.8057956501026,60.4742023498974
"2019.047",55.639999,52.575355359305,58.704642640695,51.8049458907004,59.4750521092996,50.41846260099,60.86153539901
