"","Point Forecast","Lo 75","Hi 75","Lo 85","Hi 85","Lo 95","Hi 95"
"2019.000",40.5631998800962,40.0300677570498,41.0963320031426,39.8960456377541,41.2303541224383,39.654849966585,41.4715497936074
"2019.008",40.4918277732144,39.7640168041105,41.2196387423183,39.5810550872876,41.4026004591412,39.2517842600597,41.7318712863691
"2019.016",40.4254991792523,39.5642675008958,41.2867308576088,39.3477656437606,41.503232714744,38.9581336112611,41.8928647472434
"2019.024",40.3638576981583,39.402178786694,41.3255366096225,39.1604258698748,41.5672895264417,38.7253502470172,42.0023651492994
"2019.032",40.3065721149055,39.2659143557345,41.3472298740764,39.0043072375052,41.6088369923058,38.5335005915909,42.07964363822
"2019.040",40.2533346197906,39.1490021294786,41.3576671101025,38.8713880552918,41.6352811842893,38.3717741609486,42.1348950786325
"2019.048",40.2038591544959,39.0473511113453,41.3603671976465,38.7566208172487,41.6510974917431,38.2334020472254,42.1743162617664
