"","Point Forecast","Lo 75","Hi 75","Lo 85","Hi 85","Lo 95","Hi 95"
"2019.000",40.2535494933817,39.7218978910723,40.7852010956911,39.5882479544274,40.918851032336,39.3477220894421,41.1593768973213
"2019.008",40.2011624694055,39.4758554485246,40.9264694902865,39.293523190016,41.1088017487951,38.9653851804257,41.4369397583853
"2019.016",40.1525472871813,39.2948193720595,41.0102752023031,39.0791983130491,41.2258962613136,38.6911514270611,41.6139431473015
"2019.024",40.1074323758291,39.1502361115939,41.0646286400643,38.9096100709386,41.3052546807195,38.476562454011,41.7383022976471
"2019.032",40.0655657174479,39.0303400191587,41.1007914157371,38.7700984466919,41.3610329882038,38.3017493333733,41.8293821015224
"2019.040",40.0267134393103,38.9287250276994,41.1247018509212,38.652705768073,41.4007211105475,38.1559620146463,41.8974648639742
"2019.048",39.9906585074183,38.8413633277614,41.1399536870752,38.552446248832,41.4288707660046,38.0324906688815,41.9488263459551
