"","Point Forecast","Lo 75","Hi 75","Lo 85","Hi 85","Lo 95","Hi 95"
"2019.000",40.5266485693187,39.9959807047324,41.0573164339049,39.8625780662877,41.1907190723496,39.6224972566089,41.4307998820284
"2019.008",40.45848019385,39.7340225700285,41.1829378176715,39.5519038383157,41.3650565493843,39.2241501066277,41.6928102810723
"2019.016",40.3951269084752,39.5378512319997,41.2524025849507,39.3223438595956,41.4679099573548,38.9345015720535,41.8557522448968
"2019.024",40.3362485981122,39.3789743407919,41.2935228554324,39.1383286937425,41.5341685024818,38.7052457917633,41.9672514044611
"2019.031",40.2815291717921,39.2456247956981,41.317433547886,38.9852126129196,41.5778457306646,38.5165564572348,42.0465018863494
"2019.039",40.23067486571,39.1313736156721,41.3299761157479,38.8550243264328,41.6063254049872,38.3576866284061,42.1036631030139
"2019.047",40.1834126661401,39.0321608031376,41.3346645291425,38.7427518407942,41.6240734914859,38.2219110327129,42.1449142995672
