"","Point Forecast","Lo 75","Hi 75","Lo 85","Hi 85","Lo 95","Hi 95"
"2019.000",107.775176727202,106.128538651132,109.421814803272,105.714596374671,109.835757079732,104.969636619365,110.580716835038
"2019.008",107.426308086483,105.210785399719,109.641830773247,104.653833317876,110.19878285509,103.651503016766,111.2011131562
"2019.016",107.125660034222,104.53610338153,109.715216686914,103.885124279676,110.366195788767,102.713576312716,111.537743755728
"2019.024",106.866567525528,104.004633498855,109.728501552201,103.285182452934,110.447952598122,101.990407539615,111.742727511441
"2019.032",106.643286757346,103.572420961296,109.714152553395,102.800447327992,110.4861261867,101.411149057019,111.875424457673
"2019.040",106.450867834501,103.214184755351,109.687550913651,102.400526926448,110.501208742555,100.936210833138,111.965524835865
"2019.048",106.285045035833,102.91335096564,109.656739106026,102.065753221347,110.504336850319,100.540356459302,112.029733612364
