"","Point Forecast","Lo 75","Hi 75","Lo 85","Hi 85","Lo 95","Hi 95"
"2019.000",109.010002,107.349969936806,110.670034063194,106.932660595293,111.087343404707,106.181641231919,111.838362768081
"2019.008",109.010002,106.662362142257,111.357641857743,106.072197611784,111.947806388216,105.010095842497,113.009908157503
"2019.016",109.010002,106.134742124355,111.885261875645,105.411941142381,112.608062857619,104.11113744755,113.90886655245
"2019.024",109.010002,105.689937873613,112.330066126387,104.855319190586,113.164684809414,103.353280463839,114.666723536161
"2019.031",109.010002,105.29805746187,112.72194653813,104.3649254066,113.6550785934,102.685595057678,115.334408942322
"2019.039",109.010002,104.943770488516,113.076233511484,103.921575536911,114.098428463089,102.081961309696,115.938042690304
"2019.047",109.010002,104.617969992396,113.402034007604,103.513873254968,114.506130745032,101.526862789687,116.493141210313
