"","Point Forecast","Lo 75","Hi 75","Lo 85","Hi 85","Lo 95","Hi 95"
"2019.000",56.8603592722683,55.7573248718754,57.9633936726612,55.4800371197286,58.240681424808,54.981010497575,58.7397080469616
"2019.008",56.7802551126802,55.3804885193096,58.1800217060507,55.0286063549204,58.5319038704399,54.3953343602806,59.1651758650797
"2019.016",56.7802551126802,55.0064439232262,58.5540663021341,54.5605320665504,58.9999781588099,53.7580375968438,59.8024726285165
"2019.024",56.7802551126802,54.6985573066219,58.8619529187384,54.1752469682633,59.385263257097,53.2334607246687,60.3270495006917
"2019.031",56.7802551126802,54.4306752830801,59.1298349422802,53.8400230702324,59.7204871551279,52.7770436333011,60.7834665920592
"2019.039",56.7802551126802,54.1903545362914,59.3701556890689,53.5392889767271,60.0212212486332,52.3675854143644,61.1929248109959
"2019.047",56.7802551126802,53.9705140898287,59.5899961355316,53.2641836507566,60.2963265746037,51.9930215081612,61.5674887171991
