"","Point Forecast","Lo 75","Hi 75","Lo 85","Hi 85","Lo 95","Hi 95"
"2019.000",57.0748934097847,55.9636153823326,58.1861714372368,55.6842552951653,58.4655315244041,55.1814991525506,58.9682876670189
"2019.008",57.0894112117411,55.6786485034926,58.5001739199895,55.3240020663158,58.8548203571663,54.6857552911412,59.4930671323409
"2019.016",57.0894112117411,55.3014318819566,58.8773905415255,54.8519583487066,59.3268640747755,54.0430540342945,60.1357683891876
"2019.024",57.0894112117411,54.9909620823866,59.1878603410955,54.4634406906097,59.7153817328724,53.5140759378786,60.6647464856035
"2019.032",57.0894112117411,54.7208446804314,59.4579777430507,54.1254194706256,60.0534029528565,53.0538502112766,61.1249722122055
"2019.040",57.0894112117411,54.4785251403101,59.700297283172,53.8221841144993,60.3566383089828,52.6409864505009,61.5378359729812
"2019.048",57.0894112117411,54.2568602867365,59.9219621367456,53.5447957504391,60.634026673043,52.2633141215076,61.9155083019745
