"","Point Forecast","Lo 75","Hi 75","Lo 85","Hi 85","Lo 95","Hi 95"
"2019.000",57.1482193853169,56.0414387079681,58.2550000626658,55.763209193066,58.5332295775678,55.2624877081463,59.0339510624875
"2019.008",57.1635955089692,55.7584734779335,58.5687175400049,55.4052450298098,58.9219459881285,54.7695501678802,59.5576408500581
"2019.016",57.1635955089692,55.3830822456201,58.9441087723183,54.9354855792915,59.3917054386469,54.1299590071444,60.1972320107939
"2019.024",57.1635955089692,55.0740771338831,59.2531138840552,54.5488008115031,59.7783902064353,53.6034764442162,60.7237145737221
"2019.032",57.1635955089692,54.8052175497178,59.5219734682205,54.2123536074868,60.1148374104515,53.1453937861545,61.1817972317839
"2019.040",57.1635955089692,54.5640174359845,59.7631735819539,53.910519086222,60.4166719317163,52.7344373028035,61.5927537151349
"2019.048",57.1635955089692,54.3433711000962,59.9838199178422,53.6344052812538,60.6927857366846,52.3585003231004,61.9686906948379
