"","Point Forecast","Lo 75","Hi 75","Lo 85","Hi 85","Lo 95","Hi 95"
"2019.000",78.5585850850844,76.6210933470778,80.496076823091,76.1340344406253,80.9831357295435,75.2574888341387,81.8596813360301
"2019.008",78.2301500503598,75.5950830392387,80.8652170614808,74.9326632561299,81.5276368445897,73.7405258311867,82.7197742695328
"2019.016",78.0079710492976,75.0729435524491,80.9429985461462,74.3351178084829,81.6808242901124,73.0072744908507,83.0086676077446
"2019.024",77.7857920482355,74.5787381569802,80.9928459394908,73.7725287004093,81.7990553960618,72.3216172239879,83.2499668724832
"2019.032",77.5636130471734,74.1058676957088,81.021358398638,73.2366378370008,81.890588257346,71.6723103940906,83.4549157002562
"2019.040",77.3414340461113,73.6499829534197,81.0328851388029,72.7220026698604,81.9608654223621,71.0519438131513,83.6309242790713
"2019.048",77.1192550450492,73.2080379168533,81.030472173245,72.2248114596829,82.0136986304155,70.4553276871935,83.7831824029049
