"","Point Forecast","Lo 75","Hi 75","Lo 85","Hi 85","Lo 95","Hi 95"
"2019.000",78.3155530831146,76.3859251137281,80.245181052501,75.9008430510833,80.7302631151458,75.0278551123273,81.6032510539018
"2019.008",78.0712509387112,75.4467474310713,80.6957544463511,74.7869831681656,81.3555187092568,73.5996248049257,82.5428770724967
"2019.016",77.8495707982346,74.9257209782726,80.7734206181966,74.1907051492982,81.5084364471709,72.8679187531347,82.8312228433344
"2019.024",77.6278906577579,74.4326165102442,80.8231648052716,73.6293683200326,81.6264129954833,72.1837861476901,83.0719951678257
"2019.031",77.4062105172813,73.9608286827314,80.8515923518312,73.0947068429688,81.7177141915938,71.5359728104559,83.2764482241066
"2019.039",77.1845303768047,73.5060068830746,80.8630538705347,72.5812764209673,81.787784332642,70.9170661724611,83.4519945811482
"2019.047",76.962850236328,73.0651054778809,80.8605949947751,72.0852657900827,81.8404346825734,70.3218770869454,83.6038233857107
