"","Point Forecast","Lo 75","Hi 75","Lo 85","Hi 85","Lo 95","Hi 95"
"2019.000",79.0812588028143,77.1362810534735,81.0262365521552,76.647340266225,81.5151773394036,75.7674078941506,82.3951097114781
"2019.008",78.1613254464725,75.5200766270992,80.8025742658459,74.8561028219998,81.4665480709453,73.6611686693301,82.661482223615
"2019.016",77.9367807078507,74.9960064586316,80.8775549570699,74.2567360597694,81.616825355932,72.9262928391579,82.9472685765436
"2019.024",77.7122359692289,74.4997430052055,80.9247289332523,73.6921662401798,81.7323056982781,72.2387940588972,83.1856778795606
"2019.032",77.4876912306071,74.0247345599383,80.9506479012758,73.1541946469044,81.8211878143098,71.587509537707,83.3878729235072
"2019.040",77.2631464919853,73.5666580553797,80.9596349285908,72.6374114525015,81.888881531469,70.9650736381124,83.5612193458581
"2019.048",77.0386017533634,73.1224831876165,80.9547203191104,72.1380245761267,81.9391789306002,70.3663233317036,83.7108801750233
