"","Point Forecast","Lo 75","Hi 75","Lo 85","Hi 85","Lo 95","Hi 95"
"2019.000",61.033685630094,59.9437965703246,62.1235746898633,59.6698133769037,62.3975578832842,59.1767338720169,62.890637388171
"2019.008",61.3316259531491,59.68254083439,62.9807110719083,59.2679834048877,63.3952685014105,58.5219165767227,64.1413353295756
"2019.016",61.1076410491365,59.1104932634478,63.1047888348253,58.6084376430598,63.6068444552133,57.704902891035,64.510379207238
"2019.024",61.27602791504,58.9409128656084,63.6111429644717,58.3538969005302,64.1981589295498,57.2974615118943,65.2545943181858
"2019.031",61.1494384168156,58.5477093427834,63.7511674908478,57.8936702607961,64.4052065728351,56.7166153374768,65.5822614961544
"2019.039",61.2446055842471,58.3817918453349,64.1074193231594,57.6621196517975,64.8270915166967,56.3669467456077,66.1222644228866
"2019.047",61.1730610257808,58.0845432969013,64.2615787546602,57.3081322092676,65.037989842294,55.9108479820892,66.4352740694724
