"","Point Forecast","Lo 75","Hi 75","Lo 85","Hi 85","Lo 95","Hi 95"
"2019.000",59.3821143775259,58.2990515132587,60.4651772417932,58.0267843319637,60.7374444230882,57.5367930836919,61.22743567136
"2019.008",59.6832901049648,58.0267403666349,61.3398398432947,57.6103064339332,61.7562737759964,56.8608625180828,62.5057176918468
"2019.016",59.4609076736702,57.4569799259522,61.4648354213882,56.9532199159005,61.9685954314399,56.0466178238647,62.8751975234757
"2019.024",59.6251106330821,57.2787454675423,61.9714757986219,56.6889013772435,62.5613198889207,55.6273762947247,63.6228449714395
"2019.032",59.5038662896209,56.8899803329725,62.1177522462692,56.2328851770745,62.7748474021672,55.0503303273107,63.957402251931
"2019.040",59.5933908077781,56.7161316915116,62.4706499240447,55.9928281278066,63.1939534877497,54.6911199513983,64.495661664158
"2019.048",59.5272876055792,56.4230497187402,62.6315254924182,55.6426867985413,63.4118884126172,54.2382905743812,64.8162846367773
