"","Point Forecast","Lo 75","Hi 75","Lo 85","Hi 85","Lo 95","Hi 95"
"2019.000",61.6611706259013,60.5671427100529,62.7551985417496,60.292119064858,63.0302221869445,59.7971670894771,63.5251741623254
"2019.008",61.2855984209145,59.6275327377263,62.9436641041027,59.2107177172344,63.3604791245945,58.4605879688825,64.1106088729464
"2019.016",61.5670484378722,59.5593605948103,63.5747362809341,59.0546553482498,64.0794415274947,58.1463521418356,64.9877447339088
"2019.024",61.3561326379442,59.0081903069199,63.7040749689685,58.4179497388033,64.2943155370851,57.3557111268025,65.3565541490859
"2019.032",61.5141908080596,58.8982174971189,64.1301641190002,58.2405976089193,64.7877840071998,57.0570984138465,65.9712832022727
"2019.040",61.3957436118384,58.5170990584634,64.2743881652134,57.7934472148304,64.9980400088464,56.4911122492664,66.3003749744104
"2019.048",61.4845067443131,58.3788805116845,64.5901329769417,57.5981685803549,65.3708449082712,56.1931442511153,66.7758692375108
