"","Point Forecast","Lo 75","Hi 75","Lo 85","Hi 85","Lo 95","Hi 95"
"2019.000",44.400002,43.4128588608805,45.3871451391195,43.1647045857318,45.6352994142682,42.7181086263298,46.0818953736702
"2019.008",44.400002,43.0039707846537,45.7960332153463,42.6530276431775,46.1469763568225,42.0214455804902,46.7785584195098
"2019.016",44.400002,42.690219928702,46.109784071298,42.2604041160291,46.5395998839709,41.4868772238898,47.3131267761102
"2019.024",44.400002,42.425715721761,46.374288278239,41.9294071714637,46.8705968285363,41.0362152526597,47.7637887473403
"2019.032",44.400002,42.1926828374063,46.6073211625937,41.6377930092667,47.1622109907333,40.639174085567,48.160829914433
"2019.040",44.400002,41.982005006068,46.817998993932,41.3741536544635,47.4258503455365,40.2802214327399,48.5197825672601
"2019.048",44.400002,41.7882667454662,47.0117372545338,41.1317122466453,47.6682917533547,39.9501304015413,48.8498735984587
