"","Point Forecast","Lo 75","Hi 75","Lo 85","Hi 85","Lo 95","Hi 95"
"2019.000",43.400002,42.4114462888389,44.3885577111611,42.1629369124114,44.6370670875886,41.7157018876691,45.0843021123309
"2019.008",43.400002,42.0019731061146,44.7980308938854,41.6505277755939,45.1494762244061,41.0180419380351,45.7819620619649
"2019.016",43.400002,41.6877732821566,45.1122307178434,41.2573424160269,45.5426615839731,40.4827086302489,46.3172953697512
"2019.024",43.400002,41.4228905776778,45.3771134223222,40.9258718248228,45.8741321751772,40.0314017753381,46.7686022246619
"2019.032",43.400002,41.1895242302981,45.6104797697019,40.6338403715601,46.1661636284399,39.6337924543175,47.1662115456825
"2019.040",43.400002,40.9785449253412,45.8214590746588,40.3698237567965,46.4301802432035,39.2743261510768,47.5256778489232
"2019.048",43.400002,40.7845294311351,46.0154745688649,40.1270354226402,46.6729685773598,38.9437627695742,47.8562412304258
