"","Point Forecast","Lo 75","Hi 75","Lo 85","Hi 85","Lo 95","Hi 95"
"2019.000",39.3998436014785,38.5478083695984,40.2518788333585,38.3336183732449,40.466068829712,37.948146928683,40.8515402742739
"2019.008",39.2812234856324,38.1319230440155,40.4305239272493,37.8430046423014,40.7194423289634,37.3230466817741,41.2394002894907
"2019.016",39.3869810347006,38.0575638910374,40.7163981783639,37.7233666155032,41.050595453898,37.1219215958383,41.6520404735629
"2019.024",39.3137678741916,37.772122082923,40.8554136654601,37.3845734299388,41.2429623184443,36.687113503485,41.9404222448981
"2019.032",39.359514785443,37.667225504387,41.0518040664989,37.2418071397749,41.4772224311111,36.4761942057347,42.2428353651512
"2019.040",39.3324191771406,37.480957915288,41.1838804389933,37.0155258931288,41.6493124611525,36.1779015550107,42.4869367992705
"2019.048",39.3479700596824,37.3617537148457,41.3341864045191,36.8624461090803,41.8334940102845,35.9638568782485,42.7320832411163
