"","Point Forecast","Lo 75","Hi 75","Lo 85","Hi 85","Lo 95","Hi 95"
"2019.000",38.9724535918687,38.1179536498863,39.826953533851,37.9031440591451,40.0417631245922,37.5165575487643,40.428349634973
"2019.008",39.0312505440604,37.8766451236903,40.1858559644305,37.5863931229214,40.4761079651994,37.0640351233501,40.9984659647706
"2019.016",38.9620974439693,37.6259369039742,40.2982579839645,37.2900444308922,40.6341504570465,36.6855486139972,41.2386462739414
"2019.024",39.0137731094168,37.4643414954163,40.5632047234174,37.074835593154,40.9527106256797,36.3738532626689,41.6536929561648
"2019.032",38.9803507908251,37.2790670754406,40.6816345062095,36.851387633136,41.1093139485141,36.0817055039922,41.8789960776579
"2019.040",39.0005361915364,37.1392259365425,40.8618464465303,36.6713180123008,41.329754370772,35.829237865935,42.1718345171378
"2019.048",38.9888009352525,36.9918117922763,40.9857900782286,36.4897960524951,41.4878058180098,35.5863330724268,42.3912687980781
