"","Point Forecast","Lo 75","Hi 75","Lo 85","Hi 85","Lo 95","Hi 95"
"2019.000",38.8863689387949,38.0365888884802,39.7361489891096,37.8229658139079,39.9497720636819,37.438514641822,40.3342232357677
"2019.008",39.043028161765,37.8984527117446,40.1876036117854,37.6107221082516,40.4753342152783,37.0929017932913,40.9931545302387
"2019.016",38.9122679661721,37.5878931270061,40.236642805338,37.2549634178136,40.5695725145305,36.6557996000589,41.1687363322852
"2019.024",39.001474118077,37.4657788131309,40.5371694230231,37.07972603097,40.9232222051841,36.3849581792952,41.6179900568589
"2019.031",38.9456185894652,37.2600804815662,40.6311566973642,36.8363592694893,41.0548779094411,36.0738006510125,41.8174365279179
"2019.039",38.9790565371972,37.1347498198438,40.8233632545505,36.6711163522548,41.2869967221395,35.8367288199637,42.1213842544306
"2019.047",38.9595524176488,36.9812583292516,40.9378465060459,36.4839422703313,41.4351625649662,35.5889371678544,42.3301676674432
