"","Point Forecast","Lo 75","Hi 75","Lo 85","Hi 85","Lo 95","Hi 95"
"2019.000",111.345389729682,110.814091782641,111.876687676723,110.68053075009,112.010248709273,110.440164883192,112.250614576171
"2019.008",111.401403660531,110.637359162807,112.165448158256,110.44528883278,112.357518488283,110.099625501937,112.703181819126
"2019.016",111.286822963271,110.327769919111,112.245876007432,110.086677109395,112.486968817148,109.652789461899,112.920856464644
"2019.024",111.278937145047,110.213819271193,112.3440550189,109.946063214894,112.6118110752,109.46419050576,113.093683784333
"2019.033",111.259726403956,110.100618937047,112.418833870865,109.809235183394,112.710217624519,109.284840401401,113.234612406512
"2019.041",111.284161587515,110.043055776988,112.525267398042,109.731058761977,112.837264413054,109.169566899038,113.398756275993
"2019.049",111.285651224831,109.958975874565,112.612326575097,109.625467848367,112.945834601295,109.025263250485,113.546039199177
