"","Point Forecast","Lo 75","Hi 75","Lo 85","Hi 85","Lo 95","Hi 95"
"2019.000",111.485201557799,110.952825101897,112.017578013701,110.818992946979,112.151410168618,110.578139149121,112.392263966477
"2019.008",111.549286946153,110.783802366496,112.314771525811,110.59137001958,112.507203872726,110.245055177576,112.85351871473
"2019.016",111.401937582749,110.441241765436,112.362633400062,110.199735985032,112.604139180466,109.76510512632,113.038770039177
"2019.024",111.392178041192,110.326453110572,112.457902971812,110.058544448509,112.725811633875,109.576397099267,113.207958983117
"2019.033",111.369003791218,110.210184300599,112.527823281837,109.918872940243,112.819134642192,109.394608442343,113.343399140093
"2019.041",111.401219964673,110.161233663761,112.641206265585,109.849518078145,112.952921851201,109.288532695423,113.513907233924
"2019.049",111.403209631911,110.078001586721,112.7284176771,109.744862420938,113.061556842884,109.145321650309,113.661097613513
