"","Point Forecast","Lo 75","Hi 75","Lo 85","Hi 85","Lo 95","Hi 95"
"2019.000",111.951723873827,111.413124492261,112.490323255392,111.277727978999,112.625719768655,111.03405885138,112.869388896273
"2019.008",112.042009387782,111.267953211721,112.816065563843,111.073366082781,113.010652692784,110.723173342863,113.360845432702
"2019.016",111.775720265421,110.804827401016,112.746613129826,110.56075822253,112.990682308312,110.12151409159,113.429926439252
"2019.024",111.759257704952,110.686276715912,112.832238693992,110.416543980069,113.101971429835,109.931113898826,113.587401511077
"2019.033",111.722119891995,110.558575336661,112.885664447329,110.266076159703,113.178163624287,109.739673983155,113.704565800835
"2019.041",111.784885578784,110.542543917899,113.027227239668,110.230236227022,113.339534930545,109.668185249853,113.901585907714
"2019.049",111.788878649093,110.461995786321,113.115761511864,110.128435594319,113.449321703866,109.528137115172,114.049620183013
