"","Point Forecast","Lo 75","Hi 75","Lo 85","Hi 85","Lo 95","Hi 95"
"2019.000",111.098,110.560251467082,111.635748532918,110.425068845525,111.770931154475,110.181784652526,112.014215347474
"2019.008",111.098,110.337508731602,111.858491268398,110.146331634798,112.049668365202,109.802275829548,112.393724170452
"2019.016",111.098,110.166592219291,112.029407780709,109.932449050454,112.263550949546,109.511068467501,112.684931532499
"2019.024",111.098,110.022502934165,112.173497065835,109.75213769105,112.44386230895,109.265569305052,112.930430694948
"2019.033",111.098,109.895557725595,112.300442274405,109.593280194417,112.602719805583,109.049280201019,113.14671979898
"2019.041",111.098,109.780790484422,112.415209515578,109.449662039515,112.746337960485,108.853739904182,113.342260095818
"2019.049",111.098,109.67525111401,112.52074888599,109.317591515792,112.878408484208,108.673922043203,113.522077956797
