"","Point Forecast","Lo 75","Hi 75","Lo 85","Hi 85","Lo 95","Hi 95"
"2019.000",111.344345455828,110.813054187813,111.875636723843,110.679494834279,112.009196077378,110.439131989056,112.2495589226
"2019.008",111.400298721053,110.636263003754,112.164334438353,110.444194881006,112.356402561101,110.098535522537,112.70206191957
"2019.016",111.285957771604,110.326914523736,112.245001019471,110.085824176674,112.486091366534,109.651940961144,112.919974582064
"2019.024",111.278085699613,110.212969605345,112.343201793881,109.945213996408,112.610957402818,109.463342092382,113.092829306845
"2019.033",111.258904158931,110.099791538106,112.418016779756,109.808406488828,112.709401829034,109.284009375139,113.233798942723
"2019.041",111.283283511678,110.042166115056,112.524400908299,109.73016618746,112.836400835896,109.168669082826,113.397897940529
"2019.049",111.284769584954,109.958079794804,112.611459375105,109.624568138616,112.944971031292,109.02435700795,113.545182161959
