"","Point Forecast","Lo 75","Hi 75","Lo 85","Hi 85","Lo 95","Hi 95"
"2019.000",111.180608426142,110.650111312753,111.711105539531,110.516751598822,111.844465253462,110.27674803913,112.084468813154
"2019.008",111.226981028986,110.463958274508,111.990003783465,110.272144796749,112.181817261223,109.926943715388,112.527018342584
"2019.016",111.149312894626,110.191349496815,112.107276292436,109.950530609278,112.348095179974,109.517135931482,112.78148985777
"2019.024",111.143549162239,110.078202439877,112.208895884601,109.810388854194,112.476709470283,109.32841261112,112.958685713357
"2019.033",111.128870077373,109.968392476042,112.289347678704,109.676664289346,112.5810758654,109.151649641325,113.10609051342
"2019.041",111.144905227723,109.901372306643,112.388438148802,109.588765149256,112.701045306189,109.026175231007,113.263635224439
"2019.049",111.145863395309,109.816262795686,112.475463994932,109.482019401834,112.809707388784,108.880491384388,113.41123540623
