"","Point Forecast","Lo 75","Hi 75","Lo 85","Hi 85","Lo 95","Hi 95"
"2019.000",1.3748,1.36888420247828,1.38071579752172,1.36739705194484,1.38220294805516,1.36472067081515,1.38487932918485
"2019.008",1.3748,1.36643379891253,1.38316620108747,1.36433065045885,1.38526934954115,1.36054567596716,1.38905432403284
"2019.016",1.3748,1.3645535381251,1.3850464618749,1.36197771784267,1.38762228215733,1.35734208974563,1.39225791025437
"2019.024",1.3748,1.36296840495657,1.38663159504343,1.35999410388968,1.38960589611032,1.3546413416303,1.3949586583697
"2019.033",1.3748,1.36157187460032,1.38802812539968,1.35824650491476,1.39135349508524,1.35226193477508,1.39733806522492
"2019.041",1.3748,1.36030931465017,1.38929068534983,1.35666655467252,1.39293344532748,1.35011078654758,1.39948921345242
"2019.049",1.3748,1.35914827095092,1.39045172904908,1.35521364047731,1.39438635952269,1.34813260159453,1.40146739840547
