"","Point Forecast","Lo 75","Hi 75","Lo 85","Hi 85","Lo 95","Hi 95"
"2019.000",1.374,1.36810683477593,1.37989316522407,1.36662537369237,1.38137462630763,1.36395923169851,1.38404076830149
"2019.008",1.374,1.36566580581482,1.38233419418518,1.36357070345831,1.38442929654169,1.35980020929138,1.38819979070862
"2019.016",1.374,1.36379273841451,1.38420726158549,1.36122677254835,1.38677322745165,1.35660887915479,1.39139112084521
"2019.024",1.374,1.36221366955186,1.38578633044814,1.35925074738474,1.38874925261526,1.35391846339702,1.39408153660298
"2019.033",1.374,1.36082248195634,1.38717751804366,1.35750983426748,1.39049016573252,1.35154815953154,1.39645184046846
"2019.041",1.374,1.35956475223112,1.38843524776889,1.3559359285026,1.3920640714974,1.34940524103583,1.39859475896417
"2019.049",1.374,1.3584081503821,1.3895918496179,1.35448857277797,1.39351142722203,1.34743462410223,1.40056537589777
