"","Point Forecast","Lo 75","Hi 75","Lo 85","Hi 85","Lo 95","Hi 95"
"2019.000",1.3717,1.36586576056261,1.37753423943739,1.36439911261536,1.37900088738464,1.36175962938778,1.38164037061222
"2019.008",1.3717,1.36344913946151,1.37995086053849,1.36137498604328,1.38202501395672,1.35764219306518,1.38575780693482
"2019.016",1.3717,1.36159480087091,1.38180519912909,1.35905449210946,1.38434550789054,1.35448277305357,1.38891722694643
"2019.024",1.3717,1.36003152112521,1.38336847887479,1.35709822523071,1.38630177476929,1.35181925877556,1.39158074122444
"2019.033",1.3717,1.35865424402098,1.38474575597902,1.35537471951187,1.38802528048813,1.34947265558953,1.39392734441047
"2019.041",1.3717,1.35740909034116,1.38599090965884,1.3538165512381,1.3895834487619,1.3473511641459,1.3960488358541
"2019.049",1.3717,1.35626405335945,1.38713594664055,1.35238366763015,1.39101633236985,1.34540025142025,1.39799974857975
