"","Point Forecast","Lo 75","Hi 75","Lo 85","Hi 85","Lo 95","Hi 95"
"2019.000",1.3749,1.36898129705758,1.38081870294242,1.36749341614114,1.38230658385886,1.36481572056262,1.38498427943738
"2019.008",1.3749,1.36652969002718,1.38327030997282,1.36442550865594,1.38537449134406,1.3606386752529,1.3891613247471
"2019.016",1.3749,1.36464850578883,1.38515149421117,1.36207142044593,1.38772857955407,1.35743351565674,1.39236648434326
"2019.024",1.3749,1.36306259411517,1.38673740588483,1.36008683228228,1.38971316771772,1.35473144112524,1.39506855887476
"2019.033",1.3749,1.36166537788213,1.38813462211787,1.35833837501053,1.39146162498947,1.35235086567392,1.39744913432608
"2019.041",1.3749,1.36040219785197,1.38939780214803,1.35675764880865,1.39304235119135,1.35019866095478,1.39960133904522
"2019.049",1.3749,1.3592405839303,1.3905594160697,1.35530402104491,1.39449597895509,1.34821950445741,1.40158049554259
