"","Point Forecast","Lo 75","Hi 75","Lo 85","Hi 85","Lo 95","Hi 95"
"2019.000",1.375,1.36907837474521,1.38092162525479,1.36758975919942,1.38241024080058,1.36491074153007,1.38508925846993
"2019.008",1.375,1.36662555725338,1.38337444274662,1.36452033695937,1.38547966304063,1.36073163383753,1.38926836616247
"2019.016",1.375,1.36474344419531,1.38525655580469,1.36216508643708,1.38783491356292,1.35752489171938,1.39247510828062
"2019.024",1.375,1.36315674949041,1.38684325050959,1.36017951839885,1.38982048160115,1.35482148306013,1.39517851693987
"2019.033",1.375,1.361758843393,1.388241156607,1.35843019784027,1.39156980215973,1.35243973221866,1.39756026778134
"2019.041",1.375,1.36049503967777,1.38950496032223,1.35684869116743,1.39315130883257,1.35028646486561,1.39971353513439
"2019.049",1.375,1.35933285221849,1.39066714778151,1.35539434568657,1.39460565431343,1.34830633117551,1.40169366882449
