"","Point Forecast","Lo 75","Hi 75","Lo 85","Hi 85","Lo 95","Hi 95"
"2019.000",1.3701,1.36430126690463,1.37589873309537,1.36284354476582,1.37735645523418,1.36022012505351,1.37997987494649
"2019.008",1.3701,1.36189935301194,1.37830064698806,1.35983782259307,1.38036217740693,1.35612774685612,1.38407225314388
"2019.016",1.3701,1.36005629965928,1.38014370034072,1.35753145085156,1.38266854914844,1.35298755462025,1.38721244537975
"2019.024",1.3701,1.35850253380925,1.38169746619075,1.35558708953165,1.38461291046835,1.35034025010701,1.38985974989299
"2019.033",1.3701,1.35713363861537,1.38306636138463,1.3538740728207,1.3863259271793,1.34800792801044,1.39219207198956
"2019.041",1.3701,1.35589606276175,1.38430393723825,1.35232538733492,1.38787461266508,1.34589934765858,1.39430065234142
"2019.049",1.3701,1.3547579943104,1.3854420056896,1.35090122405049,1.38929877594951,1.34396030790716,1.39623969209284
