"","Point Forecast","Lo 75","Hi 75","Lo 85","Hi 85","Lo 95","Hi 95"
"2019.000",5.21568918394495,5.05935556859392,5.37202279929598,5.02005543727414,5.41132293061575,4.94932814538742,5.48205022250248
"2019.008",5.2513783678899,5.02464006024177,5.47811667553802,4.96764115283605,5.53511558294374,4.86506189353266,5.63769484224714
"2019.017",5.28706755183484,5.00240152250283,5.57173358116686,4.9308403786637,5.64329472500599,4.8020538902198,5.77208121344989
"2019.025",5.32275673577979,4.98595081355352,5.65956265800606,4.90128241422656,5.74423105733303,4.74890718310953,5.89660628845005
"2019.034",5.35844591972474,4.97277083784279,5.74412100160669,4.87581740060095,5.84107443884853,4.70133314762407,6.01555869182541
"2019.042",5.39413510366969,4.96160714789577,5.82666305944361,4.85287553938521,5.93539466795416,4.65719445756223,6.13107574977715
"2019.051",5.42982428761464,4.95173613033918,5.90791244489009,4.83155131070736,6.02809726452191,4.61525822126988,6.24439035395939
