"","Point Forecast","Lo 75","Hi 75","Lo 85","Hi 85","Lo 95","Hi 95"
"2019.000",5.28096652178558,5.12431280750159,5.43762023606958,5.08493220769094,5.47700083588023,5.01406009902497,5.5478729445462
"2019.009",5.32193304357117,5.09462159325401,5.54924449388832,5.03747860562532,5.60638748151701,4.93464004937704,5.7092260377653
"2019.017",5.36289956535675,5.07738213344655,5.64841699726696,5.00560695865154,5.72019217206197,4.87643528498355,5.84936384572995
"2019.026",5.40386608714234,5.06590249764999,5.74182967663468,4.98094307661615,5.82678909766853,4.82804410228208,5.97968807200259
"2019.034",5.44483260892792,5.05766607715537,5.83199914070047,4.960337709823,5.92932750803284,4.78517870617583,6.10448651168002
"2019.043",5.48579913071351,5.05141947348154,5.92017878794547,4.9422223725668,6.02937588886022,4.74570355773791,6.2258947036891
"2019.051",5.52676565249909,5.04644018587807,6.00709111912012,4.92569293729655,6.12783836770163,4.70838766099977,6.34514364399841
