"","Point Forecast","Lo 75","Hi 75","Lo 85","Hi 85","Lo 95","Hi 95"
"2019.000",84.989998,83.3286337698504,86.6513622301496,82.9109895397963,87.0690064602037,82.1593674873535,87.8206285126465
"2019.008",84.989998,82.6404741736809,87.3395218263191,82.0498360392915,87.9301599607085,80.9868819389482,88.9931140610518
"2019.016",84.989998,82.1124307435033,87.8675652564967,81.3890497175617,88.5909462824383,80.0872021346415,89.8927938653585
"2019.024",84.989998,81.6672695397008,88.3127264602992,80.8319810795926,89.1480149204074,79.328736974707,90.651259025293
"2019.031",84.989998,81.2750746459989,88.7049213540011,80.3411937571874,89.6388022428126,78.6605157545373,91.3194802454627
"2019.039",84.989998,80.9205033592217,89.0594926407783,79.8974881015716,90.0825078984284,78.0563975936633,91.9235984063367
"2019.047",84.989998,80.5944414099259,89.3855545900741,79.4894586407017,90.4905373592983,77.500853610026,92.479142389974
