"","Point Forecast","Lo 75","Hi 75","Lo 85","Hi 85","Lo 95","Hi 95"
"2019.000",83.660004,81.998854734531,85.321153265469,81.5812645436556,85.7387434563444,80.8297397439353,86.4902682560647
"2019.008",83.660004,81.3107841796476,86.0092238203524,80.7202224681977,86.5997855318023,79.6574059039735,87.6626020960265
"2019.016",83.660004,80.782809073252,86.537198926748,80.0595216459134,87.2604863540866,78.7578425096498,88.5621654903502
"2019.024",83.660004,80.337705469062,86.982302530938,79.5025250873112,87.8174829126888,77.9994754878706,89.3205325121294
"2019.032",83.660004,79.9455613216375,87.3744466783625,79.011801268103,88.308206731897,77.3313407291514,89.9886672708486
"2019.040",83.660004,79.5910359130019,87.7289720869981,78.5681530237658,88.7518549762342,76.7273007354036,90.5927072645964
"2019.048",83.660004,79.2650161530114,88.0549918469886,78.1601763580152,89.1598316419848,76.1718286338576,91.1481793661424
