"","Point Forecast","Lo 75","Hi 75","Lo 85","Hi 85","Lo 95","Hi 95"
"2019.000",85.620003,83.9532665680861,87.2867394319139,83.5342718400323,87.7057341599677,82.7802193360107,88.4597866639893
"2019.008",85.620003,83.262881733086,87.977124266914,82.6703337061096,88.5696722938904,81.6039424281807,89.6360635718193
"2019.016",85.620003,82.7331308170991,88.5068751829009,82.0074106600064,89.2325953399936,80.7013534114664,90.5386525885336
"2019.024",85.620003,82.2865301361722,88.9534758638278,81.4485406800647,89.7914653199353,79.9404356720213,91.2995703279787
"2019.032",85.620003,81.8930670376651,89.3469389623349,80.9561663435228,90.2838396564772,79.2700536859264,91.9699523140736
"2019.040",85.620003,81.5373492061039,89.7026567938961,80.5110259174559,90.7289800825441,78.6639820433349,92.5760239566651
"2019.048",85.620003,81.2102329000647,90.0297730999353,80.1016770489873,91.1383289510127,78.1066416478604,93.1333643521396
