"","Point Forecast","Lo 75","Hi 75","Lo 85","Hi 85","Lo 95","Hi 95"
"2019.000",83.529999,81.8621652756736,85.1978327243264,81.4428947033249,85.6171032966751,80.6883457704286,86.3716522295715
"2019.008",83.529999,81.1713259272744,85.8886720727256,80.5783877975549,86.4816102024451,79.5112944631787,87.5487035368213
"2019.016",83.529999,80.6412262508899,86.4187717491101,79.9150283174634,87.1449696825366,78.6081112288901,88.4518867711099
"2019.024",83.529999,80.1943315513472,86.8656664486528,79.3557904066498,87.7042075933502,77.8466925408571,89.2133054591429
"2019.032",83.529999,79.8006094172396,87.2593885827604,78.8630919165026,88.1969060834974,77.1758692101964,89.8841287898036
"2019.040",83.529999,79.4446573995947,87.6153406004053,78.4176584331756,88.6423395668244,76.569398561618,90.490599438382
"2019.048",83.529999,79.1173257372258,87.9426722627743,78.0080400707433,89.0519579292567,76.0116912422704,91.0483067577296
