"","Point Forecast","Lo 75","Hi 75","Lo 85","Hi 85","Lo 95","Hi 95"
"2019.000",169.949997,166.122093623288,173.777900376712,165.15981110301,174.74018289699,163.428019518513,176.471974481487
"2019.008",169.949997,164.5365241292,175.3634698708,163.175651138188,176.724342861812,160.726527992189,179.173466007811
"2019.016",169.949997,163.31987386507,176.58012013493,161.653151648713,178.246842351287,158.653600636245,181.246393363755
"2019.024",169.949997,162.294190246576,177.605803753424,160.36962520602,179.53036879398,156.906042037026,182.993951962974
"2019.032",169.949997,161.390544838371,178.509449161629,159.238815709469,180.661178290531,155.366412003673,184.533581996327
"2019.040",169.949997,160.573586942379,179.326407057621,158.216485779298,181.683508220702,153.974480056435,185.925513943565
"2019.048",169.949997,159.822316622436,180.077677377564,157.276356382795,182.623637617205,152.694466527622,187.205527472378
