"","Point Forecast","Lo 75","Hi 75","Lo 85","Hi 85","Lo 95","Hi 95"
"2019.000",169.029999,165.216263059693,172.843734940307,164.257542039032,173.802455960968,162.532159980776,175.527838019224
"2019.008",169.029999,163.636561909909,174.423436090091,162.280725639958,175.779272360042,159.840666932897,178.219331067103
"2019.016",169.029999,162.424414584738,175.635583415262,160.763861066668,177.296136933332,157.775411679301,180.284586320699
"2019.024",169.029999,161.402527119387,176.657470880613,159.485085078065,178.574912921935,156.034320961553,182.025677038447
"2019.032",169.029999,160.502226189241,177.557771810759,158.358460815584,179.701537184416,154.500389246166,183.559608753834
"2019.040",169.029999,159.688291932536,178.371706067464,157.339914626236,180.720083373764,153.113608972156,184.946389027844
"2019.048",169.029999,158.93980213588,179.12019586412,156.40326473852,181.65673326148,151.838332895803,186.221665104197
