"","Point Forecast","Lo 75","Hi 75","Lo 85","Hi 85","Lo 95","Hi 95"
"2019.000",67.360001,66.2678038752906,68.4521981247094,65.9932404659319,68.7267615340681,65.4991167634658,69.2208852365342
"2019.008",67.360001,65.8154010134511,68.9046009865489,65.4271097162046,69.2928922837954,64.7283132746871,69.9916887253129
"2019.016",67.360001,65.4682600881227,69.2517419118773,64.9927023132141,69.7272996867859,64.1368549553188,70.5831470446812
"2019.024",67.360001,65.1756067505813,69.5443952494187,64.6264799318638,70.0935220681362,63.6382325269316,71.0817694730684
"2019.031",67.360001,64.91777398432,69.80222801568,64.3038315368598,70.4161704631402,63.1989373488518,71.5210646511482
"2019.039",67.360001,64.6846753459271,70.0353266540729,64.0121350909593,70.7078669090407,62.8017841501026,71.9182178498974
"2019.047",67.360001,64.4703190253592,70.2496829746408,63.7438925250779,70.9761094749221,62.4365640914503,72.2834379085497
