"","Point Forecast","Lo 75","Hi 75","Lo 85","Hi 85","Lo 95","Hi 95"
"2019.000",66.980003,65.8841430402616,68.0758629597384,65.6086588443061,68.3513471556939,65.11287802925,68.84712797075
"2019.008",66.980003,65.4302229824763,68.5297830175237,65.0406294963365,68.9193765036634,64.3394895437199,69.62051645628
"2019.016",66.980003,65.0819178717527,68.8780881282473,64.6047652476755,69.3552407523245,63.7460476865805,70.2139583134195
"2019.024",66.980003,64.7882830805232,69.1717229194768,64.2373146886121,69.7226913113879,63.2457530585001,70.7142529414999
"2019.032",66.980003,64.5295856362048,69.4304203637952,63.9135842473213,70.0464217526787,62.8049846429158,71.1550213570842
"2019.040",66.980003,64.295705269094,69.664300730906,63.620909556802,70.3390964431979,62.4064995356537,71.5535064643463
"2019.048",66.980003,64.0806300747789,69.8793759252211,63.351767402152,70.608238597848,62.0400546607169,71.9199513392831
