"","Point Forecast","Lo 75","Hi 75","Lo 85","Hi 85","Lo 95","Hi 95"
"2019.000",66.860001,65.7598009624287,67.9602010375713,65.4832257303043,68.2367762696957,64.9854814095044,68.7345205904956
"2019.008",66.860001,65.3040831855433,68.4159188144567,64.9129467412564,68.8070552587436,64.2090299721871,69.5109720278129
"2019.016",66.860001,64.9543986364374,68.7656033635626,64.4753562822826,69.2446457177174,63.6132378294784,70.1067641705216
"2019.024",66.860001,64.6596009248575,69.0604010751425,64.1064504606085,69.6135515393915,63.1109618190088,70.6090401809912
"2019.032",66.860001,64.3998789271428,69.3201230728572,63.7814379072197,69.9385640927803,62.6684477704968,71.0515542295032
"2019.040",66.860001,64.1650722929595,69.5549297070405,63.4876040987627,70.2323979012372,62.2683844904349,71.4516175095651
"2019.048",66.860001,63.9491453081625,69.7708566918375,63.2173960251612,70.5026059748388,61.90048833583,71.81951366417
