"","Point Forecast","Lo 75","Hi 75","Lo 85","Hi 85","Lo 95","Hi 95"
"2019.000",67.160004,66.0557790188863,68.2642289811137,65.7781919710405,68.5418160289595,65.2786267152094,69.0413812847906
"2019.008",67.160004,65.5983940557978,68.7216139442022,65.2058266879952,69.1141813120048,64.4993347279085,69.8206732720915
"2019.016",67.160004,65.2474302297242,69.0725777702758,64.7666353593324,69.5533726406676,63.9013629545367,70.4186450454633
"2019.024",67.160004,64.9515540377725,69.3684539622275,64.3963799420811,69.9236280579189,63.3972494304188,70.9227585695812
"2019.032",67.160004,64.6908818797763,69.6291261202237,64.0701783711197,70.2498296288803,62.9531164998843,71.3668915001157
"2019.040",67.160004,64.455216235037,69.864791764963,63.7752696086094,70.5447383913906,62.5515896386002,71.7684183613998
"2019.048",67.160004,64.2384993085081,70.0815086914919,63.5040730127357,70.8159349872643,62.1823475821582,72.1376604178418
