"","Point Forecast","Lo 75","Hi 75","Lo 85","Hi 85","Lo 95","Hi 95"
"2019.000",64.580002,63.6176351728773,65.5423688271227,63.3757093234764,65.7842946765236,62.9403224789313,66.2196815210687
"2019.008",64.580002,63.2190097811051,65.9409942188949,62.8768749637937,66.2831290362063,62.2611449833593,66.8988590166407
"2019.016",64.580002,62.9131337599046,66.2468702400953,62.494105897078,66.665898102922,61.7399937613789,67.4200102386211
"2019.024",64.580002,62.6552683457546,66.5047356542454,62.1714166469528,66.9885873530472,61.3006429578627,67.8593610421373
"2019.032",64.580002,62.4280843552629,66.7319196447371,61.887121710488,67.272882289512,60.9135671295762,68.2464368704238
"2019.040",64.580002,62.2226943281682,66.9373096718318,61.6300994415465,67.5299045584535,60.5636238316907,68.5963801683093
"2019.048",64.580002,62.0338187054151,67.1261852945849,61.3937430721822,67.7662609278178,60.2418177574068,68.9181862425932
