"","Point Forecast","Lo 75","Hi 75","Lo 85","Hi 85","Lo 95","Hi 95"
"2019.000",64.669998,63.7114133267461,65.6285826732539,63.4704382590653,65.8695577409347,63.0367625084525,66.3032334915475
"2019.008",64.669998,63.3143545544013,66.0256414455987,62.9735643454934,66.3664316545067,62.3602542173044,66.9797417826956
"2019.016",64.669998,63.0096806425674,66.3303153574326,62.5922995819869,66.7476964180131,61.841151147915,67.498844852085
"2019.024",64.669998,62.7528286534922,66.5871673465078,62.2708785181305,67.0691174818695,61.403527016905,67.936468983095
"2019.031",64.669998,62.5265375084148,66.8134584915852,61.9877008761979,67.3522951238021,61.0179724176345,68.3220235823655
"2019.039",64.669998,62.3219546752754,67.0180413247246,61.7316887187247,67.6083072812753,60.669404415905,68.670591584095
"2019.047",64.669998,62.133821343972,67.206174656028,61.4962612427216,67.8437347572784,60.348863056961,68.991132943039
