"","Point Forecast","Lo 75","Hi 75","Lo 85","Hi 85","Lo 95","Hi 95"
"2019.000",8.34737855088243,8.07492899787369,8.61982810389116,8.00643890898773,8.68831819277713,7.88317930793016,8.8115777938347
"2019.008",8.34544123779327,7.99483757287473,8.69604490271182,7.90670060987062,8.78418186571592,7.74808310659362,8.94279936899292
"2019.016",8.33923808888119,7.93671191076644,8.74176426699595,7.83552233855552,8.84295383920686,7.65341443791213,9.02506173985026
"2019.024",8.29634208969627,7.81739082749614,8.77529335189639,7.6969890350987,8.89569514429383,7.48030546614855,9.11237871324398
"2019.031",8.32644450974748,7.75877387015272,8.89411514934224,7.61606924049031,9.03681977900465,7.35924791046485,9.2936411090301
"2019.039",8.30532002937267,7.67540590975249,8.93523414899285,7.51705412107501,9.09358593767033,7.23207305860866,9.37856700013669
"2019.047",8.32014420863621,7.62446100932173,9.01582740795069,7.44957577412373,9.19071264314869,7.13483995362779,9.50544846364463
