"","Point Forecast","Lo 75","Hi 75","Lo 85","Hi 85","Lo 95","Hi 95"
"2019.000",8.3467719781138,8.07087492930087,8.62266902692673,8.0015181871521,8.6920257690755,7.87669889567559,8.81684506055201
"2019.008",8.35945444482354,8.01334504112786,8.70556384851922,7.92633787388679,8.79257101576029,7.76975363085654,8.94915525879054
"2019.016",8.37309016329588,7.97410172583666,8.77207860075511,7.87380149320909,8.87237883338268,7.69329411088929,9.05288621570248
"2019.024",8.37309016329588,7.89561658185748,8.85056374473429,7.77558625818001,8.97059406841175,7.55957121057324,9.18660911601853
"2019.032",8.37309016329588,7.82832391184753,8.91785641474424,7.69137713189603,9.05480319469574,7.44491803485725,9.30126229173452
"2019.040",8.37309016329588,7.76847498281944,8.97770534377233,7.61648300120181,9.12969732538996,7.3429474966804,9.40323282991137
"2019.048",8.37309016329588,7.7140387508795,9.03214157571227,7.54836224556561,9.19781808102616,7.25019910573375,9.49598122085802
