"","Point Forecast","Lo 75","Hi 75","Lo 85","Hi 85","Lo 95","Hi 95"
"2019.000",133.108327044766,130.798836415053,135.417817674478,130.218262078397,135.998392011134,129.173419499209,137.043234590323
"2019.008",133.305533451479,129.775941979047,136.835124923912,128.888650988812,137.722415914146,127.291819458043,139.319247444915
"2019.016",133.274178978409,129.109717881307,137.438640075512,128.062829356246,138.485528600572,126.178774830261,140.369583126557
"2019.024",133.22532097681,128.579890555554,137.870751398066,127.412092924941,139.038549028679,125.310441833422,141.140200120198
"2019.031",133.224704421267,128.11122750519,138.338181337343,126.825769391455,139.623639451078,124.512368184765,141.937040657768
"2019.039",133.235503333184,127.675434425658,138.79557224071,126.277709197324,140.193297469044,123.762264162359,142.708742504009
"2019.047",133.23732246442,127.267744027242,139.206900901597,125.767073707695,140.707571221144,123.066361416107,143.408283512732
