"","Point Forecast","Lo 75","Hi 75","Lo 85","Hi 85","Lo 95","Hi 95"
"2019.000",132.94188750847,130.623052463426,135.260722553514,130.040129068643,135.843645948297,128.991058958548,136.892716058393
"2019.008",133.237230058182,129.694089976933,136.78037013943,128.803393051868,137.671067064495,127.200431960235,139.274028156128
"2019.016",133.41179731339,129.231320785212,137.592273841568,128.180406199966,138.643188426814,126.289106091732,140.534488535048
"2019.024",133.373160197872,128.709580522254,138.03673987349,127.537220417484,139.20909997826,125.427358375249,141.318962020495
"2019.032",133.328297904231,128.19468036103,138.461915447431,126.904159169281,139.752436639181,124.581646089816,142.074949718645
"2019.040",133.329931828554,127.747934008018,138.91192964909,126.344696151072,140.315167506036,123.819330200329,142.840533456779
"2019.048",133.340172718141,127.347027108573,139.333318327708,125.840432324427,140.839913111854,123.129057947933,143.551287488348
