"","Point Forecast","Lo 75","Hi 75","Lo 85","Hi 85","Lo 95","Hi 95"
"2019.000",90.101050485937,88.4363514394375,91.7657495324365,88.0178688821933,92.1842320896807,87.2647381169324,92.9373628549416
"2019.008",90.7623697119456,88.5161753256642,93.008564098227,87.9515127983351,93.573226625556,86.9353062349795,94.5894331889117
"2019.016",90.1943952640899,87.6225913745487,92.7661991536311,86.9760750743869,93.412715453793,85.8125586805354,94.5762318476444
"2019.024",90.5910560261094,87.5919983050231,93.5901137471958,86.8380762390002,94.3440358132187,85.4812648433952,95.7008472088237
"2019.031",90.3401642239513,87.0635616271097,93.6167668207928,86.239868577797,94.4404598701055,84.7574923931022,95.9228360548003
"2019.039",90.4896451921251,86.8992287081907,94.0800616760596,85.9966471425148,94.9826432417354,84.3722976122879,96.6069927719624
"2019.047",90.404169736783,86.5587944823079,94.2495449912581,85.59211977108,95.216219702486,83.8524236895523,96.9559157840137
