"","Point Forecast","Lo 75","Hi 75","Lo 85","Hi 85","Lo 95","Hi 95"
"2019.000",90.5855192575632,88.9207412611091,92.2502972540174,88.5022388569268,92.6687996581997,87.7490723737145,93.421966141412
"2019.008",91.017776521652,88.7587891427118,93.2767639005923,88.190910632113,93.8446424111911,87.168916358137,94.8666366851671
"2019.016",90.6735880181411,88.0889891677848,93.2581868684975,87.4392563895856,93.9079196466966,86.2699513946952,95.0772246415871
"2019.024",90.907093137929,87.889912274489,93.9242740013689,87.1314342985115,94.6827519773464,85.766423765592,96.0477625102659
"2019.032",90.7611284692323,87.4652263822617,94.0570305562029,86.636681705263,94.8855752332016,85.1455741887394,96.3766827497252
"2019.040",90.8478855238869,87.2350317528907,94.4607392948831,86.3268097603239,95.3689612874499,84.69230931951,97.0034617282638
"2019.048",90.7980738139168,86.928845544604,94.6673020832295,85.9561745118979,95.6399731159356,84.2056870267492,97.3904606010844
