"","Point Forecast","Lo 75","Hi 75","Lo 85","Hi 85","Lo 95","Hi 95"
"2019.000",33.0271873964127,32.2742070754005,33.7801677174248,32.0849181279753,33.9694566648501,31.7442603696959,34.3101144231294
"2019.008",33.0480280191558,32.0276105193235,34.0684455189881,31.7710915252839,34.3249645130276,31.3094418270095,34.7866142113021
"2019.016",33.0583998415983,31.8999097241407,34.2168899590559,31.60868116369,34.5081185195067,31.0845656783459,35.0322340048508
"2019.024",33.0534822683022,31.7610726627033,34.3458918739012,31.4361785757539,34.6707859608506,30.8514762313019,35.2554883053025
"2019.031",33.0518957178587,31.6278673287733,34.475924106944,31.2698860809881,34.8339053547293,30.625637745122,35.4781536905953
"2019.039",33.0529825597585,31.5111545468083,34.5948105727087,31.1235600857873,34.9824050337297,30.4260177199551,35.6799473995619
"2019.047",33.0531966736133,31.4034706674891,34.7029226797375,30.9887521276745,35.1176412195522,30.2423953540128,35.8639979932139
