"","Point Forecast","Lo 75","Hi 75","Lo 85","Hi 85","Lo 95","Hi 95"
"2019.000",32.8616398320293,32.1186573412039,33.6046223228548,31.9318817114574,33.7913979526012,31.5957470971754,34.1275325668833
"2019.008",32.8584603918034,31.8716872236297,33.845233559977,31.6236259541133,34.0932948294934,31.1771973742158,34.5397234093909
"2019.016",32.8250699064883,31.6889518429798,33.9611879699969,31.4033473107082,34.2467925022684,30.8893532236713,34.7607865893054
"2019.024",32.7870222331158,31.4884303718564,34.0856140943752,31.1619821504442,34.4120623157874,30.5744828758526,34.9995615903791
"2019.032",32.763104229204,31.2561982271444,34.2700102312635,30.8773826817192,34.6488257766888,30.1956394724023,35.3305689860056
"2019.040",32.7592059940306,31.0119849871827,34.5064270008785,30.5727575385012,34.94565444956,29.7822928015061,35.7361191865551
"2019.048",32.7701386852843,30.7861876336295,34.754089736939,30.2874494915674,35.2528278790011,29.3898851078341,36.1503922627344
