"","Point Forecast","Lo 75","Hi 75","Lo 85","Hi 85","Lo 95","Hi 95"
"2019.000",32.6085407020495,31.8515849452266,33.3654964588723,31.6612966276463,33.5557847764527,31.3188403322556,33.8982410718433
"2019.008",32.4503087198617,31.4328244612385,33.467792978485,31.1770428438947,33.7235745958288,30.7167201807988,34.1838972589246
"2019.016",32.3815793415613,31.2345746038546,33.528584079268,30.9462333106845,33.8169253724381,30.4273139554513,34.3358447276713
"2019.024",32.3323410669322,31.0555388039846,33.6091433298799,30.7345681893759,33.9301139444886,30.1569268028426,34.5077553310219
"2019.032",32.2624036858219,30.8562280108088,33.668579360835,30.5027346910094,34.0220726806345,29.8665631473056,34.6582442243383
"2019.040",32.1904971417217,30.6695123061041,33.7114819773393,30.2871575346051,34.0938367488382,29.5990448840888,34.7819493993546
"2019.048",32.1231192998988,30.4971589442141,33.7490796555835,30.0884147636636,34.157823836134,29.3528098688716,34.893428730926
