"","Point Forecast","Lo 75","Hi 75","Lo 85","Hi 85","Lo 95","Hi 95"
"2019.000",33.104482178126,32.3484484210794,33.8605159351726,32.1583918816244,34.0505724746276,31.8163527105173,34.3926116457347
"2019.008",33.0404540037879,32.0158459248719,34.0650620827038,31.758273476603,34.3226345309728,31.2947279076972,34.7861800998785
"2019.016",33.0585850331133,31.8952922423008,34.2218778239257,31.6028563554979,34.5143137107286,31.0765680803834,35.0406019858431
"2019.024",33.0694203144878,31.7716381694732,34.3672024595024,31.4453934996432,34.6934471293325,30.8582605508546,35.280580078121
"2019.032",33.0649898834338,31.6350375572564,34.4949422096111,31.2755671127612,34.8544126541064,30.6286387133216,35.5013410535459
"2019.040",33.0632724553851,31.5150219467447,34.6115229640255,31.1258129582053,35.0007319525648,30.4253649746255,35.7011799361446
"2019.048",33.0642757108138,31.4076698515188,34.7208815701088,30.9912218107746,35.137329610853,30.2417525050944,35.8867989165331
