"","Point Forecast","Lo 75","Hi 75","Lo 85","Hi 85","Lo 95","Hi 95"
"2019.000",164.084640156974,161.660498460436,166.508781853513,161.051102414692,167.118177899257,159.954390252302,168.214890061647
"2019.008",164.065451500313,160.966090707532,167.164812293094,160.186953822032,167.943949178595,158.784764056503,169.346138944123
"2019.016",164.067475125782,160.547849819028,167.587100432537,159.663064186448,168.471886065117,158.070741474255,170.06420877731
"2019.024",164.086590389981,159.924358653251,168.248822126711,158.878030558878,169.295150221085,156.994984623537,171.178196156425
"2019.032",164.079024162306,159.434050084869,168.723998239743,158.266367172846,169.891681151767,156.164922537004,171.993125787608
"2019.040",164.078051628987,159.034527751236,169.121575506739,157.76665487396,170.389448384014,155.484901300755,172.67120195722
"2019.048",164.082747084454,158.617119804526,169.548374364382,157.243135908843,170.922358260064,154.770417452845,173.395076716063
