"","Point Forecast","Lo 75","Hi 75","Lo 85","Hi 85","Lo 95","Hi 95"
"2019.000",161.70669263267,159.272905021334,164.140480244007,158.661084124624,164.752301140717,157.56000802918,165.85337723616
"2019.008",162.032962116726,158.923044629522,165.142879603929,158.141253935523,165.924670297928,156.734288188795,167.331636044656
"2019.016",161.383269984863,157.853502307431,164.913037662295,156.966167021671,165.800372948055,155.369255773546,167.39728419618
"2019.024",161.567807039203,157.398749165436,165.736864912971,156.350705073633,166.784909004774,154.464570908127,168.671043170279
"2019.031",161.684540523332,157.033932576153,166.335148470511,155.864833386381,167.504247660283,153.76083991708,169.608241129584
"2019.039",161.520873971441,156.4724919621,166.569255980783,155.203397817031,167.838350125852,152.919446364052,170.122301578831
"2019.047",161.568462081922,156.099833279404,167.037090884439,154.725094842022,168.411829321822,152.25101845949,170.885905704354
