"","Point Forecast","Lo 75","Hi 75","Lo 85","Hi 85","Lo 95","Hi 95"
"2019.000",163.910478658883,161.467063379958,166.353893937808,160.852822219381,166.968135098385,159.74739044615,168.073566871616
"2019.008",163.379107517596,160.254636583569,166.503578451623,159.469187352217,167.289027682976,158.055637443284,168.702577591908
"2019.016",163.598832339462,160.0506338982,167.147030780724,159.158665370657,168.038999308267,157.553415813396,169.644248865528
"2019.024",163.642932075518,159.443961918469,167.841902232568,158.388398288028,168.897465863008,156.488731429724,170.797132721313
"2019.032",163.506312136785,158.819365271085,168.193259002486,157.641130974531,169.371493299039,155.520697321899,171.491926951671
"2019.040",163.566595421682,158.477233099375,168.655957743989,157.197837064482,169.935353778881,154.895345603008,172.237845240355
"2019.048",163.582710907978,158.06618206202,169.099239753936,156.679402209276,170.48601960668,154.183655245237,172.981766570719
