"","Point Forecast","Lo 75","Hi 75","Lo 85","Hi 85","Lo 95","Hi 95"
"2019.000",431.369995,418.706334189636,444.033655810365,415.522863176579,447.217126823421,409.793663909499,452.946326090501
"2019.008",431.369995,413.46087413269,449.27911586731,408.958766250603,453.781223749397,400.856454945561,461.883535054439
"2019.016",431.369995,409.43589106663,453.30409893337,403.921957527593,458.818032472407,393.998693310324,468.741296689676
"2019.024",431.369995,406.042673379271,456.697316620729,399.675731353157,463.064258646843,388.217332818997,474.522657181003
"2019.032",431.369995,403.053188584025,459.686801415975,395.93473099443,466.80525900557,383.123851976597,479.616138023403
"2019.040",431.369995,400.350487738927,462.389502261073,392.552608145996,470.187381854004,378.518993306923,484.220996693077
"2019.048",431.369995,397.865097808101,464.874892191899,389.44242520157,473.29756479843,374.284388729343,488.455601270657
