"","Point Forecast","Lo 75","Hi 75","Lo 85","Hi 85","Lo 95","Hi 95"
"2019.000",448.950012,436.316947436565,461.583076563435,433.141167901246,464.758856098754,427.425810760713,470.474213239287
"2019.008",448.950012,431.084160760055,466.815863239945,426.592930270101,471.307093729899,418.510194688153,479.389829311847
"2019.016",448.950012,427.068902320832,470.831121679168,421.568290812023,476.331733187977,411.669001861218,486.231022138782
"2019.024",448.950012,423.68388287313,474.21614112687,417.332323802493,480.567700197508,405.901609521426,491.998414478574
"2019.031",448.950012,420.701620872015,477.198403127985,413.60036194949,484.29966205051,400.820434867569,497.079589132431
"2019.039",448.950012,418.005449931948,479.894574068052,410.226410534844,487.673613465156,396.226701842766,501.673322157234
"2019.047",448.950012,415.526064868528,482.373959131472,407.123741999307,490.776282000693,392.002328351539,505.897695648461
