"","Point Forecast","Lo 75","Hi 75","Lo 85","Hi 85","Lo 95","Hi 95"
"2019.000",132.644677435484,129.819444343229,135.469910527738,129.109219409934,136.180135461034,127.831048460485,137.458306410482
"2019.008",132.289354870968,128.293871915036,136.284837826899,127.289462182034,137.289247559902,125.481855490293,139.096854251643
"2019.016",131.934032306452,127.040585047442,136.827479565461,125.810439378171,138.057625234732,123.596582352969,140.271482259935
"2019.024",131.578709741935,125.928243557427,137.229175926444,124.507793690835,138.649625793036,121.951451791938,141.205967691932
"2019.032",131.223387177419,124.905973930856,137.540800423982,123.317862700692,139.128911654147,120.45978557086,141.986988783979
"2019.040",130.868064612903,123.947685132454,137.788444093352,122.207996443277,139.528132782529,119.077129813081,142.658999412726
"2019.048",130.512742048387,123.037877890492,137.987606206282,121.158799342074,139.8666847547,117.777076876806,143.248407219968
