"","Point Forecast","Lo 75","Hi 75","Lo 85","Hi 85","Lo 95","Hi 95"
"2019.000",131.891520016001,129.077409039441,134.705630992562,128.369980053813,135.413059978189,127.096840889252,136.68619914275
"2019.008",131.533040032002,127.553286122928,135.512793941077,126.552830457037,136.513249606968,124.752339783727,138.313740280278
"2019.016",131.174560048004,126.300376858463,136.048743237544,125.07507391261,137.274046183397,122.869932194484,139.479187901523
"2019.024",130.816080064005,125.187858110884,136.444302017126,123.773000139629,137.859159988381,121.226721810507,140.405438317503
"2019.032",130.457600080006,124.165056640188,136.750143519824,122.583197339072,138.332002820941,119.736371622296,141.178828537716
"2019.040",130.099120096007,123.205984123869,136.992256068146,121.473144079827,138.725096112188,118.354602755099,141.843637436916
"2019.048",129.740640112009,122.295202306292,137.186077917725,120.423521140083,139.057759083934,117.055111526278,142.426168697739
