"","Point Forecast","Lo 75","Hi 75","Lo 85","Hi 85","Lo 95","Hi 95"
"2019.000",47.3326624093148,46.8125366910925,47.8527881275371,46.6817842039641,47.9835406146655,46.4464727937603,48.2188520248692
"2019.008",47.3442184834515,46.5239658603685,48.1644711065344,46.3177655768903,48.3706713900126,45.9466729838906,48.7417639830123
"2019.016",47.3467542640093,46.2943786380539,48.3991298899647,46.0298258084855,48.6636827195332,45.5537178524053,49.1397906756134
"2019.024",47.3473106971857,46.1025411465367,48.5920802478347,45.7896231174006,48.9049982769707,45.2264737323962,49.4681476619751
"2019.032",47.3474327968203,45.9356917320195,48.7591738616212,45.5807993493953,49.1140662442454,44.9421099534235,49.7527556402172
"2019.040",47.3474595894729,45.7863936159185,48.9085255630274,45.393962994892,49.3009561840539,44.6877171339612,50.0072020449847
"2019.048",47.3474654686571,45.6501386023588,49.0447923349554,45.223453857761,49.4714770795531,44.4555618568609,50.2393690804533
