"","Point Forecast","Lo 75","Hi 75","Lo 85","Hi 85","Lo 95","Hi 95"
"2019.000",47.9654453537681,47.4447868057609,48.4861039017753,47.3139003725169,48.6169903350194,47.0783479034235,48.8525428041127
"2019.008",47.9935462621272,47.1706094915647,48.8164830326897,46.9637344501454,49.023358074109,46.5914275151002,49.3956650091542
"2019.016",47.9998411230119,46.9427944114914,49.0568878345325,46.6770673349403,49.3226149110836,46.198846121059,49.8008361249649
"2019.024",48.0012512295128,46.7501436054033,49.2523588536223,46.4356322713421,49.5668701876836,45.8696154622674,50.1328869967582
"2019.032",48.001567106286,46.5820779646297,49.4210562479423,46.2252378215241,49.7778963910479,45.5830430982298,50.4200911143422
"2019.040",48.0016378655767,46.43159884533,49.5716768858234,46.0369125231701,49.9663632079834,45.3266071431711,50.6766685879824
"2019.048",48.001653716306,46.2942627527373,49.7090446798748,45.8650480318228,50.1382594007893,45.0926029068641,50.910704525748
