"","Point Forecast","Lo 75","Hi 75","Lo 85","Hi 85","Lo 95","Hi 95"
"2019.000",47.9868680205617,47.4682958928131,48.5054401483103,47.3379339570674,48.635802084056,47.1033254107145,48.8704106304089
"2019.008",47.9928842729134,47.1732849056508,48.8124836401759,46.9672488417455,49.0185197040812,46.596451789887,49.3893167559397
"2019.016",47.994231374207,46.9414979753213,49.0469647730928,46.6768552065346,49.3116075418794,46.2005853894853,49.7878773589288
"2019.024",47.9945330041569,46.7485481392136,49.2405178691003,46.4353245966967,49.5537414116171,45.8716253882353,50.1174406200785
"2019.031",47.9946005422308,46.5809357237073,49.4082653607543,46.2255597357257,49.7636413487359,45.5860000093981,50.4032010750635
"2019.039",47.9946156647059,46.4310274648346,49.5582038645773,46.0379627906312,49.9512685387807,45.3305758428233,50.6586554865886
"2019.047",47.994619050785,46.2942499069348,49.6949881946351,45.8668003753971,50.1224377261728,45.0975320099069,50.891706091663
