"","Point Forecast","Lo 75","Hi 75","Lo 85","Hi 85","Lo 95","Hi 95"
"2019.000",27.57,27.1918182559765,27.9481817440235,27.0967485413186,28.0432514586814,26.9256543685412,28.2143456314588
"2019.008",27.57,27.03517024856,28.10482975144,26.9007213687199,28.2392786312801,26.6587576691351,28.4812423308649
"2019.016",27.57,26.9149700048563,28.2250299951437,26.7503044288077,28.3896955711923,26.4539606286783,28.6860393713217
"2019.024",27.57,26.813636511953,28.326363488047,26.6234970826371,28.5165029173629,26.2813087370824,28.8586912629176
"2019.032",27.57,26.724359912514,28.415640087486,26.5117775679374,28.6282224320626,26.1291993670531,29.0108006329469
"2019.040",27.57,26.6436476971066,28.4963523028934,26.4107754062027,28.7292245937973,25.9916819849345,29.1483180150655
"2019.048",27.57,26.5694251549291,28.5705748450709,26.3178943327304,28.8221056672696,25.8652217007891,29.2747782992109
