"","Point Forecast","Lo 75","Hi 75","Lo 85","Hi 85","Lo 95","Hi 95"
"2019.000",27.610001,27.2333006608934,27.9867013391066,27.1386033511571,28.0813986488429,26.9681793845777,28.2518226154223
"2019.008",27.610001,27.0772662714849,28.1427357285151,26.9433440517355,28.2766579482645,26.7023281668455,28.5176738331545
"2019.016",27.610001,26.9575368734389,28.2624651265611,26.7935163216355,28.4264856783645,26.4983333526926,28.7216686473074
"2019.024",27.610001,26.8566003217868,28.3634016782132,26.6672057023141,28.5527962976859,26.3263577691554,28.8936442308447
"2019.031",27.610001,26.7676734346104,28.4523285653896,26.5559238127536,28.6640781872464,26.174844238487,29.045157761513
"2019.039",27.610001,26.6872773832554,28.5327246167446,26.4553172943871,28.7646847056129,26.0378655363265,29.1821364636735
"2019.047",27.610001,26.6133455839302,28.6066564160698,26.3628000525411,28.8572019474589,25.9119006195268,29.3081013804732
