"","Point Forecast","Lo 75","Hi 75","Lo 85","Hi 85","Lo 95","Hi 95"
"2019.000",27.709999,27.3305709227792,28.0894270772208,27.2351878970128,28.1848101029872,27.0635298674371,28.3564681325629
"2019.008",27.709999,27.1734066672493,28.2465913327507,27.0385146985902,28.3814833014098,26.795753585074,28.624244414926
"2019.016",27.709999,27.0528102924355,28.3671877075645,26.8876020456284,28.5323959543716,26.5902816168761,28.8297163831239
"2019.024",27.709999,26.9511428455585,28.4688551544415,26.7603767940257,28.6596212059743,26.4170607348742,29.0029372651258
"2019.032",27.709999,26.8615720267624,28.5584259732376,26.648289097249,28.771708902751,26.264450074234,29.155547925766
"2019.040",27.709999,26.7805938167238,28.6394041832762,26.5469540734734,28.8730439265266,26.1264794907612,29.2935185092388
"2019.048",27.709999,26.7061266672385,28.7138713327615,26.4537669017637,28.9662310982363,25.9996024449589,29.4203955550411
