"","Point Forecast","Lo 75","Hi 75","Lo 85","Hi 85","Lo 95","Hi 95"
"2019.000",17.799999,17.3738647838341,18.2261332161659,17.2667404739564,18.3332575260436,17.0739520002682,18.5260459997318
"2019.008",17.799999,17.1973542121069,18.4026437878931,17.045857560218,18.554140439782,16.7732134860589,18.8267845139411
"2019.016",17.799999,17.0619128867571,18.5380851132429,16.8763681393231,18.7236298606769,16.5424487077815,19.0575492922185
"2019.024",17.799999,16.9477305676682,18.6522674323318,16.7334819479127,18.8665160520873,16.3479050005363,19.2520929994637
"2019.032",17.799999,16.8471339251144,18.7528640748856,16.6075966861851,18.9924013138149,16.1765085537398,19.4234894462602
"2019.040",17.799999,16.7561876084527,18.8438103915473,16.4937877102044,19.1062102897956,16.0215543213783,19.5784436786217
"2019.048",17.799999,16.6725538388896,18.9274441611104,16.3891295555837,19.2108684444163,15.879059198565,19.720938801435
