"","Point Forecast","Lo 75","Hi 75","Lo 85","Hi 85","Lo 95","Hi 95"
"2019.000",17.51,17.0845209483565,17.9354790516435,16.9775613378732,18.0424386621268,16.785069268847,18.234930731153
"2019.008",17.51,16.9082817546602,18.1117182453398,16.7570180228885,18.2629819771115,16.4847931282223,18.5352068717777
"2019.016",17.51,16.7730486649973,18.2469513350027,16.5877891852824,18.4322108147176,16.2543831416749,18.7656168583251
"2019.024",17.51,16.6590418967131,18.3609581032869,16.4451226757464,18.5748773242536,16.0601385376939,18.9598614623061
"2019.031",17.51,16.5585999175231,18.4614000824769,16.3194309576354,18.7005690423646,15.8890056061632,19.1309943938368
"2019.039",17.51,16.4677934272302,18.5522065727698,16.2057969584592,18.8142030415408,15.7342896098123,19.2857103901877
"2019.047",17.51,16.3842882412838,18.6357117587162,16.1012997116165,18.9187002883835,15.5920135676208,19.4279864323792
