"","Point Forecast","Lo 75","Hi 75","Lo 85","Hi 85","Lo 95","Hi 95"
"2019.000",17.780001,17.3521569387012,18.2078450612988,17.2446027971579,18.3153992028421,17.0510407680477,18.5089612319523
"2019.008",17.780001,17.1749381259304,18.3850638740696,17.0228336002706,18.5371683997294,16.7490955535424,18.8109064464576
"2019.016",17.780001,17.0389533481138,18.5210486518862,16.8526641103965,18.7073378896035,16.5174048415614,19.0425971584386
"2019.024",17.780001,16.9243128774023,18.6356891225977,16.7092045943159,18.8507974056841,16.3220805360954,19.2379214639046
"2019.032",17.780001,16.8233125951662,18.7366894048338,16.5828142234139,18.9771877765861,16.1499963684607,19.4100056315393
"2019.040",17.780001,16.7320013603378,18.8280006396622,16.4685485938338,19.0914534061662,15.994420388936,19.565581611064
"2019.048",17.780001,16.6480320138874,18.9119699861126,16.363470502889,19.196531497111,15.8513535105983,19.7086484894017
