"","Point Forecast","Lo 75","Hi 75","Lo 85","Hi 85","Lo 95","Hi 95"
"2019.000",94.5770514179522,92.9418044205266,96.2122984153777,92.5307257053393,96.623377130565,91.7909194171389,97.3631834187654
"2019.008",94.0509136067072,91.4709747438174,96.630852469597,90.8224134226909,97.2794137907236,89.6552166646822,98.4466105487323
"2019.016",94.3982194929786,91.2764271997532,97.520011786204,90.4916513420381,98.3047876439191,89.079313283861,99.7171257020962
"2019.024",94.1689613479437,90.5067793953478,97.8311433005397,89.5861569730315,98.7517657228559,87.9293398430627,100.408582852825
"2019.032",94.3202956591157,90.2347729679462,98.4058183502851,89.2077284777875,99.4328628404438,87.3593866784928,101.281204639738
"2019.040",94.2203992138469,89.7233054471843,98.7174929805095,88.5927976214021,99.8480008062917,86.5582558962427,101.882542531451
"2019.048",94.2863412973047,89.4295394648612,99.1431431297482,88.2086059543008,100.364076640309,86.0113277805192,102.56135481409
