"","Point Forecast","Lo 75","Hi 75","Lo 85","Hi 85","Lo 95","Hi 95"
"2019.000",92.0485246961045,90.4198042923038,93.6772450999051,90.0103662734309,94.086683118778,89.2735126981918,94.8235366940171
"2019.008",92.8024412227904,90.3398176466334,95.2650647989473,89.7207477830163,95.8841346625645,88.6066259347696,96.9982565108111
"2019.016",92.5485101905332,89.6853044120099,95.4117159690566,88.9655336650797,96.1314867159867,87.6701833952439,97.4268369858226
"2019.024",92.5485101905332,89.1900554994096,95.9069648816569,88.3457859538208,96.7512344272457,86.8263788532169,98.2706415278495
"2019.031",92.5485101905332,88.7589866723991,96.3380337086673,87.8063523233013,97.2906680577651,86.0919242690607,99.0050961120057
"2019.039",92.5485101905332,88.3721769810476,96.7248434000188,87.3223039694156,97.7747164116509,85.4328783506179,99.6641420304485
"2019.047",92.5485101905332,88.0182751349524,97.078745246114,86.8794360427073,98.2175843383591,84.8299007820273,100.267119599039
