"","Point Forecast","Lo 75","Hi 75","Lo 85","Hi 85","Lo 95","Hi 95"
"2019.000",91.3896734053109,89.7736797062516,93.0056671043701,89.3674410067733,93.4119058038485,88.6363451526678,94.143001657954
"2019.008",91.6706339530277,89.1983333613358,94.1429345447195,88.5768308284527,94.7644370776027,87.4583309767882,95.8829369292671
"2019.016",91.5012847351435,88.622657577848,94.3799118924391,87.8990101073512,95.1035593629358,86.5966830119922,96.4058864582949
"2019.024",91.5012847351435,88.1116470096062,94.8909224606809,87.2595384759364,95.7430309943507,85.7260237787549,97.2765456915321
"2019.032",91.5012847351435,87.6681667471275,95.3344027231596,86.7045733449346,96.2979961253524,84.9704226047633,98.0321468655238
"2019.040",91.5012847351435,87.2709250447959,95.7316444254912,86.2074705152807,96.7950989550063,84.2936026377087,98.7089668325783
"2019.048",91.5012847351435,86.9079098637245,96.0946596065626,85.7531982859082,97.2493711843789,83.6750977792033,99.3274716910838
