"","Point Forecast","Lo 75","Hi 75","Lo 85","Hi 85","Lo 95","Hi 95"
"2019.000",23.52,23.0366930130278,24.0033069869722,22.915196251035,24.124803748965,22.6965420974691,24.3434579025309
"2019.008",23.52,22.8365007042342,24.2034992957658,22.6646783356396,24.3753216643603,22.3554546661976,24.6845453338024
"2019.016",23.52,22.6828877429111,24.3571122570889,22.4724491781845,24.5675508218155,22.0937290749225,24.9462709250775
"2019.024",23.52,22.5533860260556,24.4866139739444,22.3103925020701,24.7296074979299,21.8730841949383,25.1669158050617
"2019.032",23.52,22.4392927231295,24.6007072768705,22.1676177042676,24.8723822957324,21.6786921533316,25.3613078466684
"2019.040",23.52,22.3361444927961,24.7038555072039,22.0385394205135,25.0014605794865,21.5029483141369,25.5370516858631
"2019.048",23.52,22.2412899055716,24.7987100944284,21.9198396882392,25.1201603117608,21.3413351747725,25.6986648252275
