"","Point Forecast","Lo 75","Hi 75","Lo 85","Hi 85","Lo 95","Hi 95"
"2019.000",23.799999,23.3156099668986,24.2843880331014,23.1938411933178,24.4061568066822,22.9746975084873,24.6253004915127
"2019.008",23.799999,23.1149694599232,24.4850285400768,22.9427624088517,24.6572355911483,22.632846437656,24.967151562344
"2019.016",23.799999,22.9610125840392,24.6389854159608,22.7501028814219,24.8498951185781,22.3705348851377,25.2294631148623
"2019.024",23.799999,22.8312209337971,24.7687770662029,22.5876833866356,25.0123146133644,22.1493960169747,25.4506019830253
"2019.032",23.799999,22.7168721944298,24.8831258055702,22.4445889391664,25.1554090608336,21.9545687630457,25.6454292369543
"2019.040",23.799999,22.6134930319014,24.9865049680986,22.315221670024,25.284776329976,21.7784314618361,25.8215665381639
"2019.048",23.799999,22.5184260806066,25.0815719193934,22.1962561882585,25.4037418117415,21.6164564968068,25.9835415031932
