"","Point Forecast","Lo 75","Hi 75","Lo 85","Hi 85","Lo 95","Hi 95"
"2019.000",23.389999,22.9084293967171,23.8715686032829,22.7873693892061,23.9926286107939,22.5695012498511,24.2104967501489
"2019.008",23.389999,22.7089567358107,24.0710412641893,22.5377520313276,24.2422459686724,22.2296399538429,24.5503580461571
"2019.016",23.389999,22.5558959797333,24.2241020202667,22.3462138959595,24.4337841040405,21.9688552092462,24.8111427907538
"2019.024",23.389999,22.4268597934343,24.3531382065657,22.1847397784121,24.5952582215879,21.7490034997023,25.0309945002977
"2019.031",23.389999,22.3131766311619,24.4668213688381,22.0424782250105,24.7375197749895,21.5553102552815,25.2246877447185
"2019.039",23.389999,22.2103991963225,24.5695988036775,21.9138639496629,24.8661340503371,21.3801981770337,25.3997998229663
"2019.047",23.389999,22.1158855907455,24.6641124092545,21.7955909171556,24.9844070828444,21.2191660018181,25.5608319981819
