"","Point Forecast","Lo 75","Hi 75","Lo 85","Hi 85","Lo 95","Hi 95"
"2019.000",134.807633735802,133.923177956598,135.692089515006,133.700837878354,135.91442959325,133.300698970825,136.314568500779
"2019.008",134.797754913983,133.52430362811,136.071206199855,133.204175403276,136.391334424689,132.628050040876,136.967459787089
"2019.016",134.88446351269,133.389396109144,136.379530916237,133.013556625362,136.755370400018,132.337169346762,137.431757678618
"2019.024",134.929511991819,133.236275677686,136.622748305953,132.810619241919,137.04840474172,132.044577858215,137.814446125424
"2019.032",134.929511991819,132.95423762477,136.904786358868,132.457680682469,137.40134330117,131.564041739872,138.294982243767
"2019.040",134.929511991819,132.707718024156,137.151305959482,132.149189428124,137.709834555514,131.144021920738,138.7150020629
"2019.048",134.929511991819,132.485943281027,137.373080702612,131.871663549778,137.987360433861,130.766162362043,139.092861621596
