"","Point Forecast","Lo 75","Hi 75","Lo 85","Hi 85","Lo 95","Hi 95"
"2019.000",135.185578869403,134.30395639741,136.067201341396,134.082328573823,136.288829164984,133.683471490076,136.687686248731
"2019.008",135.217937994723,133.947840207471,136.488035781976,133.628555006295,136.807320983152,133.053946808806,137.38192918064
"2019.016",135.268454261407,133.776349886009,136.760558636805,133.401255266952,137.135653255862,132.726208499516,137.810700023297
"2019.024",135.362447902238,133.671319935175,137.053575869301,133.246193509007,137.47870229547,132.481105968009,138.243789836468
"2019.032",135.362447902238,133.387265674383,137.337630130094,132.890731894614,137.834163909862,131.997134636946,138.72776116753
"2019.040",135.362447902238,133.139212452384,137.585683352092,132.580321487457,138.144574317019,131.574501835416,139.15039396906
"2019.048",135.362447902238,132.916184037129,137.808711767348,132.30122678097,138.423669023506,131.194506271558,139.530389532918
