"","Point Forecast","Lo 75","Hi 75","Lo 85","Hi 85","Lo 95","Hi 95"
"2019.000",135.118627789098,134.240567251903,135.996688326293,134.019834849976,136.217420728221,133.622589230286,136.614666347911
"2019.008",135.183266722299,133.918485091445,136.448048353153,133.600536299231,136.765997145367,133.028333197694,137.338200246904
"2019.016",135.275893288082,133.790239946439,136.761546629725,133.416767028979,137.135019547185,132.74463879027,137.807147785893
"2019.024",135.25167017266,133.568128426296,136.935211919023,133.144909072187,137.358431273132,132.383253632753,138.120086712567
"2019.031",135.25167017266,133.285697618936,137.217642726383,132.7914790252,137.711861320119,131.902048339827,138.601292005492
"2019.039",135.25167017266,133.039028459177,137.464311886142,132.482800614588,138.020539730731,131.48177370199,139.021566643329
"2019.047",135.25167017266,132.817225960424,137.686114384895,132.205240003234,138.298100342085,131.103866853293,139.399473492026
