"","Point Forecast","Lo 75","Hi 75","Lo 85","Hi 85","Lo 95","Hi 95"
"2019.000",237.121516233424,233.221991014907,241.021041451942,232.241703743815,242.001328723034,230.47750953817,243.765522928678
"2019.008",236.284416878893,231.024442130274,241.544391627511,229.702156466406,242.866677291379,227.322477799556,245.246355958229
"2019.016",236.147977393766,229.559887728293,242.736067059238,227.903732150888,244.392222636643,224.923197608144,247.372757179387
"2019.024",237.181152400847,229.692798800499,244.669506001196,227.810329190864,246.551975610831,224.422503932339,249.939800869356
"2019.032",235.516934974692,227.096379661509,243.937490287876,224.979567299366,246.054302650019,221.170002273018,249.863867676367
"2019.040",237.423902937321,228.213168226488,246.634637648155,225.897715578159,248.950090296484,221.730663463861,253.117142410782
"2019.048",235.695681405059,225.783935725724,245.607427084394,223.29225851394,248.099104296179,218.808060229424,252.583302580695
