"","Point Forecast","Lo 75","Hi 75","Lo 85","Hi 85","Lo 95","Hi 95"
"2019.000",237.463082905686,233.584816890371,241.341348921,232.60987389201,242.316291919361,230.855297617012,244.070868194359
"2019.008",239.028117743697,233.811401632868,244.244833854525,232.499990598503,245.55624488889,230.139882682926,247.916352804468
"2019.016",236.985949757577,230.448266742074,243.52363277308,228.804782706606,245.167116808548,225.847052765658,248.124846749496
"2019.024",239.030454721355,231.600900534687,246.460008908023,229.733212292925,248.327697149786,226.371988627952,251.688920814758
"2019.031",237.433299613785,229.082953643727,245.783645583844,226.983790949562,247.882808278009,223.20598951221,251.660609715361
"2019.039",238.256052730662,229.117327079163,247.394778382161,226.819976522836,249.692128938488,222.685502211762,253.826603249563
"2019.047",238.346822619326,228.518608148206,248.175037090445,226.04792953896,250.645715699691,221.601521822594,255.092123416057
