"","Point Forecast","Lo 75","Hi 75","Lo 85","Hi 85","Lo 95","Hi 95"
"2019.000",69.4339275843977,68.1804496249894,70.687405543806,67.8653424210743,71.002512747721,67.2982532425277,71.5696019262677
"2019.008",69.4625425339072,67.8204931942747,71.1045918735397,67.4077044633533,71.5173806044611,66.6648207100683,72.2602643577461
"2019.016",69.458142085128,67.4870485355506,71.4292356347053,66.9915425935431,71.9247415767128,66.0997951053017,72.8164890649543
"2019.024",69.458818792576,67.2084469680609,71.7091906170911,66.6427342899323,72.2749032952197,65.624637801031,73.292999784121
"2019.032",69.4587147275151,66.9597830054558,71.9576464495745,66.3315857708715,72.5858436841587,65.2010376612137,73.7163917938166
"2019.040",69.4587307307924,66.7338615767545,72.1835998848302,66.048866763947,72.8685946976377,64.8161017212016,74.1013597403831
"2019.048",69.458728269785,66.5252661372185,72.3921904023514,65.7878339044093,73.1296226351606,64.4606987772468,74.4567577623232
