"","Point Forecast","Lo 75","Hi 75","Lo 85","Hi 85","Lo 95","Hi 95"
"2019.000",68.7554175163443,67.5040044230935,70.006830609595,67.1894162982708,70.3214187344177,66.6232612911185,70.88757374157
"2019.008",68.7288504366354,67.0950068913956,70.3626939818753,66.6842809848801,70.7734198883908,65.9451096360826,71.5125912371883
"2019.016",68.7331171713375,66.7730896201241,70.6931447225509,66.2803655186562,71.1858688240188,65.3936244271168,72.0726099155583
"2019.024",68.7324319238351,66.4957440096642,70.969119838006,65.9334712793183,71.5313925683518,64.9215655633924,72.5432982842777
"2019.032",68.7325419761754,66.2494728021026,71.2156111502482,65.6252631949876,71.8398207573633,64.5018915013488,72.9631924510021
"2019.040",68.732524301514,66.0254587561868,71.4395898468412,65.3449395269493,72.1201090760786,64.1202290604835,73.3448195425444
"2019.048",68.7325271401056,65.8186257145019,71.6464285657093,65.0861107757157,72.3789435044956,63.7678251581596,73.6972291220517
