"","Point Forecast","Lo 75","Hi 75","Lo 85","Hi 85","Lo 95","Hi 95"
"2019.000",69.3988806615303,68.1497655945113,70.6479957285493,67.8357551620325,70.9620061610281,67.2706398108217,71.5271215122389
"2019.008",69.4256422524915,67.7992055992811,71.0520789057019,67.3903416840513,71.4609428209317,66.654521306274,72.196763198709
"2019.016",69.4211971520599,67.4709957366026,71.3713985675171,66.9807417911835,71.8616525129362,66.0984461669237,72.7439481371961
"2019.024",69.4219354832703,67.1973033375333,71.6465676290072,66.6380612623767,72.2058097041639,65.6316097275687,73.2122612389718
"2019.031",69.4218128464515,66.952657707985,71.8909679849179,66.3319458989941,72.5116797939088,65.2148690898908,73.6287566030121
"2019.039",69.4218332164279,66.7303415001805,72.1133249326753,66.0537373184304,72.7899291144253,64.8360726479225,74.0075937849332
"2019.047",69.4218298329747,66.5250066736416,72.3186529923077,65.7967849772628,73.0468746886865,64.4862257819528,74.3574338839965
