"","Point Forecast","Lo 75","Hi 75","Lo 85","Hi 85","Lo 95","Hi 95"
"2019.000",209.636602330884,207.137299633584,212.135905028185,206.509009140901,212.764195520867,205.378293197383,213.894911464385
"2019.008",209.244368085593,205.618235774248,212.870500396939,204.706675738368,213.782060432819,203.066167919058,215.422568252129
"2019.016",209.092894392133,204.810572491014,213.375216293252,203.734055372865,214.451733411401,201.796679138244,216.389109646022
"2019.024",209.611011467637,204.626503556111,214.595519379163,203.373466485053,215.848556450221,201.118412476492,218.103610458782
"2019.032",209.171932453976,203.568360320003,214.775504587949,202.159698975925,216.184165932028,199.624572534705,218.719292373247
"2019.040",209.196037184734,203.136429831744,215.255644537723,201.613127474896,216.778946894571,198.871684970599,219.520389398869
"2019.048",209.561354425488,202.975585905711,216.147122945265,201.320013832567,217.802695018409,198.3405294053,220.782179445676
