"","Point Forecast","Lo 75","Hi 75","Lo 85","Hi 85","Lo 95","Hi 95"
"2019.000",207.184307977529,204.699137351527,209.66947860353,204.074399468158,210.2942164869,202.950077051262,211.418538903796
"2019.008",207.564140154556,203.95861032925,211.169669979862,203.052229476394,212.076050832717,201.421042480635,213.707237828477
"2019.016",207.08583775199,202.827266911783,211.344408592198,201.75672048529,212.414955018691,199.830089529054,214.341585974927
"2019.024",207.278198573531,202.321312335102,212.235084811961,201.075218974631,213.481178172432,198.83266135804,215.723735789023
"2019.031",207.490437021133,201.918553628471,213.062320413795,200.517858400268,214.463015641999,197.997068343781,216.983805698486
"2019.039",207.08402234678,201.057924170741,213.110120522819,199.543045562373,214.624999131187,196.816763030764,217.351281662796
"2019.047",207.345776857817,200.796594407322,213.894959308312,199.150219571278,215.541334144355,196.187287141452,218.504266574182
