"","Point Forecast","Lo 75","Hi 75","Lo 85","Hi 85","Lo 95","Hi 95"
"2019.000",208.25406016083,205.745374972817,210.762745348843,205.114725850377,211.393394471283,203.979765150172,212.528355171489
"2019.008",208.876279041613,205.239590234493,212.512967848733,204.325376440051,213.427181643175,202.680092729412,215.072465353814
"2019.016",208.596530573294,204.303994563617,212.889066582971,203.224909758367,213.968151388222,201.282912532697,215.910148613892
"2019.024",208.350211331062,203.353054949913,213.347367712212,202.096838226698,214.603584435427,199.836061891554,216.864360770571
"2019.032",208.87141535003,203.253913036558,214.488917663502,201.841749836002,215.901080864058,199.300321206548,218.442509493512
"2019.040",208.516145489821,202.442338282812,214.589952696829,200.915466277003,216.116824702638,198.167599580329,218.864691399312
"2019.048",208.443222304992,201.841930357388,215.044514252595,200.182455906941,216.703988703042,197.195948485877,219.690496124106
