"","Point Forecast","Lo 75","Hi 75","Lo 85","Hi 85","Lo 95","Hi 95"
"2019.000",207.537930570869,205.042712584306,210.033148557433,204.415448931999,210.66041220974,203.286580962942,211.789280178797
"2019.008",207.612971007866,203.997605678632,211.2283363371,203.088752314697,212.137189701035,201.453115613379,213.772826402353
"2019.016",207.931166426637,203.663229563843,212.199103289432,202.590328647455,213.27200420582,200.659460384918,215.202872468357
"2019.024",207.513669473031,202.544673010212,212.48266593585,201.295535305069,213.731803640993,199.047498870802,215.97984007526
"2019.032",207.691914543338,202.107527577109,213.276301509567,200.703689121634,214.680139965042,198.17724229136,217.206586795316
"2019.040",207.865616600421,201.826502638247,213.904730562595,200.308352039378,215.422881161464,197.57618100258,218.155052198261
"2019.048",207.515947731432,200.952414523582,214.079480939282,199.302432103544,215.72946335932,196.333007210776,218.698888252088
