"","Point Forecast","Lo 75","Hi 75","Lo 85","Hi 85","Lo 95","Hi 95"
"2019.000",13.8776260220167,13.4423843485928,14.3128676954405,13.332970548605,14.4222814954283,13.1360617468199,14.6191902972135
"2019.008",13.831396941549,13.1713408158207,14.4914530672773,13.0054117393306,14.6573821437673,12.7067940545724,14.9559998285255
"2019.016",13.831396941549,12.9497029507782,14.7130909323197,12.728057148349,14.934736734749,12.3291677086083,15.3336261744896
"2019.024",13.831396941549,12.7735243132941,14.8892695698039,12.5075896125794,15.1552042705185,12.0289947435901,15.6337991395079
"2019.032",13.831396941549,12.6227594020605,15.0400344810374,12.3189244660281,15.3438694170699,11.7721216568645,15.8906722262335
"2019.040",13.831396941549,12.4888192320251,15.1739746510729,12.1513135703488,15.5114803127491,11.5439145453286,16.1188793377693
"2019.048",13.831396941549,12.3670796568186,15.2957142262794,11.9989703320614,15.6638235510366,11.3364947935833,16.3262990895146
