"","Point Forecast","Lo 75","Hi 75","Lo 85","Hi 85","Lo 95","Hi 95"
"2019.000",13.9023089811672,13.4687790812411,14.3358388810934,13.3597955976832,14.4448223646512,13.1636612237365,14.6409567385979
"2019.008",13.9149511232704,13.2576725333914,14.5722297131494,13.0924416914006,14.7374605551402,12.7950805987599,15.0348216477809
"2019.016",13.9149511232704,13.0368103036876,14.7930919428532,12.8160577198663,15.0138445266745,12.4187757794159,15.4111264671248
"2019.024",13.9149511232704,12.8612683183799,14.9686339281609,12.5963868819172,15.2335153646236,12.1196875416623,15.7102147048785
"2019.031",13.9149511232704,12.7110559419418,15.118846304599,12.4084131698469,15.4214890766939,11.8637558631016,15.9661463834392
"2019.039",13.9149511232704,12.5776105675664,15.2522916789744,12.2414214546849,15.5884807918559,11.6363917838567,16.1935104626841
"2019.047",13.9149511232704,12.4563230293976,15.3735792171432,12.0896438893599,15.7402583571809,11.4297422123094,16.4001600342314
