"","Point Forecast","Lo 75","Hi 75","Lo 85","Hi 85","Lo 95","Hi 95"
"2019.000",14.0984757731118,13.6621002080314,14.5348513381923,13.5524013631995,14.6445501830242,13.3549795745817,14.8419719716419
"2019.008",14.1379260229967,13.4752903666526,14.8005616793408,13.3087128314692,14.9671392145242,13.0089281346491,15.2669239113443
"2019.016",14.1379260229967,13.2527243902003,15.023127655793,13.0301968145714,15.245655231422,12.6297204735054,15.6461315724879
"2019.024",14.1379260229967,13.0758159306088,15.2000361153845,12.808815989405,15.4670360565883,12.328304038399,15.9475480075943
"2019.032",14.1379260229967,12.9244295186758,15.3514225273175,12.6193731053842,15.6564789406092,12.0703720394784,16.2054800065149
"2019.040",14.1379260229967,12.7899387516748,15.4859132943185,12.4510732001977,15.8247788457956,11.84122682145,16.4346252245433
"2019.048",14.1379260229967,12.6676996454301,15.6081524005633,12.2981048556056,15.9777471903877,11.6329559692819,16.6428960767115
