"","Point Forecast","Lo 75","Hi 75","Lo 85","Hi 85","Lo 95","Hi 95"
"2019.000",40.290001,39.2956823354406,41.2843196645594,39.0457242314005,41.5342777685995,38.5958819741304,41.9841200258696
"2019.008",40.290001,38.8838220592594,41.6961799407406,38.5303279185008,42.0496740814992,37.8941548973409,42.6858471026591
"2019.016",40.290001,38.5677905540691,42.0122114459309,38.134850418108,42.445151581892,37.3557007731247,43.2243012268753
"2019.024",40.290001,38.3013636708813,42.2786383291187,37.801447462801,42.778554537199,36.9017629482608,43.6782390517392
"2019.032",40.290001,38.0666368747484,42.5133651252515,37.5077135625877,43.0722884374123,36.5018356961798,44.0781663038202
"2019.040",40.290001,37.854427630104,42.725574369896,37.2421578181321,43.3378441818679,36.1402738230785,44.4397281769214
"2019.048",40.290001,37.6592810896261,42.9207209103739,36.9979541081506,43.5820478918494,35.807783366206,44.772218633794
