"","Point Forecast","Lo 75","Hi 75","Lo 85","Hi 85","Lo 95","Hi 95"
"2019.000",40.540001,39.5420151479309,41.5379868520691,39.2911351631399,41.7888668368601,38.8396338241629,42.2403681758371
"2019.008",40.540001,39.1286358729474,41.9513661270526,38.773837995928,42.306164004072,38.1353186789171,42.9446833210829
"2019.016",40.540001,38.8114387989814,42.2685632010186,38.3769019187212,42.7031000812787,37.5948786599277,43.4851233400723
"2019.024",40.540001,38.5440292958618,42.5359727041382,38.0422693262798,43.0377326737202,37.1392666483257,43.9407353516743
"2019.032",40.540001,38.3084367941904,42.7715652058096,37.7474520940036,43.3325499059964,36.7378644081188,44.3421375918812
"2019.040",40.540001,38.095444891914,42.984557108086,37.4809169424988,43.5990850575012,36.3749690438217,44.7050329561783
"2019.048",40.540001,37.8995786234643,43.1804233765357,37.2358125747836,43.8441894252164,36.0412523152377,45.0387496847623
