"","Point Forecast","Lo 75","Hi 75","Lo 85","Hi 85","Lo 95","Hi 95"
"2019.000",41.029999,40.0367346286967,42.0232633713033,39.7870415595522,42.2729564404478,39.3376762777981,42.7223217222019
"2019.008",41.029999,39.6253110550809,42.434686944919,39.2721917302661,42.7878062697339,38.6366932543499,43.4233047456501
"2019.016",41.029999,39.3096146435548,42.7503833564452,38.8771335614986,43.1828644385014,38.098810062343,43.961187937657
"2019.024",41.029999,39.0434702573935,43.0165277426065,38.5440841191043,43.5159138808957,37.6453535555962,44.4146444444038
"2019.031",41.029999,38.8089923461373,43.2510056538627,38.2506616700195,43.8093363299805,37.2458503532891,44.8141476467109
"2019.039",41.029999,38.5970081106207,43.4629898893793,37.985387498907,44.074610501093,36.8846718504875,45.1753261495125
"2019.047",41.029999,38.4020684873907,43.6579295126093,37.7414427223376,44.3185552776624,36.5525339389899,45.5074640610101
