"","Point Forecast","Lo 75","Hi 75","Lo 85","Hi 85","Lo 95","Hi 95"
"2019.000",137.933990808875,135.789566284744,140.078415333005,135.250487307939,140.61749430981,134.280322708939,141.58765890881
"2019.008",139.178507240597,136.166587520825,142.190426960369,135.409432124362,142.947582356833,134.046801798943,144.310212682251
"2019.016",138.469915724954,134.872954801963,142.066876647944,133.968728053876,142.971103396032,132.34141773719,144.598413712717
"2019.024",138.418009748178,134.016046264706,142.819973231649,132.909452890167,143.926566606189,130.917949300417,145.918070195939
"2019.031",138.797103369693,133.718762501599,143.875444237788,132.442137109456,145.152069629931,130.14463189235,147.449574847037
"2019.039",138.608105998495,132.968224596892,144.247987400099,131.55043559986,145.665776397131,128.998882389745,148.217329607245
"2019.047",138.570626610314,132.357849741044,144.783403479585,130.796042664079,146.34521055655,127.98530434607,149.155948874558
