"","Point Forecast","Lo 75","Hi 75","Lo 85","Hi 85","Lo 95","Hi 95"
"2019.000",135.564609367092,133.48649308201,137.642725652174,132.964083089008,138.165135645176,132.023917170504,139.10530156368
"2019.008",136.036586578466,133.09409155458,138.979081602353,132.354388576517,139.718784580416,131.023166855824,141.050006301108
"2019.016",136.493332455457,132.981784459617,140.004880451296,132.099029352456,140.887635558458,130.51036091721,142.476303993703
"2019.024",136.202986793373,131.865329680066,140.54064390668,130.77490204689,141.631071539856,128.812491467,143.593482119747
"2019.032",136.308889950578,131.270665668827,141.347114232329,130.004125037455,142.613654863701,127.724769068068,144.893010833087
"2019.040",136.471097353802,130.863609421915,142.078585285688,129.453963699833,143.48823100777,126.917065702437,146.025129005167
"2019.048",136.374859359189,130.172121902764,142.577596815614,128.612838596789,144.136880121589,125.806642235295,146.943076483083
