"","Point Forecast","Lo 75","Hi 75","Lo 85","Hi 85","Lo 95","Hi 95"
"2019.000",141.060697787079,138.941364985861,143.180030588297,138.408593724791,143.712801849367,137.44978093651,144.671614637648
"2019.008",141.33266945852,138.343189397098,144.322149519943,137.591675023635,145.073663893406,136.239196681603,146.426142235437
"2019.016",142.593088778599,139.027045400911,146.159132156286,138.130590900576,147.055586656621,136.517268069859,148.668909487339
"2019.024",142.982506844174,138.625689837764,147.339323850584,137.530445669684,148.434568018665,135.559366913413,150.405646774935
"2019.032",143.205450216156,138.177321227753,148.233579204559,136.913318414966,149.497582017346,134.638529683135,151.772370749177
"2019.040",143.756666893806,138.174978638633,149.338355148978,136.771818602183,150.741515185428,134.2465927027,153.266741084912
"2019.048",144.090101709039,137.94504480667,150.235158611408,136.400261602569,151.779941815508,133.620160648475,154.560042769602
