"","Point Forecast","Lo 75","Hi 75","Lo 85","Hi 85","Lo 95","Hi 95"
"2019.000",42.669998,41.8863678962836,43.4536281037164,41.6893740129589,43.6506219870411,41.3348499078756,44.0051460921244
"2019.008",42.669998,41.5617776794404,43.7782183205596,41.2831862579381,44.0568097420619,40.781813460341,44.558182539659
"2019.016",42.669998,41.3127108460227,44.0272851539773,40.9715074313241,44.3684885686759,40.3574536688118,44.9825423311882
"2019.024",42.669998,41.1027377925672,44.2372582074328,40.7087500259179,44.6312459740821,39.9997018157511,45.3402941842489
"2019.031",42.669998,40.9177478188749,44.4222481811251,40.4772561046093,44.8627398953907,39.6845161059806,45.6554798940194
"2019.039",42.669998,40.7505040988105,44.5894919011895,40.2679696022157,45.0720263977843,39.3995664432446,45.9404295567554
"2019.047",42.669998,40.5967076257026,44.7432883742974,40.0755108006247,45.2644851993753,39.1375281847964,46.2024678152036
