"","Point Forecast","Lo 75","Hi 75","Lo 85","Hi 85","Lo 95","Hi 95"
"2019.000",43.029999,42.2405340476006,43.8194639523994,42.0420733631727,44.0179246368273,41.6849094992314,44.3750885007686
"2019.008",43.029999,41.9135269572986,44.1464710427014,41.6328611657828,44.4271368342172,41.1277551854074,44.9322428145925
"2019.016",43.029999,41.6626055916494,44.3973924083506,41.3188616029153,44.7411363970847,40.7002356439414,45.3597623560586
"2019.024",43.029999,41.4510690952013,44.6089289047987,41.0541477263455,45.0058502736545,40.3398199984629,45.7201780015371
"2019.032",43.029999,41.2647017005814,44.7952962994186,40.8209301193395,45.2390678806605,40.0222874404602,46.0377105595397
"2019.040",43.029999,41.0962126968109,44.9637853031891,40.6100852859591,45.4499127140409,39.7352160647421,46.3247819352579
"2019.048",43.029999,40.9412710671498,45.1187269328502,40.4161934511299,45.6438045488701,39.4712266898424,46.5887713101576
