"","Point Forecast","Lo 75","Hi 75","Lo 85","Hi 85","Lo 95","Hi 95"
"2019.000",42.810001,42.0233745030818,43.5966274969182,41.8256273675148,43.7943746324852,41.4697476564978,44.1502543435022
"2019.008",42.810001,41.6975431395362,43.9224588604638,41.4178864584969,44.2021155415031,40.9145965446033,44.7054054553967
"2019.016",42.810001,41.4475239407577,44.1724780592423,41.1050158549045,44.5149861450955,40.4886141140401,45.1313878859599
"2019.024",42.810001,41.2367480061636,44.3832539938364,40.8412537350296,44.7787482649704,40.1294943129956,45.4905076870044
"2019.032",42.810001,41.0510506799883,44.5689513200117,40.6088746425047,45.0111273574953,39.8131034168577,45.8068985831423
"2019.040",42.810001,40.8831674643974,44.7368345356026,40.3987878841612,45.2212141158388,39.5270641823605,46.0929378176395
"2019.048",42.810001,40.7287829144605,44.8912190855395,40.2055931712748,45.4144088287252,39.2640239592704,46.3559780407296
