"","Point Forecast","Lo 75","Hi 75","Lo 85","Hi 85","Lo 95","Hi 95"
"2019.000",42.939999,42.1473863078387,43.7326116921613,41.9481343247145,43.9318636752855,41.5895463837542,44.2904516162458
"2019.008",42.939999,41.8190753810364,44.0609226189636,41.5372905241725,44.3427074758275,41.0301705947629,44.8498274052371
"2019.016",42.939999,41.5671535464526,44.3128444535474,41.2220389881727,44.6579590118273,40.6009464554479,45.2790515445521
"2019.024",42.939999,41.3547736156773,44.5252243843227,40.9562696494291,44.9237283505709,40.2390937675083,45.6409042324917
"2019.032",42.939999,41.1676631404981,44.7123348595019,40.7221221615809,45.1578758384191,39.9202951496819,45.9597028503181
"2019.040",42.939999,40.998502340551,44.881495659449,40.5104366516593,45.3695613483407,39.6320791683911,46.2479188316089
"2019.048",42.939999,40.8429429305477,45.0370550694523,40.3157717349648,45.5642262650352,39.367037220037,46.512960779963
