"","Point Forecast","Lo 75","Hi 75","Lo 85","Hi 85","Lo 95","Hi 95"
"2019.000",63.59,62.483104407479,64.696895592521,62.2048460044754,64.9751539955246,61.7040725304879,65.4759274695121
"2019.008",63.59,62.0246132409258,65.1553867590742,61.6310964335539,65.5489035664461,60.9228957949641,66.2571042050359
"2019.016",63.59,61.6728005950796,65.5071994049204,61.1908429034444,65.9891570965556,60.3234778034153,66.8565221965847
"2019.024",63.59,61.376208814958,65.803791185042,60.8196920089508,66.3603079910492,59.8181450609759,67.3618549390241
"2019.032",63.59,61.1149062111281,66.0650937888719,60.4927015067016,66.6872984932984,59.3729379775369,67.8070620224631
"2019.040",63.59,60.8786705997879,66.3013294002121,60.1970794957874,66.9829205042126,58.9704400077972,68.2095599922028
"2019.048",63.59,60.6614295348759,66.5185704651241,59.9252270003145,67.2547729996855,58.6003049249657,68.5796950750343
