"","Point Forecast","Lo 75","Hi 75","Lo 85","Hi 85","Lo 95","Hi 95"
"2019.000",63.779999,62.677401017199,64.882596982801,62.400222974462,65.159775025538,61.9013937931105,65.6586042068895
"2019.008",63.779999,62.2206899788776,65.3393080211224,61.828701031647,65.731296968353,61.1232500380722,66.4367479619278
"2019.016",63.779999,61.8702432734657,65.6897547265343,61.3901568207028,66.1698411792972,60.526159334304,67.033838665696
"2019.024",63.779999,61.574803034398,65.985194965602,61.0204469489241,66.5395510510759,60.0227885862211,67.5372094137789
"2019.032",63.779999,61.3145149586028,66.2454830413971,60.6947260131726,66.8652719868274,59.5793100545101,67.9806879454899
"2019.040",63.779999,61.0791965507156,66.4808014492844,60.4002517781066,67.1597462218934,59.1783748149852,68.3816231850148
"2019.048",63.779999,60.8627989414271,66.6971990585729,60.1294547714574,67.4305432285426,58.8096768108994,68.7503211891006
