"","Point Forecast","Lo 75","Hi 75","Lo 85","Hi 85","Lo 95","Hi 95"
"2019.000",63.849998,62.754274308861,64.945721691139,62.4788243689664,65.2211716310336,61.9831052035369,65.7168907964631
"2019.008",63.849998,62.3004106953777,65.3995853046223,61.9108656546239,65.7891303453761,61.2098128877453,66.4901831122547
"2019.016",63.849998,61.9521488958903,65.7478471041097,61.4750556050511,66.2249403949489,60.6164448242416,67.0835511757584
"2019.024",63.849998,61.658550617722,66.041445382278,61.1076507379328,66.5923452620672,60.1162124070738,67.5837835929262
"2019.031",63.849998,61.3998853420562,66.3001106579438,60.7839605520536,66.9160354479464,59.6754988004039,68.0244971995961
"2019.039",63.849998,61.1660340576305,66.5339619423695,60.4913222552084,67.2086737447916,59.2770632441879,68.4229327558121
"2019.047",63.849998,60.9509856076044,66.7490103923956,60.2222135679956,67.4777824320044,58.9106639361408,68.7893320638592
