"","Point Forecast","Lo 75","Hi 75","Lo 85","Hi 85","Lo 95","Hi 95"
"2019.000",185.070007,182.472087259779,187.667926740221,181.819005792178,188.321008207822,180.643674259338,189.496339740662
"2019.008",185.070007,181.395993669423,188.744020330577,180.472397000607,189.667616999393,178.81022720658,191.32978679342
"2019.016",185.070007,180.570278015952,189.569735984048,179.439107732584,190.700906267416,177.403373801968,192.736640198032
"2019.024",185.070007,179.874167519559,190.265846480441,178.568004584356,191.572009415644,176.217341518677,193.922672481323
"2019.032",185.070007,179.260881860778,190.879132139222,177.800547304376,192.339466695624,175.172426100848,194.967587899152
"2019.040",185.070007,178.706429243756,191.433584756244,177.106712887664,193.033301112336,174.227750353604,195.912263646396
"2019.048",185.070007,178.196557441271,191.943456558729,176.468666292132,193.671347707868,173.359031348186,196.780982651814
