"","Point Forecast","Lo 75","Hi 75","Lo 85","Hi 85","Lo 95","Hi 95"
"2019.000",188.649994,186.036400226775,191.263587773225,185.37937852179,191.92060947821,184.196955859478,193.103032140522
"2019.008",188.649994,184.953814239371,192.346173760629,184.024645233408,193.275342766592,182.352447067909,194.947540932091
"2019.016",188.649994,184.123116794428,193.176871205572,182.985121819719,194.314866180281,180.937105692574,196.362882307426
"2019.024",188.649994,183.422806453549,193.877181546451,182.10876304358,195.19122495642,179.743917718956,197.556070281044
"2019.032",188.649994,182.805820657498,194.494167342502,181.33667546246,195.96331253754,178.692698011394,198.607289988606
"2019.040",188.649994,182.248022860682,195.051965139318,180.638654933537,196.661333066463,177.742322750569,199.557665249431
"2019.048",188.649994,181.735074847898,195.564913152102,179.996758810538,197.303229189462,176.868362501494,200.431625498506
