"","Point Forecast","Lo 75","Hi 75","Lo 85","Hi 85","Lo 95","Hi 95"
"2019.000",185.559998,182.952034162348,188.167961837652,182.296427746115,188.823568253885,181.116552137396,190.003443862604
"2019.008",185.559998,181.871780170614,189.248215829386,180.944612685199,190.175383314801,179.276016597434,191.843979402566
"2019.016",185.559998,181.042872128884,190.077123871116,179.907328506201,191.212667493799,177.863724005288,193.256271994712
"2019.024",185.559998,180.344070324696,190.775925675304,179.032857492231,192.087138507769,176.673106274791,194.446889725209
"2019.032",185.559998,179.728413576148,191.391582423852,178.262433062968,192.857562937032,175.624150996877,195.495845003123
"2019.040",185.559998,179.171817330121,191.948178669879,177.565916138257,193.554079861743,174.675822936938,196.444173063062
"2019.048",185.559998,178.659974257323,192.460021742677,176.925402722033,194.194593277967,173.80374528337,197.31625071663
