"","Point Forecast","Lo 75","Hi 75","Lo 85","Hi 85","Lo 95","Hi 95"
"2019.000",18.5399963408057,18.1354253389498,18.9445673426615,18.0337217260359,19.0462709555755,17.8506887214392,19.2293039601722
"2019.008",18.5046611302302,17.8973905898847,19.1119316705757,17.7447310871372,19.2645911733232,17.469994264447,19.5393279960135
"2019.016",18.5317641958245,17.8034593724216,19.2600690192273,17.6203735073868,19.4431548842621,17.2908792542689,19.7726491373801
"2019.024",18.5346250966193,17.69784480117,19.3714053920687,17.4874896870564,19.5817605061823,17.108919767411,19.9603304258276
"2019.032",18.5085726137589,17.5606321669252,19.4565130605927,17.3223329120897,19.6948123154282,16.8934727432521,20.1236724842658
"2019.040",18.5324093194792,17.5022774203234,19.562541218635,17.2433163592451,19.8215022797133,16.7772717446571,20.2875468943012
"2019.048",18.5306309437116,17.4192023665988,19.6420595208244,17.1398044333072,19.921457454116,16.6369801801343,20.4242817072889
