"","Point Forecast","Lo 75","Hi 75","Lo 85","Hi 85","Lo 95","Hi 95"
"2019.000",19.1678904608167,18.7555552877646,19.5802256338688,18.6518998684722,19.6838810531612,18.465354255271,19.8704266663624
"2019.008",19.0711066249598,18.4605980484101,19.6816152015096,18.3071245476765,19.8350887022432,18.0309227967221,20.1112904531975
"2019.016",19.0711066249598,18.3522034903847,19.790009759535,18.1714810812498,19.9707321686699,17.8462402702879,20.2959729796318
"2019.024",19.0711066249598,18.2581350930086,19.8840781569111,18.053765176192,20.0884480737277,17.6859666403057,20.4562466096139
"2019.031",19.0711066249598,18.1738754916255,19.9683377582942,17.9483238641969,20.1938893857228,17.5424052259392,20.5998080239805
"2019.039",19.0711066249598,18.096876312618,20.0453369373016,17.8519681453965,20.2902451045232,17.4112141110759,20.7309991388437
"2019.047",19.0711066249598,18.0255322869299,20.1166809629898,17.7626892080636,20.3795240418561,17.2896582400977,20.852555009822
