"","Point Forecast","Lo 75","Hi 75","Lo 85","Hi 85","Lo 95","Hi 95"
"2019.000",79.489998,78.3162362777787,80.6637597222213,78.0211686448973,80.9588273551027,77.4901440936733,81.4898519063267
"2019.008",79.489998,77.8300482534402,81.1499477465598,77.412759605202,81.567236394798,76.6617774829079,82.3182185170921
"2019.016",79.489998,77.4569830611331,81.5230129388669,76.9459109293135,82.0340850706865,76.026149426527,82.953846573473
"2019.024",79.489998,77.1424745555574,81.8375214444426,76.5523392897945,82.4276567102055,75.4902901873465,83.4897058126535
"2019.032",79.489998,76.8653869997259,82.1146090002741,76.2055957146431,82.7744002853569,75.0181887203849,83.9618072796151
"2019.040",79.489998,76.6148807009474,82.3651152990526,75.892115560777,83.087880439223,74.5913763693878,84.3886196306122
"2019.048",79.489998,76.3845163845555,82.5954796154445,75.6038408080068,83.3761551919932,74.1988819053984,84.7811140946016
