"","Point Forecast","Lo 75","Hi 75","Lo 85","Hi 85","Lo 95","Hi 95"
"2019.000",79.019997,77.8378721536129,80.2021218463871,77.5407021457738,80.4992918542262,77.0058940120961,81.0340999879039
"2019.008",79.019997,77.3482200098211,80.6917739901789,76.9279581544045,81.1120358455955,76.1716252384902,81.8683687615099
"2019.016",79.019997,76.972496705168,81.0674972948321,76.457783153105,81.582210846895,75.5314682932742,82.5085257067258
"2019.024",79.019997,76.6557473072258,81.3842466927743,76.0614072915476,81.9785867084525,74.9917910241922,83.0482029758078
"2019.032",79.019997,76.3766854855869,81.6633085144131,75.7121931471845,82.3278008528155,74.5163258053615,83.5236681946385
"2019.040",79.019997,76.1243943140856,81.9155996859144,75.3964794280209,82.6435145719791,74.0864723902205,83.9535216097795
"2019.048",79.019997,75.8923886378292,82.1476053621708,75.1061506999799,82.9338433000201,73.6911813791342,84.3488126208658
