"","Point Forecast","Lo 75","Hi 75","Lo 85","Hi 85","Lo 95","Hi 95"
"2019.000",78.989998,77.812645356509,80.167350643491,77.5166750151657,80.4633209848343,76.9840258860401,80.9959701139599
"2019.008",78.989998,77.3249699238793,80.6550260761207,76.9064046530914,81.0735913469086,76.1531250306957,81.8268709693043
"2019.016",78.989998,76.9507634030481,81.0292325969519,76.438127734308,81.541868265692,75.5155523800551,82.4644436199449
"2019.024",78.989998,76.6352927130181,81.3447032869819,76.0433520303315,81.9366439696685,74.9780537720802,83.0019422279198
"2019.032",78.989998,76.3573574556651,81.6226385443349,75.6955476530977,82.2844483469023,74.5045079922167,83.4754880077833
"2019.040",78.989998,76.1060847761302,81.8739112238698,75.3811084608418,82.5988875391582,74.0763898825461,83.9036061174539
"2019.048",78.989998,75.8750156998984,82.1049803001016,75.0919517812531,82.8880442187469,73.6826946495316,84.2973013504684
