"","Point Forecast","Lo 75","Hi 75","Lo 85","Hi 85","Lo 95","Hi 95"
"2019.000",106.506197012665,105.331944048718,107.680449976612,105.03675292439,107.975641100941,104.505506129236,108.506887896094
"2019.008",106.988677666703,105.181184833074,108.796170500333,104.726805872019,109.250549461388,103.909073403284,110.068281930123
"2019.016",106.511030195199,104.120705331565,108.901355058833,103.519810374797,109.502250015601,102.438397372515,110.583663017883
"2019.024",106.511030195199,103.419702433711,109.602357956687,102.642584942337,110.379475448061,101.244029421099,111.778030969299
"2019.031",106.511030195199,102.850570974802,110.171489415596,101.930381623783,111.091678766614,100.274343879507,112.747716510891
"2019.039",106.511030195199,102.358727691837,110.663332698561,101.31489567084,111.707164719558,99.4363418454341,113.585718544964
"2019.047",106.511030195199,101.919269045633,111.102791344765,100.764963135405,112.257097254993,98.6875926967419,114.334467693656
