"","Point Forecast","Lo 75","Hi 75","Lo 85","Hi 85","Lo 95","Hi 95"
"2019.000",104.922709370683,103.780050966751,106.065367774614,103.492802282408,106.352616458957,102.975849263185,106.86956947818
"2019.008",104.328460370944,102.54908593725,106.107834804637,102.101775557111,106.555145184776,101.296764205809,107.360156536078
"2019.016",104.677422808439,102.369075330082,106.985770286795,101.788788366031,107.566057250846,100.744462962879,108.610382653998
"2019.024",104.980094944966,102.015175442059,107.945014447874,101.269835256871,108.690354633062,99.92846842011,110.031721469822
"2019.032",104.812655868263,101.335957037411,108.289354699115,100.461962533382,109.163349203144,98.8890602982505,110.736251438276
"2019.040",104.658703192743,100.8228284101,108.494577975385,99.8585419874676,109.458864398018,98.1231440387687,111.194262346717
"2019.048",104.738866736091,100.567467750504,108.910265721679,99.5188351352303,109.958898336952,97.6316418213219,111.846091650861
