"","Point Forecast","Lo 75","Hi 75","Lo 85","Hi 85","Lo 95","Hi 95"
"2019.000",107.860983001544,106.692228835957,109.029737167131,106.398420034281,109.323545968808,105.869660964597,109.852305038491
"2019.008",108.263286617765,106.440032996383,110.086540239148,105.981691988989,110.544881246542,105.156829141843,111.369744093688
"2019.016",109.048213663998,106.627663833778,111.468763494218,106.019170734069,112.077256593927,104.924083577133,113.172343750863
"2019.024",109.048213663998,105.898089855908,112.198337472088,105.1061918431,112.990235484896,103.681036251619,114.415391076378
"2019.032",109.048213663998,105.308227229261,112.788200098735,104.368045824965,113.728381503031,102.676028969678,115.420398358318
"2019.040",109.048213663998,104.799482434827,113.29694489317,103.731409551884,114.365017776112,101.809230159313,116.287197168683
"2019.048",109.048213663998,104.345455368757,113.750971959239,103.163246295212,114.933181032784,101.035659353188,117.060767974808
