"","Point Forecast","Lo 75","Hi 75","Lo 85","Hi 85","Lo 95","Hi 95"
"2019.000",104.234240068145,103.096341737389,105.3721383989,102.810289670296,105.658190465993,102.295490167988,106.172989968301
"2019.008",104.575319034885,102.804478733024,106.346159336747,102.359313716829,106.791324352942,101.558163313998,107.592474755773
"2019.016",104.850394597486,102.55271319415,107.148076000821,101.975107535384,107.725681659587,100.935607598589,108.765181596382
"2019.024",104.686468500489,101.735648689845,107.637288311133,100.993852974325,108.379084026654,99.6588650155038,109.714071985475
"2019.032",104.546434847362,101.086776642517,108.006093052207,100.217065918648,108.875803776076,98.6518730768335,110.44099661789
"2019.040",104.625060529088,100.808027984904,108.442093073272,99.8484782431457,109.401642815031,98.1216047598745,111.128516298302
"2019.048",104.696250016385,100.545260446278,108.847239586491,99.5017584787331,109.890741554036,97.6237986408284,111.768701391941
