"","Point Forecast","Lo 75","Hi 75","Lo 85","Hi 85","Lo 95","Hi 95"
"2019.000",64.349998,62.8036463351951,65.8963496648049,62.4149146900085,66.2850813099915,61.7153257672385,66.9846702327615
"2019.008",64.349998,62.1631265034347,66.5368694965652,61.6133769386882,67.0866190613118,60.6240087960209,68.0759872039791
"2019.016",64.349998,61.6716383501893,67.0283576498107,60.9983353902162,67.7016606097838,59.7866118315661,68.9133841684339
"2019.024",64.349998,61.2572946703903,67.4427013296097,60.479831380017,68.220164619983,59.080653534477,69.619342465523
"2019.032",64.349998,60.8922505603764,67.8077454396236,60.0230201767337,68.6769758232663,58.4586917891141,70.2413042108859
"2019.040",64.349998,60.5622254583248,68.1377705416752,59.6100312807449,69.0899647192551,57.896395390255,70.803600609745
"2019.048",64.349998,60.2587360554756,68.4412599445244,59.2302487955708,69.4697472044292,57.3793104859457,71.3206855140542
