"","Point Forecast","Lo 75","Hi 75","Lo 85","Hi 85","Lo 95","Hi 95"
"2019.000",64.5,62.9621364868411,66.0378635131589,62.5755386468096,66.4244613531904,61.8797898704962,67.1202101295038
"2019.008",64.5,62.325132562612,66.674867437388,61.7784006540552,67.2215993459448,60.7944632985884,68.2055367014116
"2019.016",64.5,61.8363422601025,67.1636577398975,61.1667351590715,67.8332648409285,59.9616629291928,69.0383370708072
"2019.024",64.5,61.4242729736823,67.5757270263177,60.6510772936192,68.3489227063808,59.2595797409924,69.7404202590076
"2019.031",64.5,61.0612326444601,67.9387673555399,60.196773594195,68.803226405805,58.641032035096,70.358967964904
"2019.039",64.5,60.7330190987169,68.2669809012831,59.7860516549774,69.2139483450226,58.0818221638439,70.9181778361561
"2019.047",64.5,60.4311955938215,68.5688044061785,59.4083538517033,69.5916461482967,57.5675756146006,71.4324243853994
