"","Point Forecast","Lo 75","Hi 75","Lo 85","Hi 85","Lo 95","Hi 95"
"2019.000",65.169998,63.6275349830296,66.7124610169704,63.2397808906886,67.1002151093114,62.541951241059,67.798044758941
"2019.008",65.169998,62.9886258819416,67.3513701180584,62.4402587856872,67.8997372143128,61.453378630955,68.886617369045
"2019.016",65.169998,62.4983736858113,67.8416223141887,61.8267638970339,68.5132321029661,60.6180874888475,69.7219085111525
"2019.024",65.169998,62.0850719660593,68.2549240339408,61.3095637813772,69.0304322186228,59.9139044821181,70.426091517882
"2019.032",65.169998,61.7209458412748,68.6190501587252,60.8539013322466,69.4860946677534,59.29350679896,71.04648920104
"2019.040",65.169998,61.3917506613087,68.9482453386913,60.4419509893972,69.8980450106029,58.7326244204195,71.6073715795805
"2019.048",65.169998,61.089024450582,69.250971549418,60.0631235524001,70.2768724475999,58.2168398419929,72.1231561580071
