"","Point Forecast","Lo 75","Hi 75","Lo 85","Hi 85","Lo 95","Hi 95"
"2019.000",124.862229153836,122.832086084194,126.892372223477,122.321735900994,127.402722406678,121.403273667929,128.321184639742
"2019.008",125.594621703138,122.776795557273,128.412447849002,122.068432628928,129.120810777347,120.793612675093,130.395630731182
"2019.016",124.172545918614,120.918919409401,127.426172427827,120.101002234068,128.24408960316,118.629020720106,129.716071117122
"2019.024",124.955989238202,121.295473299675,128.616505176728,120.375269690495,129.536708785908,118.719206286225,131.192772190179
"2019.031",124.593162102303,120.252124231482,128.934199973125,119.160846722135,130.025477482472,117.196906645066,131.98941755954
"2019.039",124.76119408018,119.969130550165,129.553257610194,118.764471362828,130.757916797531,116.596481610489,132.92590654987
"2019.047",124.683375353862,119.422742962928,129.944007744796,118.100291976782,131.266458730942,115.720315784286,133.646434923438
