"","Point Forecast","Lo 75","Hi 75","Lo 85","Hi 85","Lo 95","Hi 95"
"2019.000",124.335116886501,122.296881215664,126.373352557337,121.784496663278,126.885737109723,120.862373235751,127.80786053725
"2019.008",124.493900198621,121.660132551429,127.327667845812,120.947762147826,128.040038249415,119.66573005849,129.322070338752
"2019.016",125.280137843031,122.008248079461,128.552027606601,121.185739771933,129.374535914129,119.705495732226,130.854779953835
"2019.024",123.856005193721,120.17482407328,127.537186314162,119.24942552019,128.462584867252,117.584012927967,130.127997459475
"2019.032",124.513628218779,120.150743021897,128.876513415661,119.053973393781,129.973283043777,117.080149311895,131.947107125662
"2019.040",124.209957038081,119.393961909651,129.025952166512,118.183286645999,130.236627430163,116.004469937841,132.415444138321
"2019.048",124.3501835546,119.064182565101,129.636184544098,117.73535426047,130.965012848729,115.343900995232,133.356466113967
