"","Point Forecast","Lo 75","Hi 75","Lo 85","Hi 85","Lo 95","Hi 95"
"2019.000",135.389999,131.539764226498,139.240233773502,130.571867898694,140.208130101306,128.8299733097,141.9500246903
"2019.008",135.389999,129.944944764993,140.835053235007,128.576132651242,142.203865348758,126.112721699262,144.667276300738
"2019.016",135.389999,128.721196751226,142.058801248774,127.044751135011,143.735246864989,124.027701205443,146.752296794557
"2019.024",135.389999,127.689529452996,143.090468547004,125.753736797388,145.026261202612,122.2699476194,148.5100503806
"2019.032",135.389999,126.780612317116,143.999385682884,124.616330332974,146.163667667026,120.721335622344,150.058662377656
"2019.040",135.389999,125.958888415,144.821109585,123.588036287967,147.191961712033,119.321283359216,151.458714640784
"2019.048",135.389999,125.203235300101,145.576762699899,122.642422321839,148.137575678161,118.033802429271,152.746195570729
