"","Point Forecast","Lo 75","Hi 75","Lo 85","Hi 85","Lo 95","Hi 95"
"2019.000",136.309998,132.473913564637,140.146082435363,131.50957443818,141.11042156182,129.774081639956,142.845914360044
"2019.008",136.309998,130.884955365101,141.735040634899,129.521173893739,143.098822106261,127.066816441089,145.553179558911
"2019.016",136.309998,129.665704855827,142.954291144173,127.995420493077,144.624575506923,124.989458790383,147.630537209617
"2019.024",136.309998,128.637829129274,143.982166870726,126.70915087636,145.91084512364,123.238165279912,149.381830720088
"2019.031",136.309998,127.732252435099,144.887743564901,125.575924594978,147.044071405022,121.695244723688,150.924751276312
"2019.039",136.309998,126.913548523128,145.706447476872,124.551409724307,148.068586275693,120.300337916383,152.319658083617
"2019.047",136.309998,126.160672575784,146.459323424216,123.609271067649,149.010724932351,119.017588721405,153.602407278595
