"","Point Forecast","Lo 75","Hi 75","Lo 85","Hi 85","Lo 95","Hi 95"
"2019.000",138.350006,134.496390014942,142.203621985058,133.527643696828,143.172368303172,131.784219405242,144.915792594758
"2019.008",138.350006,132.900170009753,143.799841990247,131.530155828177,145.169856171823,129.064581550045,147.635430449955
"2019.016",138.350006,131.67534732102,145.02466467898,129.997429478401,146.702582521599,126.977730026224,149.722281973776
"2019.024",138.350006,130.642774029884,146.057237970116,128.705281393656,147.994730606344,125.218432810483,151.481579189517
"2019.032",138.350006,129.733058698231,146.966953301769,127.566876077975,149.133135922025,123.668460848363,153.031551151637
"2019.040",138.350006,128.910613171975,147.789398828025,126.537679002396,150.162332997604,122.267179082836,154.432832917164
"2019.048",138.350006,128.154296455193,148.545715544807,125.591234613954,151.108777386046,120.978567508747,155.721444491253
