"","Point Forecast","Lo 75","Hi 75","Lo 85","Hi 85","Lo 95","Hi 95"
"2019.000",68.18,67.2546966229301,69.10530337707,67.0220880176226,69.3379119823774,66.6034691435765,69.7565308564235
"2019.008",68.18,66.871423414838,69.488576585162,66.5424651704875,69.8175348295125,65.9504486813463,70.4095513186538
"2019.016",68.18,66.5773275384998,69.7826724615002,66.1744376158295,70.1855623841705,65.4493684569745,70.9106315430255
"2019.024",68.18,66.3293932458601,70.0306067541399,65.8641760352451,70.4958239647549,65.0269382871531,71.333061712847
"2019.032",68.18,66.1109587490615,70.2490412509385,65.5908300954425,70.7691699045575,64.6547698364112,71.7052301635889
"2019.040",68.18,65.9134788689045,70.4465211310955,65.3437064761207,71.0162935238793,64.3183038380095,72.0416961619905
"2019.048",68.18,65.7318773769847,70.6281226230153,65.1164528545275,71.2435471454725,64.0088914196838,72.3511085803162
