"","Point Forecast","Lo 75","Hi 75","Lo 85","Hi 85","Lo 95","Hi 95"
"2019.000",68.449997,67.5279836690409,69.3720103309591,67.2962021362982,69.6037918637018,66.8790717204515,70.0209222795485
"2019.008",68.449997,67.1460732426689,69.7539207573311,66.8182846555565,70.0817093444435,66.2283731641878,70.6716208358122
"2019.016",68.449997,66.853023065523,70.0469709344769,66.4515656745565,70.4484283254435,65.7290746009277,71.1709193990723
"2019.024",68.449997,66.6059703380818,70.2940236619182,66.1424072725964,70.7575867274036,65.308146440903,71.591847559097
"2019.032",68.449997,66.3883125158145,70.5116814841855,65.8700332526727,71.0299607473273,64.9373012873567,71.9626927126433
"2019.040",68.449997,66.1915348031064,70.7084591968936,65.6237883160865,71.2762056839135,64.6020316410672,72.2979623589328
"2019.048",68.449997,66.010579020796,70.889414979204,65.3973427266614,71.5026512733386,64.2937193820501,72.6062746179499
