"","Point Forecast","Lo 75","Hi 75","Lo 85","Hi 85","Lo 95","Hi 95"
"2019.000",50.0848939851639,49.0139978494083,51.1557901209195,48.7447892171475,51.4249987531803,48.260302349727,51.9094856206008
"2019.008",49.9487243183564,48.3466109578252,51.5508376788876,47.9438615854867,51.9535870512262,47.2190453709351,52.6784032657778
"2019.016",50.0611720419321,48.1223396886053,52.000004395259,47.6349437698089,52.4874003140554,46.7577916521069,53.3645524317574
"2019.024",49.9683136922438,47.7016129716309,52.2350144128566,47.1317954325003,52.8048319519872,46.106311545835,53.8303158386526
"2019.032",50.0449953077773,47.5227421786146,52.56724843694,46.8886822614609,53.2013083540936,45.7475832542006,54.342407361354
"2019.040",49.9816722982627,47.2044526020721,52.7588919944532,46.5062975794362,53.4570470170891,45.2498484936464,54.7134961028789
"2019.048",50.0339638874016,47.0408865872314,53.0270411875718,46.2884679171789,53.7794598576243,44.9343621391392,55.1335656356639
