"","Point Forecast","Lo 75","Hi 75","Lo 85","Hi 85","Lo 95","Hi 95"
"2019.000",48.779999,47.6946491894224,49.8653488105776,47.4218071011242,50.1381908988758,46.9307812096065,50.6292167903935
"2019.008",48.779999,47.2450825779621,50.3149154220379,46.8592255963045,50.7007724036954,46.1648101210439,51.395187878956
"2019.016",48.779999,46.9001179840944,50.6598800159056,46.4275416247186,51.1324563752814,45.5770598327783,51.9829381672217
"2019.024",48.779999,46.6092993788449,50.9506986211551,46.0636152022484,51.4963827977516,45.0815634192131,52.4784345807869
"2019.031",48.779999,46.353083044182,51.206914955818,45.7429895876242,51.8170084123758,44.6450223154783,52.9149756845217
"2019.039",48.779999,46.1214457716586,51.4385522283414,45.4531218749725,52.1068761250275,44.250358990259,53.309639009741
"2019.047",48.779999,45.9084333157007,51.6515646842993,45.186561002872,52.373436997128,43.8874286066225,53.6725693933775
