"","Point Forecast","Lo 75","Hi 75","Lo 85","Hi 85","Lo 95","Hi 95"
"2019.000",49.4036534938976,48.3296944591591,50.4776125286362,48.0597158560128,50.7475911317825,47.5738432946076,51.2334636931877
"2019.008",49.5155837417176,47.9067241338748,51.1244433495605,47.5022788472912,51.5288886361441,46.7744105456905,52.2567569377448
"2019.016",49.4236980832616,47.4769067360039,51.3704894305194,46.98751003506,51.8598861314633,46.1067571685004,52.7406389980229
"2019.024",49.4991287590113,47.222793029901,51.7754644881217,46.6505533814987,52.347704136524,45.620710495927,53.3775470220957
"2019.032",49.4372062899377,46.90416541183,51.9702471680453,46.2673936022326,52.6070189776427,45.1214140818036,53.7529984980718
"2019.040",49.4880396165395,46.698922219193,52.2771570138859,45.9977762773183,52.9783029557606,44.7359445220332,54.2401347110457
"2019.048",49.4463095768292,46.4402697349795,52.4523494186788,45.684592459354,53.2080266943043,44.3246222645867,54.5679968890716
