"","Point Forecast","Lo 75","Hi 75","Lo 85","Hi 85","Lo 95","Hi 95"
"2019.000",246.140115826087,203.018716615706,289.261515036468,192.178587013028,300.101644639146,172.669924198135,319.610307454039
"2019.005",241.960224652174,180.977357060348,302.943092244,165.647098758359,318.273350545988,138.057683221774,345.862766082574
"2019.011",237.780333478261,163.09187915242,312.468787804102,144.316223919951,331.244443036571,110.526228736826,365.034438219695
"2019.016",233.600442304348,147.357643883585,319.84324072511,125.67738467823,341.523499930466,86.6600590484439,380.540825560252
"2019.022",229.420551130435,132.998171211117,325.842931049753,108.758904534622,350.082197726248,65.1362083303983,393.704893930471
"2019.027",225.240659956522,119.615234896234,330.866085016809,93.0624486240349,357.418871289009,45.2761791635388,405.205140749505
"2019.032",221.060768782609,106.972270286803,335.149267278415,78.2919831784083,363.829554386809,26.6769129587881,415.444624606429
