"","Point Forecast","Lo 75","Hi 75","Lo 85","Hi 85","Lo 95","Hi 95"
"2019.000",232.630597450556,189.310501739813,275.950693161298,178.420422556302,286.84077234481,158.821866948062,306.43932795305
"2019.005",228.331201901111,167.067335023678,289.595068778544,151.66643734704,304.995966455183,123.949894202944,332.712509599279
"2019.011",224.031806351667,148.999199591914,299.06441311142,130.137029147624,317.92658355571,96.1913350791885,351.872277624145
"2019.016",219.732410802223,133.092219380737,306.372602223708,111.312061013715,328.152760590731,72.1149497972346,367.349871807211
"2019.022",215.433015252778,118.56633645176,312.299694053796,94.2153791170738,336.650651388483,50.3916765162394,380.474353989317
"2019.027",211.133619703334,105.021489603484,317.245749803184,78.3463523453765,343.920887061291,30.3398914096269,391.927347997041
"2019.033",206.83422415389,92.2200241317485,321.448424176031,63.4075828543762,350.260865453403,11.554678658903,402.113769648876
