"","Point Forecast","Lo 75","Hi 75","Lo 85","Hi 85","Lo 95","Hi 95"
"2019.000",234.286031695658,191.17827057893,277.393792812387,180.341569406346,288.230493984971,160.839076636381,307.732986754936
"2019.005",230.042064391317,169.0784839765,291.005644806134,153.753074206847,306.331054575787,126.17238443148,333.911744351154
"2019.011",225.798097086975,151.133264632259,300.462929541691,132.363547614902,319.232646559048,98.5842392630787,353.011954910871
"2019.016",221.554129782633,135.338607549176,307.76965201609,113.665205204008,329.443054361259,74.6602196640787,368.448039901188
"2019.022",217.310162478292,120.918278263464,313.702046693119,96.6866777897143,337.933647166869,53.0777782253755,381.542546731208
"2019.027",213.06619517395,107.474176484176,318.658213863724,80.9297881163243,345.202602231575,33.1586321175931,392.973758230307
"2019.032",208.822227869608,94.7698123779643,322.874643361252,66.0985960429846,351.545859696232,14.4998502278232,403.144605511393
