"","Point Forecast","Lo 75","Hi 75","Lo 85","Hi 85","Lo 95","Hi 95"
"2019.000",214.960775178765,171.313963104751,258.607587252779,160.341751898948,269.579798458581,140.595385702836,289.326164654694
"2019.006",210.491557357529,148.765643768109,272.21747094695,133.248593871641,287.734520843418,105.323014989513,315.660099725545
"2019.011",206.022339536294,130.423843435691,281.620835636897,111.419416155865,300.625262916723,77.2177066393375,334.826972433251
"2019.017",201.553121715059,114.259497567031,288.846745863087,92.3150751554259,310.791168274692,52.8223427632011,350.283900666916
"2019.022",197.083903893824,99.4866650951698,294.681142692477,74.9520549755104,319.215752812137,30.7978378523992,363.369969935248
"2019.028",192.614686072588,85.7022675921062,299.52710455307,58.8259487878423,326.403423357334,10.4574273332245,374.771944811952
"2019.033",188.145468251353,72.6668579827408,303.624078519965,43.6371157997111,332.653820702995,-8.60685845241471,384.897794955121
