"","Point Forecast","Lo 75","Hi 75","Lo 85","Hi 85","Lo 95","Hi 95"
"2019.000",244.450977347826,201.332937695687,287.569016999965,190.493652639972,298.40830205568,170.98650973144,317.915444964212
"2019.005",240.261955695652,179.283839236656,301.240072154648,163.954775304436,316.569136086868,136.36750924004,344.156402151264
"2019.011",236.072934043478,161.390298643204,310.755569443753,142.616106208984,329.529761877972,108.828743580899,363.317124506057
"2019.016",231.883912391304,145.647833087026,318.119991695583,123.969262975597,339.798561807012,84.9549771585327,378.812847624076
"2019.022",227.69489073913,131.280023020416,324.109758457845,107.042644808341,348.34713666992,63.4233472180597,391.966434260201
"2019.027",223.505869086957,117.888673230123,329.12306494379,91.3379556670475,355.673782506866,43.5554092015925,403.456328972321
"2019.032",219.316847434783,105.2372374946,333.396457374965,76.5591848474407,362.074510022124,24.9481359220676,413.685558947497
