"","Point Forecast","Lo 75","Hi 75","Lo 85","Hi 85","Lo 95","Hi 95"
"2019.000",246.720544530068,203.492856291344,289.948232768792,192.626007081612,300.815081978525,173.069257774795,320.371831285341
"2019.005",242.521091060136,181.387908082897,303.654274037375,166.01986255023,319.022319570043,138.362442444599,346.679739675673
"2019.011",238.321637590205,163.449085266988,313.194189913421,144.62715031754,332.016124862869,110.753866887247,365.889408293162
"2019.016",234.122184120273,147.666807642826,320.57756059772,125.93310922336,342.311259017186,86.8196106097269,381.424757630819
"2019.022",229.922730650341,133.262681238387,326.582780062295,108.963667704184,350.881793596498,65.2334468352208,394.612014465461
"2019.027",225.723277180409,119.837498235427,331.609056125392,93.2192625598143,358.227291801004,45.3152057305855,406.131348630233
"2019.033",221.523823710477,107.154110878583,335.893536542372,78.4031303347908,364.644517086164,26.6608352161198,416.386812204835
