"","Point Forecast","Lo 75","Hi 75","Lo 85","Hi 85","Lo 95","Hi 95"
"2019.000",140.240005,136.770703380898,143.709306619102,135.898568434664,144.581441565336,134.329012791072,146.150997208928
"2019.008",140.240005,135.333671598302,145.146338401698,134.10028652912,146.37972347088,131.880599651053,148.599410348947
"2019.016",140.240005,134.230998328934,146.249011671066,132.720416291001,147.759593708999,130.001866170994,150.478143829006
"2019.024",140.240005,133.301401761795,147.178608238205,131.557131869329,148.922878130671,128.418020582145,152.061989417855
"2019.031",140.240005,132.482410745237,147.997599254763,130.532257719906,149.947752280094,127.022624606366,153.457385393634
"2019.039",140.240005,131.741986269388,148.738023730612,129.605700664266,150.874309335734,125.761090214561,154.718919785439
"2019.047",140.240005,131.061095692781,149.418914307219,128.753643515359,151.726366484641,124.600989613537,155.879020386463
