"","Point Forecast","Lo 75","Hi 75","Lo 85","Hi 85","Lo 95","Hi 95"
"2019.000",139.800003,136.306950977758,143.293055022242,135.428845505223,144.171160494777,133.848544880831,145.751461119169
"2019.008",139.800003,134.86008145607,144.73992454393,133.618252787617,145.981753212383,131.383370211976,148.216635788024
"2019.016",139.800003,133.749859423995,145.850146576005,132.22893613116,147.37106986884,129.491775158481,150.108230841519
"2019.024",139.800003,132.813898955516,146.786107044484,131.057688010446,148.542317989554,127.897086761663,151.702919238338
"2019.032",139.800003,131.989301229323,147.610704770677,130.025797701321,149.574208298679,126.492138080296,153.107867919704
"2019.040",139.800003,131.24380790051,148.35619809949,129.092897552453,150.507108447547,125.221967382492,154.378038617508
"2019.048",139.800003,130.558256032536,149.041749967464,128.235007327323,151.364998672677,124.053924878463,155.546081121537
