"","Point Forecast","Lo 75","Hi 75","Lo 85","Hi 85","Lo 95","Hi 95"
"2019.000",141.160004,137.678139295623,144.641868704377,136.80284616169,145.51716183831,135.227606820467,147.092401179533
"2019.008",141.160004,136.235903712722,146.084104287278,134.998052291661,147.321955708339,132.77032745132,149.54968054868
"2019.016",141.160004,135.129237426938,147.190770573062,133.61318524745,148.70682275255,130.88479067437,151.43521732563
"2019.024",141.160004,134.196274591246,148.123733408754,132.445688323379,149.874319676621,129.295209640933,153.024798359066
"2019.032",141.160004,133.374317832555,148.945690167445,131.417102884842,150.902905115158,127.894760637036,154.425247362964
"2019.040",141.160004,132.631212120869,149.688795879131,130.487190567371,151.832817432628,126.628657958617,155.691350041383
"2019.048",141.160004,131.947855893445,150.372152106555,129.632047936775,152.687960063225,125.464356384494,156.855651615506
