"","Point Forecast","Lo 75","Hi 75","Lo 85","Hi 85","Lo 95","Hi 95"
"2019.000",10.51,10.2104471520703,10.8095528479297,10.1351436657765,10.8848563342235,9.99962219354903,11.020377806451
"2019.008",10.51,10.0863682998104,10.9336317001896,9.97987308819971,11.0401269118003,9.78821678418281,11.2317832158172
"2019.016",10.51,9.99115924783388,11.0288407521661,9.86072978358594,11.1592702164141,9.62599970817137,11.3940002918286
"2019.024",10.51,9.91089430414068,11.1091056958593,9.76028733155307,11.2597126684469,9.48924438709806,11.5307556129019
"2019.031",10.51,9.84017946917562,11.1798205308244,9.67179575487995,11.3482042451201,9.36876053056841,11.6512394694316
"2019.039",10.51,9.77624837157481,11.2437516284252,9.59179325430232,11.4282067456977,9.25983479815418,11.7601652018458
"2019.047",10.51,9.71745765985697,11.302542340143,9.5182233622674,11.5017766377326,9.15966724944408,11.8603327505559
