"","Point Forecast","Lo 75","Hi 75","Lo 85","Hi 85","Lo 95","Hi 95"
"2019.000",10.52,10.2192530875812,10.8207469124188,10.1436494298168,10.8963505701832,10.0075877478112,11.0324122521888
"2019.008",10.52,10.0946796376155,10.9453203623845,9.98775991944005,11.0522400805599,9.79533964342847,11.2446603565715
"2019.016",10.52,9.99909106747119,11.0409089325288,9.86814169098516,11.1718583090148,9.63247594478822,11.4075240552118
"2019.024",10.52,9.91850617516242,11.1214938248376,9.76729885963357,11.2727011403664,9.49517549562242,11.5448245043776
"2019.032",10.52,9.84750945980841,11.1924905401916,9.67845454169953,11.3615454583005,9.3742113716021,11.6657886283979
"2019.040",10.52,9.78332352285647,11.2566764771435,9.59813313864562,11.4418668613544,9.26485144418714,11.7751485558129
"2019.048",10.52,9.72429846216936,11.3157015378306,9.52426998551786,11.5157300144821,9.16428461196596,11.875715388034
