"","Point Forecast","Lo 75","Hi 75","Lo 85","Hi 85","Lo 95","Hi 95"
"2019.000",71.2409411408081,69.9490759698471,72.5328063117692,69.6243187463145,72.8575635353018,69.0398627109335,73.4420195706828
"2019.008",71.1048671650012,69.2341278519074,72.9756064780949,68.7638495915053,73.445884738497,67.9175036207808,74.2922307092215
"2019.016",71.3402070552262,69.1397399765375,73.5406741339149,68.586572668514,74.0938414419383,67.5910537136681,75.0893603967842
"2019.024",71.3402070552262,68.7139584653236,73.9664556451287,68.0537555126202,74.6266585978321,66.8656076522381,75.8148064582142
"2019.032",71.3402070552262,68.3481662888699,74.3322478215824,67.5960081892323,75.0844059212201,66.2423713521139,76.4380427583384
"2019.040",71.3402070552262,68.0224617004543,74.657952409998,67.188425924877,75.4919881855753,65.6874362395437,76.9929778709086
"2019.048",71.3402070552262,67.7259906075459,74.9544235029065,66.8174260567103,75.8629880537421,65.1823091238427,77.4981049866096
