"","Point Forecast","Lo 75","Hi 75","Lo 85","Hi 85","Lo 95","Hi 95"
"2019.000",70.3762649576179,69.0876195741248,71.6649103411111,68.7636717610957,71.9888581541402,68.1806723980211,72.5718575172147
"2019.008",70.7134495937581,68.8533453321093,72.5735538554068,68.3857405780894,73.0411586094267,67.5442060382659,73.8826931492502
"2019.016",70.5675616556799,68.3821865638572,72.7529367475026,67.8328131747832,73.3023101365766,66.8441220244235,74.2910012869364
"2019.024",70.5675616556799,67.9615682601696,73.1735550511903,67.3064571861241,73.8286661252357,66.1274730301877,75.0076502811722
"2019.031",70.5675616556799,67.5999803403781,73.5351429709817,66.8539710119839,74.2811522993759,65.5113999378509,75.623723373509
"2019.039",70.5675616556799,67.2778996444069,73.857223666953,66.450923637037,74.6841996743229,64.9626392091644,76.1724841021955
"2019.047",70.5675616556799,66.9846559307274,74.1504673806325,66.0839624670674,75.0511608442924,64.4630108985752,76.6721124127847
