"","Point Forecast","Lo 75","Hi 75","Lo 85","Hi 85","Lo 95","Hi 95"
"2019.000",70.0157736195034,68.7239956295623,71.3075516094445,68.399260322145,71.6322869168618,67.8148437285527,72.216703510454
"2019.008",70.0610608470574,68.1923174479479,71.9298042461669,67.7225409330055,72.3995807611094,66.8770979388457,73.2450237552692
"2019.016",70.0934728202423,67.8978400414181,72.2891055990666,67.3458880102184,72.8410576302663,66.3525561533732,73.8343894871115
"2019.024",70.0934728202423,67.4646159951203,72.7223296453644,66.803757367779,73.3831882727057,65.6144295090116,74.5725161314731
"2019.032",70.0934728202423,67.0933106388704,73.0936350016143,66.3391109266474,73.8478347138373,64.9817998593319,75.2051457811528
"2019.040",70.0934728202423,66.7631488086666,73.423796831818,65.9259509309202,74.2609947095645,64.4192705032004,75.7676751372843
"2019.048",70.0934728202423,66.462888441713,73.7240571987716,65.5502092170732,74.6367364234115,63.9076872266297,76.279258413855
