"","Point Forecast","Lo 75","Hi 75","Lo 85","Hi 85","Lo 95","Hi 95"
"2019.000",109.940002,108.404477621014,111.475526378986,108.018467807301,111.861536192699,107.323777284678,112.556226715322
"2019.009",109.940002,107.768442597884,112.111561402116,107.222542284121,112.657461715879,106.240101525376,113.639902474624
"2019.017",109.940002,107.280395759336,112.599608240664,106.611807149764,113.268196850236,105.408567869045,114.471436130955
"2019.026",109.940002,106.868953242029,113.011050757971,106.096933614601,113.783070385399,104.707552569356,115.172451430644
"2019.034",109.940002,106.50646510748,113.37353889252,105.643320924034,114.236683075966,104.089945692125,115.790058307875
"2019.043",109.940002,106.178750783881,113.701253216119,105.233223704576,114.646780295424,103.531586395003,116.348417604997
"2019.052",109.940002,105.877386361127,114.002617638873,104.85610039041,115.02390360959,103.018122029397,116.861881970603
