"","Point Forecast","Lo 75","Hi 75","Lo 85","Hi 85","Lo 95","Hi 95"
"2019.000",110.059998,108.537299989498,111.582696010502,108.15451454928,111.96548145072,107.46562683692,112.65436916308
"2019.008",110.059998,107.90657782215,112.21341817785,107.365237461114,112.754758538886,106.391003115343,113.728992884657
"2019.017",110.059998,107.422607681227,112.697388318773,106.759603850371,113.360392149629,105.566415331854,114.553580668146
"2019.025",110.059998,107.014601978996,113.105394021004,106.24903109856,113.87096490144,104.87125567384,115.24874032616
"2019.034",110.059998,106.655141739314,113.464854260686,105.799207474189,114.320788525811,104.258807720488,115.861188279512
"2019.042",110.059998,106.33016484192,113.78983115808,105.392535832418,114.727460167582,103.705112447064,116.414883552936
"2019.051",110.059998,106.03131774236,114.08867825764,105.018562662045,115.101433337955,103.195937093893,116.924058906107
