"","Point Forecast","Lo 75","Hi 75","Lo 85","Hi 85","Lo 95","Hi 95"
"2019.000",41.07,40.0795903180572,42.0604096819428,39.8306148787485,42.3093851212515,39.3825410943298,42.7574589056702
"2019.008",41.07,39.6693491954908,42.4706508045092,39.3172447525228,42.8227552474772,38.6835727296539,43.4564272703461
"2019.016",41.07,39.3545601105669,42.7854398894331,38.9233219998476,43.2166780001524,38.1472354396946,43.9927645603054
"2019.024",41.07,39.0891806361143,43.0508193638857,38.5912297574971,43.5487702425029,37.6950821886596,44.4449178113404
"2019.032",41.07,38.8553766256019,43.2846233743981,38.2986506185799,43.8413493814201,37.296727177684,44.843272822316
"2019.040",41.07,38.6440016429279,43.4959983570721,38.0341388581365,44.1058611418635,36.9365867191927,45.2034132808073
"2019.048",41.07,38.4496222855087,43.6903777144913,37.790895190535,44.349104809465,36.6054033879554,45.5345966120446
