"","Point Forecast","Lo 75","Hi 75","Lo 85","Hi 85","Lo 95","Hi 95"
"2019.000",41.119999,40.1335140368901,42.1064839631099,39.8855252181825,42.3544727818175,39.4392270258771,42.8007709741229
"2019.008",41.119999,39.7248985860929,42.5150994139071,39.3741894353597,42.8658085646403,38.7430284789388,43.4969695210612
"2019.016",41.119999,39.411356922991,42.828641077009,38.9818276892804,43.2581703107196,38.2088165448813,44.0311814551187
"2019.024",41.119999,39.1470290737803,43.0929689262197,38.651051436365,43.588946563635,37.7584550517542,44.4815429482458
"2019.031",41.119999,38.914151563705,43.325846436295,38.3596317074148,43.8803662925852,37.3616786111847,44.8783193888153
"2019.039",41.119999,38.7036142014526,43.5363837985474,38.0961681337032,44.1438298662968,37.0029652894285,45.2370327105715
"2019.047",41.119999,38.5100051155066,43.7299928844934,37.8538883732814,44.3861096267186,36.6730943458637,45.5669036541363
