"","Point Forecast","Lo 75","Hi 75","Lo 85","Hi 85","Lo 95","Hi 95"
"2019.000",41,40.0056310435489,41.9943689564511,39.7556602968155,42.2443397031845,39.3057952868617,42.6942047131383
"2019.008",41,39.5937499357841,42.4062500642159,39.2402379155572,42.7597620844428,38.6040327172434,43.3959672827566
"2019.016",41,39.2777024459575,42.7222975540425,38.8447404122093,43.1552595877907,38.0655513584218,43.9344486415782
"2019.024",41,39.0112620870978,42.9887379129022,38.511320593631,43.488679406369,37.6115905737233,44.3884094262767
"2019.032",41,38.7765234186599,43.2234765813401,38.2175718365775,43.7824281634225,37.2116430936222,44.7883569063778
"2019.040",41,38.5643034406311,43.4356965593689,37.9520026605117,44.0479973394883,36.8500629329927,45.1499370670073
"2019.048",41,38.3691470297876,43.6308529702124,37.7077865988899,44.2922134011101,36.5175556590025,45.4824443409975
