"","Point Forecast","Lo 75","Hi 75","Lo 85","Hi 85","Lo 95","Hi 95"
"2019.000",98.470001,97.0299845632993,99.9100174367007,96.6679841391557,100.272017860844,96.0165026096617,100.923499390338
"2019.008",98.470001,96.4335102251776,100.506491774822,95.921564315769,101.018437684231,95.0002303011231,101.939771698877
"2019.016",98.470001,95.9758193679,100.9641826321,95.3488162409219,101.591185759078,94.2204171316456,102.719584868354
"2019.024",98.470001,95.5899681265985,101.350033873401,94.8659672783114,102.074034721689,93.5630042193234,103.376997780677
"2019.031",98.470001,95.2500263588201,101.68997564118,94.4405688025513,102.499433197449,92.9838118165173,103.956190183483
"2019.039",98.470001,94.9426955088623,101.997306491138,94.0559791830395,102.88402281696,92.4601818589313,104.479820141069
"2019.047",98.470001,94.6600756246444,102.279926375356,93.7023125278606,103.237689472139,91.9786544170676,104.961347582932
