"","Point Forecast","Lo 75","Hi 75","Lo 85","Hi 85","Lo 95","Hi 95"
"2019.000",98.68,97.2299547188884,100.130045281112,96.8654331805145,100.494566819486,96.2094144757985,101.150585524201
"2019.008",98.68,96.6293262973968,100.730673702603,96.1138149940514,101.246185005949,95.1860644446716,102.173935555328
"2019.016",98.68,96.1684478998391,101.191552100161,95.5370780749224,101.822921925078,94.4008203476389,102.959179652361
"2019.024",98.68,95.7799094377767,101.580090562223,95.050866361029,102.309133638971,93.738828951597,103.621171048403
"2019.032",98.68,95.4376001809815,101.922399819018,94.6225052419148,102.737494758085,93.1556028236585,104.204397176341
"2019.040",98.68,95.1281289573459,102.231871042654,94.2352371880755,103.124762811924,92.6283260997999,104.7316739002
"2019.048",98.68,94.8435407963958,102.516459203604,93.8791074583319,103.480892541668,92.1434451102467,105.216554889753
