"","Point Forecast","Lo 75","Hi 75","Lo 85","Hi 85","Lo 95","Hi 95"
"2019.000",98.129997,96.6846552768709,99.5753387231291,96.321316148601,99.938677851399,95.6674253926156,100.592568607384
"2019.008",98.129997,96.0859751328871,100.174018867113,95.572136009947,100.687857990053,94.6473948345221,101.612599165478
"2019.016",98.129997,95.6265917012412,100.633402298759,94.9972698707,101.2627241293,93.8646978587337,102.395296141266
"2019.024",98.129997,95.2393135537417,101.020680446258,94.512635297202,101.747358702798,93.2048537852313,103.055140214769
"2019.032",98.129997,94.8981146563666,101.361879343633,94.0856636666696,102.17433033333,92.6235194864276,103.636474513572
"2019.040",98.129997,94.5896472743786,101.670346725621,93.6996518065298,102.56034219347,92.0979531068429,104.162040893157
"2019.048",98.129997,94.3059822410948,101.954011758905,93.3446772661136,102.915316733886,91.6146449411724,104.645349058828
