"","Point Forecast","Lo 75","Hi 75","Lo 85","Hi 85","Lo 95","Hi 95"
"2019.000",104.654417968815,103.15169167915,106.15714425848,102.773926856218,106.534909081412,102.094074601305,107.214761336324
"2019.008",104.663162696699,102.645735548524,106.680589844873,102.13858197395,107.187743419447,101.22587258353,108.100452809867
"2019.016",104.691332771401,102.402312915663,106.980352627139,101.826884651421,107.555780891381,100.79130330759,108.591362235213
"2019.024",104.686760937635,102.130306098879,107.24321577639,101.487648340018,107.885873535251,100.3310760496,109.042445825669
"2019.032",104.681971927567,101.865539027081,107.498404828054,101.157526341556,108.206417513578,99.8833367094365,109.480607145698
"2019.040",104.683325857427,101.634801428516,107.731850286338,100.868444109147,108.498207605708,99.4892533533823,109.877398361472
"2019.048",104.684079874415,101.422261661921,107.945898086909,100.602285204494,108.765874544335,99.1265976610415,110.241562087788
