"","Point Forecast","Lo 75","Hi 75","Lo 85","Hi 85","Lo 95","Hi 95"
"2019.000",105.268582106973,103.770330636335,106.76683357761,103.393690721664,107.143473492281,102.715862931105,107.82130128284
"2019.008",105.179056929587,103.16729642891,107.190817430264,102.661567371964,107.696546487211,101.751421644073,108.606692215102
"2019.016",105.199689111616,102.915230343626,107.484147879606,102.340948674421,108.058429548811,101.307430823996,109.091947399236
"2019.024",105.214056697155,102.661777371597,107.766336022712,102.020169279608,108.407944114701,100.865486043826,109.562627350484
"2019.032",105.208758172287,102.396762750972,108.020753593602,101.68986558698,108.727650757594,100.417683526194,109.999832818381
"2019.040",105.206658905311,102.162632583569,108.250685227054,101.39740602678,109.015911783843,100.020250271216,110.393067539406
"2019.048",105.20785432245,101.950504597065,108.465204047834,101.131651456142,109.284057188757,99.6579855124033,110.757723132496
