"","Point Forecast","Lo 75","Hi 75","Lo 85","Hi 85","Lo 95","Hi 95"
"2019.000",28.0659383332045,27.4666618618359,28.6652148045732,27.3160119586224,28.8158647077866,27.0448917531812,29.0869849132278
"2019.008",27.6696830838224,26.8187698283002,28.5205963393445,26.6048618814478,28.734504286197,26.2198980330876,29.1194681345571
"2019.016",27.4525811299739,26.4421145819317,28.4630476780162,26.1880971209836,28.7170651389642,25.7309493583308,29.174212901617
"2019.024",27.1252170173722,25.9363277645076,28.3141062702368,25.6374572774577,28.6129767572868,25.0995888412961,29.1508451934483
"2019.032",26.6017916360881,25.1879795977291,28.0156036744471,24.8325666006956,28.3710166714805,24.1929402702647,29.0106430019114
"2019.040",26.1524935544933,24.5754914925163,27.7294956164702,24.1790547569615,28.1259323520251,23.4655992093944,28.8393878995921
"2019.048",25.7820156320311,24.0839387409622,27.4800925231001,23.6570654504019,27.9069658136604,22.8888341288716,28.6751971351906
