"","Point Forecast","Lo 75","Hi 75","Lo 85","Hi 85","Lo 95","Hi 95"
"2019.000",27.2633875169355,26.6491042570238,27.8776707768472,26.4946818525533,28.0320931813176,26.2167723874179,28.3100026464531
"2019.008",27.0144339032227,26.1263793041795,27.902488502266,25.9031345318817,28.1257332745638,25.5013674730387,28.5275003334068
"2019.016",26.9809560517159,25.9105324019814,28.0513797014504,25.6414425462399,28.3204695571919,25.157169437432,28.8047426659998
"2019.024",26.9665650295562,25.6876121720615,28.245517887051,25.3661009274166,28.5670291316959,24.7874865848884,29.145643474224
"2019.031",26.9021433092527,25.3610639463508,28.4432226721546,24.9736576857059,28.8306289327995,24.2764540185622,29.5278325999432
"2019.039",26.8348085137827,25.0708494034895,28.5987676240759,24.6274142246792,29.0422028028861,23.8293769593744,29.8402400681909
"2019.047",26.8260266547789,24.8663333959207,28.7857199136371,24.3736933309758,29.278359978582,23.4871034774981,30.1649498320597
