"","Point Forecast","Lo 75","Hi 75","Lo 85","Hi 85","Lo 95","Hi 95"
"2019.000",27.2446985194298,26.6465641410534,27.8428328978063,26.4962013443875,27.9931956944722,26.2255978361662,28.2637992026935
"2019.008",26.7884053068234,25.9450629857338,27.631747627913,25.733058268182,27.8437523454648,25.3515196056865,28.2252910079603
"2019.016",26.1632263545802,25.164554363019,27.1618983461415,24.9135018921501,27.4129508170104,24.4616901350456,27.8647625741149
"2019.024",25.8417389204478,24.6666371470789,27.0168406938167,24.3712326436789,27.3122451972167,23.8396018364782,27.8438760044173
"2019.032",25.4823431488886,24.0851786574451,26.8795076403322,23.7339506258681,27.2307356719091,23.101855854835,27.8628304429423
"2019.040",25.0235673750123,23.468632916951,26.5785018330736,23.0777436750037,26.969391075021,22.3742717887233,27.6728629613014
"2019.048",24.6164228797018,22.9448851609884,26.2879605984153,22.5246834551435,26.7081623042601,21.7684587886465,27.4643869707572
