"","Point Forecast","Lo 75","Hi 75","Lo 85","Hi 85","Lo 95","Hi 95"
"2019.000",27.0610103459784,26.4614519072951,27.6605687846617,26.3107311213578,27.811289570599,26.0394833503606,28.0825373415962
"2019.008",26.8647916902986,26.0165373007302,27.7130460798669,25.8032977563893,27.9262856242078,25.4195368123948,28.3100465682023
"2019.016",26.4233591324577,25.4189521855089,27.4277660794066,25.1664580253441,27.6802602395714,24.7120517023637,28.1346665625518
"2019.024",25.7248908932444,24.5446180696267,26.905163716862,24.2479136349651,27.2018681515237,23.7139433796586,27.7358384068301
"2019.032",25.2979089123173,23.8954491293006,26.7003686953339,23.5428899338934,27.0529278907411,22.9083995064183,27.6874183182163
"2019.040",24.9597583327337,23.3999262556736,26.5195904097937,23.0078058193388,26.9117108461286,22.3021181886857,27.6173984767816
"2019.048",24.5236807693376,22.8495224526312,26.197839086044,22.4286619643164,26.6186995743588,21.6712517063601,27.3761098323152
