"","Point Forecast","Lo 75","Hi 75","Lo 85","Hi 85","Lo 95","Hi 95"
"2019.000",84.8421438320949,82.1069704149438,87.577317249246,81.4193852514137,88.2649024127761,80.1819584305648,89.502329233625
"2019.008",84.8421438320949,81.2278107615875,88.4564769026022,80.3192168933692,89.3650707708205,78.6840471988694,91.0002404653204
"2019.016",84.8421438320949,80.5240848390708,89.160202825119,79.438583905114,90.2457037590757,77.4850397610862,92.1992479031035
"2019.024",84.8421438320949,79.9199630765852,89.7643245876046,78.6825941995408,91.0016934646489,76.4557377794904,93.2285498846993
"2019.032",84.8421438320949,79.3822818088764,90.3020058553133,78.0097472198277,91.6745404443621,75.5396370384038,94.144650625786
"2019.040",84.8421438320949,78.8929990838763,90.7912885803134,77.3974655140785,92.2868221501113,74.7059976801208,94.9782899840689
"2019.048",84.8421438320949,78.4410069676051,91.2432806965846,76.8318487657339,92.8524388984558,73.9358940191809,95.7483936450089
