"","Point Forecast","Lo 75","Hi 75","Lo 85","Hi 85","Lo 95","Hi 95"
"2019.000",84.9785666573349,82.2544846935748,87.702648621095,81.5696877696298,88.38744554504,80.3372788616569,89.6198544530129
"2019.008",84.9785666573349,81.3784893161142,88.5786439985556,80.4734791431349,89.4836541715349,78.8447589196849,91.1123743949849
"2019.016",84.9785666573349,80.6773469256474,89.2797863890224,79.5960791515288,90.361054163141,77.6501533009118,92.306980013758
"2019.024",84.9785666573349,80.0754629976367,89.8816703170331,78.8428898413905,91.1142434732793,76.6246641391853,93.3324691754845
"2019.032",84.9785666573349,79.5397837222259,90.4173495924439,78.1725481274398,91.78458518723,75.7119743903312,94.2451589243385
"2019.040",84.9785666573349,79.0523288851289,90.9048044295409,77.5625538155961,92.3945794990737,74.8814493854083,95.0756839292614
"2019.048",84.9785666573349,78.6020293171942,91.3551039974756,76.9990550990756,92.9580782155941,74.1142294864264,95.8429038282434
