"","Point Forecast","Lo 75","Hi 75","Lo 85","Hi 85","Lo 95","Hi 95"
"2019.000",84.1593643073579,81.444521272861,86.8742073418548,80.7620468892888,87.556681725427,79.533817789,88.7849108257158
"2019.008",84.1593643073579,80.5722675156872,87.7464610990286,79.6705204752132,88.6482081395026,78.0476728154776,90.2710557992382
"2019.016",84.1593643073579,79.8740225375953,88.4447060771205,78.7967462657991,89.5219823489167,76.8580038046604,91.4607248100553
"2019.024",84.1593643073579,79.2745874675698,89.044141147146,78.0466214230284,90.2721071916873,75.8366870044235,92.4820416102923
"2019.032",84.1593643073579,78.741067945457,89.5776606692587,77.3789823947966,90.9397462199192,74.9276770408173,93.3910515738985
"2019.040",84.1593643073579,78.2555667027439,90.0631619119719,76.771432784228,91.5472958304878,74.1004805678152,94.2182480469006
"2019.048",84.1593643073579,77.8070641847957,90.5116644299201,76.2101828714662,92.1085457432496,73.3363224805855,94.9824061341303
