"","Point Forecast","Lo 75","Hi 75","Lo 85","Hi 85","Lo 95","Hi 95"
"2019.000",123.540196251946,121.496169558126,125.584222945766,120.982329221818,126.098063282074,120.05758586273,127.022806641162
"2019.008",123.360856362641,120.314489363974,126.407223361309,119.548674393041,127.173038332241,118.170459685826,128.551253039456
"2019.016",123.859172146893,119.937099010869,127.781245282917,118.951143501906,128.76720079188,117.176748335071,130.541595958714
"2019.024",123.372577082208,118.937910500174,127.807243664242,117.82309601423,128.922058150186,115.816797131782,130.928357032634
"2019.032",123.632066249904,118.582001608089,128.68213089172,117.312484472244,129.951648027565,115.027771775192,132.236360724617
"2019.040",123.641059475936,118.107549848692,129.174569103181,116.716501259932,130.565617691941,114.213071977078,133.069046974794
"2019.048",123.456966209816,117.495389518459,129.418542901174,115.996730728299,130.917201691334,113.29963852706,133.614293892573
