"","Point Forecast","Lo 75","Hi 75","Lo 85","Hi 85","Lo 95","Hi 95"
"2019.000",123.743709974577,121.691210305773,125.79620964338,121.175239979515,126.312179969638,120.246663340084,127.24075660907
"2019.008",123.30558500236,120.248954931744,126.362215072976,119.480559964983,127.130610039737,118.097702115066,128.513467889655
"2019.016",123.108358554479,119.174210569058,127.0425065399,118.185219608212,128.031497500746,116.405361627792,129.811355481166
"2019.024",123.641684058968,119.193129318875,128.090238799061,118.074823540068,129.208544577868,116.062241480413,131.221126637523
"2019.032",123.123486843637,118.057957745396,128.189015941879,116.784553056852,129.462420630423,114.492844045405,131.75412964187
"2019.040",123.398529473551,117.848294321786,128.948764625316,116.453041165066,130.344017782036,113.942045044767,132.855013902335
"2019.048",123.409749514136,117.430099619283,129.389399408989,115.926897473114,130.892601555158,113.221628727528,133.597870300745
