"","Point Forecast","Lo 75","Hi 75","Lo 85","Hi 85","Lo 95","Hi 95"
"2019.000",4.83581605555246,4.68265701293191,4.98897509817301,4.64415492574942,5.0274771853555,4.57486385045386,5.09676826065106
"2019.008",4.85467029141878,4.66501377093017,5.04432681190739,4.61733671731558,5.09200386552198,4.53153372444871,5.17780685838885
"2019.016",4.87540192227458,4.64935484785783,5.10144899669133,4.59252970702627,5.15827413752289,4.49026317032196,5.26054067422719
"2019.024",4.89562727573374,4.63970710572246,5.15154744574503,4.57537227750117,5.21588227396632,4.45959077700017,5.33166377446731
"2019.032",4.91598915709662,4.63299088199425,5.19898743219899,4.56184898874359,5.27012932544964,4.43381701326819,5.39816130092504
"2019.040",4.93631422095862,4.62869726887705,5.2439311730402,4.55136657716465,5.32126186475259,4.4121968028949,5.46043163902234
"2019.048",4.95664921340177,4.62622136407278,5.28707706273076,4.54315632498198,5.37014210182156,4.39366661418295,5.51963181262059
