"","Point Forecast","Lo 75","Hi 75","Lo 85","Hi 85","Lo 95","Hi 95"
"2019.000",4.72620139427902,4.57223796829314,4.8801648202649,4.5335336701414,4.91886911841665,4.46387868170444,4.9885241068536
"2019.008",4.75443576975708,4.5641121527656,4.94475938674857,4.51626740022006,4.99260413929411,4.43016260451334,5.07870893500082
"2019.016",4.77118258005081,4.54436325676698,4.99800190333464,4.48734398313923,5.0550211769624,4.3847280713443,5.15763708875733
"2019.024",4.79106892863328,4.53434878212504,5.04778907514152,4.46981285076088,5.11232500650568,4.35366943084111,5.22846842642545
"2019.031",4.81009724502979,4.52624734735099,5.0939471427086,4.45489136783991,5.16530312221968,4.32647410761045,5.29372038244913
"2019.039",4.8293600606311,4.52084832160967,5.13787179965253,4.44329269270664,5.21542742855556,4.30371810558247,5.35500201567973
"2019.047",4.84855878787075,4.51719232183077,5.17992525391073,4.43389132734472,5.26322624839678,4.28397697455209,5.4131406011894
