"","Point Forecast","Lo 75","Hi 75","Lo 85","Hi 85","Lo 95","Hi 95"
"2019.000",4.68009416722292,4.52562532466208,4.83456300978376,4.48679397170051,4.87339436274533,4.41691032645459,4.94327800799125
"2019.008",4.68255054347303,4.49108603131731,4.87401505562876,4.44295447334175,4.92214661360432,4.3563335223276,5.00876756461847
"2019.016",4.70578509201403,4.4775694167703,4.93400076725776,4.42019911937027,4.99137106465778,4.31695148040379,5.09461870362427
"2019.024",4.72345878625533,4.46504163956352,4.98187593294714,4.40007910557833,5.04683846693234,4.28316794145304,5.16374963105763
"2019.032",4.74262072980507,4.456842460887,5.02839899872315,4.38500171523802,5.10023974437212,4.25571203563031,5.22952942397983
"2019.040",4.76138437376185,4.45072812931213,5.07204061821157,4.3726334010941,5.15013534642961,4.23208861276887,5.29068013475483
"2019.048",4.78025461448629,4.44654933007965,5.11395989889294,4.36266038866525,5.19784884030733,4.21168792505675,5.34882130391584
