"","Point Forecast","Lo 75","Hi 75","Lo 85","Hi 85","Lo 95","Hi 95"
"2019.000",19.860001,19.2353329303241,20.4846690696759,19.0782999268053,20.6417020731947,18.7956922432493,20.9243097567507
"2019.008",19.860001,18.9765869438829,20.7434150561171,18.7545087405664,20.9654932594336,18.3548411216508,21.3651608783492
"2019.016",19.860001,18.7780441654554,20.9419578345446,18.5060550248956,21.2139469751044,18.0165641583674,21.7034378416326
"2019.024",19.860001,18.6106648606482,21.1093371393518,18.2965988536106,21.4234031463894,17.7313834864987,21.9886185135013
"2019.032",19.860001,18.4632007328311,21.2568012671689,18.1120642622521,21.6079377377479,17.4801342708572,22.2398677291428
"2019.040",19.860001,18.3298829706848,21.3901190293152,17.9452322392869,21.7747697607131,17.2529876171849,22.4670143828151
"2019.048",19.860001,18.2072846356748,21.5127173643252,17.7918143607345,21.9281876392655,17.0441047114494,22.6758972885506
