"","Point Forecast","Lo 75","Hi 75","Lo 85","Hi 85","Lo 95","Hi 95"
"2019.000",19.940001,19.3177626964772,20.5622393035228,19.1613405029155,20.7186614970845,18.8798320760968,21.0001699239032
"2019.008",19.940001,19.0600231521301,20.8199788478699,18.838808764539,21.041193235461,18.4406957294096,21.4393062705904
"2019.016",19.940001,18.8622526438831,21.0177493561169,18.5913214572028,21.2886805427971,18.103734559194,21.776267440806
"2019.024",19.940001,18.6955243929544,21.1844776070456,18.382680005831,21.4973219941689,17.8196631521936,22.0603388478064
"2019.031",19.940001,18.5486338551189,21.3313681448811,18.1988631971253,21.6811388028747,17.5693912185196,22.3106107814804
"2019.039",19.940001,18.4158346579541,21.4641673420459,18.0326800992811,21.8473219007189,17.3431280952816,22.5368739047184
"2019.047",19.940001,18.29371319266,21.58628880734,17.8798589689645,22.0001430310355,17.1350576796331,22.7449443203669
