"","Point Forecast","Lo 75","Hi 75","Lo 85","Hi 85","Lo 95","Hi 95"
"2019.000",20.860001,20.2413854087847,21.4786165912153,20.0858739155167,21.6341280844833,19.8060044492645,21.9139975507355
"2019.008",20.860001,19.9851464410078,21.7348555589922,19.7652199781233,21.9547820218767,19.3694247832554,22.3505772167446
"2019.016",20.860001,19.7885273656608,21.9314746343392,19.5191735581597,22.2008284418403,19.0344254231238,22.6855765768762
"2019.024",20.860001,19.6227698175693,22.0972321824307,19.3117468310334,22.4082551689666,18.752007898529,22.967994101471
"2019.032",20.860001,19.4767344861013,22.2432675138987,19.1290002158716,22.5910017841284,18.5031930645052,23.2168089354948
"2019.040",20.860001,19.3447084545923,22.3752935454077,18.9637846469475,22.7562173530525,18.2782472600446,23.4417547399554
"2019.048",20.860001,19.223297988497,22.496704011503,18.8118532512976,22.9081487487024,18.071388244034,23.648613755966
