"","Point Forecast","Lo 75","Hi 75","Lo 85","Hi 85","Lo 95","Hi 95"
"2019.000",73.230003,71.867830695632,74.592175304368,71.5253992209832,74.9346067790168,70.9091353550532,75.5508706449468
"2019.008",73.230003,71.3036004528737,75.1564055471263,70.819329217242,75.640676782758,69.9478005000433,76.5122054999567
"2019.016",73.230003,70.8706513601714,75.5893546398286,70.277542647969,76.182463352031,69.2101423213094,77.2498636786906
"2019.024",73.230003,70.5056583912639,75.9543476087361,69.8207954419664,76.6392105580336,68.5882677101064,77.8717382898936
"2019.031",73.230003,70.1840931303655,76.2759128696345,69.4183930754155,77.0416129245845,68.0403851791191,78.4196208208809
"2019.039",73.230003,69.8933759125472,76.5666300874528,69.054593527789,77.405412472211,67.5450615093454,78.9149444906546
"2019.047",73.230003,69.6260338398224,76.8339721601776,68.7200453168207,77.7399606831793,67.0895643855746,79.3704416144254
