"","Point Forecast","Lo 75","Hi 75","Lo 85","Hi 85","Lo 95","Hi 95"
"2019.000",72.919998,71.5527598696141,74.2872361303859,71.2090549156352,74.6309410843648,70.5904992063636,75.2494967936364
"2019.008",72.919998,70.9864312930146,74.8535647069854,70.5003590856429,75.3396369143571,69.6255892125076,76.2144067874924
"2019.016",72.919998,70.5518720921261,75.2881239078739,69.9565576490216,75.8834383509784,68.8851877332513,76.9548082667487
"2019.024",72.919998,70.1855217392281,75.6544742607719,69.4981118312705,76.3418841687295,68.2610004127272,77.5789955872729
"2019.032",72.919998,69.8627605990273,75.9772354009727,69.0942129577273,76.7457830422728,67.7110803439252,78.1289156560748
"2019.040",72.919998,69.5709622236776,76.2690337763224,68.7290604643627,77.1109355356373,67.2139145991618,78.6260814008382
"2019.048",72.919998,69.3026259239939,76.5373700760061,68.3932680913851,77.446727908615,66.756723512613,79.083272487387
