"","Point Forecast","Lo 75","Hi 75","Lo 85","Hi 85","Lo 95","Hi 95"
"2019.000",73.199997,71.8275616590268,74.5724323409732,71.4825501974353,74.9174438025647,70.861643204792,75.5383507952079
"2019.008",73.199997,71.2590803273156,75.1409136726844,70.7711604391587,75.6288335608413,69.8930653491903,76.5069286508097
"2019.016",73.199997,70.8228692593314,75.5771247406686,70.2252918786613,76.1747021213387,69.1498494206283,77.2501445793717
"2019.024",73.199997,70.4551263180537,75.9448676819463,69.7651033948707,76.6348906051293,68.5232894095841,77.8767045904159
"2019.032",73.199997,70.1311382828609,76.2688557171391,69.3596692017257,77.0403247982743,67.9712789584704,78.4287150415296
"2019.040",73.199997,69.8382307096531,76.5617632903469,68.9931286733421,77.4068653266579,67.47222336364,78.92777063636
"2019.048",73.199997,69.5688743972689,76.8311196027311,68.6560598704308,77.7439341295692,67.0132943805957,79.3866996194043
