"","Point Forecast","Lo 75","Hi 75","Lo 85","Hi 85","Lo 95","Hi 95"
"2019.000",123.68,121.377643925901,125.982356074099,120.798863118883,126.561136881117,119.757248302298,127.602751697702
"2019.008",123.68,120.423976814598,126.936023185402,119.605457147671,127.754542852329,118.132391347288,129.227608652712
"2019.016",123.68,119.692202302546,127.667797697454,118.689724538345,128.670275461655,116.885594754103,130.474405245897
"2019.024",123.68,119.075287851803,128.284712148197,117.917726237766,129.442273762234,115.834496604596,131.525503395404
"2019.032",123.68,118.531775309906,128.828224690094,117.237582081341,130.122417918659,114.908460545086,132.451539454914
"2019.040",123.68,118.040402412261,129.319597587739,116.62268476215,130.73731523785,114.071259952994,133.288740047006
"2019.048",123.68,117.588538398416,129.771461601584,116.057228319429,131.302771680572,113.301374552824,134.058625447176
