"","Point Forecast","Lo 75","Hi 75","Lo 85","Hi 85","Lo 95","Hi 95"
"2019.000",122,119.694903010686,124.305096989314,119.115433175094,124.884566824906,118.072578334027,125.927421665973
"2019.008",122,118.740100575126,125.259899424874,117.920606474647,126.079393525353,116.445787014822,127.554212985178
"2019.016",122,118.007454898133,125.992545101867,117.003783701436,126.996216298564,115.197506131787,128.802493868213
"2019.024",122,117.389806021371,126.610193978629,116.230866350189,127.769133649811,114.145156668053,129.854843331947
"2019.032",122,116.845646437163,127.154353562837,115.54991249387,128.45008750613,113.218018178578,130.781981821422
"2019.040",122,116.353688568554,127.646311431446,114.934283150021,129.065716849979,112.379820913614,131.620179086386
"2019.048",122,115.90128661839,128.09871338161,114.368153541152,129.631846458848,111.609018978147,132.390981021853
