"","Point Forecast","Lo 75","Hi 75","Lo 85","Hi 85","Lo 95","Hi 95"
"2019.000",109.510002,107.415893924384,111.604110075616,106.889463814105,112.130540185895,105.942063008629,113.077940991371
"2019.008",109.510002,106.548485958388,112.471518041612,105.804001356791,113.216002643209,104.464174288684,114.555829711316
"2019.016",109.510002,105.882900416492,113.137103583508,104.971096718855,114.048907281145,103.33015038864,115.68985361136
"2019.024",109.510002,105.321785848767,113.698218151233,104.26892562821,114.75107837179,102.374124017259,116.645879982741
"2019.032",109.510002,104.827433990691,114.192570009309,103.650300478705,115.369703521295,101.531847875723,117.488156124277
"2019.040",109.510002,104.380505748498,114.639498251502,103.091020593078,115.928983406922,100.770372037762,118.249631962238
"2019.048",109.510002,103.969512813427,115.050491186573,102.576709658973,116.443294341027,100.070122735783,118.949881264217
