"","Point Forecast","Lo 75","Hi 75","Lo 85","Hi 85","Lo 95","Hi 95"
"2019.000",108.669998,106.582440737167,110.757555262833,106.057657411568,111.282338588432,105.113220276105,112.226775723895
"2019.008",108.669998,105.717746206671,111.622249793329,104.975590510302,112.364405489698,103.639954704522,113.700041295478
"2019.016",108.669998,105.054242757064,112.285753242936,104.145291374161,113.194704625839,102.509478270985,114.830517729015
"2019.024",108.669998,104.494883474334,112.845112525666,103.445316823136,113.894679176864,101.556442552211,115.783553447789
"2019.031",108.669998,104.002078053382,113.337917946618,102.828626863884,114.511369136116,100.716801228515,116.623194771485
"2019.039",108.669998,103.556547897218,113.783448102782,102.271096523979,115.068899476021,99.9577074479603,117.38228855204
"2019.047",108.669998,103.146840634938,114.193155365062,101.758394463208,115.581601536792,99.2596486738403,118.08034732616
