"","Point Forecast","Lo 75","Hi 75","Lo 85","Hi 85","Lo 95","Hi 95"
"2019.000",107.059998,104.972751931482,109.147244068518,104.448046835874,109.671949164126,103.50375048863,110.61624551137
"2019.008",107.059998,104.108186301891,110.011809698109,103.366141239437,110.753854760563,102.030704538264,112.089291461736
"2019.016",107.059998,103.444781761428,110.675214238572,102.535965876845,111.584030123155,100.900396626016,113.219599373984
"2019.024",107.059998,102.885505862963,111.234490137037,101.836095671748,112.283900328252,99.9475029772591,114.172493022741
"2019.032",107.059998,102.392773905024,111.727222094976,101.219497643105,112.900498356895,99.1079868197612,115.012009180239
"2019.040",107.059998,101.9473101645,112.1726858355,100.662050414823,113.457945585177,98.3490061980998,115.7709898019
"2019.048",107.059998,101.537663977703,112.582332022297,100.149424783077,113.970571216923,97.6510514843214,116.468944515679
