"","Point Forecast","Lo 75","Hi 75","Lo 85","Hi 85","Lo 95","Hi 95"
"2019.000",105.019997,103.818884125228,106.221109874772,103.516940786923,106.523053213077,102.973542230623,107.066451769377
"2019.008",105.019997,103.321366882557,106.718627117443,102.894354518458,107.145639481542,102.125872910365,107.914121089635
"2019.016",105.019997,102.93960847527,107.10038552473,102.416627272319,107.623366727681,101.475433364048,108.564560635952
"2019.024",105.019997,102.617771250457,107.422222749543,102.013884573846,108.026109426154,100.927087461247,109.112906538753
"2019.031",105.019997,102.33422696336,107.70576703664,101.659061133557,108.380932866443,100.443985022795,109.596008977205
"2019.039",105.019997,102.077883333322,107.962110666678,101.338276223242,108.701717776758,100.007227033342,110.032766966658
"2019.047",105.019997,101.842151036836,108.197842963164,101.043284053648,108.996709946352,99.6055866108876,110.434407389112
