"","Point Forecast","Lo 75","Hi 75","Lo 85","Hi 85","Lo 95","Hi 95"
"2019.000",103.629997,102.424122751344,104.835871248656,102.120982468809,105.139011531191,101.575429807138,105.684564192862
"2019.008",103.629997,101.924633283035,105.335360716965,101.495928184172,105.764065815828,100.724400211048,106.535593788952
"2019.016",103.629997,101.54136153379,105.71863246621,101.016307162617,106.243686837383,100.071382234399,107.188611765601
"2019.024",103.629997,101.218248502689,106.041745497311,100.611967937618,106.648026062382,99.5208626142767,107.739131385723
"2019.032",103.629997,100.93358020769,106.32641379231,100.255737929222,107.004256070778,99.0358450924204,108.22414890758
"2019.040",103.629997,100.676220396832,106.583773603168,99.9336813841368,107.326312615863,98.5973557352265,108.662638264773
"2019.048",103.629997,100.43955362564,106.82044037436,99.6375198256858,107.622474174314,98.1941231558159,109.065870844184
