"","Point Forecast","Lo 75","Hi 75","Lo 85","Hi 85","Lo 95","Hi 95"
"2019.000",79.8611865341392,78.9464797774057,80.7758932908726,78.7165350174256,81.0058380508527,78.3027101875643,81.419662880714
"2019.008",79.8611865341392,78.4699790218533,81.2523940464251,78.1202484933094,81.6021245749689,77.4908487344955,82.2315243337828
"2019.016",79.8611865341392,78.119282910609,81.6030901576693,77.68139217932,82.0409808889584,76.8933330933497,82.8290399749286
"2019.024",79.8611865341392,77.8282088842142,81.8941641840641,77.3171461263242,82.4052269419541,76.3974014935236,83.3249715747547
"2019.032",79.8611865341392,77.5738806917733,82.1484923765051,76.9988833070354,82.723489761243,75.9640774043895,83.7582956638888
"2019.040",79.8611865341392,77.3451305117208,82.3772425565576,76.7126284623891,83.0097446058892,75.5743331040853,84.148039964193
"2019.048",79.8611865341392,77.1355108748989,82.5868621933794,76.4503133177214,83.2720597505569,75.2171834018889,84.5051896663895
