"","Point Forecast","Lo 75","Hi 75","Lo 85","Hi 85","Lo 95","Hi 95"
"2019.000",79.0667916486953,78.1511931111255,79.9823901862651,77.9210241696481,80.2125591277425,77.5067958869314,80.6267874104593
"2019.008",79.0667916486953,77.6741613474915,80.4594219498991,77.324073149286,80.8095101481047,76.6940297028885,81.4395535945021
"2019.016",79.0667916486953,77.3230836371114,80.8104996602793,76.8847393073604,81.2488439900302,76.0958638935629,82.0377194038278
"2019.024",79.0667916486953,77.0316955567397,81.101887740651,76.5201002515161,81.6134830458745,75.599397208923,82.5341860884676
"2019.032",79.0667916486953,76.7770941627107,81.3564891346799,76.2014955514991,81.9320877458916,75.1656076392296,82.9679756581611
"2019.040",79.0667916486953,76.54809892207,81.5854843753206,75.9149340413867,82.218649256004,74.77544580497,83.3581374924207
"2019.048",79.0667916486953,76.338255131625,81.7953281657657,75.6523383939427,82.481244903448,74.4179141900817,83.715669107309
