"","Point Forecast","Lo 75","Hi 75","Lo 85","Hi 85","Lo 95","Hi 95"
"2019.000",79.8025922721599,78.891536086757,80.7136484575629,78.6625090304478,80.9426755138721,78.2503357649251,81.3548487793947
"2019.008",79.8025922721599,78.4172345519723,81.1879499923476,78.0689745811018,81.5362099632181,77.4422213417346,82.1629632025852
"2019.016",79.8025922721599,78.0681157941395,81.5370687501803,77.6320921455839,81.973092398736,76.8473931935629,82.7577913507569
"2019.024",79.8025922721599,77.7783390042291,81.8268455400907,77.2694694365707,82.3357151077492,76.3536718238044,83.2515127205154
"2019.031",79.8025922721599,77.5251388845686,82.0800456597512,76.9526182721205,82.6525662721993,75.9222697438089,83.682914800511
"2019.039",79.8025922721599,77.2974003488587,82.3077841954611,76.6676293853593,82.9375551589606,75.5342490820014,84.0709354623184
"2019.047",79.8025922721599,77.0887059052506,82.5164786390692,76.4064720148171,83.1987125295028,75.1786757229653,84.4265088213546
