"","Point Forecast","Lo 75","Hi 75","Lo 85","Hi 85","Lo 95","Hi 95"
"2019.000",69.169998,68.0916371718937,70.2483588281063,67.8205520181376,70.5194439818624,67.3326880301052,71.0073079698949
"2019.008",69.169998,67.6449654917601,70.6950305082399,67.2615931907603,71.0784028092397,66.5716493222914,71.7683466777086
"2019.016",69.169998,67.3022222568278,71.0377737431722,66.8326889973446,71.5073070026554,65.9876837828893,72.3523122171107
"2019.024",69.169998,67.0132763437873,71.3267196562127,66.4711060362752,71.8688899637248,65.4953780602103,72.8446179397897
"2019.031",69.169998,66.7587098840813,71.5812861159187,66.1525450525917,72.1874509474083,65.061648011577,73.278347988423
"2019.039",69.169998,66.5285642125344,71.8114317874657,65.864543908988,72.475452091012,64.6695260744293,73.6704699255707
"2019.047",69.169998,66.316923425237,72.023072574763,65.5996995242767,72.7402964757233,64.3089327383187,74.0310632616814
