"","Point Forecast","Lo 75","Hi 75","Lo 85","Hi 85","Lo 95","Hi 95"
"2019.000",69.480003,68.397807276714,70.562198723286,68.1257580827941,70.8342479172059,67.6361591399976,71.3238468600024
"2019.008",69.480003,67.9495471309868,71.0104588690132,67.5648114713125,71.3951945286875,66.8724140062862,72.0875919937137
"2019.016",69.480003,67.6055850235349,71.3544209764651,67.1343819975074,71.8256240024926,66.2863717532519,72.6736342467481
"2019.024",69.480003,67.315611553428,71.644394446572,66.7715131655881,72.1884928344119,65.7923152799952,73.1676907200048
"2019.032",69.480003,67.0601397977729,71.8998662022271,66.4518193069439,72.5081866930561,65.357042789139,73.6029632108609
"2019.040",69.480003,66.8291756761271,72.1308303238729,66.1627939660878,72.7972120339122,64.9635263776304,73.9964796223696
"2019.048",69.480003,66.6167822462875,72.3432237537125,65.8970077347998,73.0629982652002,64.6016506900003,74.3583553099997
