"","Point Forecast","Lo 75","Hi 75","Lo 85","Hi 85","Lo 95","Hi 95"
"2019.000",69.440002,68.3534592045543,70.5265447954457,68.0803172161874,70.7996867838126,67.5887516033258,71.2912523966743
"2019.008",69.440002,67.9033984425819,70.9766055574181,67.5171173381799,71.3628866618202,66.8219385816747,72.0580654183253
"2019.016",69.440002,67.5580546736901,71.3219493263099,67.0849588721582,71.7950451278418,66.2335422554282,72.6464617445718
"2019.024",69.440002,67.2669164091086,71.6130875908914,66.7206324323748,72.1593715676253,65.7375012066515,73.1425027933485
"2019.032",69.440002,67.0104184489208,71.8695855510793,66.3996543954229,72.4803496045771,65.3004802696629,73.5795237303371
"2019.040",69.440002,66.7785265674608,72.1014774325392,66.1094680686326,72.7705359313674,64.9053831420232,73.9746208579769
"2019.048",69.440002,66.5652799744217,72.3147240255783,65.8426142005932,73.0373897994068,64.5420538358903,74.3379501641097
