"","Point Forecast","Lo 75","Hi 75","Lo 85","Hi 85","Lo 95","Hi 95"
"2019.000",44.1100667109771,43.0159092842641,45.2042241376902,42.7408530818102,45.479280340144,42.2458425140869,45.9742909078674
"2019.008",44.2651316338883,42.8280743374107,45.702188930366,42.4668178006205,46.0634454671562,41.8166750233445,46.7135882444322
"2019.016",44.4201965567996,42.6673851402899,46.1730079733092,42.2267523391297,46.6136407744694,41.4337584305612,47.4066346830379
"2019.024",44.5752614797108,42.5187645353005,46.631758424121,42.0017893486616,47.1487336107599,41.0714042915204,48.0791186679011
"2019.031",44.730326402622,42.3753347301521,47.0853180750918,41.7833220540733,47.6773307511707,40.7178942314289,48.742758573815
"2019.039",44.8853913255332,42.2333877830348,47.5373948680316,41.5667103877307,48.2040722633357,40.3669106631882,49.4038719878782
"2019.047",45.0404562484444,42.0907194193509,47.9901930775379,41.3491959505701,48.7317165463187,40.0146979462103,50.0662145506785
