"","Point Forecast","Lo 75","Hi 75","Lo 85","Hi 85","Lo 95","Hi 95"
"2019.000",44.085664512373,42.9841815998906,45.1871474248554,42.7072838705709,45.4640451541751,42.2089591610422,45.9623698637039
"2019.008",44.2640496719999,42.8154123714341,45.7126869725658,42.4512447800998,46.0768545639,41.7958630634738,46.7322362805261
"2019.016",44.4424348316269,42.6740471548284,46.2108225084253,42.229498695008,46.6553709682457,41.4294578905722,47.4554117726816
"2019.024",44.6208199912538,42.5447774485113,46.6968625339963,42.0228887659524,47.2187512165551,41.083661034539,48.1579789479685
"2019.032",44.7992051508807,42.4206391517411,47.1777711500203,41.8227002125754,47.7757100891859,40.7466070683388,48.8518032334226
"2019.040",44.9775903105076,42.2978853105849,47.6572953104304,41.624244148006,48.3309364730092,40.4119119360613,49.543268684954
"2019.048",45.1559754701345,42.1742924127789,48.1376585274901,41.4247380994286,48.8872128408405,40.0757872200048,50.2361637202643
