"","Point Forecast","Lo 75","Hi 75","Lo 85","Hi 85","Lo 95","Hi 95"
"2019.000",65.769997,64.4116115969075,67.1283824030925,64.070132097412,67.469861902588,63.4555814732008,68.0844125267993
"2019.008",65.769997,63.848949940017,67.691044059983,63.3660250005581,68.1739689994419,62.4969191730336,69.0430748269664
"2019.016",65.769997,63.4172044655839,68.1227895344161,62.8257446227145,68.7142493772855,61.7613117177574,69.7786822822426
"2019.024",65.769997,63.0532261938151,68.4867678061849,62.3702671948241,69.169726805176,61.1411659464015,70.3988280535985
"2019.032",65.769997,62.7325548990418,68.8074391009582,61.9689835252472,69.5710104747528,60.5948065538959,70.9451874461041
"2019.040",65.769997,62.4426458883787,69.0973481116214,61.6061953569936,69.9337986430064,60.1008599065671,71.4391340934329
"2019.048",65.769997,62.1760470388372,69.3639469611629,61.2725772053452,70.2674167946548,59.6466290856226,71.8933649143774
