"","Point Forecast","Lo 75","Hi 75","Lo 85","Hi 85","Lo 95","Hi 95"
"2019.000",65.919998,64.5562342676643,67.2837617323357,64.2134027298047,67.6265932701953,63.5964188818661,68.2435771181339
"2019.008",65.919998,63.9913448338582,67.8486511661418,63.506507823408,68.333488176592,62.6339608978881,69.2060351021119
"2019.016",65.919998,63.5578899260747,68.2821060739253,62.964088284065,68.875907715935,61.895440911986,69.944555088014
"2019.024",65.919998,63.1924705353285,68.6475254646715,62.5068074596094,69.3331885403906,61.2728397637322,70.5671562362678
"2019.032",65.919998,62.8705295892484,68.9694664107516,62.1039349657637,69.7360610342363,60.7243171407535,71.1156788592465
"2019.040",65.919998,62.5794727260639,69.2605232739361,61.7397103905743,70.1002856094257,60.2284147835858,71.6115812164142
"2019.048",65.919998,62.3118183171904,69.5281776828096,61.4047713264241,70.4352246735759,59.7723855018349,72.0676104981651
