"","Point Forecast","Lo 75","Hi 75","Lo 85","Hi 85","Lo 95","Hi 95"
"2019.000",65.150002,63.7955266647658,66.5044773352342,63.4550301028167,66.8449738971833,62.8422484424338,67.4577555575662
"2019.008",65.150002,63.234484611012,67.065519388988,62.7529497551621,67.5470542448379,61.8863456202751,68.4136583797249
"2019.016",65.150002,62.8039819017755,67.4960220982245,62.2142245566771,68.0857794433229,61.1528555869475,69.1471484130525
"2019.024",65.150002,62.4410513295316,67.8589526704684,61.7600582056334,68.5399457943666,60.5344948848676,69.7655091151324
"2019.031",65.150002,62.1213030765695,68.1787009234305,61.3599296179464,68.9400743820536,59.9897081699649,70.3102958300351
"2019.039",65.150002,61.832228559491,68.467775440509,60.9981857235438,69.3018182764562,59.4971833318701,70.8028206681299
"2019.047",65.150002,61.5663971059995,68.7336068940005,60.6655278808097,69.6344761191903,59.0442599994552,71.2557440005448
