"","Point Forecast","Lo 75","Hi 75","Lo 85","Hi 85","Lo 95","Hi 95"
"2019.000",141.229996,138.670199553925,143.789792446075,138.026701760717,144.433290239283,136.868617685161,145.591374314839
"2019.008",141.229996,137.609897149046,144.850094850954,136.699853842534,145.760138157466,135.062075636514,147.397916363486
"2019.016",141.229996,136.796298498364,145.663693501636,135.681727625969,146.778264374031,133.675867167669,148.784124832331
"2019.024",141.229996,136.11040310785,146.34958889215,134.823407521433,147.636584478567,132.507239370321,149.952752629679
"2019.031",141.229996,135.506117138014,146.953874861986,134.067212329029,148.392779670971,131.477657612426,150.982334387574
"2019.039",141.229996,134.959800861726,147.500191138274,133.383559617759,149.076432382241,130.546844553404,151.913147446596
"2019.047",141.229996,134.457411196738,148.002580803262,132.754876066691,149.705115933309,129.690873605465,152.769118394535
