"","Point Forecast","Lo 75","Hi 75","Lo 85","Hi 85","Lo 95","Hi 95"
"2019.000",141.020004,138.462732566358,143.577275433642,137.819869526718,144.220138473282,136.662927798513,145.377080201487
"2019.008",141.020004,137.403476055874,144.636531944126,136.494330426468,145.545677573532,134.858167743565,147.181840256435
"2019.016",141.020004,136.590679948188,145.449328051812,135.477208501224,146.562799498776,133.473326646576,148.566681353424
"2019.024",141.020004,135.905461132716,146.134546867284,134.619735053437,147.420272946563,132.305851597027,149.734156402973
"2019.032",141.020004,135.301771237458,146.738236762542,133.864285780602,148.175722219398,131.277285430329,150.762722569671
"2019.040",141.020004,134.755993853782,147.284014146218,133.18130743217,148.85870056783,130.347390535934,151.692617464066
"2019.048",141.020004,134.254099751694,147.785908248306,132.553244021732,149.486763978268,129.492263927509,152.547744072491
