"","Point Forecast","Lo 75","Hi 75","Lo 85","Hi 85","Lo 95","Hi 95"
"2019.000",143.479996,140.920428749784,146.039563250216,140.276988573279,146.683003426721,139.119008188809,147.840983811191
"2019.008",143.479996,139.860221280939,147.099770719061,138.950259456749,148.009732543251,137.31262789207,149.64736410793
"2019.016",143.479996,139.046695477237,147.913296522763,137.932224399898,149.027767600102,135.926543539829,151.033448460171
"2019.024",143.479996,138.360861499569,148.599130500431,137.073981146557,149.886010853443,134.758020377619,152.201971622381
"2019.032",143.479996,137.756629635536,149.203362364464,136.317853661414,150.642138338586,133.728530805129,153.231461194871
"2019.040",143.479996,137.210362274633,149.749629725367,135.634262162188,151.325729837812,132.797801088086,154.162190911914
"2019.048",143.479996,136.708017591984,150.251974408016,135.005634901402,151.954357098598,131.941906781005,155.018085218995
