"","Point Forecast","Lo 75","Hi 75","Lo 85","Hi 85","Lo 95","Hi 95"
"2019.000",36.669998,35.7444746148245,37.5955213851755,35.5118107024903,37.8281852975097,35.0930922940129,38.2469037059871
"2019.008",36.669998,35.3611102763913,37.9788857236087,35.0320738160935,38.3079221839065,34.4399165640096,38.9000794359904
"2019.016",36.669998,35.0669444732829,38.2730515267171,34.6639587560323,38.6760372439677,33.9387171984851,39.4012788015149
"2019.024",36.669998,34.818951229649,38.521044770351,34.3536234049806,38.9863725950194,33.5161865880259,39.8238094119741
"2019.032",36.669998,34.6004647959818,38.7395312040182,34.0802124720915,39.2597835279085,33.1439296473056,40.1960663526944
"2019.040",36.669998,34.4029379613066,38.9370580386934,33.8330300945282,39.5069659054718,32.8073836478484,40.5326123521516
"2019.048",36.669998,34.2212932902509,39.1187027097491,33.6057224391553,39.7342735608447,32.4978976609595,40.8420983390405
