"","Point Forecast","Lo 75","Hi 75","Lo 85","Hi 85","Lo 95","Hi 95"
"2019.000",36.639999,35.7181505164383,37.5618474835617,35.4864104240752,37.7935875759248,35.0693545872623,38.2106434127377
"2019.008",36.639999,35.336308372094,37.943689627906,35.0085783905284,38.2714196094716,34.4187723698409,38.8612256301591
"2019.016",36.639999,35.0433105895908,38.2366874104092,34.6419249754672,38.6380730245329,33.9195630765142,39.3604349234858
"2019.024",36.639999,34.7963020328766,38.4836959671234,34.3328218481503,38.9471761518497,33.4987101745247,39.7812878254754
"2019.031",36.639999,34.5786831258009,38.7013148741991,34.0604965261649,39.2195014738351,33.1279313246383,40.1520666753617
"2019.039",36.639999,34.3819405951154,38.8980574048846,33.8142956158803,39.4657023841197,32.7927216214394,40.4872763785606
"2019.047",36.639999,34.2010171660137,39.0789808339863,33.5878905128177,39.6921074871823,32.484464485783,40.795533514217
