"","Point Forecast","Lo 75","Hi 75","Lo 85","Hi 85","Lo 95","Hi 95"
"2019.000",36.139999,35.2080341665091,37.0719638334909,34.9737509622259,37.3062470377741,34.5521183615951,37.7278796384049
"2019.008",36.139999,34.8220016928223,37.4579963071777,34.4906752078889,37.7893227921111,33.8943966657382,38.3856013342618
"2019.016",36.139999,34.5257885575262,37.7542094424738,34.1199981443478,38.1599998556522,33.3897090579279,38.8902889420721
"2019.024",36.139999,34.2760693330181,38.0039286669819,33.8075029244519,38.4724950755481,32.9642377231903,39.3157602768097
"2019.032",36.139999,34.056062279675,38.223935720325,33.5321891089115,38.7478088910885,32.589389952371,39.690608047629
"2019.040",36.139999,33.8571606997293,38.4228373002707,33.2832863939315,38.9967116060686,32.2505016634633,40.0294963365367
"2019.048",36.139999,33.6742518199253,38.6057461800747,33.0543967250328,39.2256012749672,31.9388617191263,40.3411362808737
