"","Point Forecast","Lo 75","Hi 75","Lo 85","Hi 85","Lo 95","Hi 95"
"2019.000",36.259998,35.3317159207567,37.1882800792433,35.0983585104893,37.4216374895107,34.6783920341532,37.8416039658468
"2019.008",36.259998,34.9472088938262,37.5727871061738,34.6171916793458,37.9028043206542,34.0232693927693,38.4967266072307
"2019.016",36.259998,34.6521662749949,37.8678297250051,34.2479793840891,38.2720166159109,33.5205761095994,38.9994198904007
"2019.024",36.259998,34.4034338415134,38.1165621584866,33.9367190209786,38.5832769790214,33.0967860683065,39.4232099316935
"2019.032",36.259998,34.1842961685171,38.3356998314829,33.662493136106,38.857502863894,32.7234195467474,39.7965764532526
"2019.040",36.259998,33.9861805684841,38.5338154315159,33.4145739856317,39.1054220143683,32.3858704095337,40.1341255904663
"2019.048",36.259998,33.8039944718043,38.7160015281957,33.1865887976427,39.3334072023573,32.0754619422733,40.4445340577267
