"","Point Forecast","Lo 75","Hi 75","Lo 85","Hi 85","Lo 95","Hi 95"
"2019.000",140.330002,138.556465556812,142.103538443188,138.110622767587,142.549381232413,137.308252596543,143.351751403457
"2019.008",140.330002,137.82184270868,142.83816129132,137.191325789472,143.468678210528,136.056603011538,144.603400988462
"2019.016",140.330002,137.258146771323,143.401857228677,136.485924408197,144.174079591803,135.096178505471,145.563825494529
"2019.024",140.330002,136.782929113623,143.877074886377,135.891243535174,144.768760464826,134.286503193086,146.373500806914
"2019.032",140.330002,136.364253952458,144.295750047542,135.367319168473,145.292684831527,133.5731649229,147.0868390771
"2019.040",140.330002,135.985742673958,144.674261326042,134.893655334858,145.766348665142,132.928257830971,147.731746169029
"2019.048",140.330002,135.637665630214,145.022338369786,134.458076486093,146.201927513907,132.335204554095,148.324799445905
