"","Point Forecast","Lo 75","Hi 75","Lo 85","Hi 85","Lo 95","Hi 95"
"2019.000",139.970001,138.210354801699,141.729647198301,137.768003829937,142.171998170063,136.971917780209,142.968084219791
"2019.008",139.970001,137.481485481385,142.458516518615,136.85590673779,143.08409526221,135.730071049448,144.209930950552
"2019.016",139.970001,136.922204381197,143.017797618803,136.156030023328,143.783971976672,134.777168538002,145.162833461998
"2019.024",139.970001,136.450708603398,143.489293396602,135.566006659874,144.373995340126,133.973834560417,145.966167439583
"2019.031",139.970001,136.03531248425,143.90468951575,135.046185641477,144.893816358523,133.266083118345,146.673918881655
"2019.039",139.970001,135.659765686334,144.280236313666,134.576231518294,145.363770481706,132.626226905111,147.313775094889
"2019.047",139.970001,135.314414763835,144.625587236165,134.144064100346,145.795937899654,132.037818390556,147.902183609444
