"","Point Forecast","Lo 75","Hi 75","Lo 85","Hi 85","Lo 95","Hi 95"
"2019.000",78.4701831406516,77.5497590435829,79.3906072377204,77.3183770224899,79.6219892588134,76.9019655960236,80.0384006852797
"2019.008",78.4701831406516,77.042758959588,79.8976073217153,76.6839240561741,80.2564422251292,76.0381394213497,80.9022268599536
"2019.016",78.4701831406516,76.6735476553888,80.2668186259145,76.2218980831195,80.7184681981838,75.4090776152061,81.5312886660972
"2019.024",78.4701831406516,76.3682177886236,80.5721484926796,75.8398124665895,81.1005538147137,74.8888569305403,82.051509350763
"2019.031",78.4701831406516,76.1019311237948,80.8384351575085,75.5065849786179,81.4337813026853,74.4351580095592,82.5052082717441
"2019.039",78.4701831406516,75.8626983584205,81.0776679228828,75.2072123701645,81.7331539111388,74.0275534921366,82.9128127891667
"2019.047",78.4701831406516,75.6436417622551,81.2967245190481,74.9330879437285,82.0072783375748,73.6543251091912,83.2860411721121
