"","Point Forecast","Lo 75","Hi 75","Lo 85","Hi 85","Lo 95","Hi 95"
"2019.000",78.4049622017428,77.4808512314157,79.3290731720699,77.2485423808441,79.5613820226415,76.8304629665909,79.9794614368947
"2019.008",78.4049622017428,76.9720193510433,79.8379050524423,76.6117971296115,80.1981272738741,75.9635157793027,80.8464086241829
"2019.016",78.4049622017428,76.6014463739047,80.2084780295809,76.1480671776763,80.6618572258093,75.3321339563316,81.477790447154
"2019.024",78.4049622017428,76.2949827067821,80.5149416967034,75.7645627388962,81.0453616645894,74.8099815038881,81.9999428995975
"2019.032",78.4049622017428,76.0277037814093,80.7822206220762,75.43009354966,81.3798308538256,74.3545919705047,82.4553324329809
"2019.040",78.4049622017428,75.7875776818569,81.0223467216286,75.1296030350423,81.6803213684433,73.9454653913111,82.8644590121745
"2019.048",78.4049622017428,75.5677019294326,81.242222474053,74.8544535276746,81.955470875811,73.5708413308499,83.2390830726357
