"","Point Forecast","Lo 75","Hi 75","Lo 85","Hi 85","Lo 95","Hi 95"
"2019.000",43.330002,42.6093302839036,44.0506737160964,42.428163277579,44.231840722421,42.102122338115,44.557881661885
"2019.008",43.330002,42.3108182850777,44.3491857149223,42.054609447679,44.605394552321,41.5935179292002,45.0664860707998
"2019.016",43.330002,42.0817619721431,44.5782420278569,41.7679715125339,44.8920324874661,41.2032520400347,45.4567519599653
"2019.024",43.330002,41.8886585678071,44.7713454321929,41.5263245551581,45.1336794448419,40.87424267623,45.78576132377
"2019.032",43.330002,41.7185310533469,44.9414729466531,41.3134293119252,45.3465746880748,40.5843796078357,46.0756243921643
"2019.040",43.330002,41.5647240235078,45.0952799764922,41.1209572997852,45.5390467002148,40.3223233628406,46.3376806371594
"2019.048",43.330002,41.4232838622907,45.2367201377093,40.9439610177859,45.7160429822141,40.0813377747382,46.5786662252618
