"","Point Forecast","Lo 75","Hi 75","Lo 85","Hi 85","Lo 95","Hi 95"
"2019.000",43.013116712197,42.3192693957471,43.7069640286469,42.1448456763753,43.8813877480186,41.8309404323548,44.1952929920391
"2019.008",42.9670838637349,41.9787321545971,43.9554355728727,41.7302740614863,44.2038936659835,41.2831313298226,44.6510363976472
"2019.016",42.91710027558,41.731241580506,44.1029589706541,41.4331329342084,44.4010676169517,40.8966355604696,44.9375649906904
"2019.024",42.9949356048264,41.6290080354475,44.3608631742053,41.2856325385695,44.7042386710833,40.6676697435644,45.3222014660884
"2019.031",42.9916692213513,41.4522627714741,44.5310756712286,41.0652770582681,44.9180613844346,40.3688302379966,45.614508204706
"2019.039",42.9183883486929,41.2407898378525,44.5959868595334,40.8190645318149,45.017712165571,40.0600978868069,45.776678810579
"2019.047",42.9702474010385,41.1658901590088,44.7746046430683,40.7122994427682,45.2281953593088,39.895985555071,46.044509247006
