"","Point Forecast","Lo 75","Hi 75","Lo 85","Hi 85","Lo 95","Hi 95"
"2019.000",42.8486636123149,42.1521450908912,43.5451821337386,41.9770498671471,43.7202773574827,41.6619361364333,44.0353910881965
"2019.008",42.9365317914756,41.937587236885,43.9354763460661,41.6864662474009,44.1865973355502,41.2345311793573,44.6385324035938
"2019.016",42.9268701905494,41.7261378583491,44.1276025227496,41.4242901832383,44.4294501978604,40.8810637891793,44.9726765919194
"2019.024",42.8482695870873,41.4678726747374,44.2286664994372,41.1208597830637,44.5756793911109,40.4963508754939,45.2001882986806
"2019.032",42.9107666003634,41.3542066407286,44.4673265599981,40.9629087699323,44.8586244307944,40.258701486316,45.5628317144107
"2019.040",42.9446699530429,41.24641718188,44.6429227242059,40.8194996774711,45.0698402286147,40.0511887855764,45.8381511205094
"2019.048",42.8611993476963,41.0358687316129,44.6865299637797,40.5770055961765,45.1453930992161,39.751203090531,45.9711956048615
