"","Point Forecast","Lo 75","Hi 75","Lo 85","Hi 85","Lo 95","Hi 95"
"2019.000",124.508229116397,122.53712683575,126.479331397043,122.041618698871,126.974839533922,121.149867260584,127.866590972209
"2019.008",124.016705318981,121.16203774621,126.871372891751,120.444413387353,127.588997250609,119.152925909081,128.880484728881
"2019.016",123.581386960794,120.150860049167,127.011913872421,119.288472533723,127.874301387866,117.73645905499,129.426314866599
"2019.024",123.190366044706,119.352853756354,127.027878333059,118.388155687197,127.992576402216,116.652016910339,129.728715179073
"2019.032",122.838316319875,118.699563787721,126.977068852029,117.659138044041,128.017494595709,115.786714395862,129.889918243888
"2019.040",122.521233166135,118.153268823471,126.889197508799,117.055222367618,127.987243964651,115.079100416362,129.963365915907
"2019.048",122.235625894521,117.690172713557,126.781079075485,116.547507992866,127.923743796176,114.49108786105,129.980163927993
