"","Point Forecast","Lo 75","Hi 75","Lo 85","Hi 85","Lo 95","Hi 95"
"2019.000",123.718426475213,121.755103038909,125.681749911517,121.261550397036,126.17530255339,120.373318205669,127.063534744756
"2019.008",123.299674016363,120.455471029322,126.143877003403,119.740477324098,126.858870708627,118.453724155896,128.145623876829
"2019.016",122.929039455053,119.51140749305,126.346671417057,118.652261591461,127.205817318646,117.10608194996,128.751996960147
"2019.024",122.596450054685,118.774223111476,126.418676997895,117.813367568893,127.379532540478,116.084144074236,129.108756035135
"2019.032",122.297315314869,118.176143514909,126.418487114828,117.140137326694,127.454493303043,115.275667422659,129.318963207079
"2019.040",122.028168158392,117.679934745539,126.376401571245,116.586848375404,127.46948794138,114.61965294471,129.436683372074
"2019.048",121.785987271406,117.262243947564,126.309730595248,116.125036787832,127.44693775498,114.078438468158,129.493536074654
