"","Point Forecast","Lo 75","Hi 75","Lo 85","Hi 85","Lo 95","Hi 95"
"2019.000",64.2140355703417,63.3845201637454,65.043550976938,63.1759913432623,65.2520797974211,62.8007081506161,65.6273629900674
"2019.008",63.9209617142417,62.6715334682662,65.1703899602171,62.3574443068839,65.4844791215994,61.7921872695782,66.0497361589051
"2019.016",63.6705412442979,62.1878293019308,65.1532531866651,61.8150958119927,65.5259866766031,61.1442982992744,66.1967841893214
"2019.024",63.4565664715177,61.8244582157184,65.088674727317,61.4141685372191,65.4989644058162,60.6757822551681,66.2373506878673
"2019.031",63.2737331616184,61.5406646423237,65.006801680913,61.1049949353224,65.4424713879144,60.3209329615197,66.2265333617171
"2019.039",63.1175090480259,61.3142954908971,64.9207226051548,60.8609922813882,65.3740258146637,60.0451958111103,66.1898222849415
"2019.047",62.9840214812298,61.1312711803593,64.8367717821002,60.6655151114329,65.3025278510267,59.8273075958666,66.1407353665929
