"","Point Forecast","Lo 75","Hi 75","Lo 85","Hi 85","Lo 95","Hi 95"
"2019.000",63.8102573595443,62.9793341010929,64.6411806179958,62.7704513659212,64.8500633531675,62.3945312434063,65.2259834756824
"2019.008",63.5668190875299,62.3207655149826,64.8128726600772,62.0075247003144,65.1261134747454,61.4437944076697,65.6898437673901
"2019.016",63.3593479758955,61.8832355018296,64.8354604499614,61.5121610279022,65.2065349238887,60.8443491975645,65.8743467542265
"2019.024",63.1825300014388,61.5596368638953,64.8054231389824,61.1516637400076,65.2133962628701,60.4174464932416,65.947613509636
"2019.032",63.0318362694553,61.3101587275535,64.7535138113571,60.877352556372,65.1863199825386,60.0984440038673,65.9652285350434
"2019.040",62.9034070137256,61.1133934009445,64.6934206265066,60.6634084767904,65.1434055506607,59.8535838271903,65.9532302002608
"2019.048",62.7939527351023,60.9558963331037,64.6320091371009,60.4938341092531,65.0940713609515,59.6622742981625,65.9256311720421
