"","Point Forecast","Lo 75","Hi 75","Lo 85","Hi 85","Lo 95","Hi 95"
"2019.000",142.690002,140.277993610567,145.102010389433,139.671647712173,145.708356287827,138.58042481037,146.79957918963
"2019.008",142.690002,139.278907023105,146.101096976894,138.421404430108,146.958599569892,136.878182202806,148.501821797194
"2019.016",142.690002,138.512280921219,146.867723078781,137.46205901824,147.91794498176,135.572005509935,149.807998490065
"2019.024",142.690002,137.865985221133,147.514018778867,136.653293424346,148.726710575654,134.47084762074,150.90915637926
"2019.032",142.690002,137.296587278927,148.083416721073,135.940756632241,149.439247367759,133.500708045205,151.879295954795
"2019.040",142.690002,136.781812190576,148.598191809424,135.296574131882,150.083429868118,132.623634826826,152.756369173174
"2019.048",142.690002,136.308427641358,149.071576358642,134.704187185724,150.675816814276,131.817082762616,153.562921237384
