"","Point Forecast","Lo 75","Hi 75","Lo 85","Hi 85","Lo 95","Hi 95"
"2019.000",142.740005,140.337658508717,145.142351491283,139.733741479285,145.746268520715,138.646889741605,146.833120258395
"2019.008",142.740005,139.342574010508,146.137435989492,138.488506356938,146.991503643062,136.951465889222,148.528544110778
"2019.016",142.740005,138.579018819712,146.900991180288,137.533003841181,147.947006158819,135.650521411225,149.829488588775
"2019.024",142.740005,137.935312017433,147.544697982567,136.727477958571,148.752532041429,134.553774483211,150.926235516789
"2019.032",142.740005,137.368194939982,148.111815060018,136.017795409404,149.462214590596,133.587521042488,151.892488957512
"2019.040",142.740005,136.85548191099,148.62452808901,135.376193341906,150.103816658094,132.713961158533,152.766048841467
"2019.048",142.740005,136.383993621055,149.096016378945,134.786179348664,150.693830651336,131.910639938764,153.569370061236
