"","Point Forecast","Lo 75","Hi 75","Lo 85","Hi 85","Lo 95","Hi 95"
"2019.000",99.449997,97.8103822753528,101.089611724647,97.3982055733186,101.501788426681,96.6564232704434,102.243570729557
"2019.008",99.449997,97.1312316193372,101.768762380663,96.5483257372263,102.351668262774,95.4992871441718,103.400706855828
"2019.016",99.449997,96.6101009920729,102.289893007927,95.8961900024535,103.003803997546,94.6113853657183,104.288608634282
"2019.024",99.449997,96.1707675507055,102.729226449294,95.3464141466371,103.553579853363,93.8628495408868,105.037144459113
"2019.032",99.449997,95.7837070187792,103.116286981221,94.8620518942891,104.037942105711,93.2033762405538,105.696617759446
"2019.040",99.449997,95.4337775498603,103.46621645014,94.4241549460134,104.475839053987,92.6071668037425,106.292827196257
"2019.048",99.449997,95.1119841926238,103.788009807376,94.0214671428265,104.878526857173,92.05889564247,106.84109835753
