"","Point Forecast","Lo 75","Hi 75","Lo 85","Hi 85","Lo 95","Hi 95"
"2019.000",98.529999,96.8941843273768,100.165813672623,96.482962906414,100.577035093586,95.7428997948214,101.317098205179
"2019.008",98.529999,96.2166077044474,100.843390295553,95.6350527937834,101.424945206217,94.5884455043572,102.471552495643
"2019.016",98.529999,95.69668487525,101.36331312475,94.9844284809817,102.075569519018,93.7026015708959,103.357396429104
"2019.024",98.529999,95.2583696547536,101.801628345246,94.435926812828,102.624071187172,92.9558005896429,104.104197410357
"2019.031",98.529999,94.872206193423,102.187791806577,93.9526871423461,103.107310857654,92.2978557171851,104.762142282815
"2019.039",98.529999,94.5230877383153,102.536910261685,93.5158050856542,103.544192914346,91.7030280847959,105.356969915204
"2019.047",98.529999,94.2020401852485,102.857957814752,93.1140505715983,103.945947428402,91.1560276238317,105.903970376168
