"","Point Forecast","Lo 75","Hi 75","Lo 85","Hi 85","Lo 95","Hi 95"
"2019.000",99.959999,98.3146294913758,101.605368508624,97.9010061154096,102.01899188459,97.1566202759555,102.763377724045
"2019.008",99.959999,97.6330951257884,102.286902874212,97.0481433377826,102.871854662217,95.9954227879881,103.924575212012
"2019.016",99.959999,97.1101354138382,102.809862586162,96.3937187114667,103.526279288533,95.1044046170973,104.815593382903
"2019.024",99.959999,96.6692599827515,103.250738017248,95.8420132308193,104.077984769181,94.353241551911,105.566756448089
"2019.032",99.959999,96.2808409306108,103.639157069389,95.3559509448676,104.564047055132,93.6914536063599,106.22854439364
"2019.040",99.959999,95.9296832655367,103.990314734463,94.9165170487323,105.003480951268,93.0931515703164,106.826846429684
"2019.048",99.959999,95.6067604653717,104.313237534628,94.5124158761224,105.407582123878,92.5429560654487,107.377041934551
