"","Point Forecast","Lo 75","Hi 75","Lo 85","Hi 85","Lo 95","Hi 95"
"2019.000",68.8719716452487,67.7059871977766,70.0379560927207,67.4128746653275,70.3310686251698,66.8853686509201,70.8585746395773
"2019.008",68.8719716452487,67.3558508093611,70.3880924811363,66.9747187808256,70.7692245096718,66.2888066649023,71.4551366255951
"2019.016",68.8719716452487,67.072603687804,70.6713396026933,66.6202672094249,71.1236760810725,65.8062105367634,71.9377327537339
"2019.024",68.8719716452487,66.8282427729311,70.9157005175662,66.3144773048727,71.4294659856247,65.3898686839746,72.3540746065227
"2019.031",68.8719716452487,66.6101293959284,71.133813894569,66.0415332099878,71.7024100805096,65.0182473567809,72.7256959337164
"2019.039",68.8719716452487,66.4112739762783,71.332669314219,65.7926882593699,71.9512550311274,64.6794377157331,73.0645055747642
"2019.047",68.8719716452487,66.2273288195835,71.5166144709138,65.5625018077527,72.1814414827446,64.3660321639916,73.3779111265058
