"","Point Forecast","Lo 75","Hi 75","Lo 85","Hi 85","Lo 95","Hi 95"
"2019.000",69.0484782252587,67.8754253957046,70.2215310548127,67.5805359687378,70.5164204817795,67.0498321294636,71.0471243210537
"2019.008",69.0484782252587,67.5226979220104,70.5742585285069,67.1391376355798,70.9578188149376,66.4488554552532,71.6481009952642
"2019.016",69.0484782252587,67.2374127580169,70.8595436925005,66.7821356857666,71.3148207647507,65.9627869126959,72.1341695378214
"2019.024",69.0484782252587,66.9913173857784,71.105639064739,66.4741753050049,71.6227811455125,65.5434898933923,72.553466557125
"2019.032",69.0484782252587,66.7716683271014,71.3252881234159,66.1993094790902,71.8976469714271,65.1692520734839,72.9277043770335
"2019.040",69.0484782252587,66.5714203120878,71.5255361384295,65.9487218536935,72.1482345968239,64.8280697300171,73.2688867205003
"2019.048",69.0484782252587,66.386191896169,71.7107645543484,65.7169295490459,72.3800269014714,64.5124777626483,73.5844786878691
