"","Point Forecast","Lo 75","Hi 75","Lo 85","Hi 85","Lo 95","Hi 95"
"2019.000",69.3748255539019,68.2058114549224,70.5438396528814,67.9119373095481,70.8377137982557,67.3830606427316,71.3665904650721
"2019.008",69.3748255539019,67.8532058382434,70.8964452695604,67.4706914665911,71.2789596412127,66.7822915883671,71.9673595194367
"2019.016",69.3748255539019,67.5681548161778,71.1814962916259,67.1139825187822,71.6356685890216,66.2966219765642,72.4530291312395
"2019.024",69.3748255539019,67.3223169059259,71.4273342018779,66.8063443224268,71.943306785377,65.8777636207047,72.8718874870991
"2019.032",69.3748255539019,67.1029267125174,71.6467243952863,66.5318024369663,72.2178486708375,65.5039668551504,73.2456842526533
"2019.040",69.3748255539019,66.9029321619952,71.8467189458085,66.2815319935652,72.4681191142386,65.1632163641999,73.5864347436039
"2019.048",69.3748255539019,66.7179496560814,72.0317014517224,66.0500474173323,72.6996036904714,64.8480433780219,73.9016077297819
