"","Point Forecast","Lo 75","Hi 75","Lo 85","Hi 85","Lo 95","Hi 95"
"2019.000",122.43,120.259408137661,124.600591862339,119.713751050157,125.146248949843,118.731748018564,126.128251981436
"2019.008",122.43,119.360319549904,125.499680450096,118.58864389635,126.27135610365,117.19988189078,127.66011810922
"2019.016",122.43,118.670424611934,126.189575388066,117.725318812865,127.134681187135,116.02443966896,128.83556033104
"2019.024",122.43,118.088816275323,126.771183724677,116.997502100313,127.862497899687,115.033496037128,129.826503962872
"2019.031",122.43,117.576409044403,127.283590955597,116.356282704338,128.503717295662,114.160457171585,130.699542828415
"2019.039",122.43,117.113157497433,127.746842502567,115.776576058513,129.083423941487,113.371169705244,131.488830294756
"2019.047",122.43,116.687153734431,128.172846265569,115.243480779774,129.616519220226,112.645344971468,132.214655028532
