"","Point Forecast","Lo 75","Hi 75","Lo 85","Hi 85","Lo 95","Hi 95"
"2019.000",122.400002,120.22074725156,124.57925674844,119.67291243305,125.12709156695,118.686990202937,126.113013797063
"2019.008",122.400002,119.31807037889,125.48193362111,118.543314948613,126.256689051387,117.149010359343,127.650993640657
"2019.016",122.400002,118.625422053067,126.174581946933,117.676544313251,127.123459686749,115.968876918385,128.831127081615
"2019.024",122.400002,118.04149250312,126.75851149688,116.945822866099,127.854181133901,114.973978405875,129.826025594125
"2019.032",122.400002,117.527040242199,127.272963757801,116.302044347569,128.497959652431,114.097455220509,130.702548779491
"2019.040",122.400002,117.061939846785,127.738064153215,115.720024078104,129.079979921896,113.305017688262,131.494986311738
"2019.048",122.400002,116.634235892172,128.165768107828,115.184801202851,129.615202797149,112.576296169923,132.223707830077
