"","Point Forecast","Lo 75","Hi 75","Lo 85","Hi 85","Lo 95","Hi 95"
"2019.000",8.99,7.78175643592553,10.1982435640745,7.47802053992021,10.5019794600798,6.93139597018411,11.0486040298159
"2019.005",8.99,7.28128556503588,10.6987144349641,6.85173814152561,11.1282618584744,6.07869426147845,11.9013057385215
"2019.011",8.99,6.89726075910492,11.0827392408951,6.37117475514124,11.6088252448588,5.42439322769283,12.5556067723072
"2019.016",8.99,6.57351287185107,11.4064871281489,5.96604107984042,12.0139589201596,4.87279194036821,13.1072080596318
"2019.022",8.99,6.28828525735287,11.6917147426471,5.60911114667816,12.3708888533218,4.38682145057666,13.5931785494233
"2019.027",8.99,6.0304197830158,11.9495802169842,5.2864218212357,12.6935781787643,3.94747054451385,14.0325294554862
"2019.033",8.99,5.79328800626463,12.1867119937354,4.98967836119116,12.9903216388088,3.54344568915175,14.4365543108483
