"","Point Forecast","Lo 75","Hi 75","Lo 85","Hi 85","Lo 95","Hi 95"
"2019.000",8.63,7.42486155508562,9.83513844491438,7.12190624354052,10.1380937564595,6.57668646872767,10.6833135312723
"2019.005",8.63,6.92567686666486,10.3343231333351,6.49723335628482,10.7627666437152,5.72617615627048,11.5338238437295
"2019.011",8.63,6.54263898325374,10.7173610167463,6.01790499123478,11.2420950087652,5.07355663996766,12.1864433600323
"2019.016",8.63,6.21972311017123,11.0402768898288,5.61381248708105,11.646187512919,4.52337293745534,12.7366270625447
"2019.022",8.63,5.93522851487305,11.3247714851269,5.2577998441136,12.0022001558864,4.03865136495493,13.2213486350451
"2019.027",8.63,5.67802574054855,11.5819742594515,4.93593981239716,12.3240601876028,3.60042956643052,13.6595704335695
"2019.032",8.63,5.44150337935343,11.8184966206466,4.63995896663902,12.620041033361,3.19744303260957,14.0625569673904
