"","Point Forecast","Lo 75","Hi 75","Lo 85","Hi 85","Lo 95","Hi 95"
"2019.000",8.01,6.80056855225834,9.21943144774166,6.49653403855644,9.52346596144356,5.94937205532376,10.0706279446762
"2019.005",8.01,6.29960564384321,9.72039435615679,5.86963591113648,10.1503640888635,5.09583201363387,10.9241679863661
"2019.011",8.01,5.91520328423986,10.1047967157601,5.38860005925367,10.6313999407463,4.44088770432453,11.5791122956755
"2019.016",8.01,5.59113710451668,10.4288628954833,4.98306807711287,11.0369319228871,3.88874411064753,12.1312558893525
"2019.022",8.01,5.30562906872366,10.7143709312763,4.62578722858012,11.3942127714199,3.40229583936826,12.6177041606317
"2019.027",8.01,5.04751007415739,10.9724899258426,4.30278065139251,11.7172193486075,2.96251298582318,13.0574870141768
"2019.033",8.01,4.81014516149475,11.2098548385052,4.00574544825906,12.0142545517409,2.55809091375652,13.4619090862435
