"","Point Forecast","Lo 75","Hi 75","Lo 85","Hi 85","Lo 95","Hi 95"
"2019.000",7.42,6.20134506213977,8.63865493786023,5.8949918892546,8.9450081107454,5.3436570832009,9.4963429167991
"2019.006",7.42,5.69656165902512,9.14343834097488,5.26331284705489,9.57668715294511,4.48360768692541,10.3563923130746
"2019.011",7.42,5.30922773073138,9.53077226926862,4.77860847023435,10.0613915297657,3.82366857416821,11.0163314258318
"2019.017",7.42,4.98269012427954,9.85730987572046,4.36998377850921,10.4700162214908,3.26731416640181,11.5726858335982
"2019.022",7.42,4.69500471782874,10.1449952821713,4.00997819813477,10.8300218018652,2.77715609343703,12.062843906563
"2019.028",7.42,4.43491722971929,10.4050827702807,3.684508275068,11.155491724932,2.33401932280011,12.5059806771999
"2019.033",7.42,4.19574210042095,10.644257899579,3.38520779161123,11.4547922083888,1.92651300565912,12.9134869943409
