"","Point Forecast","Lo 75","Hi 75","Lo 85","Hi 85","Lo 95","Hi 95"
"2019.000",9.26,8.05435411162998,10.46564588837,7.75127123574501,10.768728764255,7.20582188713689,11.3141781128631
"2019.005",9.26,7.55495923324776,10.9650407667522,7.12633531964819,11.3936646803518,6.35495345325903,12.165046546741
"2019.011",9.26,7.17176006540662,11.3482399345934,6.64680512546974,11.8731948745303,5.70205914072515,12.8179408592749
"2019.016",9.26,6.84870822325997,11.67129177674,6.24254247149001,12.27745752851,5.15164377427379,13.3683562257262
"2019.022",9.26,6.56409383681152,11.9559061631885,5.88637992351658,12.6336200764834,4.66671810174586,13.8532818982541
"2019.027",9.26,6.30678276300893,12.2132172369911,5.56438436731545,12.9556156326845,4.22831178269212,14.2916882173079
"2019.032",9.26,6.0701608101654,12.4498391898346,5.26827889393149,13.2517211060685,3.82515556473225,14.6948444352677
