"","Point Forecast","Lo 75","Hi 75","Lo 85","Hi 85","Lo 95","Hi 95"
"2019.000",63.689999,62.8744979282845,64.5055000717155,62.6694921197904,64.7105058802096,62.3005491883316,65.0794488116684
"2019.008",63.689999,62.5367063242501,64.8432916757499,62.2467843295125,65.1332136704875,61.7250202321018,65.6549777678981
"2019.016",63.689999,62.2775097101618,65.1024882898382,61.9224292340034,65.4575687659966,61.2834013316234,66.0965966683766
"2019.024",63.689999,62.0589968565689,65.3210011434311,61.6489852395808,65.7310127604192,60.9110993766633,66.4688986233367
"2019.032",63.689999,61.8664831679201,65.5135148320799,61.4080762443451,65.9719217556549,60.5830947697852,66.7969032302148
"2019.040",63.689999,61.6924374896041,65.6875605103959,61.1902778644869,66.1897201355131,60.2865559382063,67.0934420617937
"2019.048",63.689999,61.532385970334,65.847612029666,60.989991583735,66.390006416265,60.01386033912,67.36613766088
