"","Point Forecast","Lo 75","Hi 75","Lo 85","Hi 85","Lo 95","Hi 95"
"2019.000",63.599998,62.7905713104614,64.4094246895386,62.5870925185127,64.6129034814873,62.2208977138742,64.9790982861258
"2019.008",63.599998,62.4552957979077,64.7447002020923,62.1675333306786,65.0324626693214,61.6496556714882,65.5503403285118
"2019.016",63.599998,62.1980298487168,65.0019661512832,61.8455942427989,65.3544017572011,61.2113262356973,65.9886697643027
"2019.024",63.599998,61.9811446209227,65.2188513790773,61.5741870370254,65.6258089629746,60.8417974277484,66.3581985722516
"2019.031",63.599998,61.790064899389,65.409931100611,61.3350724886122,65.8649235113878,60.5162360124333,66.6837599875667
"2019.039",63.599998,61.6173156264402,65.5826803735598,61.118896412688,66.0810995873121,60.2219059948655,66.9780900051345
"2019.047",63.599998,61.4584562749425,65.7415397250575,60.9201019943704,66.2798940056296,59.9512416098931,67.2487543901069
