"","Point Forecast","Lo 75","Hi 75","Lo 85","Hi 85","Lo 95","Hi 95"
"2019.000",63.470001,62.6574531331879,64.2825488668121,62.4531897199891,64.4868122800109,62.0855828555351,64.8544191444649
"2019.008",63.470001,62.320884786677,64.619117213323,62.0320126974346,64.9079893025654,61.5121380841023,65.4278639158977
"2019.016",63.470001,62.0626268110998,64.8773751889002,61.7088322013119,65.2311697986881,61.0721184348665,65.8678835651335
"2019.024",63.470001,61.8449052663758,65.0950967336242,61.4363784399781,65.5036235600219,60.7011647110701,66.2388372889299
"2019.032",63.470001,61.6530887348357,65.2869132651643,61.196341857607,65.743660142393,60.3743479196923,66.5656540803077
"2019.040",63.470001,61.4796733347234,65.4603286652766,60.979332199267,65.960669800733,60.0788829554102,66.8611190445898
"2019.048",63.470001,61.3202014160792,65.6198005839208,60.7797712228058,66.1602307771942,59.8071748792203,67.1328271207797
