"","Point Forecast","Lo 75","Hi 75","Lo 85","Hi 85","Lo 95","Hi 95"
"2019.000",54.5,53.1320042778603,55.8679957221397,52.7881088756829,56.2118911243171,52.1692104223828,56.8307895776172
"2019.008",54.5,52.5653618964816,56.4346381035184,52.0790203546847,56.9209796453153,51.2037657682959,57.7962342317041
"2019.016",54.5,52.1305619047171,56.8694380952829,51.5349175956566,57.4650824043434,50.4629540298151,58.5370459701849
"2019.024",54.5,51.7640085557205,57.2359914442795,51.0762177513658,57.9237822486342,49.8384208447657,59.1615791552343
"2019.031",54.5,51.4410685723666,57.5589314276334,50.6720950759485,58.3279049240515,49.2881960632,59.7118039368
"2019.039",54.5,51.1491085104474,57.8508914895526,50.3067402502237,58.6932597497763,48.7907548370408,60.2092451629592
"2019.047",54.5,50.880623524618,58.119376475382,49.9707618134382,59.0292381865618,48.3333104192037,60.6666895807963
