"","Point Forecast","Lo 75","Hi 75","Lo 85","Hi 85","Lo 95","Hi 95"
"2019.000",54.450001,53.076553829868,55.823448170132,52.7312880082738,56.1687139917262,52.1099232514056,56.7900787485944
"2019.008",54.450001,52.5076533847963,56.3923486152037,52.019373777274,56.880628222726,51.1406313109303,57.7593706890697
"2019.016",54.450001,52.0711207198196,56.8288812801804,51.4731027747015,57.4268992252985,50.3968674457731,58.5031345542269
"2019.024",54.450001,51.7031066597359,57.1968953402641,51.0125750165476,57.8874269834524,49.7698455028112,59.1301564971888
"2019.032",54.450001,51.3788797640801,57.5211222359199,50.6068419166882,58.2931600833118,49.2174280815083,59.6825739184917
"2019.040",54.450001,51.085756244507,57.814245755493,50.2400311559785,58.6599708440215,48.7180045575029,60.1819974424971
"2019.048",54.450001,50.8162013489452,58.0838006510548,49.9027138487967,58.9972881512033,48.2587372286633,60.6412647713367
