"","Point Forecast","Lo 75","Hi 75","Lo 85","Hi 85","Lo 95","Hi 95"
"2019.000",55.18,53.803089437232,56.556910562768,53.4569529661291,56.9030470338709,52.8340213269156,57.5259786730844
"2019.008",55.18,53.2327544079588,57.1272455920412,52.7432435160931,57.6167564839069,51.862285143486,58.497714856514
"2019.016",55.18,52.7951209478076,57.5648790521924,52.1955949935048,58.1644050064952,51.1166457447448,59.2433542552552
"2019.024",55.18,52.4261788744641,57.9338211255359,51.7339059322583,58.6260940677417,50.4880426538312,59.8719573461688
"2019.032",55.18,52.1011343827133,58.2588656172867,51.3271497038354,59.0328502961646,49.9342322132185,60.4257677867815
"2019.040",55.18,51.8072716997701,58.5527283002299,50.9594139642003,59.4005860357997,49.4335493034916,60.9264506965084
"2019.048",55.18,51.537037073338,58.822962926662,50.6212460511102,59.7387539488898,48.9731238499573,61.3868761500427
