"","Point Forecast","Lo 75","Hi 75","Lo 85","Hi 85","Lo 95","Hi 95"
"2019.000",58.7882083772555,57.9831395480692,59.5932772064419,57.7807562625715,59.7956604919396,57.416533008712,60.1598837457991
"2019.008",58.7035072687817,57.4484033794713,59.9586111580921,57.1328874390314,60.2741270985321,56.5650626693675,60.8419518681959
"2019.016",58.6613702473393,57.1304424270072,60.1922980676715,56.7455881252305,60.5771523694482,56.0529771434975,61.2697633511811
"2019.024",58.7838682464181,57.0311940079984,60.5365424848379,56.5905956915325,60.9771408013037,55.7976638440555,61.7700726487807
"2019.032",58.6663942717635,56.6710528384143,60.6617357051126,56.1694513102827,61.1633372332442,55.2667337747528,62.0660547687741
"2019.040",58.711117441021,56.5430014639569,60.8792334180851,55.9979667801252,61.4242681019168,55.0170838701397,62.4051510119023
"2019.048",58.752713068244,56.40662263161,61.0988035048781,55.8168476043981,61.68857853209,54.7554468126882,62.7499793237999
