"","Point Forecast","Lo 75","Hi 75","Lo 85","Hi 85","Lo 95","Hi 95"
"2019.000",59.553174626403,58.7523165912391,60.3540326615669,58.5509918417298,60.5553574110763,58.1886736039939,60.9176756488121
"2019.008",59.6140440199877,58.3644893357511,60.8635987042242,58.0503683895204,61.1777196504549,57.4850541499567,61.7430338900187
"2019.016",59.5110889548503,57.9860137238372,61.0361641858635,57.6026306829168,61.4195472267838,56.9126674861285,62.1095104235722
"2019.024",59.5888895585373,57.8432404587836,61.334538658291,57.4044081660325,61.7733709510421,56.6146545795575,62.563124537517
"2019.031",59.5770043011587,57.5894716728278,61.5645369294896,57.0898331714066,62.0641754309108,56.1906484373832,62.9633601649343
"2019.039",59.5277007848583,57.3678187754693,61.6875827942474,56.8248539984211,62.2305475712955,55.84769623887,63.2077053308466
"2019.047",59.598751824788,57.2616980619411,61.9358055876349,56.6741947308435,62.5233089187324,55.616882243899,63.580621405677
