"","Point Forecast","Lo 75","Hi 75","Lo 85","Hi 85","Lo 95","Hi 95"
"2019.000",58.9779708843585,58.1756188737332,59.7803228949838,57.9739185592394,59.9820232094776,57.6109244282333,60.3450173404837
"2019.008",58.9078952321648,57.6559132599297,60.1598772044,57.3411821267159,60.4746083376137,56.7747697515632,61.0410207127664
"2019.016",59.0293925246001,57.5027335395486,60.5560515096517,57.1189523645382,60.939832684662,56.4282726575233,61.6305123916769
"2019.024",58.9366563594745,57.1888066683727,60.6845060505764,56.7494211770739,61.1238915418752,55.9586720154231,61.914640703526
"2019.032",58.9513382261404,56.9614368279344,60.9412396243465,56.4612028501856,61.4414736020953,55.5609464549074,62.3417299973734
"2019.040",59.0096447162855,56.8474720974864,61.1718173350846,56.3039314925818,61.7153579399892,55.3257374325525,62.6935520000185
"2019.048",58.9252887986071,56.5856639088316,61.2649136883825,55.9975142316127,61.8530633656015,54.9390385345399,62.9115390626742
