"","Point Forecast","Lo 75","Hi 75","Lo 85","Hi 85","Lo 95","Hi 95"
"2019.000",79.910004,78.3809171516859,81.4390908483141,77.9965256450791,81.8234823549209,77.3047475422186,82.5152604577814
"2019.008",79.910004,77.7475486410679,82.0724593589321,77.2039369591635,82.6160710408365,76.2256149839455,83.5943930160545
"2019.016",79.910004,77.2615478895347,82.5584601104653,76.5957622700937,83.2242457299063,75.3975674483757,84.4224405516243
"2019.024",79.910004,76.8518303033719,82.9681776966281,76.0830472901582,83.7369607098418,74.6994910844373,85.1205169155627
"2019.031",79.910004,76.4908618636689,83.3291461363311,75.6313363249224,84.1886716750776,74.0844734615805,85.7355345384195
"2019.039",79.910004,76.1645214492301,83.6554865507699,75.2229583965836,84.5970496034164,73.5284550293449,86.2915529706551
"2019.047",79.910004,75.8644204663415,83.9555875336585,74.8474161337743,84.9725918662257,73.0171433111654,86.8028646888346
