"","Point Forecast","Lo 75","Hi 75","Lo 85","Hi 85","Lo 95","Hi 95"
"2019.000",77.209999,75.6835703271782,78.7364276728218,75.2998470495103,79.1201509504897,74.609271538642,79.810726461358
"2019.008",77.209999,75.0513028689002,79.3686951310998,74.508636205424,79.911361794576,73.5320149521113,80.8879830478887
"2019.016",77.209999,74.5661469845426,79.8538510154574,73.901518771575,80.518479228425,72.7054069002883,81.7145910997117
"2019.024",77.209999,74.1571416543563,80.2628563456437,73.3896950990206,81.0303029009794,72.0085440772839,82.411453922716
"2019.032",77.209999,73.7968007247656,80.6231972752344,72.9387693913512,81.4812286086488,71.394595605453,83.025402394547
"2019.040",77.209999,73.4710276228328,80.9489703771672,72.5311013901182,81.8888966098818,70.839543759629,83.580454240371
"2019.048",77.209999,73.171448337635,81.248549662365,72.1562119726593,82.2637860273407,70.3291209093903,84.0908770906097
