"","Point Forecast","Lo 75","Hi 75","Lo 85","Hi 85","Lo 95","Hi 95"
"2019.000",77.989998,76.4675705355519,79.5124254644481,76.0848531069087,79.8951428930913,75.3960877929831,80.5839082070169
"2019.008",77.989998,75.8369604320482,80.1430355679518,75.2957162539045,80.6842797460955,74.3216550056587,81.6583409943413
"2019.016",77.989998,75.3530762807377,80.6269197192623,74.6901902493856,81.2898057506144,73.4972137311753,82.4827822688247
"2019.024",77.989998,74.9451430711038,81.0348529288962,74.1797082138175,81.8002877861825,72.8021775859662,83.1778184140338
"2019.032",77.989998,74.5857466986814,81.3942493013186,73.7299645120614,82.2500314879386,72.1898384495797,83.7901575504203
"2019.040",77.989998,74.260827541703,81.719168458297,73.3233651258572,82.6566308741428,71.6362415542116,84.3437544457884
"2019.048",77.989998,73.9620335399357,82.0179624600643,72.9494584013358,83.0305375986642,71.1271566690013,84.8528393309987
