"","Point Forecast","Lo 75","Hi 75","Lo 85","Hi 85","Lo 95","Hi 95"
"2019.000",6.92,6.68559643528117,7.15440356471883,6.62667058715447,7.21332941284553,6.5206234692398,7.3193765307602
"2019.008",6.92,6.58850329970603,7.25149670029397,6.50516956611091,7.33483043388909,6.35519629370541,7.48480370629459
"2019.016",6.92,6.51400111643172,7.32599888356828,6.41193855359719,7.42806144640281,6.22825955737274,7.61174044262726
"2019.024",6.92,6.45119287056234,7.38880712943766,6.33334117430893,7.50665882569107,6.1212469384796,7.7187530615204
"2019.032",6.92,6.39585769512042,7.44414230487958,6.26409549307729,7.57590450692271,6.02696692860216,7.81303307139784
"2019.040",6.92,6.34583087254941,7.49416912745059,6.20149261197825,7.63850738802175,5.94173128439456,7.89826871560544
"2019.048",6.92,6.29982646132694,7.54017353867306,6.14392332139012,7.69607667860988,5.86334902013278,7.97665097986722
