"","Point Forecast","Lo 75","Hi 75","Lo 85","Hi 85","Lo 95","Hi 95"
"2019.000",7.26,7.02728885780958,7.49271114219042,6.96878846154405,7.55121153845595,6.86350701684621,7.65649298315379
"2019.008",7.26,6.93089674659897,7.58910325340103,6.84816469279606,7.67183530720393,6.69927424583814,7.82072575416186
"2019.016",7.26,6.85693247823881,7.66306752176119,6.755606819644,7.764393180356,6.57325400833308,7.94674599166692
"2019.024",7.26,6.79457771561916,7.72542228438084,6.6775769230881,7.84242307691189,6.46701403369241,8.05298596630759
"2019.032",7.26,6.7396420669406,7.7803579330594,6.60883120418021,7.91116879581979,6.37341473706644,8.14658526293356
"2019.040",7.26,6.68997644417321,7.83002355582679,6.54668032357205,7.97331967642795,6.28879450467928,8.23120549532072
"2019.048",7.26,6.64430419045036,7.87569580954964,6.48952669033304,8.03047330966696,6.21097816999294,8.30902183000706
