"","Point Forecast","Lo 75","Hi 75","Lo 85","Hi 85","Lo 95","Hi 95"
"2019.000",15.8439344374645,13.5892631615232,18.0986057134059,13.0224696601482,18.6653992147809,12.0024280453999,19.6854408295292
"2019.005",15.8535940258664,12.626947316173,19.0802407355598,11.8158124931938,19.891375558539,10.356036979531,21.3511510722018
"2019.011",15.8535940258664,12.0851456618198,19.622042389913,11.1378093180253,20.5693787337075,9.43291592829918,22.2742721234336
"2019.016",15.8535940258664,11.6119956059548,20.095192445778,10.5457158136404,21.1614722380924,8.62676339360117,23.0804246581317
"2019.022",15.8535940258664,11.1865702162949,20.5206178354379,10.0133443033854,21.6938437483474,7.90192409167555,23.8052639600573
"2019.027",15.8535940258664,10.7968099369006,20.9103781148322,9.52560362400456,22.1815844277283,7.23785096463352,24.4693370870993
"2019.033",15.8535940258664,10.4350130856452,21.2721749660876,9.07285599588976,22.6343320558431,6.62142189510269,25.0857661566301
