"","Point Forecast","Lo 75","Hi 75","Lo 85","Hi 85","Lo 95","Hi 95"
"2019.000",17.3749110423689,15.1594129382626,19.5904091464752,14.6024670361635,20.1473550485743,13.6001478565568,21.149674228181
"2019.005",17.3585968685718,14.2446142598277,20.4725794773158,13.461801649908,21.2553920872356,12.0529967911175,22.6641969460261
"2019.011",17.3221558633517,13.7191392726563,20.9251724540471,12.8133902125856,21.8309215141178,11.1833402357421,23.4609714909614
"2019.016",17.2878591061387,13.2643694133378,21.3113487989397,12.2529191699862,22.3227990422912,10.4326418785862,24.1430763336912
"2019.022",17.269493446502,12.7710195406208,21.7679673523832,11.6401647667275,22.8988221262764,9.60499864924441,24.9339882437596
"2019.027",17.2694124807847,12.2171920328273,22.321632928742,10.9471329568229,23.5916920047465,8.66144494598531,25.877380015584
"2019.032",17.2814299911907,11.640218396631,22.9226415857503,10.2220950072946,24.3407649750868,7.66994000117325,26.8929199812081
