"","Point Forecast","Lo 75","Hi 75","Lo 85","Hi 85","Lo 95","Hi 95"
"2019.000",17.4343001314832,15.2186322069611,19.6499680560053,14.6616436143336,20.2069566486327,13.659247605837,21.2093526571294
"2019.005",17.4078673858579,14.2937696557549,20.5219651159609,13.510928105901,21.3048066658147,12.1020711647613,22.7136636069545
"2019.011",17.3708867093762,13.7677818059806,20.9739916127719,12.8620105453057,21.8797628734468,11.2319206146869,23.5098528040656
"2019.016",17.3425954884266,13.318915703803,21.3662752730502,12.3074176739688,22.3777733028844,10.4870543826398,24.1981365942135
"2019.022",17.3320058577472,12.8331312501191,21.8308804653753,11.7021757452907,22.9618359702037,9.66682834530259,24.9971833701918
"2019.027",17.3375724523399,12.28470042601,22.3904444786698,11.0144775521202,23.6606673525596,8.72849475903995,25.9466501456399
"2019.032",17.3514401928871,11.7093494883428,22.9935308974314,10.2910051027878,24.4118752829865,7.73845237626357,26.9644280095107
