"","Point Forecast","Lo 75","Hi 75","Lo 85","Hi 85","Lo 95","Hi 95"
"2019.000",14.6916544859472,12.4200062746778,16.9633026972166,11.8489450041074,17.534363967787,10.8212228105048,18.5620861613896
"2019.006",14.6739843981316,11.4222800373567,17.9256887589066,10.6048460638342,18.7431227324291,9.13373415397756,20.2142346422857
"2019.011",14.6739843981316,10.8756778263943,18.4722909698689,9.92083553782541,19.4271332584379,8.20243391977736,21.1455348764859
"2019.017",14.6739843981316,10.3983926992059,18.9495760970574,9.32356746177874,20.0244013344846,7.38923605519447,21.9587327410688
"2019.022",14.6739843981316,9.96928080077898,19.3786879954843,8.78658270490622,20.5613860913571,6.65811568376487,22.6898531124984
"2019.028",14.6739843981316,9.57616255915343,19.7718062371099,8.29463991754626,21.053328878717,5.98832126443815,23.3596475318251
"2019.033",14.6739843981316,9.21126171937672,20.1367070768866,7.83800800067702,21.5099607955863,5.3666036227448,23.9813651735185
