"","Point Forecast","Lo 75","Hi 75","Lo 85","Hi 85","Lo 95","Hi 95"
"2019.000",16.0250441334936,13.781324459066,18.2687638079213,13.2172840404281,18.8328042265591,12.2021970678094,19.8478911991779
"2019.005",16.0382576834405,12.8279695740218,19.2485457928591,12.0209470792681,20.0555682876128,10.5685724019123,21.5079429649687
"2019.011",16.0382576834405,12.2888628329536,19.7876525339273,11.3463162817019,20.730199085179,9.65004294091397,22.4264724259669
"2019.016",16.0382576834405,11.818071224972,20.2584441419089,10.7571741067206,21.3193412601603,8.84790872707545,23.2286066398055
"2019.022",16.0382576834405,11.3947691517842,20.6817462150967,10.2274596856391,21.8490556812418,8.12668712937435,23.9498282375066
"2019.027",16.0382576834405,11.0069558893711,21.0695594775098,9.74215547666167,22.3343598902192,7.46593132768192,24.610584039199
"2019.032",16.0382576834405,10.6469675092439,21.429547857637,9.29167094456598,22.7848444223149,6.85258352923169,25.2239318376492
