"","Point Forecast","Lo 75","Hi 75","Lo 85","Hi 85","Lo 95","Hi 95"
"2019.000",61.7517926697924,60.6670210046571,62.8365643349277,60.3943242542106,63.1092610853743,59.9035599229553,63.6000254166296
"2019.008",61.474250012006,59.9675573829905,62.9809426410215,59.5887954766283,63.3597045473836,58.9071487999576,64.0413512240543
"2019.016",61.5208629789605,59.7773651451393,63.2643608127816,59.3390736512014,63.7026523067195,58.5502933244646,64.4914326334563
"2019.024",61.5887942035624,59.5396981716807,63.6378902354442,59.0245834731626,64.1530049339623,58.0975466818404,65.0800417252845
"2019.032",61.5311855980506,59.2106925257015,63.8516786703998,58.6273523255458,64.4350188705555,57.5775321030643,65.484839093037
"2019.040",61.530670853591,58.9925349544152,64.0688067527668,58.3544823262517,64.7068593809303,57.2061977542734,65.8551439529086
"2019.048",61.551420107821,58.7997008973627,64.3031393182794,58.1079563478406,64.9948838678014,56.8630440022048,66.2397962134373
