"","Point Forecast","Lo 75","Hi 75","Lo 85","Hi 85","Lo 95","Hi 95"
"2019.000",61.7242057280608,60.6440476232672,62.8043638328544,60.3725106587495,63.0759007973722,59.8838335601613,63.5645778959603
"2019.008",61.578815303098,60.0824973582381,63.075133247958,59.7063435054848,63.4512871007112,59.029390466282,64.1282401399141
"2019.016",61.6453799783217,59.9110790822659,63.3796808743775,59.475099572613,63.8156603840304,58.690480056079,64.6002799005644
"2019.024",61.681455251221,59.6443855970475,63.7185249053946,59.1322941652925,64.2306163371496,58.2106982583546,65.1522122440875
"2019.032",61.646040090217,59.3418644623641,63.9502157180699,58.7626262444344,64.5294539359997,57.7201882388686,65.5718919415655
"2019.040",61.6531472241605,59.1325810266314,64.1737134216896,58.4989451810031,64.8073492673179,57.3586093628097,65.9476850855113
"2019.048",61.6640786605138,58.9318141227299,64.3963431982977,58.2449602116618,65.0831971093658,57.0088494043882,66.3193079166395
