"","Point Forecast","Lo 75","Hi 75","Lo 85","Hi 85","Lo 95","Hi 95"
"2019.000",60.6421627421312,59.5615726405575,61.7227528437049,59.2899270779615,61.9943984063008,58.8010545386021,62.4832709456603
"2019.008",60.8489384729212,59.3552538850353,62.3426230608072,58.9797620221852,62.7181149236572,58.3040003467651,63.3938765990774
"2019.016",60.7112977849124,58.9794525476768,62.4431430221481,58.5440903570433,62.8785052127816,57.7605818114144,63.6620137584105
"2019.024",60.6717080945242,58.6382987420153,62.7051174470332,58.127127460004,63.2162887290445,57.2071875195301,64.1362286695183
"2019.031",60.7269786154676,58.4285584400324,63.0253987909029,57.8507670640715,63.6031901668638,56.8109328974956,64.6430243334397
"2019.039",60.7079315153939,58.193894742988,63.2219682877998,57.5619003054741,63.8539627253138,56.4245184812474,64.9913445495404
"2019.047",60.6943640612983,57.9695537018703,63.4191744207263,57.2845736692231,64.1041544533735,56.0518352258979,65.3368928966986
