"","Point Forecast","Lo 75","Hi 75","Lo 85","Hi 85","Lo 95","Hi 95"
"2019.000",60.9051188019256,59.8230812201288,61.9871563837224,59.551071780815,62.2591658230363,59.0615443832153,62.748693220636
"2019.008",61.0414019900407,59.5394450419084,62.5433589381729,59.1618736209078,62.9209303591735,58.4823694257716,63.6004345543098
"2019.016",60.9981406320959,59.2569287005033,62.7393525636884,58.8192118511009,63.1770694130908,58.0314656952543,63.9648155689374
"2019.024",60.9350528692515,58.8856600628723,62.9844456756307,58.3704707593073,63.4996349791957,57.4432997034735,64.4268060350295
"2019.032",60.9675613287658,58.6461075380559,63.2890151194756,58.0625258264526,63.8725968310789,57.0122709629135,64.922851694618
"2019.040",60.9682986106771,58.4277098885229,63.5088873328313,57.7890406542319,64.1475565671223,56.6396463943189,65.2969508270353
"2019.048",60.9524398178527,58.1966326761101,63.7082469595953,57.5038604766105,64.4010191590949,56.2570986994976,65.6477809362078
