"","Point Forecast","Lo 75","Hi 75","Lo 85","Hi 85","Lo 95","Hi 95"
"2019.000",473.119995,416.252416631255,529.987573368745,401.956685718163,544.283304281837,376.22907873392,570.01091126608
"2019.005",473.119995,392.697094411606,553.542895588394,372.479877870275,573.760112129725,336.095547145754,610.144442854246
"2019.011",473.119995,374.622459961929,571.617530038071,349.861527689121,596.378462310879,305.300005235248,640.939984764752
"2019.016",473.119995,359.38483826251,586.85515173749,330.793376436327,615.446613563674,279.33816246784,666.90182753216
"2019.022",473.119995,345.96022405169,600.27976594831,313.993997941971,632.245992058029,256.465319826805,689.774670173195
"2019.027",473.119995,333.823445088841,612.416544911159,298.806198851634,647.433791148366,235.786689437373,710.453300562627
"2019.032",473.119995,322.662524973825,623.577465026175,284.839576167885,661.400413832115,216.770726258769,729.469263741231
