"","Point Forecast","Lo 75","Hi 75","Lo 85","Hi 85","Lo 95","Hi 95"
"2019.000",416.609985,359.048083669296,474.171886330704,344.577809466061,488.642160533939,318.536082049793,514.683887950207
"2019.006",416.609985,335.205163462137,498.014806537863,314.741105432664,518.478864567336,277.912541332954,555.307428667046
"2019.011",416.609985,316.909847314955,516.310122685045,291.846597195498,541.373372804502,246.741002193662,586.478967806338
"2019.017",416.609985,301.486182338593,531.733787661407,272.545633932123,560.674336067877,220.462179099586,612.757790900414
"2019.022",416.609985,287.897660710411,545.322309289589,255.541143938916,577.678826061084,197.31007118462,635.90989881538
"2019.028",416.609985,275.612698115344,557.607271884656,240.16790987926,593.05206012074,176.378965688755,656.841004311245
"2019.033",416.609985,264.31550908692,568.90446091308,226.030762142247,607.189207857753,157.130827688268,676.089142311732
