"","Point Forecast","Lo 75","Hi 75","Lo 85","Hi 85","Lo 95","Hi 95"
"2019.000",476.029999,419.157774583341,532.902223416659,404.860875717389,547.199122282611,379.131166802693,572.928831197307
"2019.005",476.029999,395.600527907635,556.459470092365,375.381659631529,576.678338368471,338.994356328454,613.065641671546
"2019.011",476.029999,377.524416770888,574.535581229112,352.761461544385,599.298536455615,308.196298440173,643.863699559827
"2019.016",476.029999,362.285550166682,589.774447833318,333.691752434779,618.368245565221,282.232334605386,669.827663394614
"2019.022",476.029999,348.859839172727,603.200158827273,316.891001441019,635.168996558981,259.357623266476,692.702374733524
"2019.027",476.029999,336.722068642131,615.337929357869,301.701961516374,650.358036483626,238.677303445028,713.382694554972
"2019.032",476.029999,325.560236686465,626.499761313535,287.734197767715,664.325800232285,219.659786673347,732.400211326653
