"","Point Forecast","Lo 75","Hi 75","Lo 85","Hi 85","Lo 95","Hi 95"
"2019.000",473.410004,416.408110325223,530.411897674777,402.078614382432,544.741393617568,376.290241466094,570.529766533906
"2019.005",473.410004,392.797152884181,554.022855115819,372.532185379916,574.287822620084,336.061918650095,610.758089349905
"2019.011",473.410004,374.679828027647,572.140179972353,349.860413007881,596.959594992119,305.19364087225,641.62636712775
"2019.016",473.410004,359.406216650446,587.413791349554,330.747224764864,616.072783235136,279.170478932187,667.649529067813
"2019.022",473.410004,345.949894896984,600.870113103016,313.908167885595,632.911840114405,256.243613015548,690.576394984452
"2019.027",473.410004,333.784450124417,613.035557875583,298.684496793297,648.135511206703,235.516141851658,711.303866148342
"2019.033",473.410004,322.597169076795,624.222838923205,284.68488639926,662.13512160074,216.455264945636,730.364743054364
