"","Point Forecast","Lo 75","Hi 75","Lo 85","Hi 85","Lo 95","Hi 95"
"2019.000",449.839996,392.720671445206,506.959320554794,378.361654986335,521.318337013665,352.520154864381,547.159837135619
"2019.005",449.839996,369.061072541019,530.618919458981,348.754356722546,550.925635277454,312.208956778012,587.471035221988
"2019.011",449.839996,350.90642377708,548.77356822292,326.035877723598,573.644114276402,281.277086568575,618.402905431424
"2019.016",449.839996,335.601346890411,564.078645109589,306.883313972671,592.796678027329,255.200313728761,644.479678271239
"2019.022",449.839996,322.117303466607,577.562688533393,290.009566574534,609.670425425466,232.226215661275,667.453776338725
"2019.027",449.839996,309.926796388328,589.753195611672,274.75453285587,624.92545914413,211.456043369012,688.223948630988
"2019.033",449.839996,298.716468172029,600.963523827971,260.726081550375,638.953910449625,192.355898722837,707.324093277163
