"","Point Forecast","Lo 75","Hi 75","Lo 85","Hi 85","Lo 95","Hi 95"
"2019.000",75.3811497288526,74.1358980431888,76.6264014145164,73.8228588119085,76.9394406457967,73.2594913029655,77.5028081547397
"2019.008",75.3896462722166,73.7143035103797,77.0649890340536,73.2931452687694,77.4861472756639,72.5351991529537,78.2440933914796
"2019.016",75.441753820419,73.507679392722,77.3758282481159,73.0214795513121,77.8620280895258,72.1464799789475,78.7370276618904
"2019.024",75.410540130839,73.1656265378132,77.6554537238647,72.6012859843798,78.2197942772981,71.5856588679859,79.235421393692
"2019.031",75.3826567687246,72.8443449278031,77.9209686096461,72.2062480702926,78.5590654671566,71.0578839000579,79.7074296373912
"2019.039",75.4210771351255,72.6845510057792,78.1576032644719,71.9966257889164,78.8455284813347,70.7585869840738,80.0835672861773
"2019.047",75.4258724576723,72.4906681118133,78.3610768035313,71.7527979104263,79.0989470049183,70.4248745840796,80.426870331265
