"","Point Forecast","Lo 75","Hi 75","Lo 85","Hi 85","Lo 95","Hi 95"
"2019.000",74.8275143532125,73.578824200685,76.07620450574,73.264920585894,76.390108120531,72.6999974713382,76.9550312350868
"2019.008",74.8205757709004,73.1417247417701,76.4994268000307,72.7196845697763,76.9214669720245,71.9601512697564,77.6810002720444
"2019.016",74.9070746496664,72.9701758480859,76.8439734512469,72.483265997736,77.3308833015968,71.6069886431387,78.207160656194
"2019.024",74.8723922933876,72.6241252185706,77.1206593682046,72.0589416457105,77.6858429410647,71.0417973720184,78.7029872147568
"2019.032",74.8182826039246,72.2760757125358,77.3604894953133,71.6369996926455,77.9995655152036,70.4868733526389,79.1496918552103
"2019.040",74.8716824160765,72.1313839810338,77.6119808511191,71.4425104581467,78.3008543740062,70.2027650148088,79.5405998173441
"2019.048",74.8907527188514,71.951640352956,77.8298650847467,71.212787728817,78.5687177088857,69.8830963651023,79.8984090726004
