"","Point Forecast","Lo 75","Hi 75","Lo 85","Hi 85","Lo 95","Hi 95"
"2019.000",74.7730706615222,73.5192986482148,76.0268426748296,73.2041175231739,76.3420237998705,72.6368953109486,76.9092460120958
"2019.008",74.6868050998759,73.0014601643568,76.372150035395,72.5777875131723,76.7958226865794,71.8153162883074,77.5582939114443
"2019.016",74.6999770971407,72.7549590371349,76.6449951571466,72.2660081163369,77.1339460779446,71.3860575072111,78.0138966870704
"2019.024",74.7640589652428,72.5060876792008,77.0220302512848,71.9384646004504,77.5896533300352,70.9169300196686,78.6111879108171
"2019.032",74.7235616352072,72.170494138586,77.2766291318284,71.5286879111783,77.9184353592362,70.373648096903,79.0734751735114
"2019.040",74.6902305240878,71.9381236124191,77.4423374357566,71.2462816001188,78.1341794480569,70.0011938535839,79.3792671945917
"2019.048",74.7386756821086,71.78680855137,77.6905428128471,71.0447495539109,78.4326018103062,69.70928777432,79.7680635898971
