"","Point Forecast","Lo 75","Hi 75","Lo 85","Hi 85","Lo 95","Hi 95"
"2019.000",81.2596520365866,80.2249493337018,82.2943547394714,79.964839235122,82.5544648380513,79.4967267314958,83.0225773416775
"2019.008",81.4070492133985,79.8680454448546,82.9460529819423,79.4811609602248,83.3329374665721,78.7848963180481,84.0292021087488
"2019.016",81.2795106899154,79.4171215193319,83.1418998604988,78.9489423704771,83.6100790093537,78.1063741091421,84.4526472706886
"2019.024",81.3898660937574,79.2129896819961,83.5667425055188,78.6657527447767,84.1139794427382,77.6809065040609,85.0988256834539
"2019.032",81.2943787474674,78.8734312922866,83.7153262026482,78.2648382351041,84.3239192598307,77.1695711876395,85.4191863072953
"2019.040",81.3770011926225,78.7103936850202,84.0436087002248,78.0400450527586,84.7139573324863,76.8336383109071,85.9203640743379
"2019.048",81.305510375162,78.4332666517458,84.1777540985783,77.7112238891627,84.8997968611613,76.4117847394973,86.1992360108267
