"","Point Forecast","Lo 75","Hi 75","Lo 85","Hi 85","Lo 95","Hi 95"
"2019.000",81.5373822570092,80.5067521299087,82.5680123841097,80.2476658211438,82.8270986928745,79.7813958019736,83.2933687120448
"2019.008",81.4012159493883,79.8685684160568,82.9338634827198,79.483281801968,83.3191500968086,78.7898928004663,84.0125390983103
"2019.016",81.5190240826496,79.664237308202,83.3738108570972,79.1979692976894,83.8400788676099,78.3588404558889,84.6792077094103
"2019.024",81.4170990432988,79.2492117774855,83.584986309112,78.7042345885321,84.1299634980654,77.7234551503902,85.1107429362074
"2019.031",81.5052823746111,79.0942775014451,83.9162872477771,78.4881838733072,84.5223808759151,77.3974149748727,85.6131497743495
"2019.039",81.4289880707691,78.7733909915968,84.0845851499415,78.105810230354,84.7521659111842,76.9043847446681,85.9535913968702
"2019.047",81.4949962461477,78.6345759594198,84.3554165328756,77.9155054470048,85.0744870452906,76.6214153686565,86.368577123639
