"","Point Forecast","Lo 75","Hi 75","Lo 85","Hi 85","Lo 95","Hi 95"
"2019.000",1.57575,1.56841102242241,1.58308897757759,1.56656610390054,1.58493389609946,1.56324585823159,1.58825414176841
"2019.008",1.57575,1.56537111837582,1.58612888162418,1.56276200958072,1.58873799041928,1.55806647312528,1.59343352687472
"2019.016",1.57575,1.56303851796001,1.58846148203999,1.5598430253443,1.5916569746557,1.55409219115207,1.59740780884793
"2019.024",1.57575,1.56107204484482,1.59042795515518,1.55738220780108,1.59411779219892,1.55074171646318,1.60075828353682
"2019.033",1.57575,1.55933954725116,1.59216045274884,1.55521418402331,1.59628581597669,1.54778988900555,1.60371011099445
"2019.041",1.57575,1.55777324970118,1.59372675029882,1.55325414070559,1.59824585929441,1.54512123299598,1.60637876700402
"2019.049",1.57575,1.55633289045222,1.59516710954778,1.55145169485417,1.60004830514583,1.5426671505225,1.6088328494775
