"","Point Forecast","Lo 75","Hi 75","Lo 85","Hi 85","Lo 95","Hi 95"
"2019.000",1.57684,1.56949244895217,1.58418755104783,1.56764537517722,1.58603462482278,1.56432125076261,1.58935874923739
"2019.008",1.57684,1.56644899365793,1.58723100634207,1.56383683687469,1.58984316312531,1.55913581504453,1.59454418495547
"2019.016",1.57684,1.56411366827395,1.58956633172605,1.56091444265041,1.59276555734959,1.55515689027362,1.59852310972638
"2019.024",1.57684,1.56214489790434,1.59153510209566,1.55845075035443,1.59522924964557,1.55180250152522,1.60187749847478
"2019.033",1.57684,1.5604103763889,1.5932696236111,1.55628019386865,1.59739980613135,1.54884722571192,1.60483277428808
"2019.041",1.57684,1.55884224907376,1.59483775092624,1.55431786080785,1.59936213919215,1.54617545215053,1.60750454784947
"2019.049",1.57684,1.55740020718209,1.59627979281791,1.55251330932037,1.60116669067963,1.54371850279228,1.60996149720772
