"","Point Forecast","Lo 75","Hi 75","Lo 85","Hi 85","Lo 95","Hi 95"
"2019.000",1.57649,1.56914539205776,1.58383460794224,1.56729905813928,1.58568094186072,1.56397626522262,1.58900373477738
"2019.008",1.57649,1.56610315583778,1.58687684416222,1.56349204536958,1.58948795463042,1.55879290656189,1.59418709343811
"2019.016",1.57649,1.56376876588237,1.58921123411763,1.56057082172782,1.59240917827218,1.55481557557313,1.59816442442687
"2019.024",1.57649,1.56180078411553,1.59117921588447,1.55810811627856,1.59487188372144,1.55146253044524,1.60151746955476
"2019.033",1.57649,1.56006695737307,1.59291304262693,1.55593842922218,1.59704157077782,1.54850843838537,1.60447156161463
"2019.041",1.57649,1.55849945818073,1.59448054181927,1.55397688218564,1.59900311781436,1.5458377350189,1.6071422649811
"2019.049",1.57649,1.55705799390757,1.59592200609243,1.55217305352208,1.60080694647792,1.54338176980643,1.60959823019357
