"","Point Forecast","Lo 75","Hi 75","Lo 85","Hi 85","Lo 95","Hi 95"
"2019.000",1.57916,1.57178841138148,1.58653158861852,1.56993529489023,1.58838470510977,1.56660029557661,1.59171970442339
"2019.008",1.57916,1.56873499939945,1.58958500060055,1.56611429692487,1.59220570307513,1.56139789566505,1.59692210433495
"2019.016",1.57916,1.56639203398022,1.59192796601978,1.56318234206504,1.59513765793496,1.55740595381065,1.60091404618935
"2019.024",1.57916,1.56441682276296,1.59390317723704,1.56071058978046,1.59760941021954,1.55404059115323,1.60427940884677
"2019.033",1.57916,1.56267662674682,1.59564337325318,1.55853293230217,1.59978706769783,1.551075647132,1.607244352868
"2019.041",1.57916,1.56110336929091,1.59721663070909,1.55656417945342,1.60175582054658,1.54839513284253,1.60992486715747
"2019.049",1.57916,1.55965660974792,1.59866339025208,1.55475372436164,1.60356627563836,1.54593014555524,1.61238985444476
