"","Point Forecast","Lo 75","Hi 75","Lo 85","Hi 85","Lo 95","Hi 95"
"2019.000",1.5882719389883,1.58081073491643,1.59573314306017,1.57893509032668,1.59760878764991,1.57555954785597,1.60098433012063
"2019.008",1.5882719389883,1.57696077226677,1.59958310570982,1.57411729975743,1.60242657821916,1.56899998580997,1.60754389216662
"2019.016",1.5882719389883,1.57412218920244,1.60242168877415,1.57056513575954,1.60597874221706,1.56416361116752,1.61238026680907
"2019.024",1.5882719389883,1.57176471798044,1.60477915999616,1.56761502853663,1.60892884943996,1.56014695434261,1.61639692363398
"2019.033",1.5882719389883,1.56970419082643,1.60683968715016,1.56503651305646,1.61150736492014,1.55663623048783,1.61990764748876
"2019.041",1.5882719389883,1.56785052380221,1.60869335417438,1.5627168595116,1.61382701846499,1.55347795469025,1.62306592328634
"2019.049",1.5882719389883,1.56615165136352,1.61039222661307,1.56059091379258,1.61595296418402,1.55058341773395,1.62596046024264
