"","Point Forecast","Lo 75","Hi 75","Lo 85","Hi 85","Lo 95","Hi 95"
"2019.000",1.1566,1.15206825520335,1.16113174479665,1.15092903658286,1.16227096341714,1.14887881829635,1.16432118170365
"2019.008",1.1566,1.15019114504736,1.16300885495264,1.14858004662376,1.16461995337624,1.14568060011715,1.16751939988285
"2019.016",1.1566,1.14875078776527,1.16444921223473,1.14677760323365,1.16642239676635,1.14322652099481,1.16997347900519
"2019.024",1.1566,1.1475365104067,1.1656634895933,1.14525807316572,1.16794192683428,1.1411576365927,1.1720423634073
"2019.033",1.1566,1.14646671057801,1.16673328942199,1.14391934030136,1.16928065969864,1.13933491284402,1.17386508715598
"2019.041",1.1566,1.14549953760369,1.16770046239631,1.14270903327802,1.17049096672198,1.13768704461475,1.17551295538525
"2019.049",1.1566,1.14461013026285,1.16858986973715,1.14159604110411,1.17160395889589,1.13617167338461,1.17702832661539
