"","Point Forecast","Lo 75","Hi 75","Lo 85","Hi 85","Lo 95","Hi 95"
"2019.000",1.53433872478897,1.52665407609595,1.54202337348199,1.52472226058651,1.54395518899143,1.52124562896165,1.54743182061629
"2019.008",1.53433872478897,1.52236142449694,1.54631602508101,1.51935049512467,1.54932695445327,1.51393181398007,1.55474563559787
"2019.016",1.53433872478897,1.51924377135957,1.54943367821838,1.51544910665672,1.55322834292123,1.50861996006006,1.56005748951789
"2019.024",1.53433872478897,1.51666785848915,1.5520095910888,1.51222564454458,1.55645180503337,1.50423112259949,1.56444632697846
"2019.033",1.53433872478897,1.51442236436502,1.55425508521292,1.50941566392945,1.5592617856485,1.5004052522284,1.56827219734955
"2019.041",1.53433872478897,1.51240556930949,1.55627188026845,1.50689187419878,1.56178557537916,1.49696903907397,1.57170841050398
"2019.049",1.53433872478897,1.51055921247191,1.55811823710604,1.50458136852144,1.56409608105651,1.49382321836419,1.57485423121376
