"","Point Forecast","Lo 75","Hi 75","Lo 85","Hi 85","Lo 95","Hi 95"
"2019.000",1.53253276409511,1.52484142836732,1.54022409982289,1.52290793182886,1.54215759636135,1.51942827490545,1.54563725328476
"2019.008",1.53253276409511,1.52054386204709,1.54452166614312,1.51753001615215,1.54753551203806,1.51210608622737,1.55295944196284
"2019.016",1.53253276409511,1.51742280382526,1.54764272436495,1.51362436660811,1.55144116158211,1.50678843072827,1.55827709746194
"2019.024",1.53253276409511,1.51484412292639,1.55022140526383,1.51039744062304,1.55466808756717,1.50239487710393,1.56267065108629
"2019.033",1.53253276409511,1.51259623597622,1.55246929221399,1.50758446565815,1.55748106253206,1.49856492983851,1.5665005983517
"2019.041",1.53253276409511,1.5105773028047,1.55448822538551,1.5050580003184,1.56000752787181,1.49512507376446,1.56994045442576
"2019.049",1.53253276409511,1.50872899532808,1.55633653286213,1.50274505363807,1.56232047455215,1.49197592955807,1.57308959863214
