"","Point Forecast","Lo 75","Hi 75","Lo 85","Hi 85","Lo 95","Hi 95"
"2019.000",1.53131249087471,1.5236148081806,1.53901017356883,1.52167971610166,1.54094526564776,1.51819718773094,1.54442779401849
"2019.008",1.53131249087471,1.51931288398873,1.54331209776069,1.51629634704403,1.54632863470539,1.51086757411606,1.55175740763337
"2019.016",1.53131249087471,1.51618877400428,1.54643620774514,1.51238687856602,1.55023810318341,1.50554471902723,1.55708026272219
"2019.024",1.53131249087471,1.51360760289044,1.54901737885898,1.50915683636002,1.5534681453894,1.50114692257741,1.56147805917201
"2019.033",1.53131249087471,1.51135755902581,1.55126742272362,1.50634116226189,1.55628381948754,1.49731330036355,1.56531168138588
"2019.041",1.53131249087471,1.50933669619845,1.55328828555097,1.50381228217723,1.5588126995722,1.49387015654404,1.56875482520538
"2019.049",1.53131249087471,1.50748662681458,1.55513835493485,1.50149713067027,1.56112785107915,1.49071801040205,1.57190697134737
