"","Point Forecast","Lo 75","Hi 75","Lo 85","Hi 85","Lo 95","Hi 95"
"2019.000",1.15805,1.15351476861014,1.16258523138986,1.15237467350784,1.16372532649216,1.15032287784276,1.16577712215724
"2019.008",1.15805,1.15163621425996,1.16446378574004,1.15002387630389,1.16607612369611,1.14712219904711,1.16897780095289
"2019.016",1.15805,1.15019474880869,1.16590525119131,1.14822004616604,1.16787995383396,1.14466623182736,1.17143376817264
"2019.024",1.15805,1.14897953722029,1.16712046277971,1.14669934701568,1.16940065298432,1.14259575568551,1.17350424431449
"2019.033",1.15805,1.14790891431859,1.16819108568141,1.14535958416903,1.17074041583097,1.14077162958596,1.17532837041404
"2019.041",1.15805,1.1469409972294,1.1691590027706,1.14414834597051,1.17195165402949,1.1391224935346,1.1769775064654
"2019.049",1.15805,1.1460509056043,1.1700490943957,1.14303449749265,1.17306550250735,1.13760595642171,1.17849404357829
