"","Point Forecast","Lo 75","Hi 75","Lo 85","Hi 85","Lo 95","Hi 95"
"2019.000",1.15658,1.15204826812829,1.16111173187171,1.15090905275696,1.16225094724304,1.14885884031786,1.16430115968214
"2019.008",1.15658,1.15017116332599,1.16298883667401,1.14856006949739,1.16459993050261,1.14566063126026,1.16749936873974
"2019.016",1.15658,1.14873081015192,1.16442918984808,1.14675763124801,1.16640236875199,1.14320655913717,1.16995344086283
"2019.024",1.15658,1.14751653625658,1.16564346374341,1.14523810551392,1.16792189448608,1.14113768063571,1.17202231936429
"2019.033",1.15658,1.14644673947906,1.16671326052094,1.14389937646774,1.16926062353226,1.13931496208559,1.17384503791441
"2019.041",1.15658,1.14547956926321,1.16768043073679,1.14268907289631,1.17047092710369,1.1376670985562,1.1754929014438
"2019.049",1.15658,1.14459016445904,1.16856983554096,1.14157608389674,1.17158391610326,1.13615173164803,1.17700826835197
