"","Point Forecast","Lo 75","Hi 75","Lo 85","Hi 85","Lo 95","Hi 95"
"2019.000",1.1563,1.15176834855099,1.16083165144901,1.15062915339682,1.16197084660318,1.14857897734195,1.16402102265805
"2019.008",1.1563,1.14989127706086,1.16270872293914,1.14828021182364,1.16431978817636,1.1453808250416,1.1672191749584
"2019.016",1.1563,1.14845094944812,1.16414905055188,1.14647780556136,1.16612219443864,1.14292679646987,1.16967320353013
"2019.024",1.1563,1.14723669710197,1.16536330289803,1.14495830679364,1.16764169320636,1.1408579546839,1.1717420453161
"2019.033",1.1563,1.14616691930967,1.16643308069033,1.14361960150531,1.16898039849469,1.13903526848079,1.17356473151921
"2019.041",1.1563,1.14519976625777,1.16740023374223,1.14240931941261,1.17019068058739,1.13738743419532,1.17521256580468
"2019.049",1.1563,1.14431037723749,1.16828962276251,1.14129635016478,1.17130364983522,1.13587209417971,1.17672790582029
