"","Point Forecast","Lo 75","Hi 75","Lo 85","Hi 85","Lo 95","Hi 95"
"2019.000",1.54024281510652,1.53255738229023,1.54792824792282,1.53062536966293,1.54986026055012,1.52714838329084,1.5533372469222
"2019.008",1.54024281510652,1.52826801000545,1.5522176202076,1.52525770789003,1.55522792232301,1.51984015560118,1.56064547461187
"2019.016",1.54024281510652,1.52515222078941,1.55533340942364,1.52135865190773,1.55912697830532,1.51453147742824,1.56595415278481
"2019.024",1.54024281510652,1.52257770496028,1.55790792525276,1.51813693803395,1.5623486921791,1.51014502024507,1.57034060996798
"2019.033",1.54024281510652,1.5203333651866,1.56015226502644,1.51532840195716,1.56515722825588,1.50632111665497,1.57416451355808
"2019.041",1.54024281510652,1.51831757221736,1.56216805799569,1.51280586622357,1.56767976398948,1.50288661085403,1.57759901935901
"2019.049",1.54024281510652,1.51647211138569,1.56401351882736,1.51049648179576,1.56998914841729,1.49974231675812,1.58074331345493
