"","Point Forecast","Lo 75","Hi 75","Lo 85","Hi 85","Lo 95","Hi 95"
"2019.000",1.15867,1.15413174464112,1.16320825535888,1.15299088935439,1.16434911064561,1.15093772560772,1.16640227439228
"2019.008",1.15867,1.15225193772196,1.16508806227804,1.15063852470276,1.16670147529724,1.14773491268645,1.16960508731355
"2019.016",1.15867,1.15080951114069,1.16653048885931,1.14883349181999,1.16850650818001,1.14527730789451,1.17206269210549
"2019.024",1.15867,1.14959348928223,1.16774651071777,1.14731177870877,1.17002822129123,1.14320545121544,1.17413454878456
"2019.033",1.15867,1.14852215251828,1.16881784748172,1.14597112254467,1.17136887745533,1.14138010883818,1.17595989116182
"2019.041",1.15867,1.14755359004829,1.16978640995171,1.14475907672544,1.17258092327456,1.13972987318773,1.17761012681228
"2019.049",1.15867,1.14666290493429,1.17067709506571,1.14364448556369,1.17369551443631,1.13821232488911,1.17912767511089
