"","Point Forecast","Lo 75","Hi 75","Lo 85","Hi 85","Lo 95","Hi 95"
"2019.000",1.52930199509671,1.52159065314715,1.53701333704628,1.51965212731834,1.53895186287509,1.51616341932882,1.5424405708646
"2019.008",1.52930199509671,1.51727973488287,1.54132425531055,1.51425750320158,1.54434648699184,1.50881848162345,1.54978550856998
"2019.016",1.52930199509671,1.51414928290927,1.54445470728416,1.51034009844513,1.54826389174829,1.50348482106061,1.55511916913282
"2019.024",1.52930199509671,1.51156292430307,1.54704106589035,1.50710356468221,1.55150042551122,1.49907818616714,1.55952580402629
"2019.033",1.52930199509671,1.50930838165122,1.54929560854221,1.50428226086331,1.55432172933012,1.49523689892464,1.56336709126878
"2019.041",1.52930199509671,1.50728349095601,1.55132049923742,1.50174834035995,1.55685564983348,1.49178689242841,1.56681709776502
"2019.049",1.52930199509671,1.50542974194414,1.55317424824928,1.49942858421688,1.55917540597655,1.48862847694037,1.56997551325306
