"","Point Forecast","Lo 75","Hi 75","Lo 85","Hi 85","Lo 95","Hi 95"
"2019.000",0.880519021538997,0.876719638538464,0.884318404539531,0.875764525650428,0.885273517427567,0.874045637042467,0.886992406035527
"2019.008",0.880092932156297,0.875057646592442,0.885128217720153,0.87379184471453,0.886394019598065,0.871513818258044,0.888672046054551
"2019.016",0.879737629191681,0.873931142078214,0.885544116305148,0.872471470685383,0.887003787697979,0.869844542957853,0.889630715425509
"2019.024",0.879441352866123,0.873100663566556,0.885782042165691,0.871506701055222,0.887376004677025,0.868638093546551,0.890244612185696
"2019.033",0.879194297057905,0.872462771070307,0.885925823045502,0.870770557564588,0.887618036551222,0.867725130627464,0.890663463488345
"2019.041",0.878988284740655,0.871959925975127,0.886016643506183,0.870193092771484,0.887783476709825,0.867013374955978,0.890963194525331
"2019.049",0.878816497341018,0.871555964990928,0.886077029691109,0.86973076652565,0.887902228156387,0.866446010463272,0.891186984218765
