"","Point Forecast","Lo 75","Hi 75","Lo 85","Hi 85","Lo 95","Hi 95"
"2019.000",0.884967576358887,0.881076757799301,0.888858394918474,0.880098659263105,0.88983649345467,0.878338404059358,0.891596748658416
"2019.008",0.884016323302073,0.878855324830435,0.889177321773712,0.877557920448011,0.890474726156135,0.875223019892486,0.892809626711661
"2019.016",0.883217256287533,0.877262320738221,0.889172191836846,0.875765331440281,0.890669181134786,0.873071243775148,0.893363268799918
"2019.024",0.882546027859775,0.876041052869976,0.889051002849574,0.87440579118453,0.890686264535021,0.871462858765381,0.89362919695417
"2019.033",0.881982185786416,0.875075368984764,0.888889002588068,0.873339089767419,0.890625281805414,0.870214359063522,0.893750012509311
"2019.041",0.881508549881645,0.874297481650575,0.888719618112715,0.872484717787854,0.890532381975436,0.869222339914427,0.893794759848863
"2019.049",0.881110688528461,0.87366275653472,0.888558620522202,0.871790448363777,0.890430928693145,0.86842091034797,0.893800466708951
