"","Point Forecast","Lo 75","Hi 75","Lo 85","Hi 85","Lo 95","Hi 95"
"2019.000",0.886678978925855,0.882735312508936,0.890622645342773,0.881743928744681,0.891614029107028,0.879959764506254,0.893398193345455
"2019.008",0.885539276419338,0.880304924851461,0.890773627987214,0.878989080504553,0.892089472334123,0.876620994086621,0.894457558752054
"2019.016",0.884577839304686,0.878535551018025,0.890620127591347,0.877016602437424,0.892139076171948,0.874282995296344,0.894872683313028
"2019.024",0.883766784384525,0.877164398935177,0.890369169833873,0.875504649593357,0.892028919175693,0.872517647458364,0.895015921310686
"2019.033",0.883082589783034,0.876071111027126,0.890094068538943,0.874308521226881,0.891856658339188,0.871136440139821,0.895028739426247
"2019.041",0.882505412774336,0.8751845471892,0.889826278359472,0.873344181774351,0.89166664377432,0.870032130198363,0.894978695350309
"2019.049",0.88201851431205,0.874457283433547,0.889579745190552,0.872556493473582,0.891480535150518,0.869135697618731,0.894901331005369
