"","Point Forecast","Lo 75","Hi 75","Lo 85","Hi 85","Lo 95","Hi 95"
"2019.000",0.880956374442357,0.87715114641401,0.884761602470704,0.876194564165977,0.885718184718737,0.874473031193992,0.887439717690722
"2019.008",0.880477724550411,0.87543421393031,0.885521235170513,0.874166344385826,0.886789104714997,0.871884596810547,0.889070852290275
"2019.016",0.880078325123368,0.874261961947899,0.885894688298837,0.872799807848244,0.887356842398492,0.870168412066174,0.889988238180563
"2019.024",0.879745054595146,0.873393302794558,0.886096806395734,0.871796559321869,0.887693549868423,0.868922946998738,0.890567162191554
"2019.033",0.879466963948387,0.872723531233994,0.886210396662781,0.871028324540112,0.887905603356662,0.867977510850181,0.890956417046593
"2019.041",0.87923491700374,0.872194070920872,0.886275763086609,0.870424098576551,0.88804573543093,0.86723873134178,0.891231102665701
"2019.049",0.879041290266749,0.871767896274319,0.886314684259178,0.869939464568182,0.888143115965315,0.866648889737205,0.891433690796292
