"","Point Forecast","Lo 75","Hi 75","Lo 85","Hi 85","Lo 95","Hi 95"
"2019.000",0.882795793363529,0.878958334341065,0.886633252385994,0.877993649662223,0.887597937064836,0.876257534983522,0.889334051743536
"2019.008",0.882097746817415,0.877009717966857,0.887185775667972,0.875730657148512,0.888464836486317,0.873428768966412,0.890766724668417
"2019.016",0.881513636167559,0.875644524885578,0.887382747449541,0.874169110633855,0.888858161701263,0.871513850945628,0.89151342138949
"2019.024",0.881024864676355,0.874614589719087,0.887435139633623,0.873003134325755,0.889046595026955,0.870103045391211,0.891946683961499
"2019.033",0.880615870985394,0.873809876792794,0.887421865177993,0.872098942999508,0.88913279897128,0.869019825710763,0.892211916260024
"2019.041",0.880273633677661,0.873167486588284,0.887379780767038,0.871381098464635,0.889166168890687,0.868166188234025,0.892381079121297
"2019.049",0.879987256705614,0.87264681604547,0.887327697365758,0.870801529724669,0.889172983686559,0.86748062213879,0.892493891272438
