"","Point Forecast","Lo 75","Hi 75","Lo 85","Hi 85","Lo 95","Hi 95"
"2019.000",0.883243302638233,0.879396167735622,0.887090437540845,0.878429050672935,0.888057554603532,0.87668855850448,0.889798046771987
"2019.008",0.882492425386016,0.877391116309409,0.887593734462623,0.876108717023988,0.888876133748044,0.87380082070076,0.891184030071271
"2019.016",0.881863655109735,0.875978874435802,0.887748435783668,0.874499521113394,0.889227789106076,0.871837172395366,0.891890137824104
"2019.024",0.881337134884004,0.874909520650858,0.88776474911715,0.873293706400875,0.889380563367133,0.870385772960059,0.892288496807949
"2019.033",0.880896236898584,0.874071733734634,0.887720740062534,0.872356147039263,0.889436326757905,0.869268656059318,0.89252381773785
"2019.041",0.880527037342618,0.873401580967526,0.88765249371771,0.871610338753715,0.889443735931521,0.86838669275963,0.892667381925606
"2019.049",0.880217876682707,0.872857606502652,0.887578146862763,0.871007335311932,0.889428418053483,0.867677456602091,0.892758296763324
