"","Point Forecast","Lo 75","Hi 75","Lo 85","Hi 85","Lo 95","Hi 95"
"2019.000",128.906006,128.076507250209,129.735504749791,127.867982617018,129.944029382982,127.49270696012,130.31930503988
"2019.008",128.906006,127.732917618074,130.079094381926,127.438019253727,130.373992746273,126.907299330113,130.904712669887
"2019.016",128.906006,127.469272020547,130.342739979453,127.108096761231,130.703915238769,126.45810025664,131.35391174336
"2019.024",128.906006,127.247008500418,130.565003499582,126.829959234037,130.982052765963,126.07940792024,131.73260407976
"2019.033",128.906006,127.051190408216,130.760821591784,126.584915153419,131.227096846581,125.745773274293,132.066238725707
"2019.041",128.906006,126.874157320735,130.937854679265,126.363378370618,131.448633629382,125.444144498329,132.367867501671
"2019.049",128.906006,126.711358595213,131.100653404787,126.159654273561,131.652357726439,125.166768212311,132.645243787689
