"","Point Forecast","Lo 75","Hi 75","Lo 85","Hi 85","Lo 95","Hi 95"
"2019.000",128.740005,127.912079324109,129.567930675891,127.703950140168,129.776059859832,127.329386161668,130.150623838332
"2019.008",128.740005,127.569141280518,129.910868719482,127.274802165863,130.205207834137,126.745088707491,130.734921292509
"2019.016",128.740005,127.305995664466,130.174014335534,126.945505343342,130.534504656658,126.296741501894,131.183268498106
"2019.024",128.740005,127.084153648218,130.395856351782,126.667895280336,130.812114719664,125.918767323335,131.561242676665
"2019.033",128.740005,126.88870690839,130.59130309161,126.423315904997,131.056694095003,125.585765387147,131.894244612853
"2019.041",128.740005,126.712009549118,130.768000450882,126.202199247881,131.277810752119,125.284708624528,132.195301375472
"2019.049",128.740005,126.549519557547,130.930490442453,125.998861496265,131.481148503735,125.007858359069,132.472151640931
