"","Point Forecast","Lo 75","Hi 75","Lo 85","Hi 85","Lo 95","Hi 95"
"2019.000",128.664993,127.837660620901,129.492325379099,127.629680583654,129.700305416346,127.255385020077,130.074600979923
"2019.008",128.664993,127.494968328888,129.835017671112,127.20084013951,130.12914586049,126.671506277163,130.658479722837
"2019.016",128.664993,127.232011284654,130.097974715346,126.871779293182,130.458206706818,126.223480360019,131.106505639982
"2019.024",128.664993,127.010328241802,130.319657758198,126.594368167308,130.735617832692,125.845777040154,131.484208959846
"2019.033",128.664993,126.815021560348,130.514964439652,126.349964059101,130.980021940899,125.513013735266,131.816972264734
"2019.041",128.664993,126.638450823525,130.691535176475,126.129005855584,131.200980144416,125.212172711833,132.117813288167
"2019.049",128.664993,126.476077273313,130.853908726687,125.925813817091,131.404172182909,124.935520839031,132.394465160969
