"","Point Forecast","Lo 75","Hi 75","Lo 85","Hi 85","Lo 95","Hi 95"
"2019.000",128.820999,127.992350488697,129.649647511303,127.784039593826,129.857958406174,127.409148595503,130.232849404497
"2019.008",128.820999,127.649113036875,129.992884963125,127.354516944159,130.287481055841,126.824341009919,130.817656990081
"2019.016",128.820999,127.385737676807,130.256260323193,127.024932623121,130.617065376879,126.375602366725,131.266395633275
"2019.024",128.820999,127.163701977394,130.478296022606,126.747080187653,130.894917812347,125.997298191006,131.644699808994
"2019.033",128.820999,126.968084599273,130.673913400727,126.502287277888,131.139710722112,125.664005521485,131.977992478515
"2019.041",128.820999,126.791232971191,130.850765028809,126.280977570895,131.361020429105,125.362685915841,132.279312084159
"2019.049",128.820999,126.628601114809,131.013396885191,126.077462291595,131.564535708405,125.085593941276,132.556404058724
