"","Point Forecast","Lo 75","Hi 75","Lo 85","Hi 85","Lo 95","Hi 95"
"2019.000",128.917007,128.087391377554,129.746622622446,127.878837364178,129.955176635822,127.503508832622,130.330505167378
"2019.008",128.917007,127.743753335181,130.09026066482,127.448813420977,130.385200579023,126.918018721305,130.915995278695
"2019.016",128.917007,127.480070591171,130.353943408829,127.118844443881,130.715169556119,126.468756357696,131.365257642304
"2019.024",128.917007,127.257775755108,130.576238244892,126.840667728356,130.993346271644,126.090010665245,131.744003334755
"2019.033",128.917007,127.061930073015,130.772083926985,126.595589122126,131.238424877874,125.756329011672,132.077684988328
"2019.041",128.917007,126.884872042366,130.949141957634,126.374021125785,131.459992874215,125.454657737565,132.379356262435
"2019.049",128.917007,126.722050379234,131.111963620766,126.170268324917,131.663745675083,125.177242370473,132.656771629527
