"","Point Forecast","Lo 75","Hi 75","Lo 85","Hi 85","Lo 95","Hi 95"
"2019.000",1.7287726992225,1.7190997024192,1.73844569602579,1.71666804340734,1.74087735503766,1.71229185811417,1.74525354033082
"2019.008",1.72352073434274,1.7108155831257,1.73622588555978,1.70762168199224,1.73941978669324,1.70187371194386,1.74516775674162
"2019.016",1.71904825341578,1.70453522179617,1.7335612850354,1.70088684427212,1.73720966255944,1.69432096641395,1.74377554041762
"2019.024",1.71523956731449,1.69954521169041,1.73093392293858,1.69559986547923,1.73487926914976,1.68849954179832,1.74197959283067
"2019.033",1.71199615721279,1.69549794253591,1.72849437188968,1.69135051716046,1.73264179726513,1.68388651754373,1.74010579688186
"2019.041",1.70923412621101,1.69217664012921,1.72629161229281,1.68788862157674,1.73057963084528,1.68017160054929,1.73829665187273
"2019.049",1.70688202918486,1.68943017153695,1.72433388683277,1.68504301337012,1.7287210449996,1.67714757369096,1.73661648467876
