"","Point Forecast","Lo 75","Hi 75","Lo 85","Hi 85","Lo 95","Hi 95"
"2019.000",1.71566177767057,1.70685657201465,1.72446698332649,1.70464306382066,1.72668049152048,1.7006594781462,1.73066407719494
"2019.008",1.7124613154547,1.70084347589037,1.72407915501902,1.69792291002547,1.72699972088392,1.69266685343064,1.73225577747875
"2019.016",1.70970651558322,1.69638236828066,1.72303066288578,1.69303286000287,1.72638017116356,1.68700484834783,1.7324081828186
"2019.024",1.70733531985584,1.69287626419524,1.72179437551644,1.68924145548859,1.7254291842231,1.68269999703247,1.73197064267922
"2019.033",1.70529431163752,1.69004879972206,1.72053982355299,1.68621628667636,1.72437233659869,1.67931902552887,1.73126959774618
"2019.041",1.70353751252594,1.68773454263197,1.7193404824199,1.68376189227984,1.72331313277204,1.67661243013852,1.73046259491336
"2019.049",1.70202534658228,1.68582172427081,1.71822896889375,1.68174835538424,1.72230233778032,1.67441763305512,1.72963306010944
