"","Point Forecast","Lo 75","Hi 75","Lo 85","Hi 85","Lo 95","Hi 95"
"2019.000",9.46175,9.42175558602198,9.50174441397803,9.41170153771084,9.51179846228916,9.39360756230503,9.52989243769497
"2019.008",9.46175,9.40518935733311,9.51831064266689,9.39097078585475,9.53252921414525,9.36538204043861,9.55811795956139
"2019.016",9.46175,9.39247764297112,9.53102235702888,9.37506352047448,9.54843647952552,9.34372383576072,9.57977616423928
"2019.024",9.46175,9.38176117204395,9.54173882795605,9.36165307542168,9.56184692457832,9.32546512461007,9.59803487538993
"2019.033",9.46175,9.37231977162487,9.55118022837513,9.3498382361521,9.5736617638479,9.30937887716151,9.61412112283849
"2019.041",9.46175,9.3637840931922,9.5597159068078,9.33915680498063,9.58434319501937,9.29483579781794,9.62866420218206
"2019.049",9.46175,9.35593472678238,9.56756527321762,9.32933421528169,9.59416578471832,9.2814620561294,9.6420379438706
