"","Point Forecast","Lo 75","Hi 75","Lo 85","Hi 85","Lo 95","Hi 95"
"2019.000",1.71415194321959,1.70543195073318,1.72287193570599,1.70323986396379,1.72506402247538,1.6992948297979,1.72900905664127
"2019.008",1.71117187597783,1.69966063926202,1.72268311269364,1.69676687189427,1.72557688006139,1.69155904376756,1.73078470818811
"2019.016",1.70860372822049,1.69539590486508,1.7218115515759,1.6920756388356,1.72513181760538,1.68610025359584,1.73110720284514
"2019.024",1.70639056241969,1.69205207787459,1.7207290469648,1.68844757909624,1.72433354574315,1.68196066852772,1.73082045631167
"2019.033",1.70448331123143,1.68935973452423,1.71960688793864,1.68555787432108,1.72340874814179,1.6787157781939,1.73025084426897
"2019.041",1.70283968964022,1.68715847364226,1.71852090563817,1.68321643055326,1.72246294872718,1.67612205140431,1.72955732787613
"2019.049",1.70142325747243,1.6853404138821,1.71750610106276,1.68129740711304,1.72154910783182,1.67402132659493,1.72882518834993
