"","Point Forecast","Lo 75","Hi 75","Lo 85","Hi 85","Lo 95","Hi 95"
"2019.000",9.4821,9.44196688430733,9.52223311569267,9.4318779682834,9.5323220317166,9.41372124247913,9.55047875752087
"2019.008",9.4821,9.42534320348713,9.53885679651287,9.41107532161645,9.55312467838355,9.38539783373576,9.57880216626424
"2019.016",9.4821,9.41258740455425,9.55161259544575,9.39511288940751,9.56908711059249,9.36366451781541,9.60053548218459
"2019.024",9.4821,9.40183376861465,9.56236623138535,9.3816559365668,9.5825440634332,9.34534248495825,9.61885751504175
"2019.033",9.4821,9.39235962516232,9.57184037483768,9.36980012311353,9.59439987688647,9.32920044996635,9.63499955003365
"2019.041",9.4821,9.38379434476487,9.58040565523513,9.35908164844845,9.60511835155155,9.31460693482836,9.64959306517164
"2019.049",9.4821,9.375917756539,9.588282243461,9.34922499374147,9.61497500625853,9.30118681264018,9.66301318735982
