"","Point Forecast","Lo 75","Hi 75","Lo 85","Hi 85","Lo 95","Hi 95"
"2019.000",9.43461,9.39462611299227,9.47459388700773,9.3845747110174,9.4846452889826,9.36648549814522,9.50273450185477
"2019.008",9.43461,9.37806424471728,9.49115575528272,9.36384941572355,9.50537058427645,9.33826740554707,9.53095259445293
"2019.016",9.43461,9.36535587621852,9.50386412378148,9.34794633731074,9.52127366268926,9.31661490154721,9.55260509845279
"2019.024",9.43461,9.35464222598454,9.51457777401545,9.3345394220348,9.5346805779652,9.29836099629045,9.57085900370955
"2019.033",9.43461,9.34520331064605,9.52401668935395,9.32272769256106,9.54649230743894,9.28227898291941,9.58694101708059
"2019.041",9.43461,9.33666987889797,9.53255012110203,9.31204907285992,9.55717092714007,9.26773973147452,9.60148026852548
"2019.049",9.43461,9.32882257852785,9.54039742147215,9.30222906857479,9.56699093142521,9.25436950990211,9.61485049009789
