"","Point Forecast","Lo 75","Hi 75","Lo 85","Hi 85","Lo 95","Hi 95"
"2019.000",1.71924651140552,1.71022627659052,1.72826674622053,1.70795871300882,1.73053430980223,1.70387784544099,1.73461517737006
"2019.008",1.71550994174642,1.70362283544367,1.72739704804916,1.70063457960592,1.73038530388692,1.69525670335534,1.73576318013749
"2019.016",1.71230286941481,1.69868456767535,1.72592117115426,1.69526111299793,1.72934462583168,1.68910002217965,1.73550571664996
"2019.024",1.70955026103906,1.69478592665371,1.72431459542441,1.69107437505369,1.72802614702443,1.68439480466673,1.73470571741139
"2019.033",1.70718771598651,1.69163305561015,1.72274237636288,1.68772282687237,1.72665260510065,1.68068570307678,1.73368972889625
"2019.041",1.70515995963203,1.68904787106596,1.7212720481981,1.68499751251024,1.72532240675382,1.67770820119765,1.73261171806641
"2019.049",1.7034195501407,1.68690885656303,1.71993024371838,1.6827582941627,1.7240808061187,1.67528864893446,1.73155045134694
