"","Point Forecast","Lo 75","Hi 75","Lo 85","Hi 85","Lo 95","Hi 95"
"2019.000",9.4694,9.4293665482632,9.5094334517368,9.41930268639378,9.51949731360622,9.40119104981541,9.53760895018459
"2019.008",9.4694,9.41278414960521,9.52601585039479,9.39855169965963,9.54024830034037,9.37293797757372,9.56586202242628
"2019.016",9.4694,9.40006002758951,9.53873997241049,9.38262890751132,9.55617109248868,9.35125863274935,9.58754136725065
"2019.024",9.4694,9.38933309652641,9.5494669034736,9.36920537278756,9.56959462721244,9.33298209963081,9.60581790036919
"2019.033",9.4694,9.37988248054256,9.55891751945744,9.35737900128637,9.58142099871363,9.31688015071335,9.62191984928665
"2019.041",9.4694,9.37133847060251,9.56746152939749,9.34668714418058,9.59211285581942,9.30232287615683,9.63647712384317
"2019.049",9.4694,9.36348144258093,9.57531855741907,9.33685496684553,9.60194503315447,9.28893608062277,9.64986391937723
