"","Point Forecast","Lo 75","Hi 75","Lo 85","Hi 85","Lo 95","Hi 95"
"2019.000",1.71843289370666,1.70946300307982,1.72740278433351,1.70720809533801,1.72965769207532,1.70315000411347,1.73371578329986
"2019.008",1.71481960316309,1.70299556428665,1.72664364203952,1.70002316273674,1.72961604358944,1.69467381898225,1.73496538734392
"2019.016",1.71171631371852,1.69816694141374,1.72526568602329,1.69476081465282,1.72867181278421,1.68863090837687,1.73480171906016
"2019.024",1.70905104081542,1.69435828158371,1.72374380004714,1.69066472299773,1.72743735863311,1.6840175341096,1.73408454752125
"2019.033",1.70676196022052,1.69127982531581,1.72224409512523,1.68738782848903,1.72613609195201,1.68038351612808,1.73314040431296
"2019.041",1.70479597393675,1.68875644897875,1.72083549889474,1.684724331921,1.72486761595249,1.67746784929645,1.73212409857704
"2019.049",1.70310747853096,1.68666891340891,1.71954604365301,1.68253648311518,1.72367847394674,1.67509946970654,1.73111548735537
