"","Point Forecast","Lo 75","Hi 75","Lo 85","Hi 85","Lo 95","Hi 95"
"2019.000",9.5158,9.47519422597129,9.55640577402871,9.46498649011048,9.56661350988952,9.44661592773612,9.58498407226388
"2019.008",9.5158,9.45837476365794,9.57322523634206,9.44393884516246,9.58766115483754,9.41795894670422,9.61364105329578
"2019.016",9.5158,9.44546873630161,9.58613126369839,9.42778841916044,9.60381158083956,9.39596967176444,9.63563032823556
"2019.024",9.5158,9.43458845194258,9.59701154805742,9.41417298022095,9.61742701977905,9.37743185547224,9.65416814452776
"2019.033",9.5158,9.42500272899281,9.60659727100719,9.40217753771167,9.62942246228833,9.36109971145771,9.67050028854229
"2019.041",9.5158,9.4163365730189,9.6152634269811,9.3913328287308,9.6402671712692,9.34633432462565,9.68526567537435
"2019.049",9.5158,9.40836722012675,9.62323277987325,9.38136008959,9.65023991041,9.33275615010305,9.69884384989695
