"","Point Forecast","Lo 75","Hi 75","Lo 85","Hi 85","Lo 95","Hi 95"
"2019.000",1.5885,1.58265414534935,1.59434585465065,1.58118457749645,1.59581542250355,1.57853983940045,1.59846016059955
"2019.008",1.5885,1.58023271306938,1.59676728693062,1.57815443028099,1.59884556971901,1.57441420579671,1.60258579420329
"2019.016",1.5885,1.57837468273141,1.59862531726859,1.57582931654502,1.60117068345498,1.57124849579004,1.60575150420996
"2019.024",1.5885,1.57680829069869,1.60019170930131,1.5738691549929,1.6031308450071,1.5685796788009,1.6084203211991
"2019.033",1.5885,1.57542827161456,1.60157172838544,1.57214221799793,1.60485778200207,1.5662284038326,1.6107715961674
"2019.041",1.5885,1.57418063899542,1.60281936100458,1.57058094761343,1.60641905238657,1.56410268877493,1.61289731122507
"2019.049",1.5885,1.57303332239374,1.60396667760626,1.56914521132024,1.60785478867976,1.56214789203533,1.61485210796467
