"","Point Forecast","Lo 75","Hi 75","Lo 85","Hi 85","Lo 95","Hi 95"
"2019.000",1.5901,1.58420133258771,1.59599866741229,1.58271848832933,1.59748151167067,1.58004985707638,1.60015014292362
"2019.008",1.5901,1.58175802454561,1.5984419754544,1.57966096608452,1.60053903391548,1.57588695157363,1.60431304842637
"2019.016",1.5901,1.57988320834496,1.60031679165504,1.57731484674973,1.60288515325027,1.57269264183296,1.60750735816704
"2019.024",1.5901,1.57830266517541,1.60189733482459,1.57533697665865,1.60486302334135,1.56999971415276,1.61020028584724
"2019.033",1.5901,1.57691017868945,1.60328982131055,1.57359443812767,1.60660556187233,1.5676271972392,1.6125728027608
"2019.041",1.5901,1.5756512746775,1.6045487253225,1.57201906287645,1.60818093712355,1.56548227799509,1.61471772200491
"2019.049",1.5901,1.57449359296039,1.60570640703961,1.57057035581968,1.60962964418032,1.56350982118344,1.61669017881656
