"","Point Forecast","Lo 75","Hi 75","Lo 85","Hi 85","Lo 95","Hi 95"
"2019.000",10.4645116338859,10.4172980240972,10.5117252436745,10.4054291687611,10.5235940990107,10.3840691384628,10.544954129309
"2019.008",10.4701816959452,10.3972200270338,10.5431433648565,10.3788784620218,10.5614849298686,10.3458696862569,10.5944937056334
"2019.016",10.4711920024515,10.3785275629734,10.5638564419295,10.3552329910927,10.5871510138102,10.3133104343619,10.629073570541
"2019.024",10.4713720215105,10.3623739552412,10.5803700877799,10.3349733331269,10.6077707098942,10.2856612384068,10.6570828046142
"2019.033",10.4714040977779,10.3481972652313,10.5946109303245,10.3172247537359,10.6255834418199,10.2614844346215,10.6813237609343
"2019.041",10.4714098132112,10.3354677558097,10.6073518706127,10.3012937830799,10.6415258433425,10.2397918882256,10.7030277381969
"2019.049",10.4714108316021,10.3238278516748,10.6189938115294,10.2867275103395,10.6560941528647,10.2199591158686,10.7228625473356
