"","Point Forecast","Lo 75","Hi 75","Lo 85","Hi 85","Lo 95","Hi 95"
"2019.000",10.4868432627715,10.4388889100397,10.5347976155033,10.4268338420655,10.5468526834775,10.4051386903524,10.5685478351906
"2019.008",10.4934558259285,10.4191599829489,10.5677516689081,10.4004830248356,10.5864286270214,10.3668706519586,10.6200409998984
"2019.016",10.4946683061132,10.4001923418482,10.5891442703783,10.3764423774286,10.6128942347979,10.3337002641227,10.6556363481038
"2019.024",10.4948906265907,10.3836874974094,10.6060937557719,10.3557325526576,10.6340487005238,10.30542285977,10.6843583934114
"2019.033",10.4949313912937,10.3691819343704,10.6206808482171,10.3375702419051,10.6522925406824,10.2806796075751,10.7091831750124
"2019.041",10.4949388659134,10.3561552824381,10.6337224493888,10.3212669889424,10.6686107428845,10.258479551989,10.7313981798379
"2019.049",10.4949402364604,10.3442450003114,10.6456354726093,10.3063622803563,10.6835181925645,10.2381858620657,10.751694610855
