"","Point Forecast","Lo 75","Hi 75","Lo 85","Hi 85","Lo 95","Hi 95"
"2019.000",1.5903,1.58439443358754,1.59620556641246,1.58290985501494,1.59769014498506,1.58023810256763,1.60036189743237
"2019.008",1.5903,1.581948267886,1.598651732114,1.57984875673422,1.60075124326578,1.57607032818794,1.60452967181206
"2019.016",1.5903,1.58007125892615,1.60052874107385,1.57749989341057,1.60310010658943,1.57287228242659,1.60772771757341
"2019.024",1.5903,1.57848886717508,1.60211113282492,1.57551971002988,1.60508028997012,1.57017620513526,1.61042379486474
"2019.033",1.5903,1.5770947520561,1.6035052479439,1.57377513344982,1.60682486655018,1.56780091335859,1.61279908664141
"2019.041",1.5903,1.57583437564735,1.60476562435265,1.57219791566141,1.60840208433859,1.56565348544648,1.61494651455352
"2019.049",1.5903,1.57467533992165,1.60592466007835,1.57074751421682,1.60985248578318,1.56367872167651,1.61692127832349
