"","Point Forecast","Lo 75","Hi 75","Lo 85","Hi 85","Lo 95","Hi 95"
"2019.000",10.47273623148,10.425256390016,10.5202160729439,10.4133206076804,10.5321518552796,10.391840130827,10.553632332133
"2019.008",10.4787453284907,10.4053029823397,10.5521876746416,10.3868405816482,10.5706500753332,10.3536143414605,10.6038763155208
"2019.016",10.4798275378168,10.3865099921783,10.5731450834553,10.3630512383473,10.5966038372863,10.3208332081833,10.6388218674502
"2019.024",10.4800224384855,10.3702291741571,10.5898157028138,10.3426286501339,10.617416226837,10.2929567978204,10.6670880791505
"2019.033",10.4800575391538,10.3559336545268,10.6041814237808,10.3247306086892,10.6353844696184,10.2685754036911,10.6915396746165
"2019.041",10.4800638606145,10.3430968635392,10.6170308576898,10.3086652350027,10.6514624862263,10.2466996445618,10.7134280766673
"2019.049",10.480064999079,10.3313593654773,10.6287706326808,10.2939768043729,10.6661531937852,10.2267005072737,10.7334294908844
