"","Point Forecast","Lo 75","Hi 75","Lo 85","Hi 85","Lo 95","Hi 95"
"2019.000",10.2386641868707,10.196495752796,10.2808326209454,10.1858951855862,10.2914331881552,10.1668176561725,10.3105107175689
"2019.008",10.2375275785351,10.1743084746099,10.3007466824602,10.1584160570988,10.3166390999713,10.1298149401472,10.3452402169229
"2019.016",10.2331836050478,10.1517278243182,10.3146393857774,10.1312509558453,10.3351162542503,10.094399337167,10.3719678729287
"2019.024",10.2324441074022,10.13145463634,10.3334335784644,10.1060672654553,10.3588209493491,10.0603783598334,10.404509854971
"2019.033",10.2355801401073,10.1183778730316,10.352782407183,10.0889148271172,10.3822454530974,10.0358910488682,10.4352692313464
"2019.041",10.2373400652817,10.1087743369167,10.3659057936468,10.0764546723543,10.3982254582091,10.0182899214383,10.4563902091252
"2019.049",10.2355369189692,10.097398754117,10.3736750838215,10.06267271003,10.4084011279085,10.0001772685712,10.4708965693673
