"","Point Forecast","Lo 75","Hi 75","Lo 85","Hi 85","Lo 95","Hi 95"
"2019.000",1.5922,1.58622566751875,1.59817433248125,1.58472380209758,1.59967619790242,1.58202093901672,1.60237906098328
"2019.008",1.5922,1.58375101797889,1.60064898202111,1.58162705953142,1.60277294046858,1.57780463390522,1.60659536609478
"2019.016",1.5922,1.58185215260116,1.60254784739884,1.57925084538557,1.60514915461443,1.57456934920362,1.60983065079638
"2019.024",1.5922,1.58025133503749,1.60414866496251,1.57724760419517,1.60715239580483,1.57184187803344,1.61255812196656
"2019.033",1.5922,1.57884098645173,1.60555901354827,1.57548271327695,1.60891728672305,1.56943892769427,1.61496107230573
"2019.041",1.5922,1.57756593386719,1.60683406613281,1.57388712992301,1.61051287007699,1.56726649453029,1.61713350546971
"2019.049",1.5922,1.57639340200499,1.60800659799501,1.5724198395979,1.6119801604021,1.56526873605808,1.61913126394192
