"","Point Forecast","Lo 75","Hi 75","Lo 85","Hi 85","Lo 95","Hi 95"
"2019.000",1.5962,1.59006253367662,1.60233746632338,1.5885196586402,1.6038803413598,1.58574299175941,1.60665700824059
"2019.008",1.5962,1.58752031188687,1.60487968811313,1.58533835708531,1.60706164291469,1.58141155712431,1.61098844287569
"2019.016",1.5962,1.58556959649817,1.60683040350183,1.58289725854535,1.60950274145465,1.57808793043213,1.61431206956787
"2019.024",1.5962,1.58392506735324,1.60847493264676,1.58083931728039,1.61156068271961,1.57528598351882,1.61711401648118
"2019.033",1.5962,1.58247620809131,1.60992379190869,1.57902623462907,1.61337376537093,1.57281741873277,1.61958258126723
"2019.041",1.5962,1.58116633919421,1.61123366080579,1.57738708261808,1.61501291738192,1.57058566557448,1.62181433442552
"2019.049",1.5962,1.57996179042831,1.61243820957169,1.57587972677787,1.61652027322213,1.56853335673765,1.62386664326235
