"","Point Forecast","Lo 75","Hi 75","Lo 85","Hi 85","Lo 95","Hi 95"
"2019.000",10.2461116828521,10.2039814209779,10.2882419447262,10.1933904497369,10.2988329159673,10.1743301899063,10.3178931757978
"2019.008",10.2451759778897,10.1820129664594,10.30833898932,10.1661346498338,10.3242173059456,10.1375589098316,10.3527930459478
"2019.016",10.2417285701077,10.1602815261776,10.3231756140378,10.1398068540166,10.3436502861988,10.1029591879761,10.3804979522393
"2019.024",10.2411539182788,10.14013990482,10.3421679317376,10.1147463643128,10.3675614722449,10.0690463554023,10.4132614811554
"2019.033",10.243643009451,10.1264132629138,10.3608727559882,10.0969433090389,10.3903427098631,10.0439070987362,10.4433789201658
"2019.041",10.2450397826769,10.1164480407678,10.3736315245861,10.0841218367564,10.4059577285975,10.0259453169861,10.4641342483678
"2019.049",10.2436155736127,10.1054516701891,10.3817794770363,10.0707191557775,10.4165119914479,10.0082120698657,10.4790190773597
