"","Point Forecast","Lo 75","Hi 75","Lo 85","Hi 85","Lo 95","Hi 95"
"2019.000",5.36712886408222,5.30413033849924,5.4301273896652,5.28829337136454,5.4459643567999,5.2597920468264,5.47446568133804
"2019.008",5.37254993435524,5.29086933470639,5.45423053400409,5.27033594983411,5.47476391887637,5.23338262025189,5.51171724845859
"2019.016",5.37488397433557,5.28077957203709,5.46898837663405,5.25712301321067,5.49264493546047,5.21454899920706,5.53521894946408
"2019.024",5.40650549073984,5.29971035968557,5.51330062179412,5.27286352533506,5.54014745614463,5.22454806618575,5.58846291529393
"2019.033",5.42770429271215,5.31527907205177,5.54012951337253,5.28701691022761,5.56839167519669,5.23615432779951,5.6192542576248
"2019.041",5.44297036918482,5.32748990527681,5.55845083309283,5.2984596971142,5.58748104125544,5.24621488425232,5.63972585411732
"2019.049",5.45485947202132,5.33741099149631,5.57230795254632,5.30788605089044,5.60183289315219,5.25475088258328,5.65496806145936
