"","Point Forecast","Lo 75","Hi 75","Lo 85","Hi 85","Lo 95","Hi 95"
"2019.000",5.38164054997533,5.31890360768611,5.44437749226455,5.30313239901143,5.46014870093923,5.27474941804213,5.48853168190853
"2019.008",5.3862438641481,5.30491636431012,5.46757136398607,5.28447174389778,5.48801598439841,5.24767816110663,5.52480956718956
"2019.016",5.39002847705832,5.29633269008928,5.48372426402737,5.27277885156437,5.50727810255228,5.23038970026997,5.54966725384668
"2019.024",5.41761488732376,5.31139032759241,5.52383944705511,5.28468692706366,5.55054284758387,5.23662960154996,5.59860017309757
"2019.033",5.43649408335641,5.32463712547409,5.54835104123874,5.29651781713509,5.57647034957773,5.24591232392789,5.62707584278493
"2019.041",5.45043311424367,5.33547144492841,5.56539478355893,5.30657165462621,5.59429457386113,5.25456155095665,5.6463046775307
"2019.049",5.46156927029505,5.34457595371344,5.57856258687666,5.31516543509357,5.60797310549653,5.26223618867345,5.66090235191665
