"","Point Forecast","Lo 75","Hi 75","Lo 85","Hi 85","Lo 95","Hi 95"
"2019.000",5.46787982384325,5.40451618713366,5.53124346055284,5.38858743605863,5.54717221162787,5.35992093065926,5.57583871702724
"2019.008",5.47530956314478,5.39181525257352,5.55880387371605,5.37082592559776,5.5797932006918,5.33305205040531,5.61756707588425
"2019.016",5.48273930244632,5.38310171245902,5.58237689243361,5.35805418597475,5.60742441891788,5.31297688833727,5.65250171655536
"2019.024",5.49016904174785,5.37666133813623,5.60367674535947,5.34812705491297,5.63221102858273,5.29677474359653,5.68356333989916
"2019.033",5.49759878104938,5.37174033588225,5.62345722621652,5.34010124526399,5.65509631683477,5.28316130328314,5.71203625881563
"2019.041",5.50502852035091,5.3679274712645,5.64212956943733,5.33346214388704,5.67659489681478,5.27143590663195,5.73862113406988
"2019.049",5.51245825965245,5.3649691173358,5.6599474019691,5.32789236549154,5.69702415381335,5.26116642433469,5.76375009497021
