"","Point Forecast","Lo 75","Hi 75","Lo 85","Hi 85","Lo 95","Hi 95"
"2019.000",5.34470842274759,5.28122684069309,5.40819000480208,5.26526843977256,5.42414840572261,5.2365485744172,5.45286827107798
"2019.008",5.35119122809373,5.26886207023843,5.43352038594903,5.24816564670921,5.45421680947826,5.21091890124538,5.49146355494209
"2019.016",5.35094374898709,5.25608583133391,5.44580166664027,5.23223984905991,5.46964764891427,5.18932493524206,5.51256256273212
"2019.024",5.38887432903348,5.28105685261753,5.49669180544943,5.2539530146349,5.52379564343206,5.2051750335984,5.57257362446856
"2019.033",5.41379551093306,5.30034345057879,5.52724757128733,5.2718231553089,5.55576786655723,5.22049601770123,5.6070950041649
"2019.041",5.43124751425576,5.31481909012201,5.5476759383895,5.28555057773242,5.57694445077909,5.23287689575348,5.62961813275803
"2019.049",5.44441118479134,5.3261212688483,5.56270110073438,5.29638480289421,5.59243756668848,5.24286895863145,5.64595341095123
