"","Point Forecast","Lo 75","Hi 75","Lo 85","Hi 85","Lo 95","Hi 95"
"2019.000",5.45473291384387,5.39127091585825,5.51819491182948,5.37531743810461,5.53414838958313,5.34660643282807,5.56285939485966
"2019.008",5.46205543872391,5.37837682389849,5.54573405354934,5.35734116535562,5.5667697120922,5.31948390860284,5.60462696884499
"2019.016",5.46937796360396,5.36949405113615,5.56926187607177,5.34438460255144,5.59437132465648,5.29919586552878,5.63956006167913
"2019.024",5.476700488484,5.36289591317768,5.59050506379033,5.33428700047335,5.61911397649466,5.28280038067209,5.67060059629592
"2019.033",5.48402301336405,5.35782409597,5.6102219307581,5.3260994152936,5.6419466114345,5.26900543939932,5.69904058732878
"2019.041",5.49134553824409,5.35386516821911,5.62882590826908,5.31930448474908,5.66338659173911,5.25710663793528,5.72558443855291
"2019.049",5.49866806312414,5.35076425136467,5.64657187488361,5.31358325729765,5.68375286895063,5.24666971447462,5.75066641177366
