"","Point Forecast","Lo 75","Hi 75","Lo 85","Hi 85","Lo 95","Hi 95"
"2019.000",1.167951,1.16124296019797,1.17465903980203,1.15955665079787,1.17634534920212,1.1565218493062,1.1793801506938
"2019.008",1.167951,1.15846439913504,1.17743760086496,1.15607959751106,1.17982240248894,1.15178774008243,1.18411425991757
"2019.015",1.167951,1.1563323342437,1.1795696657563,1.15341156068544,1.18249043931456,1.14815513031098,1.18774686968902
"2019.023",1.167951,1.15453492039595,1.18136707960405,1.15116230159575,1.18473969840425,1.14509269861241,1.19080930138759
"2019.030",1.167951,1.1529513670069,1.1829506329931,1.14918066455718,1.18672133544282,1.14239464212358,1.19350735787642
"2019.038",1.167951,1.15151972531076,1.18438227468924,1.14738912773205,1.18851287226795,1.13995541260682,1.19594658739318
"2019.045",1.167951,1.15020319489912,1.18569880510088,1.14574163959294,1.19016036040706,1.13771230956753,1.19818969043247
