"","Point Forecast","Lo 75","Hi 75","Lo 85","Hi 85","Lo 95","Hi 95"
"2019.000",1.166317,1.15960324227375,1.17303075772625,1.15791549546575,1.17471850453425,1.15487810711331,1.17775589288669
"2019.008",1.166317,1.15682231276904,1.17581168723096,1.15443547834333,1.17819852165667,1.15013996254112,1.18249403745888
"2019.015",1.166317,1.15468843050842,1.17794556949158,1.15176516728666,1.18086883271334,1.14650425633792,1.18612974366208
"2019.023",1.166317,1.15288948454749,1.17974451545251,1.1495139909315,1.1831200090685,1.14343921422663,1.18919478577337
"2019.031",1.166317,1.15130458133963,1.18132941866037,1.14753066474815,1.18510333525185,1.14073885791803,1.19189514208197
"2019.038",1.166317,1.14987171931401,1.18276228068599,1.14573760081941,1.18689639918059,1.13829754920527,1.19433645079473
"2019.046",1.166317,1.14855406669359,1.18407993330641,1.14408870836359,1.18854529163641,1.13605253414792,1.19658146585208
