"","Point Forecast","Lo 75","Hi 75","Lo 85","Hi 85","Lo 95","Hi 95"
"2019.000",1.164958,1.15825999836,1.17165600164,1.15657621241645,1.17333978758355,1.1535459523154,1.1763700476846
"2019.008",1.164958,1.15548559523991,1.17443040476009,1.15310436232241,1.17681163767759,1.14881892739,1.18109707261
"2019.015",1.164958,1.15335672085033,1.17655927914967,1.15044031804704,1.17947568195296,1.14519175359188,1.18472424640812
"2019.023",1.164958,1.15156199671999,1.17835400328001,1.1481944248329,1.1817215751671,1.14213390463081,1.18778209536919
"2019.030",1.164958,1.14998081301955,1.17993518698045,1.14621575319021,1.18370024680979,1.13943988561477,1.19047611438523
"2019.038",1.164958,1.14855131368567,1.18136468631433,1.1444268972879,1.1854891027121,1.13700430625243,1.19291169374757
"2019.045",1.164958,1.14723675337945,1.18267924662055,1.14278187451175,1.18713412548825,1.13476455987655,1.19515144012345
