"","Point Forecast","Lo 75","Hi 75","Lo 85","Hi 85","Lo 95","Hi 95"
"2019.000",1.165094,1.1583726926229,1.1718153073771,1.15668304793601,1.17350495206399,1.15364224402667,1.17654575597333
"2019.008",1.165094,1.15558863595042,1.17459936404958,1.15319911751863,1.17698888248137,1.14889877138952,1.18128922861048
"2019.015",1.165094,1.15345235412957,1.17673564587043,1.15052580368513,1.17966219631487,1.1452589768183,1.1849290231817
"2019.023",1.165094,1.1516513852458,1.1785366147542,1.14827209587201,1.18191590412799,1.14219048805333,1.18799751194667
"2019.031",1.165094,1.15006469980713,1.18012330019287,1.14628653942942,1.18390146057058,1.13948709518188,1.19070090481812
"2019.038",1.165094,1.1486302265217,1.1815577734783,1.1444914591922,1.1856965408078,1.13704304120646,1.19314495879354
"2019.046",1.165094,1.14731109219496,1.18287690780504,1.14284071254938,1.18734728745062,1.13479550161956,1.19539249838044
