"","Point Forecast","Lo 75","Hi 75","Lo 85","Hi 85","Lo 95","Hi 95"
"2019.000",1.166317,1.15964234513911,1.17299165486089,1.15796442825631,1.17466957174369,1.15494473053149,1.17768926946851
"2019.007",1.166317,1.15687761257157,1.17575638742843,1.15450467975938,1.17812932024062,1.15023418228267,1.18239981771733
"2019.015",1.166317,1.15475615865796,1.17787784134204,1.15184992136607,1.18078407863393,1.14661965148317,1.18601434851683
"2019.022",1.166317,1.15296769027823,1.17966630972177,1.14961185651262,1.18302214348738,1.14357246106297,1.18906153893703
"2019.030",1.166317,1.15139201800471,1.18124198199529,1.14764008179417,1.18499391820583,1.14088783240996,1.19174616759004
"2019.037",1.166317,1.14996750138164,1.18266649861836,1.14585746118797,1.18677653881203,1.13846074258471,1.19417325741529
"2019.045",1.166317,1.1486575231509,1.1839764768491,1.14421817235837,1.18841582764163,1.1362288031439,1.1964051968561
