"","Point Forecast","Lo 75","Hi 75","Lo 85","Hi 85","Lo 95","Hi 95"
"2019.000",15.9768,15.8473218358223,16.1062781641777,15.8147727973843,16.1388272026157,15.756195249042,16.197404750958
"2019.008",15.9768,15.7936902241888,16.1599097758112,15.7476589325875,16.2059410674126,15.6648177692712,16.2887822307288
"2019.016",15.9768,15.7525372411736,16.2010627588264,15.6961606528613,16.2574393471387,15.5947013629496,16.3588986370504
"2019.024",15.9768,15.7178436716447,16.2357563283553,15.6527455947685,16.3008544052315,15.5355904980839,16.4180095019161
"2019.033",15.9768,15.6872780232969,16.2663219767031,15.6144961607471,16.3391038392529,15.4835127806984,16.4700872193016
"2019.041",15.9768,15.6596445649324,16.2939554350676,15.5799160291409,16.3736839708591,15.4364309253191,16.5171690746809
"2019.049",15.9768,15.6342329773727,16.3193670226273,15.5481163162513,16.4054836837487,15.3931346909257,16.5604653090743
