"","Point Forecast","Lo 75","Hi 75","Lo 85","Hi 85","Lo 95","Hi 95"
"2019.000",15.9092,15.7801097691115,16.0382902308885,15.7476582517931,16.0707417482069,15.6892562093451,16.1291437906549
"2019.008",15.9092,15.7266388447076,16.0917611552924,15.6807454687963,16.1376545312037,15.5981525082961,16.2202474917039
"2019.016",15.9092,15.6856091613403,16.1327908386597,15.6294014845621,16.1889985154379,15.5282461797764,16.2901538202236
"2019.024",15.9092,15.651019538223,16.167380461777,15.5861165035861,16.2322834964139,15.4693124186902,16.3490875813098
"2019.033",15.9092,15.6205454685022,16.1978545314978,15.5479816698051,16.2704183301949,15.4173907328666,16.4010092671334
"2019.041",15.9092,15.5929948035451,16.2254051964549,15.5135051447358,16.3048948552642,15.3704499408019,16.4479500591981
"2019.049",15.9092,15.5676593523811,16.2507406476189,15.4818007078898,16.3365992921102,15.3272834275142,16.4911165724858
