"","Point Forecast","Lo 75","Hi 75","Lo 85","Hi 85","Lo 95","Hi 95"
"2019.000",15.9904,15.8607977104832,16.1200022895168,15.8282174686336,16.1525825313664,15.7695837644283,16.2112162355717
"2019.008",15.9904,15.8071146844507,16.1736853155493,15.7610392645616,16.2197607354383,15.6781186848623,16.3026813151377
"2019.016",15.9904,15.7659222497796,16.2148777502204,15.7094916155733,16.2713083844267,15.6079350608537,16.3728649391463
"2019.024",15.9904,15.7311954209664,16.2496045790336,15.6660349372672,16.3147650627328,15.5487675288565,16.4320324711435
"2019.033",15.9904,15.7006004706008,16.2801995293992,15.6277488351018,16.3530511648982,15.496639886726,16.484160113274
"2019.041",15.9904,15.6729405211873,16.3078594788127,15.5931355529594,16.3876644470406,15.4495128959271,16.5312871040729
"2019.049",15.9904,15.6475045725939,16.3332954274061,15.5613053550056,16.4194946449944,15.4061751552317,16.5746248447683
