"","Point Forecast","Lo 75","Hi 75","Lo 85","Hi 85","Lo 95","Hi 95"
"2019.000",15.9491,15.8198270152088,16.0783729847912,15.7873295560604,16.1108704439396,15.7288448334505,16.1693551665495
"2019.008",15.9491,15.7662803916598,16.1319196083402,15.7203220441894,16.1778779558106,15.637612156283,16.260587843717
"2019.016",15.9491,15.7251926222955,16.1730073777045,15.6689053719336,16.2292946280664,15.5676068609068,16.3305931390932
"2019.024",15.9491,15.6905540304175,16.2076459695825,15.6255591121207,16.2726408878793,15.5085896669011,16.3896103330989
"2019.033",15.9491,15.6600368183525,16.2381631816475,15.5873702906006,16.3108297093994,15.4565944751998,16.4416055248002
"2019.041",15.9491,15.6324471497349,16.2657528502651,15.5528449568844,16.3453550431156,15.4095872287421,16.4886127712579
"2019.049",15.9491,15.6070758310034,16.2911241689966,15.5210956358552,16.3771043641448,15.366359604333,16.531840395667
