"","Point Forecast","Lo 75","Hi 75","Lo 85","Hi 85","Lo 95","Hi 95"
"2019.000",16.1434,16.0113582735245,16.2754417264755,15.9781647906096,16.3086352093904,15.9184274544731,16.3683725455269
"2019.008",16.1434,15.9566647996192,16.3301352003808,15.9097221258985,16.3770778741015,15.8252407749542,16.4615592250458
"2019.016",16.1434,15.9146970210253,16.3721029789747,15.8572042221365,16.4295957778635,15.7537361208393,16.5330638791607
"2019.024",16.1434,15.879316547049,16.407483452951,15.8129295812192,16.4738704187808,15.6934549089461,16.5933450910539
"2019.033",16.1434,15.8481457237343,16.4386542762657,15.7739228395266,16.5128771604734,15.6403460951306,16.6464539048694
"2019.041",16.1434,15.8199651453788,16.4668348546212,15.7386580494515,16.5481419505485,15.592332057324,16.694467942676
"2019.049",16.1434,15.7940504290621,16.4927495709378,15.7062287281213,16.5805712718787,15.5481785927186,16.7386214072814
