"","Point Forecast","Lo 75","Hi 75","Lo 85","Hi 85","Lo 95","Hi 95"
"2019.000",145.718466595931,143.526355693413,147.910577498449,142.975289013716,148.461644178146,141.983550497964,149.453382693899
"2019.008",145.735461629901,142.794358281413,148.67656497839,142.055005151499,149.415918108304,140.724413042242,150.74651021756
"2019.016",146.254951140656,142.632245867902,149.87765641341,141.721547342621,150.788354938692,140.08258995863,152.427312322683
"2019.024",146.576012862479,142.323469682433,150.828556042525,141.25443852721,151.897587197747,139.330534560168,153.82149116479
"2019.031",146.557891826554,141.857764399026,151.258019254082,140.676216689617,152.439566963491,138.549819985203,154.565963667905
"2019.039",146.96628647382,141.837299334131,152.095273613508,140.547942162453,153.384630785186,138.227523935718,155.705049011921
"2019.047",147.398614444198,141.805169432316,152.99205945608,140.399053908132,154.398174980263,137.868509104192,156.928719784203
