"","Point Forecast","Lo 75","Hi 75","Lo 85","Hi 85","Lo 95","Hi 95"
"2019.000",146.7918479519,144.595760367175,148.987935536625,144.043694003996,149.540001899804,143.050156387247,150.533539516553
"2019.008",146.816446653719,143.866357848037,149.766535459401,143.124745897159,150.508147410279,141.790088654168,151.84280465327
"2019.016",146.923089893951,143.284417217505,150.561762570396,142.369704705465,151.476475082436,140.723523467416,153.122656320485
"2019.024",147.551333706687,143.281747491957,151.820919921417,142.208431951066,152.894235462308,140.276817500989,154.825849912384
"2019.032",147.73651477934,143.018122712741,152.454906845939,141.83198352304,153.64104603564,139.697323666419,155.775705892261
"2019.040",147.734270476647,142.582936040045,152.88560491325,141.287961063767,154.180579889527,138.957432639119,156.511108314176
"2019.048",148.285566574507,142.66794246067,153.903190688344,141.25574864117,155.315384507845,138.7142649077,157.856868241315
