"","Point Forecast","Lo 75","Hi 75","Lo 85","Hi 85","Lo 95","Hi 95"
"2019.000",23.5202752487434,23.2233979576209,23.8171525398659,23.1487670696907,23.8917834277961,23.0144560529806,24.0260944445062
"2019.008",23.417235420761,22.9855012680897,23.8489695734323,22.8769692108152,23.9575016307068,22.6816472554898,24.1528235860322
"2019.016",23.3854122008849,22.8533716063224,23.9174527954475,22.7196238823488,24.0512005194211,22.4789220323806,24.2919023693893
"2019.024",23.3976476813172,22.740196710349,24.0550986522854,22.5749225341115,24.2203728285229,22.2774834541,24.5178119085343
"2019.031",23.372448189593,22.6056204419259,24.1392759372602,22.4128504409552,24.3320459382308,22.065927932867,24.6789684463191
"2019.039",23.362789098711,22.5008277376589,24.2247504597631,22.2841424482804,24.4414357491415,21.8941802981612,24.8313978992608
"2019.047",23.3656612791257,22.4100071108599,24.3213154473916,22.1697687320262,24.5615538262252,21.7374187786913,24.9939037795602
