"","Point Forecast","Lo 75","Hi 75","Lo 85","Hi 85","Lo 95","Hi 95"
"2019.000",23.9514033161092,23.6582326818713,24.2445739503471,23.5845335967528,24.3182730354657,23.4518995181907,24.4509071140278
"2019.008",23.9675338859247,23.5340375036139,24.4010302682356,23.4250624459258,24.5100053259237,23.2289432357694,24.7061245360801
"2019.016",24.0383106967052,23.4920496790868,24.5845717143236,23.3547271353775,24.7218942580329,23.107591787342,24.9690296060685
"2019.024",23.9951077018369,23.3268448209538,24.6633705827199,23.1588526785354,24.8313627251383,22.8565221546289,25.1336932490448
"2019.032",23.9663827826494,23.2044652427362,24.7283003225627,23.0129296007938,24.919835964505,22.6682285323892,25.2645370329096
"2019.040",24.0220294132604,23.1874063003109,24.85665252621,22.9775934723546,25.0664653541663,22.5999994891768,25.4440593373441
"2019.048",24.0121494132266,23.0973048618309,24.9269939646223,22.8673254621586,25.1569733642945,22.4534382922608,25.5708605341924
