"","Point Forecast","Lo 75","Hi 75","Lo 85","Hi 85","Lo 95","Hi 95"
"2019.000",23.5936779847846,23.2958608064905,23.8914951630787,23.2209936437887,23.9663623257805,23.0862574103127,24.1010985592565
"2019.008",23.6499188403359,23.218135741505,24.0817019391669,23.1095913798358,24.1902463008361,22.9142472806528,24.3855904000191
"2019.016",23.5444798260361,23.0124663329113,24.0764933191609,22.8787254218682,24.210234230204,22.638035832931,24.4509238191412
"2019.024",23.5448392016377,22.8868435919617,24.2028348113137,22.721432501007,24.3682459022684,22.4237470196009,24.6659313836745
"2019.032",23.5602318818322,22.7928703038731,24.3275934597913,22.599966105273,24.5204976583913,22.2528020856532,24.8676616780112
"2019.040",23.5338734081007,22.6712386903101,24.3965081258914,22.4543841282631,24.6133626879384,22.0641173430947,25.0036294731068
"2019.048",23.5325216467963,22.5758502010998,24.4891930924927,22.3353560926425,24.72968720095,21.902545910216,25.1624973833765
