"","Point Forecast","Lo 75","Hi 75","Lo 85","Hi 85","Lo 95","Hi 95"
"2019.000",24.1633480541546,23.572601637064,24.7540944712452,23.4240960727539,24.9026000355554,23.1568349710466,25.1698611372627
"2019.013",24.7093450826173,23.9574194798593,25.4612706853754,23.7683956741682,25.6502944910664,23.4282150836794,25.9904750815553
"2019.025",25.1393056534204,24.302888852487,25.9757224543539,24.0926251159199,26.185986190921,23.7142196457608,26.5643916610801
"2019.038",25.4778900830204,24.5931223481627,26.3626578178781,24.3707038485372,26.5850763175036,23.9704238083505,26.9853563576902
"2019.051",25.744517824614,24.8310513549119,26.6579842943161,24.601418386117,26.887617263111,24.1881546776927,27.3008809715353
"2019.063",25.9544812676208,25.0236624753039,26.8853000599378,24.7896673700872,27.1192951651545,24.3685532528833,27.5404092823584
"2019.076",26.1198228301146,25.1784041448767,27.0612415153525,24.9417443716497,27.2979012885796,24.5158347297027,27.7238109305266
