"","Point Forecast","Lo 75","Hi 75","Lo 85","Hi 85","Lo 95","Hi 95"
"2019.000",31.6118528173132,30.732160698857,32.4915449357693,30.5110181397301,32.7126874948962,30.1130343721777,33.1106712624486
"2019.008",31.3575351720599,30.1610029191208,32.5540674249991,29.860211086454,32.8548592576658,29.3188848610259,33.3961854830939
"2019.016",31.1659338606327,29.7965877738997,32.5352799473657,29.4523529085447,32.8795148127207,28.8328435333356,33.4990241879298
"2019.024",30.9743325492055,29.4389076666683,32.5097574317427,29.052922865,32.895742233411,28.3582773558208,33.5903877425902
"2019.032",30.7827312377783,29.0854994619376,32.479963013619,28.6588386217794,32.9066238537771,27.8909896409971,33.6744728345594
"2019.040",30.5911299263511,28.7348026995704,32.4474571531317,28.2681474404239,32.9141124122782,27.4283216786325,33.7539381740696
"2019.048",30.3995286149238,28.3857663498054,32.4132908800423,27.8795340766743,32.9195231531734,26.9684827253978,33.8305745044498
