"","Point Forecast","Lo 75","Hi 75","Lo 85","Hi 85","Lo 95","Hi 95"
"2019.000",31.5973526872493,30.7208785938025,32.473826780696,30.5005450021211,32.6941603723774,30.1040171095168,33.0906882649818
"2019.008",31.3652128769771,30.1727424809947,32.5576832729594,29.8729717435764,32.8574540103777,29.333483153272,33.3969426006821
"2019.016",31.1821617414346,29.8157547494483,32.548568733421,29.4722587322882,32.8920647505811,28.8540790404716,33.5102444423976
"2019.024",30.9991106058922,29.4658551622781,32.5323660495062,29.0804157278642,32.9178054839202,28.3867517001124,33.6114695116719
"2019.032",30.8160594703497,29.1204731259127,32.5116458147868,28.69422592469,32.9378930160094,27.9271213577492,33.7049975829502
"2019.040",30.6330083348073,28.7779866909347,32.4880299786799,28.311659637463,32.9543570321516,27.4724245377836,33.793592131831
"2019.048",30.4499571992649,28.4373062503834,32.4626081481464,27.9313533469447,32.968561051585,27.0208047690973,33.8791096294324
