"","Point Forecast","Lo 75","Hi 75","Lo 85","Hi 85","Lo 95","Hi 95"
"2019.000",42.900002,42.4384830813989,43.3615209186012,42.3224635416034,43.4775404583966,42.1136665839315,43.6863374160685
"2019.008",42.900002,42.2473156860225,43.5526883139775,42.0832392793435,43.7167647206565,41.7879557900216,44.0120482099784
"2019.016",42.900002,42.1006277843286,43.6993762156714,41.8996760467321,43.9003279532679,41.5380291075785,44.2619748924215
"2019.024",42.900002,41.9769641627977,43.8230398372023,41.7449250832068,44.0550789167932,41.327331167863,44.472672832137
"2019.032",42.900002,41.8680143251056,43.9319896748944,41.6085867474048,44.1914172525952,41.1417025565552,44.6583014434448
"2019.040",42.900002,41.7695161427861,44.0304878572139,41.4853274700947,44.3146765299053,40.973881463953,44.826122536047
"2019.048",42.900002,41.6789377160299,44.1210662839701,41.371978866507,44.428025133493,40.8195540420002,44.9804499579998
