"","Point Forecast","Lo 75","Hi 75","Lo 85","Hi 85","Lo 95","Hi 95"
"2019.000",42.810001,42.3502246307355,43.2697773692645,42.2346431439948,43.3853588560052,42.0266345375376,43.5933674624624
"2019.008",42.810001,42.1597790229275,43.4602229770725,41.9963221168195,43.6236798831805,41.7021535244774,43.9178484755226
"2019.016",42.810001,42.0136449683144,43.6063570316856,41.8134519608651,43.8065500391349,41.4531704860696,44.1668315139304
"2019.024",42.810001,41.890448261471,43.729553738529,41.6592852879896,43.9607167120104,41.2432680750752,44.3767339249248
"2019.031",42.810001,41.7819097838766,43.8380922161234,41.5234617225838,44.0965402774162,41.0583403386405,44.5616616613595
"2019.039",42.810001,41.6837834995126,43.9362185004874,41.4006678332855,44.2193341667145,40.891152885358,44.728849114642
"2019.047",42.810001,41.593547068222,44.026454931778,41.2877471981429,44.3322548018571,40.737408154896,44.882593845104
