"","Point Forecast","Lo 75","Hi 75","Lo 85","Hi 85","Lo 95","Hi 95"
"2019.000",42.599998,42.1376594185812,43.0623365814188,42.0214338267713,43.1785621732287,41.8122660433418,43.3877299566582
"2019.008",42.599998,41.9461525077492,43.2538434922508,41.7817846995168,43.4182113004832,41.4859767833793,43.7140192166207
"2019.016",42.599998,41.7992040866834,43.4007919133166,41.5978954565288,43.6021005434712,41.2356062283223,43.9643897716777
"2019.024",42.599998,41.6753208371624,43.5246751628376,41.4428696535426,43.7571263464574,41.0245340866836,44.1754619133164
"2019.032",42.599998,41.5661775033268,43.6338184966732,41.3062891793147,43.8937068206853,40.8385757968633,44.3614202031367
"2019.040",42.599998,41.4675043871218,43.7324916128782,41.1828109921345,44.0171850078655,40.6704566521032,44.5295393478968
"2019.048",42.599998,41.3767650920555,43.8232309079445,41.0692610801452,44.1307349198548,40.5158551429041,44.6841408570959
