"","Point Forecast","Lo 75","Hi 75","Lo 85","Hi 85","Lo 95","Hi 95"
"2019.000",72.25,71.1046410076284,73.3953589923716,70.8167134323119,73.6832865676881,70.2985386329467,74.2014613670533
"2019.008",72.25,70.6302177792021,73.8697822207979,70.2230266972082,74.2769733027918,69.4902168682661,75.0097831317339
"2019.016",72.25,70.2661800323065,74.2338199676935,69.7674748429581,74.7325251570419,68.8699697632559,75.6300302367441
"2019.024",72.25,69.9592820152567,74.5407179847433,69.3834268646237,75.1165731353763,68.3470772658934,76.1529227341066
"2019.031",72.25,69.6888994344164,74.8111005655836,69.045073803412,75.454926196588,67.8863997278042,76.6136002721958
"2019.039",72.25,69.4444548963812,75.0555451036188,68.739179253979,75.760820746021,67.4699153979653,77.0300846020347
"2019.047",72.25,69.2196649442932,75.2803350557068,68.4578801844078,76.0421198155922,67.0869185296269,77.4130814703731
