"","Point Forecast","Lo 75","Hi 75","Lo 85","Hi 85","Lo 95","Hi 95"
"2019.000",73.7310049981937,72.6104022429973,74.8516077533902,72.3286980468932,75.1333119494943,71.8217232802834,75.640286716104
"2019.008",73.449649369135,71.824684349446,75.0746143888239,71.4161903827427,75.4831083555272,70.6810357904614,76.2182629478086
"2019.016",73.78894636416,71.7478270202436,75.8300657080763,71.2347175519113,76.3431751764086,70.3112895144502,77.2666032138697
"2019.024",73.5188012010684,71.0493229088646,75.9882794932722,70.4285298634469,76.6090725386899,69.3113068555324,77.7262955466044
"2019.032",73.7462365198625,70.9714483980997,76.5210246416252,70.2739046399965,77.2185683997285,69.0185556290301,78.4739174106949
"2019.040",73.5747691361518,70.464937319633,76.6846009526707,69.683168162071,77.4663701102327,68.2762411738371,78.8732970984665
"2019.048",73.7037708610752,70.3354628001914,77.072078921959,69.4887162522979,77.9188254698524,67.9648513634089,79.4426903587414
