"","Point Forecast","Lo 75","Hi 75","Lo 85","Hi 85","Lo 95","Hi 95"
"2019.000",72.8980660949537,71.7738544659903,74.0222777239172,71.4912430484121,74.3048891414954,70.9826355819653,74.8134966079422
"2019.008",73.244106402992,71.6136890837856,74.8745237221983,71.2038244836037,75.2843883223802,70.4662032025136,76.0220096034703
"2019.016",72.9314698451661,70.8859734145946,74.9769662757376,70.3717636065818,75.4911760837504,69.4463553201206,76.4165843702115
"2019.024",73.2108716317327,70.7358770318126,75.6858662316528,70.113697262131,76.3080460013343,68.9939786072944,77.427764656171
"2019.032",72.9906179729857,70.210885623327,75.7703503226444,69.5120989539973,76.4691369919741,68.2545131122075,77.7267228337639
"2019.040",73.1601784261497,70.0451052120707,76.2752516402288,69.2620184388957,77.0583384134037,67.8527201765485,78.467636675751
"2019.048",73.0361194382428,69.6625590705463,76.4096798059393,68.8144921646031,77.2577467118824,67.2882510661178,78.7839878103678
