"","Point Forecast","Lo 75","Hi 75","Lo 85","Hi 85","Lo 95","Hi 95"
"2019.000",120.5,117.531957567779,123.468042432221,116.785832320902,124.214167679098,115.44305263168,125.55694736832
"2019.008",120.5,116.302554138654,124.697445861346,115.247373695291,125.752626304709,113.348396447515,127.651603552485
"2019.016",120.5,115.359199708372,125.640800291628,114.066872871971,126.933127128029,111.741110226868,129.258889773132
"2019.024",120.5,114.563915135557,126.436084864443,113.071664641803,127.928335358197,110.38610526336,130.61389473664
"2019.032",120.5,113.863255361449,127.136744638551,112.194868589703,128.805131410297,109.192321925798,131.807678074202
"2019.040",120.5,113.229810506128,127.770189493872,111.402184367071,129.597815632929,108.113059291506,132.886940708494
"2019.048",120.5,112.647297843655,128.352702156345,110.673235993511,130.326764006489,107.120574870283,133.879425129717
