"","Point Forecast","Lo 75","Hi 75","Lo 85","Hi 85","Lo 95","Hi 95"
"2019.000",121.800003,118.85097164609,124.74903435391,118.109625524116,125.490380475884,116.775446685593,126.824559314407
"2019.008",121.800003,117.629442863438,125.970563136562,116.581021123328,127.018984876672,114.694207315259,128.905798684741
"2019.016",121.800003,116.692130861915,126.907875138085,115.408081712661,128.191924287339,113.097216177957,130.502789822043
"2019.024",121.800003,115.901940292181,127.698065707819,114.419248048231,129.180757951769,111.750890371187,131.849115628813
"2019.032",121.800003,115.20576842488,128.39423757512,113.548068101289,130.051937898711,110.564753524211,133.035252475789
"2019.040",121.800003,114.576380947453,129.023625052547,112.760461225823,130.839544774177,109.492403845824,134.107602154176
"2019.048",121.800003,113.997599429023,129.602406570977,112.036181954856,131.563824045144,108.506276543641,135.093729456359
