"","Point Forecast","Lo 75","Hi 75","Lo 85","Hi 85","Lo 95","Hi 95"
"2019.000",123.25,120.308938109783,126.191061890217,119.569595401911,126.930404598089,118.239022048898,128.260977951102
"2019.008",123.25,119.090710387077,127.409289612923,118.045121902362,128.454878097638,116.163407020799,130.336592979201
"2019.016",123.25,118.15593137794,128.34406862206,116.8753522437,129.6246477563,114.570731593084,131.929268406916
"2019.024",123.25,117.367876219566,129.132123780434,115.889190803822,130.610809196178,113.228044097796,133.271955902204
"2019.031",123.25,116.673585687441,129.826414312559,115.02036513397,131.47963486603,112.045112667583,134.454887332417
"2019.039",123.25,116.045899067024,130.454100932976,114.234886687689,132.265113312311,110.975660907463,135.524339092537
"2019.047",123.25,115.468681648037,131.031318351963,113.512564709358,132.987435290642,109.992198516156,136.507801483844
