"","Point Forecast","Lo 75","Hi 75","Lo 85","Hi 85","Lo 95","Hi 95"
"2019.000",11.1,10.8903973707301,11.3096026292699,10.83770613835,11.36229386165,10.7428792752514,11.4571207247486
"2019.008",11.1,10.8035771189774,11.3964228810226,10.7290604635274,11.4709395364726,10.5949550276561,11.6050449723439
"2019.016",11.1,10.7369575967045,11.4630424032955,10.6456937051088,11.5543062948912,10.4814487602996,11.7185512397004
"2019.024",11.1,10.6807947414601,11.5192052585399,10.5754122767,11.6245877233,10.3857585505028,11.8142414494971
"2019.032",11.1,10.6313142726898,11.5686857273102,10.5134930952697,11.6865069047303,10.3014537832882,11.8985462167118
"2019.040",11.1,10.5865805095429,11.6134194904571,10.4575138762933,11.7424861237067,10.2252364477931,11.9747635522069
"2019.048",11.1,10.5454435688065,11.6545564311935,10.4060356716553,11.7939643283447,10.1551473742881,12.0448526257119
