"","Point Forecast","Lo 75","Hi 75","Lo 85","Hi 85","Lo 95","Hi 95"
"2019.000",11.07,10.8595767168899,11.2804232831101,10.8066791833658,11.3333208166342,10.7114810461586,11.4285189538414
"2019.008",11.07,10.7724165391866,11.3675834608134,10.6976081298608,11.4423918701392,10.5629776331096,11.5770223668904
"2019.016",11.07,10.7055361825578,11.4344638174422,10.6139149668991,11.5260850331009,10.4490269564702,11.6909730435298
"2019.024",11.07,10.6491534337797,11.4908465662203,10.5433583667317,11.5966416332683,10.3529620923172,11.7870379076828
"2019.032",11.07,10.5994792349171,11.5405207650829,10.4811967541152,11.6588032458848,10.2683272479885,11.8716727520115
"2019.040",11.07,10.554570326379,11.585429673621,10.4249983605933,11.7150016394067,10.1918114999721,11.9481885000279
"2019.048",11.07,10.5132723228329,11.6267276771671,10.3733186041595,11.7666813958405,10.1214480078326,12.0185519921674
