"","Point Forecast","Lo 75","Hi 75","Lo 85","Hi 85","Lo 95","Hi 95"
"2019.000",10.99,10.7809266523985,11.1990733476015,10.7283684741861,11.2516315258139,10.6337810647646,11.3462189352354
"2019.008",10.99,10.6943256362912,11.2856743637088,10.6199971478496,11.3600028521504,10.486230350616,11.493769649384
"2019.016",10.99,10.6278743394456,11.3521256605544,10.5368409044285,11.4431590955715,10.3730107055542,11.6069892944458
"2019.024",10.99,10.5718533047969,11.4081466952031,10.4667369483722,11.5132630516278,10.2775621295292,11.7024378704708
"2019.031",10.99,10.5224977824795,11.4575022175205,10.4049741232231,11.5750258767769,10.1934702459411,11.7865297540589
"2019.039",10.99,10.4778769795607,11.5021230204393,10.3491362611301,11.6308637388699,10.1174453719558,11.8625546280442
"2019.047",10.99,10.4368439164746,11.5431560835254,10.297788047562,11.682211952438,10.047533285075,11.932466714925
