"","Point Forecast","Lo 75","Hi 75","Lo 85","Hi 85","Lo 95","Hi 95"
"2019.000",48.130001,47.0858256497187,49.1741763502813,46.8233342572259,49.4366677427741,46.3509362088955,49.9090657911045
"2019.008",48.130001,46.6533140581365,49.6066879418635,46.282095170867,49.977906829133,45.6140234440796,50.6459785559204
"2019.016",48.130001,46.3214362413018,49.9385657586982,45.8667878129548,50.3932141870452,45.0485703918501,51.2114316081499
"2019.024",48.130001,46.0416502994374,50.2183517005626,45.5166675144519,50.7433344855481,44.571871417791,51.688130582209
"2019.032",48.130001,45.7951539363414,50.4648480636586,45.2082053392189,51.0517966607811,44.1518911907139,52.1081108092861
"2019.040",48.130001,45.572304189819,50.687697810181,44.929334216339,51.330667783661,43.7722000424429,52.4878019575571
"2019.048",48.130001,45.367372698012,50.892629301988,44.672885752181,51.587116247819,43.4230379964665,52.8369640035335
