"","Point Forecast","Lo 75","Hi 75","Lo 85","Hi 85","Lo 95","Hi 95"
"2019.000",48,46.9599237247921,49.0400762752079,46.6984627836729,49.3015372163271,46.2279192084098,49.7720807915902
"2019.008",48,46.5291100256986,49.4708899743014,46.1593484167369,49.8406515832631,45.4938993109123,50.5061006890877
"2019.016",48,46.198535047593,49.801464952407,45.7456714133797,50.2543285866203,44.9306660338489,51.0693339661511
"2019.024",48,45.9198474495843,50.0801525504157,45.3969255673458,50.6030744326542,44.4558384168197,51.5441615831803
"2019.032",48,45.6743187468504,50.3256812531496,45.0896743090468,50.9103256909532,44.0375068883827,51.9624931116173
"2019.040",48,45.4523438321662,50.5476561678338,44.8118979387563,51.1881020612437,43.6593062776168,52.3406937223832
"2019.048",48,45.2482168312616,50.7517831687384,44.5564562035033,51.4435437964967,43.3115149223379,52.6884850776621
