"","Point Forecast","Lo 75","Hi 75","Lo 85","Hi 85","Lo 95","Hi 95"
"2019.000",47.689999,46.6535712117705,48.7264267882295,46.3930274503445,48.9869705496555,45.9241344964329,49.4558635035671
"2019.008",47.689999,46.2242687654655,49.1557292345345,45.8558042444651,49.5241937555349,45.1926894697422,50.1873085302578
"2019.016",47.689999,45.8948534124102,49.4851445875898,45.4435783800253,49.9364196199747,44.6314319605394,50.7485660394606
"2019.024",47.689999,45.6171434235409,49.7628545764591,45.096055900689,50.283942099311,44.1582699928658,51.2217280071342
"2019.031",47.689999,45.372476011749,50.007521988251,44.789882450087,50.590115549913,43.7414059309701,51.6385920690299
"2019.039",47.689999,45.1512797635963,50.2287182364037,44.5130804924372,50.8669175075628,43.3645320113675,52.0154659886325
"2019.047",47.689999,44.947868820468,50.432129179532,44.2585348220854,51.1214631779146,43.017960674525,52.362037325475
