"","Point Forecast","Lo 75","Hi 75","Lo 85","Hi 85","Lo 95","Hi 95"
"2019.000",197.360001,193.325080342809,201.394921657191,192.310756511454,202.409245488546,190.485307708136,204.234694291864
"2019.008",197.360001,191.653761483502,203.066240516498,190.219290964561,204.500711035439,187.637716509491,207.082285490509
"2019.016",197.360001,190.371313417237,204.348688582763,188.614453006002,206.105548993998,185.452682932039,209.267319067961
"2019.024",197.360001,189.290159685619,205.429842314381,187.261512022908,207.458489977092,183.610614416273,211.109387583727
"2019.032",197.360001,188.337644126704,206.382357873296,186.069547088596,208.650454911404,181.987719474931,212.732282525069
"2019.040",197.360001,187.476504237268,207.243497762732,184.991928416503,209.728073583497,180.5205102968,214.1994917032
"2019.048",197.360001,186.684604381196,208.035397618804,184.000955774544,210.719046225456,179.171272209885,215.548729790115
