"","Point Forecast","Lo 75","Hi 75","Lo 85","Hi 85","Lo 95","Hi 95"
"2019.000",194.320007,190.281039855643,198.358974144357,189.265698792794,199.374315207206,187.438419307839,201.201594692161
"2019.008",194.320007,188.608044886471,200.031969113529,187.172135784956,201.467878215044,184.587972355086,204.052041644914
"2019.016",194.320007,187.324310695872,201.315703304128,185.565688388007,203.074325611993,182.400747480436,206.239266519564
"2019.024",194.320007,186.242072711286,202.397941288714,184.211390585588,204.428623414412,180.556831615678,208.083182384322
"2019.032",194.320007,185.288601906329,203.351412093671,183.018230269452,205.621783730548,178.932309127202,209.707704872798
"2019.040",194.320007,184.426598408459,204.213415591541,181.939530889584,206.700483110416,177.463628533988,211.176385466012
"2019.048",194.320007,183.63390438247,205.00610961753,180.94756443426,207.69244956574,176.113037341259,212.526976658741
