"","Point Forecast","Lo 75","Hi 75","Lo 85","Hi 85","Lo 95","Hi 95"
"2019.000",196.229996,192.179485438039,200.280506561961,191.161242517988,201.298749482012,189.328740645867,203.131251354133
"2019.008",196.229996,190.501709028739,201.958282971261,189.061696081412,203.398295918588,186.470147080786,205.989844919214
"2019.016",196.229996,189.214305910089,203.245686089911,187.450657438113,205.009334561887,184.276671090636,208.183320909364
"2019.024",196.229996,188.128974876078,204.331017123922,186.092489035975,206.367502964025,182.427485291735,210.032506708265
"2019.032",196.229996,187.172779039874,205.287212960126,184.895918653031,207.564073346969,180.798319898075,211.661672101925
"2019.040",196.229996,186.308311925441,206.151680074559,183.814136337114,208.645855662886,179.325441797725,213.134550202275
"2019.048",196.229996,185.51335237021,206.94663962979,182.819334829502,209.640657170498,177.970990598812,214.489001401188
