"","Point Forecast","Lo 75","Hi 75","Lo 85","Hi 85","Lo 95","Hi 95"
"2019.000",17.3094517385909,16.7299062623114,17.8889972148704,16.5842164612252,18.0346870159565,16.3220228058786,18.2968806713032
"2019.008",17.2046434054949,16.3533627665945,18.0559240443953,16.1393624645888,18.269924346401,15.7542324073722,18.6550544036176
"2019.016",17.2046434054949,16.2095812160132,18.1997055949766,15.9594361999835,18.4498506110063,15.5092575626962,18.9000292482935
"2019.024",17.2046434054949,16.0840994323704,18.3251873786193,15.8024100132747,18.6068767977151,15.2954618404129,19.1138249705768
"2019.032",17.2046434054949,15.971319104885,18.4379677061048,15.6612782549692,18.7480085560206,15.1033068448898,19.3059799661
"2019.040",17.2046434054949,15.8680212205659,18.5412655904239,15.5320126962656,18.8772741147242,14.9273080254021,19.4819787855877
"2019.048",17.2046434054949,15.7721529517697,18.6371338592201,15.4120444567457,18.9972423542441,14.7639677765124,19.6453190344774
