"","Point Forecast","Lo 75","Hi 75","Lo 85","Hi 85","Lo 95","Hi 95"
"2019.000",17.0440821383137,16.4666909820146,17.6214732946127,16.3215427474876,17.7666215291398,16.0603237335686,18.0278405430587
"2019.008",17.0717539179087,16.2248199871747,17.9186878486427,16.011912388113,18.1315954477044,15.6287488362864,18.514758999531
"2019.016",17.0717539179087,16.0823709324621,18.0611369033553,15.8336535906013,18.3098542452161,15.3860442965777,18.7574635392397
"2019.024",17.0717539179087,15.9579943833799,18.1855134524375,15.6780104792954,18.465497356522,15.1741316716995,18.969376164118
"2019.032",17.0717539179087,15.8461757239054,18.297332111912,15.5380821391774,18.60542569664,14.9836151650552,19.1598926707622
"2019.040",17.0717539179087,15.7437390390466,18.3997687967708,15.4098942736921,18.7336135621253,14.8090836562425,19.334424179575
"2019.048",17.0717539179087,15.648656898257,18.4948509375605,15.2909097840006,18.8525980518168,14.6470828113689,19.4964250244485
