"","Point Forecast","Lo 75","Hi 75","Lo 85","Hi 85","Lo 95","Hi 95"
"2019.000",229.389999,225.083670856006,233.696327143994,224.001118896947,234.778879103053,222.052881936416,236.727116063584
"2019.008",229.389999,223.299931334735,235.480066665265,221.76897167226,237.01102632774,219.013748539961,239.766249460039
"2019.016",229.389999,221.931219860538,236.848778139462,220.056184865615,238.723813134385,216.681739464793,242.098258535207
"2019.024",229.389999,220.777342712012,238.002655287988,218.612238793894,240.167759206106,214.715764872833,244.064233127167
"2019.032",229.389999,219.760756536609,239.019241463391,217.340096766978,241.439901233022,212.983706486953,245.796291513047
"2019.040",229.389999,218.841692382228,239.938305617772,216.189992462484,242.590005537516,211.417806011152,247.362191988847
"2019.048",229.389999,217.996525667153,240.783472332847,215.132362402178,243.647635597822,209.977811909589,248.802186090411
