"","Point Forecast","Lo 75","Hi 75","Lo 85","Hi 85","Lo 95","Hi 95"
"2019.000",227.610001,223.316918241044,231.903083758956,222.237695990508,232.982306009492,220.295451408594,234.924550591406
"2019.008",227.610001,221.538665137894,233.681336862106,220.012414394371,235.207587605629,217.265665765183,237.954336234817
"2019.016",227.610001,220.17416354039,235.04583845961,218.304895769802,236.915106230198,214.940829473202,240.279172526798
"2019.024",227.610001,219.023835482088,236.196166517912,216.865390981015,238.354611018985,212.980901817188,242.239100182812
"2019.031",227.610001,218.010376117942,237.209625882058,215.597161802912,239.622840197088,211.254170888823,243.965831111177
"2019.039",227.610001,217.094138817018,238.125863182982,214.450594984146,240.769407015854,209.693086802772,245.526915197228
"2019.047",227.610001,216.251571661983,238.968430338017,213.396217977697,241.823784022303,208.25752182869,246.96248017131
