"","Point Forecast","Lo 75","Hi 75","Lo 85","Hi 85","Lo 95","Hi 95"
"2019.000",36.220001,35.6867771549856,36.7532248450144,35.5527319780424,36.8872700219576,35.3114948107025,37.1285071892975
"2019.008",36.220001,35.4659086065999,36.9740933934001,35.2763400993962,37.1636619006038,34.9351792255956,37.5048227744044
"2019.016",36.220001,35.2964302086279,37.1435717913721,35.0642571516527,37.3757448483473,34.6464221211459,37.7935798788541
"2019.024",36.220001,35.1535533099712,37.2864486900288,34.8854629560848,37.5545390439152,34.402988621405,38.037013378595
"2019.032",36.220001,35.027676235324,37.412325764676,34.7279421076231,37.7120598923769,34.1885194027515,38.2514825972485
"2019.040",36.220001,34.9138746610299,37.5261273389701,34.5855323750379,37.8544696249621,33.9946244080607,38.4453775919393
"2019.048",36.220001,34.8092233129623,37.6307786870377,34.4545731103229,37.9854288896771,33.8163195585558,38.6236824414442
