"","Point Forecast","Lo 75","Hi 75","Lo 85","Hi 85","Lo 95","Hi 95"
"2019.000",36.43,35.8984604887931,36.9615395112069,35.7648387303173,37.0951612696827,35.5243635767552,37.3356364232448
"2019.008",36.43,35.678289614314,37.181710385686,35.4893199112494,37.3706800887506,35.1492366876681,37.7107633123319
"2019.016",36.43,35.5093465603593,37.3506534396407,35.2779068856825,37.5820931143175,34.861391701755,37.998608298245
"2019.024",36.43,35.3669209775861,37.4930790224139,35.0996774606346,37.7603225393654,34.6187271535104,38.2412728464896
"2019.031",36.43,35.2414415202143,37.6185584797857,34.9426541849894,37.9173458150106,34.4049353947248,38.4550646052752
"2019.039",36.43,35.1279994194146,37.7320005805854,34.8006942926155,38.0593057073845,34.211652870571,38.648347129429
"2019.047",36.43,35.0236786413416,37.8363213586584,34.6701486986676,38.1898513013324,34.0339112458522,38.8260887541478
