"","Point Forecast","Lo 75","Hi 75","Lo 85","Hi 85","Lo 95","Hi 95"
"2019.000",173.308451235772,170.664715540981,175.952186930563,170.000116569437,176.616785902107,168.804057323081,177.812845148463
"2019.008",173.636906471545,169.898099596641,177.375713346448,168.958214717545,178.315598225545,167.266731509946,180.007081433143
"2019.016",173.965361707317,169.386277162156,178.544446252479,168.235157976783,179.695565437851,166.163522593232,181.767200821402
"2019.024",174.293816943089,169.006345553507,179.581288332672,167.677147610419,180.91048627576,165.285029117708,183.302604768471
"2019.032",174.622272178862,168.710699450766,180.533844906957,167.224610972617,182.019933385106,164.550141192649,184.694403165075
"2019.040",174.950727414634,168.474923947614,181.426530881655,166.846995583752,183.054459245516,163.917260728043,185.984194101225
"2019.048",175.279182650407,168.284515469805,182.273849831008,166.52615186951,184.032213431303,163.361676550353,187.19668875046
