"","Point Forecast","Lo 75","Hi 75","Lo 85","Hi 85","Lo 95","Hi 95"
"2019.000",172.771529217743,170.137069297294,175.405989138191,169.474802128471,176.068256307014,168.282939358976,177.260119076509
"2019.008",173.093061435485,169.367372486458,176.818750384512,168.430785274395,177.755337596576,166.745236781287,179.440886089683
"2019.016",173.414593653228,168.851575220507,177.977612085949,167.704494835921,179.124692470535,165.640127963506,181.18905934295
"2019.024",173.73612587097,168.467206030073,179.005045711868,167.142671692428,180.329580049513,164.758946153438,182.713305588503
"2019.032",174.057658088713,168.166826622591,179.948489554835,166.685952213837,181.429363963589,164.020866041395,184.094450136031
"2019.040",174.379190306456,167.926107753543,180.832272859369,166.30389111653,182.454489496381,163.384435487847,185.373945125065
"2019.048",174.700722524198,167.730596735724,181.670848312673,165.978402505536,183.42304254286,162.825030020536,186.576415027861
