"","Point Forecast","Lo 75","Hi 75","Lo 85","Hi 85","Lo 95","Hi 95"
"2019.000",175.064519761904,172.445347698358,177.68369182545,171.786923687531,178.342115836276,170.601977336588,179.527062187219
"2019.008",175.399043523807,171.694974869352,179.103112178263,170.763822703449,180.034264344166,169.08805550326,181.710031544354
"2019.016",175.733567285711,171.197028197884,180.270106373537,170.056604358209,181.410530213212,168.004217074132,183.462917497289
"2019.024",176.068091047614,170.829746920522,181.306435174706,169.512898898869,182.623283196359,167.143006196983,184.993175898246
"2019.031",176.402614809518,170.545968030661,182.259261588375,169.073687184434,183.731542434601,166.424066594035,186.381163025001
"2019.039",176.737138571421,170.321503467181,183.152773675662,168.708700606259,184.765576536583,165.806186673876,187.668090468967
"2019.047",177.071662333325,170.141984412294,184.001340254356,168.399958222414,185.743366444236,165.264884860864,188.878439805786
