"","Point Forecast","Lo 75","Hi 75","Lo 85","Hi 85","Lo 95","Hi 95"
"2019.000",17.7824012844006,17.5016428378408,18.0631597309605,17.4310640068314,18.1337385619698,17.3040453579317,18.2607572108696
"2019.008",17.7659558276551,17.3943953398033,18.1375163155069,17.3009901183285,18.2309215369817,17.132891485038,18.3990201702722
"2019.016",17.7175744046932,17.2828431011338,18.1523057082527,17.1735576011449,18.2615912082415,16.9768796970991,18.4582691122874
"2019.024",17.7175744046932,17.1852185823911,18.2499302269954,17.051391614478,18.3837571949085,16.8105471515196,18.6246016578669
"2019.032",17.7175744046932,17.1029085305929,18.3322402787935,16.9483899421519,18.4867588672346,16.67030737755,18.7648414318365
"2019.040",17.7175744046932,17.0303877109716,18.4047610984148,16.8576383809966,18.5775104283898,16.5467464863879,18.8884023229986
"2019.048",17.7175744046932,16.9648214789118,18.4703273304747,16.7755896955354,18.6595591138511,16.4350348137156,19.0001139956708
