"","Point Forecast","Lo 75","Hi 75","Lo 85","Hi 85","Lo 95","Hi 95"
"2019.000",17.867386869748,17.5875054412554,18.1472682982406,17.5171470805853,18.2176266589107,17.3905252056787,18.3442485338173
"2019.008",17.8128202477045,17.4429632793904,18.1826772160186,17.349986299413,18.2756541959959,17.1826583597658,18.4429821356432
"2019.016",17.8456519906876,17.4128950793798,18.2784089019953,17.3041059145816,18.3871980667936,17.1083212503983,18.5829827309768
"2019.024",17.8456519906876,17.3166570534442,18.3746469279309,17.1836749660379,18.5076290153372,16.944351009709,18.7469529716661
"2019.032",17.8456519906876,17.2354120846067,18.4558918967684,17.0820061239521,18.609297857423,16.8059259228936,18.8853780584815
"2019.040",17.8456519906876,17.1637796842269,18.5275242971482,16.9923663184767,18.6989376628984,16.683878719439,19.0074252619361
"2019.048",17.8456519906876,17.0989881160676,18.5923158653075,16.9112870368186,18.7800169445565,16.573486918252,19.1178170631231
