"","Point Forecast","Lo 75","Hi 75","Lo 85","Hi 85","Lo 95","Hi 95"
"2019.000",17.763583432465,17.4847790532605,18.0423878116696,17.4146914480409,18.1124754168891,17.2885568437652,18.2386100211649
"2019.008",17.7997221104391,17.4315843584908,18.1678598623874,17.3390395659786,18.2604046548995,17.1724894214169,18.4269547994612
"2019.016",17.7835620435599,17.3527330767658,18.214391010354,17.2444285708325,18.3226955162874,17.0495161329714,18.5176079541484
"2019.024",17.7835620435599,17.2568576986337,18.3102663884861,17.1244514347869,18.4426726523329,16.8861637712032,18.6809603159167
"2019.031",17.7835620435599,17.1759261860767,18.3911979010432,17.0231748476005,18.5439492395194,16.748272750847,18.8188513362729
"2019.039",17.7835620435599,17.1045736757401,18.4625504113798,16.9338852926946,18.6332387944252,16.6267024237342,18.9404216633856
"2019.047",17.7835620435599,17.0400372813832,18.5270868057366,16.8531253320405,18.7139987550793,16.5167453873857,19.0503786997342
