"","Point Forecast","Lo 75","Hi 75","Lo 85","Hi 85","Lo 95","Hi 95"
"2019.000",23.1715199840001,22.4364767813979,23.9065631866023,22.2516969800537,24.0913429879464,21.9191541995195,24.4238857684806
"2019.008",23.0730399680002,22.03353190195,24.1125480340504,21.7722138008365,24.3738661351638,21.3019272905358,24.8441526454646
"2019.016",22.9745599520002,21.7014277793351,24.2476921246654,21.3813797751946,24.5677401288059,20.8053987836191,25.1437211203814
"2019.024",22.8760799360003,21.4059935307959,24.3461663412047,21.0364339281076,24.715725943893,20.3713483670392,25.3808115049614
"2019.032",22.7775999200004,21.1339933525827,24.4212064874181,20.7208131559083,24.8343866840925,19.9772248932071,25.5779749467937
"2019.040",22.6791199040005,20.8786391187239,24.4796006892771,20.4260228906579,24.932216917343,19.6114627607028,25.7467770472982
"2019.048",22.5806398880006,20.6358983710267,24.5253814049745,20.1470169693622,25.0142628066389,19.2671914717787,25.8940883042224
