"","Point Forecast","Lo 75","Hi 75","Lo 85","Hi 85","Lo 95","Hi 95"
"2019.000",23.221129016129,22.483121150592,23.9591368816661,22.2975960735604,24.1446619586977,21.963712042264,24.478545989994
"2019.008",23.1222580322581,22.0785572996776,24.1659587648386,21.8161852195791,24.428330844937,21.3440018942601,24.9005141702561
"2019.016",23.0233870483871,21.7451199288915,24.3016541678827,21.4237810693946,24.6229930273796,20.8454769633534,25.2012971334208
"2019.024",22.9245160645161,21.4485003334421,24.4005317955902,21.0774501793788,24.7715819496534,20.4096821167861,25.4393500122461
"2019.032",22.8256450806452,21.1754093253748,24.4758808359155,20.7605626416012,24.8907275196891,20.013975251021,25.6373149102694
"2019.040",22.7267740967742,20.9190314000479,24.5345167935005,20.4645896268299,24.9889585667185,19.6467441168904,25.806804076658
"2019.048",22.6279031129032,20.6753178350826,24.5804883907238,20.1844646192909,25.0713416065156,19.3010905057451,25.9547157200614
