"","Point Forecast","Lo 75","Hi 75","Lo 85","Hi 85","Lo 95","Hi 95"
"2019.000",23.3033333174604,22.5708618444287,24.035804790492,22.386728540702,24.2199380942188,22.0553492429388,24.551317391982
"2019.008",23.2066666349208,22.170795543708,24.2425377261335,21.910391728293,24.5029415415485,21.4417506311067,24.9715826387349
"2019.016",23.1099999523811,21.8413221459955,24.3786777587668,21.5223939085752,24.697605996187,20.9484281282729,25.2715717764894
"2019.024",23.0133332698415,21.5483903237782,24.4782762159048,21.1801237163247,24.8465428233583,20.5173651207983,25.5093014188847
"2019.031",22.9166665873019,21.2788105820237,24.5545225925801,20.8670759979691,24.9662571766347,20.1260893618344,25.7072438127694
"2019.039",22.8199999047623,21.0258185446899,24.6141812648346,20.5747859059065,25.0652139036181,19.7630757150648,25.8769240944597
"2019.047",22.7233332222227,20.7853958621317,24.6612705823136,20.298224932386,25.1484415120593,19.4214777208694,26.0251887235759
