"","Point Forecast","Lo 75","Hi 75","Lo 85","Hi 85","Lo 95","Hi 95"
"2019.000",106.029999,104.700759374809,107.359238625191,104.366606724989,107.693391275011,103.765242016912,108.294755983088
"2019.008",106.029999,104.150170294411,107.909827705589,103.677607085133,108.382390914867,102.827148959038,109.232849040962
"2019.016",106.029999,103.727688433736,108.332309566264,103.148919066764,108.911078933236,102.107324838495,109.952673161505
"2019.024",106.029999,103.371519749618,108.688478250382,102.703214449979,109.356783550021,101.500485033824,110.559512966176
"2019.032",106.029999,103.057728839687,109.002269160313,102.310540799828,109.749457200172,100.965848433298,111.094149566702
"2019.040",106.029999,102.774040172394,109.285957827606,101.955536684137,110.104461315863,100.482500000029,111.577497999971
"2019.048",106.029999,102.513161518932,109.546836481068,101.629076707576,110.430921292424,100.038015242752,112.021982757248
