"","Point Forecast","Lo 75","Hi 75","Lo 85","Hi 85","Lo 95","Hi 95"
"2019.000",106.699997,105.374291460601,108.025702539399,105.041027231582,108.358966768418,104.441261388322,108.958732611678
"2019.008",106.699997,104.825166246469,108.574827753531,104.353859453936,109.046134546064,103.50566246415,109.89433153585
"2019.016",106.699997,104.403807649886,108.996186350114,103.826577072879,109.573416927121,102.787752159708,110.612241840292
"2019.024",106.699997,104.048585921202,109.351408078798,103.382057463164,110.017936536836,102.182525776644,111.217468223356
"2019.032",106.699997,103.735629295756,109.664364704244,102.9904278252,110.4095661748,101.649310629088,111.750683370912
"2019.040",106.699997,103.452694879292,109.947299120708,102.636367568673,110.763626431327,101.167247287535,112.232746712465
"2019.048",106.699997,103.19250983105,110.20748416895,102.310775560192,111.089218439808,100.723944294054,112.676049705946
