"","Point Forecast","Lo 75","Hi 75","Lo 85","Hi 85","Lo 95","Hi 95"
"2019.000",73.93,72.9757590850078,74.8842409149922,72.7358759787053,75.1241240212947,72.3041653989086,75.5558346010914
"2019.008",73.93,72.5804995562467,75.2795004437533,72.2412536139296,75.6187463860704,71.6307226569611,76.2292773430389
"2019.016",73.93,72.2772062525724,75.5827937474276,71.8617165245792,75.9982834754209,71.1139718662063,76.7460281337938
"2019.024",73.93,72.0215181700155,75.8384818299845,71.5417519574106,76.3182480425894,70.6783307978172,77.1816692021828
"2019.032",73.93,71.7962524471657,76.0637475528343,71.2598575148197,76.6001424851803,70.2945233117884,77.5654766882116
"2019.040",73.93,71.5925966665825,76.2674033334175,71.0050054582277,76.8549945417723,69.9475348211647,77.9124651788353
"2019.048",73.93,71.4053158480878,76.4546841519122,70.7706448050859,77.0893551949141,69.6284459725883,78.2315540274117
