"","Point Forecast","Lo 75","Hi 75","Lo 85","Hi 85","Lo 95","Hi 95"
"2019.000",74.089996,73.1394669074645,75.0405250925355,72.9005169025277,75.2794750974723,72.4704855978488,75.7095064021512
"2019.008",74.089996,72.745744865906,75.434247134094,72.4078185281953,75.7721734718046,71.7996624248734,76.3803295751266
"2019.016",74.089996,72.4436313176561,75.7363606823439,72.0297577686368,76.1502342313632,71.2849217000877,76.8950702999123
"2019.024",74.089996,72.1889378149289,75.9910541850711,71.7110378050554,76.4689541949446,70.8509751956975,77.3290168043025
"2019.032",74.089996,71.9645483344993,76.2154436655007,71.4302398802368,76.7497521197632,70.4686606505218,77.7113313494782
"2019.040",74.089996,71.7616847376172,76.4183072623828,71.1763791514866,77.0036128485134,70.1230218815998,78.0569701184002
"2019.048",74.089996,71.5751324072191,76.6048595927809,70.9429301183787,77.2370618816213,69.8051742302256,78.3748177697744
