"","Point Forecast","Lo 75","Hi 75","Lo 85","Hi 85","Lo 95","Hi 95"
"2019.000",74.739998,73.7909193387022,75.6890766612978,73.5523339523281,75.9276620476719,73.1229588409655,76.3570371590345
"2019.008",74.739998,73.3977980854338,76.0821979145662,73.0603873962394,76.4196086037606,72.453159290405,77.026836709595
"2019.016",74.739998,73.0961455382528,76.3838504617472,72.6829035271093,76.7970924728907,71.9392040187237,77.5407919812763
"2019.024",74.739998,72.8418406774044,76.6381553225956,72.3646699046561,77.1153260953439,71.5059196819309,77.9740763180691
"2019.032",74.739998,72.6177935973437,76.8622024026563,72.084300454973,77.395695545027,71.1241885181197,78.3558074818803
"2019.040",74.739998,72.4152395540567,77.0647564459433,71.8308270973552,77.6491689026448,70.7790771662662,78.7009188337338
"2019.048",74.739998,72.228971887568,77.251024112432,71.5977342887677,77.8822617112323,70.4617145249416,79.0182814750584
