"","Point Forecast","Lo 75","Hi 75","Lo 85","Hi 85","Lo 95","Hi 95"
"2019.000",29.08,28.4546124937485,29.7053875062515,28.2973986337208,29.8626013662792,28.0144654680185,30.1455345319815
"2019.008",29.08,28.1955685069205,29.9644314930795,27.9732345338762,30.1867654661238,27.5731066136948,30.5868933863052
"2019.016",29.08,27.9967970647536,30.1632029352464,27.7244946715316,30.4355053284684,27.2344400533888,30.9255599466112
"2019.024",29.08,27.829224987497,30.330775012503,27.5147972674416,30.6452027325584,26.9489309360369,31.2110690639631
"2019.032",29.08,27.6815910237426,30.4784089762574,27.3300501457154,30.8299498542846,26.6973923541158,31.4626076458842
"2019.040",29.08,27.5481197181723,30.6118802818277,27.1630259806109,30.9969740193891,26.4699840933299,31.6900159066701
"2019.048",29.08,27.4253801854117,30.7346198145883,27.0094314091258,31.1505685908742,26.2608606150252,31.8991393849748
