"","Point Forecast","Lo 75","Hi 75","Lo 85","Hi 85","Lo 95","Hi 95"
"2019.000",28.700001,28.0733251334436,29.3266768665564,27.9157873972677,29.4842146027323,27.6322713611754,29.7677306388246
"2019.008",28.700001,27.813747490304,29.586254509696,27.5909554872185,29.8090465127815,27.1900032638265,30.2099987361735
"2019.016",28.700001,27.6145665592471,29.7854354407529,27.341703196081,30.058298803919,26.8506390168086,30.5493629831914
"2019.024",28.700001,27.4466492668872,29.9533527331128,27.1315737945353,30.2684282054647,26.5645417223508,30.8354602776492
"2019.032",28.700001,27.2987111625213,30.1012908374787,26.9464460754105,30.4535559245895,26.3124849459969,31.0875170540031
"2019.040",28.700001,27.1649648928203,30.2350371071797,26.7790778239561,30.6209241760439,26.0846082016336,31.3153937983664
"2019.048",28.700001,27.0419725044459,30.3580294955541,26.6251668324163,30.7748351675837,25.8750539082173,31.5249480917827
