"","Point Forecast","Lo 75","Hi 75","Lo 85","Hi 85","Lo 95","Hi 95"
"2019.000",28.74,28.1107955055118,29.3692044944882,27.9526221068806,29.5273778931194,27.6679620877402,29.8120379122598
"2019.008",28.74,27.8501704703887,29.6298295296113,27.6264795048378,29.8535204951622,27.2239094451041,30.2560905548959
"2019.016",28.74,27.6501858471957,29.8298141528043,27.3762214843606,30.1037785156394,26.883175868326,30.596824131674
"2019.024",28.74,27.4815910110236,29.9984089889764,27.1652442137612,30.3147557862388,26.5959241754805,30.8840758245195
"2019.032",28.74,27.333055978576,30.146944021424,26.9793695070044,30.5006304929956,26.3428503537302,31.1371496462698
"2019.040",28.74,27.1987700446381,30.2812299553619,26.8113259271098,30.6686740728902,26.114054130045,31.365945869955
"2019.048",28.74,27.0752813837801,30.4047186162199,26.656793906976,30.823206093024,25.9036542881278,31.5763457118722
