"","Point Forecast","Lo 75","Hi 75","Lo 85","Hi 85","Lo 95","Hi 95"
"2019.000",51.970001,51.2199323195979,52.7200696804021,51.0313753187733,52.9086266812267,50.6920348232902,53.2479671767098
"2019.008",51.970001,50.909243699464,53.030758300536,50.6425838316175,53.2974181683825,50.1626839006428,53.7773180993572
"2019.016",51.970001,50.6708439363774,53.2691580636226,50.3442536308264,53.5957483691736,49.756498651584,54.183503348416
"2019.024",51.970001,50.4698636391957,53.4701383608043,50.0927496375466,53.8472523624534,49.4140686465803,54.5259333534197
"2019.032",51.970001,50.2927964428273,53.6472055571727,49.87117017135,54.06883182865,49.1123817559313,54.8276202440687
"2019.040",51.970001,50.1327154609721,53.8072865390279,49.6708470215223,54.2691549784777,48.8396359585254,55.1003660414746
"2019.048",51.970001,49.9855058054376,53.9544961945624,49.4866308732955,54.4533711267045,48.5888203124737,55.3511816875263
