"","Point Forecast","Lo 75","Hi 75","Lo 85","Hi 85","Lo 95","Hi 95"
"2019.000",51.599998,50.8497571393572,52.3502388606428,50.6611568547765,52.5388391452235,50.3217384627891,52.8782575372109
"2019.008",51.599998,50.5389971998324,52.6609988001676,50.2722761195111,52.9277198804889,49.7922660262436,53.4077299737564
"2019.016",51.599998,50.3005427114524,52.8994532885476,49.9738774362368,53.2261185637632,49.3859875362912,53.8140084637088
"2019.024",51.599998,50.0995162787143,53.1004797212857,49.7223157095531,53.4776802904469,49.0434789255782,54.1565170744218
"2019.031",51.599998,49.9224084361047,53.2775875638953,49.5006853792066,53.6993106207934,48.741722781909,54.458273218091
"2019.039",51.599998,49.7622907072385,53.4377052927615,49.3003162446723,53.8996797553277,48.4689143749871,54.7310816250129
"2019.047",51.599998,49.61504725934,53.58494874066,49.1160578091436,54.0839381908564,48.2180411535434,54.9819548464566
