"","Point Forecast","Lo 75","Hi 75","Lo 85","Hi 85","Lo 95","Hi 95"
"2019.000",52.419998,51.6715022254472,53.1684937745528,51.4833406316264,53.3566553683736,51.1447117385127,53.6952842614873
"2019.008",52.419998,51.3614651242485,53.4785308757515,51.0953644463493,53.7446315536507,50.6164708730966,54.2235251269034
"2019.016",52.419998,51.1235652892239,53.7164307107761,50.7976598486931,54.0423361513069,50.2111374009095,54.6288585990905
"2019.024",52.419998,50.9230064508944,53.9169895491056,50.5466832632528,54.2933127367472,49.8694254770255,54.9705705229745
"2019.032",52.419998,50.7463105672286,54.0936854327714,50.3255684526905,54.5144275473095,49.5683712285429,55.2716247714571
"2019.040",52.419998,50.5865652777164,54.2534307222836,50.1256653836665,54.7143306163335,49.2961973833746,55.5437986166254
"2019.048",52.419998,50.4396643231506,54.4003316768494,49.9418355396072,54.8981604603928,49.0459077016874,55.7940882983126
