"","Point Forecast","Lo 75","Hi 75","Lo 85","Hi 85","Lo 95","Hi 95"
"2019.000",48.59,46.8999352793695,50.2800647206305,46.475076138803,50.7049238611971,45.7104696238504,51.4695303761496
"2019.008",48.59,46.199887550796,50.980112449204,45.5990459921087,51.5809540078913,44.5177290887839,52.6622709112161
"2019.016",48.59,45.6627220357882,51.5172779642118,44.926844418267,52.253155581733,43.602507086571,53.577492913429
"2019.024",48.59,45.2098705587389,51.9701294412611,44.3601522776059,52.8198477223941,42.8309392477008,54.3490607522992
"2019.032",48.59,44.8109003982959,52.3690996017041,43.8608864791271,53.3191135208729,42.1511743356539,55.0288256643461
"2019.040",48.59,44.4502038021758,52.7297961978242,43.4095156952304,53.7704843047696,41.536619879589,55.643380120411
"2019.048",48.59,44.1185090496078,53.0614909503922,42.9944374214361,54.1855625785639,40.9714787320519,56.2085212679481
