"","Point Forecast","Lo 75","Hi 75","Lo 85","Hi 85","Lo 95","Hi 95"
"2019.000",48.41,46.7265541762486,50.0934458237514,46.3033589357713,50.5166410642287,45.541746892932,51.2782531070679
"2019.008",48.41,46.0292480845304,50.7907519154696,45.4307596359157,51.3892403640843,44.3536775556657,52.4663224443343
"2019.016",48.41,45.4941863014729,51.3258136985271,44.761190643445,52.058809356555,43.442039889591,53.377960110409
"2019.024",48.41,45.0431083524971,51.7768916475029,44.1967178715427,52.6232821284573,42.6734937858641,54.1465062141359
"2019.031",48.41,44.6457007016537,52.1742992983463,43.6994073761922,53.1205926238078,41.9963910759211,54.8236089240789
"2019.039",48.41,44.2864167221897,52.5335832778103,43.249804321446,53.570195678554,41.3842434345311,55.4357565654689
"2019.047",48.41,43.9560210047034,52.8639789952966,42.8363516423745,53.9836483576255,40.8213155815099,55.9986844184901
