"","Point Forecast","Lo 75","Hi 75","Lo 85","Hi 85","Lo 95","Hi 95"
"2019.000",40.099998,39.1113422210349,41.0886537789651,38.8628076889309,41.3371883110691,38.4155273922567,41.7844686077433
"2019.008",40.099998,38.701827588869,41.498168411131,38.3503466828495,41.8496493171505,37.7177968211106,42.4821991788894
"2019.016",40.099998,38.3875959596358,41.8124000403642,37.9571215225964,42.2428744774036,37.1824093235322,43.0175866764678
"2019.024",40.099998,38.1226864420697,42.0773095579303,37.6256173778619,42.5743786221381,36.7310567845135,43.4689392154865
"2019.031",40.099998,37.8892964718859,42.3106995281141,37.3335563633455,42.8664396366545,36.3334072149857,43.8665887850143
"2019.039",40.099998,37.6782958102816,42.5217001897184,37.0695130231656,43.1304829768344,35.9739045243131,44.2260914756869
"2019.047",40.099998,37.4842606766114,42.7157353233886,36.8267001124526,43.3732958875474,35.6433076811135,44.5566883188865
