"","Point Forecast","Lo 75","Hi 75","Lo 85","Hi 85","Lo 95","Hi 95"
"2019.000",40.400002,39.4038870836279,41.3961169163721,39.1534774264655,41.6465265735345,38.7028225223058,42.0971814776942
"2019.008",40.400002,38.9912827755845,41.8087212244155,38.6371500422762,42.1628539577238,37.9998277648635,42.8001762351365
"2019.016",40.400002,38.6746803546663,42.1253236453337,38.2409581057552,42.5590458942448,37.4604009150704,43.3396030849296
"2019.024",40.400002,38.4077721672558,42.3922318327442,37.906952852931,42.893051147069,37.0056430446116,43.7943609553884
"2019.032",40.400002,38.1726213335905,42.6273826664095,37.612688317953,43.187315682047,36.6049933178581,44.1950106821419
"2019.040",40.400002,37.9600287297132,42.8399752702868,37.3466528430001,43.4533511569999,36.2427782777259,44.5572257222741
"2019.048",40.400002,37.7645296540375,43.0354743459625,37.1020079752969,43.6979960247031,35.9096871717786,44.8903168282214
