"","Point Forecast","Lo 75","Hi 75","Lo 85","Hi 85","Lo 95","Hi 95"
"2019.000",40.099998,39.1073954756855,41.0926005243144,38.8578687858159,41.3421272141841,38.4088029319556,41.7911930680444
"2019.008",40.099998,38.6962460480687,41.5037499519313,38.343362019081,41.856633980919,37.7082869981531,42.4917090018469
"2019.016",40.099998,38.3807599961662,41.8192360038338,37.9485670914676,42.2514289085324,37.1707622166372,43.0292337833628
"2019.024",40.099998,38.1147929513711,42.0852030486289,37.6157395716318,42.5842564283682,36.7176078639112,43.4823881360888
"2019.032",40.099998,37.880471280995,42.319524719005,37.322512640246,42.877483359754,36.3183708646403,43.8816251353597
"2019.040",40.099998,37.6686282980311,42.5313677019689,37.0574152306447,43.1425807693553,35.9574330277797,44.2425629722203
"2019.048",40.099998,37.473818569929,42.726177430071,36.8136330030608,43.3863629969392,35.6255164314555,44.5744795685445
