"","Point Forecast","Lo 75","Hi 75","Lo 85","Hi 85","Lo 95","Hi 95"
"2019.000",89.209999,87.4378015159053,90.9821964840947,86.9922953226716,91.4277026773284,86.1905309135454,92.2294670864546
"2019.008",89.209999,86.7037332827897,91.7162647172103,86.0736923821975,92.3463056178025,84.9398262809832,93.4801717190168
"2019.016",89.209999,86.1404629165022,92.2795350834978,85.3688235547349,93.0511744452651,83.9801268624279,94.4398711375721
"2019.024",89.209999,85.6656040318105,92.7543939681895,84.7745916453432,93.6454063546568,83.1710628270908,95.2489351729092
"2019.032",89.209999,85.2472449560101,93.1727530439899,84.2510628235424,94.1689351764576,82.4582631027963,95.9617348972037
"2019.040",89.209999,84.8690194405238,93.5509785594762,83.7777565898515,94.6422414101485,81.8138428935683,96.6061551064317
"2019.048",89.209999,84.521205182991,93.898792817009,83.3425065881556,95.0774914118444,81.221237351545,97.198760648455
