"","Point Forecast","Lo 75","Hi 75","Lo 85","Hi 85","Lo 95","Hi 95"
"2019.000",89.160004,87.3934139210948,90.9265940789052,86.9493173527829,91.3706906472171,86.1500898042205,92.1699181957795
"2019.008",89.160004,86.6616683512585,91.6583396487415,86.0336209613485,92.2863870386515,84.9033425227493,93.4166654772507
"2019.016",89.160004,86.1001802271891,92.2198277728109,85.3309824074059,92.9890255925941,83.946679686487,94.373328313513
"2019.024",89.160004,85.6268238421896,92.6931841578104,84.7386307055659,93.5813772944341,83.1401756084409,95.1798323915591
"2019.031",89.160004,85.2097884951913,93.1102195048087,84.2167583798715,94.1032496201285,82.4296312517953,95.8903767482047
"2019.039",89.160004,84.8327597220192,93.4872482779808,83.744949733134,94.575058266866,81.7872500507805,96.5327579492195
"2019.047",89.160004,84.4860459826229,93.8339620173771,83.3110769047724,95.0089310952276,81.1965195703243,97.1234884296757
