"","Point Forecast","Lo 75","Hi 75","Lo 85","Hi 85","Lo 95","Hi 95"
"2019.000",26.6819851349206,25.5663998288597,27.7975704409815,25.2859569507995,28.0780133190417,24.781252141222,28.5827181286192
"2019.008",26.8239692698412,25.2462934000258,28.4016451396566,24.8496872784021,28.7982512612803,24.1359268917026,29.5120116479797
"2019.016",26.9659534047618,25.0337029744871,28.8982038350365,24.5479616610659,29.3839451484576,23.6737872880533,30.2581195214702
"2019.024",27.1079375396824,24.8767669275606,29.3391081518041,24.3158811714402,29.8999939079246,23.3064715522852,30.9094035270796
"2019.031",27.249921674603,24.7553970955509,29.744446253655,24.1283077564026,30.3715355928033,22.9997534936162,31.5000898555897
"2019.039",27.3919058095236,24.6592910451278,30.1245205739193,23.9723490918827,30.8114625271644,22.7360798376893,32.0477317813578
"2019.047",27.5338899444442,24.5823286583292,30.4854512305591,23.8403465460227,31.2274333428656,22.5050231343824,32.5627567545059
