"","Point Forecast","Lo 75","Hi 75","Lo 85","Hi 85","Lo 95","Hi 95"
"2019.000",27.267761008,26.1501923021138,28.3853297138861,25.8692508244823,28.6662711915177,25.3636486999028,29.1718733160972
"2019.008",27.4155210159999,25.835040195252,28.9960018367479,25.4377289473524,29.3933130846475,24.7226995656074,30.1083424663925
"2019.016",27.5632810239999,25.6275952444561,29.4989668035438,25.1409903312448,29.985571716755,24.2652617630584,30.8613002849415
"2019.024",27.7110410319999,25.4759036202276,29.9461784437722,24.9140206649645,30.5080613990352,23.9028164158055,31.5192656481942
"2019.032",27.8588010399999,25.3598414441119,30.3577606358878,24.7316372024286,30.9859648775711,23.6010764823006,32.1165255976992
"2019.040",28.0065610479998,25.2690879660762,30.7440341299235,24.5809246982955,31.4321973977042,23.3424574802086,32.6706646157911
"2019.048",28.1543210559998,25.1975121871967,31.1111299248029,24.4542109044207,31.8544312075789,23.1165134204375,33.1921286915622
