"","Point Forecast","Lo 75","Hi 75","Lo 85","Hi 85","Lo 95","Hi 95"
"2019.000",29.5082113821139,28.4153097244669,30.6011130397609,28.1405692051698,30.8758535590579,27.6461267631505,31.3702960010773
"2019.008",29.6764227642277,28.1308264176433,31.2220191108122,27.74228464912,31.6105608793354,27.0430374418033,32.3098080866521
"2019.016",29.8446341463416,27.9516729476207,31.7375953450624,27.4758084093004,32.2134598833828,26.6194089783044,33.0698593143787
"2019.024",30.0128455284555,27.8270422131615,32.1986488437495,27.2775611745674,32.7481298823435,26.2886762905287,33.7370147663823
"2019.032",30.1810569105693,27.7372545113484,32.6248593097902,27.1229160340267,33.239197787112,26.0173091227104,34.3448046984283
"2019.040",30.3492682926832,27.6722168924061,33.0263196929602,26.9992428084611,33.6992937769052,25.788111118338,34.9104254670284
"2019.048",30.517479674797,27.6259336812128,33.4090256683813,26.8990385920801,34.135920757514,25.5908668528614,35.4440924967327
