"","Point Forecast","Lo 75","Hi 75","Lo 85","Hi 85","Lo 95","Hi 95"
"2019.000",27.0169364919358,25.8948845363905,28.138988447481,25.6128160311524,28.4210569527192,25.105185628096,28.9286873557756
"2019.008",27.1638719838716,25.5770508906522,28.7506930770909,25.1781457850262,29.149598182717,24.4602479843508,29.8674959833923
"2019.016",27.3108074758074,25.367356480071,29.2542584715438,24.8787994977835,29.7428154538312,23.9995578482231,30.6220571033916
"2019.024",27.4577429677432,25.2136390566527,29.7018468788337,24.6495020461764,30.2659838893099,23.6342412400635,31.2812446954228
"2019.032",27.604678459679,25.0956940127932,30.1136629065647,24.464969660769,30.7443872585889,23.3298735720892,31.8794833472688
"2019.040",27.7516139516148,25.0031591956369,30.5000687075927,24.3122352852939,31.1909926179356,23.0687998198822,32.4344280833473
"2019.048",27.8985494435506,24.9298790110841,30.867219876017,24.1835958935403,31.6135029935608,22.8405320891175,32.9565667979836
