"","Point Forecast","Lo 75","Hi 75","Lo 85","Hi 85","Lo 95","Hi 95"
"2019.000",48.8128842824093,48.0886253855696,49.5371431792491,47.9065566111003,49.7192119537184,47.5788927859957,50.0468757788229
"2019.008",49.1449827251069,48.1333291368029,50.1566363134109,47.8790132701789,50.4109521800349,47.4213284755967,50.8686369746171
"2019.016",49.0563931449233,47.8451840076338,50.2676022822128,47.540702607109,50.5720836827376,46.9927363747886,51.120049915058
"2019.024",48.9254763315625,47.5263540651526,50.3245985979723,47.1746338757432,50.6763187873818,46.5416533827162,51.3092992804087
"2019.031",48.7582143438218,47.1580751050804,50.3583535825631,46.7558219999421,50.7606066877015,46.0318989028926,51.4845297847509
"2019.039",48.7582143438218,46.8541000181616,50.6623286694819,46.3754317363703,51.1409969512732,45.5139864906101,52.0024421970334
"2019.047",48.7582143438218,46.5923756732351,50.9240530144084,46.0479134730847,51.4685152145588,45.0680608451635,52.44836784248
