"","Point Forecast","Lo 75","Hi 75","Lo 85","Hi 85","Lo 95","Hi 95"
"2019.000",50.2046482992856,49.453922896345,50.9553737022261,49.2652008044622,51.144095794109,48.9255631994511,51.4837333991201
"2019.008",50.6192955985712,49.5276279357605,51.7109632613818,49.2531976258769,51.9853935712654,48.7593134586265,52.4792777385159
"2019.016",51.0339428978567,49.6599163171154,52.4079694785981,49.3145048396239,52.7533809560896,48.6928779501159,53.3750078455976
"2019.024",51.4485901971423,49.8189518984216,53.0782284958631,49.4092831333281,53.4878972609565,48.672014290894,54.2251661033907
"2019.032",51.8632374964279,49.9927952533708,53.7336797394851,49.5225916723102,54.2038833205456,48.6763800998028,55.050094893053
"2019.040",52.2778847957135,50.1755173866209,54.3802522048061,49.6470109929433,54.9087585984837,48.6958735612262,55.8598960302008
"2019.048",52.6925320949991,50.3637116472983,55.0213525426998,49.7782780589475,55.6067861310507,48.7246904272251,56.6603737627731
