"","Point Forecast","Lo 75","Hi 75","Lo 85","Hi 85","Lo 95","Hi 95"
"2019.000",50.0609299505915,49.3116886217778,50.8101712794053,49.1233396058194,50.9985202953637,48.7843734145903,51.3374864865927
"2019.008",50.431860901183,49.3448206348783,51.5189011674878,49.0715535891458,51.7921682132203,48.5797629142169,52.2839588881492
"2019.016",50.8027918517746,49.437572916925,52.1680107866242,49.0943755610693,52.5112081424798,48.4767333612291,53.1288503423201
"2019.024",51.1737228023661,49.5579251689693,52.7895204357628,49.1517357577152,53.195709847017,48.4207286061789,53.9267169985533
"2019.032",51.5446537529576,49.6938336316601,53.3954738742551,49.2285627834619,53.8607447224533,48.3912285053868,54.6980790005284
"2019.040",51.9155847035491,49.8392988482837,53.9918705588146,49.3173490002865,54.5138204068118,48.3780111912306,55.4531582158677
"2019.048",52.2865156541407,49.9908618668736,54.5821694414077,49.4137659230374,55.1592653852439,48.3751833052279,56.1978480030534
