"","Point Forecast","Lo 75","Hi 75","Lo 85","Hi 85","Lo 95","Hi 95"
"2019.000",49.5079150635057,48.7569718920622,50.2588582349492,48.5681950561581,50.4476350708533,48.22845892994,50.7873711970713
"2019.008",49.8158291270114,48.7299919790235,50.9016662749992,48.4570273807701,51.1746308732527,47.9657810116847,51.6658772423381
"2019.016",50.1237431905171,48.7644767444075,51.4830096366267,48.4227757627554,51.8247106182788,47.807826543613,52.4396598374212
"2019.024",50.4316572540228,48.8279647020272,52.0353498060183,48.4248183425674,52.4384961654782,47.699287681955,53.1640268260906
"2019.032",50.7395713175285,48.9081944646521,52.5709481704048,48.4478113880347,53.0313312470223,47.6192734888943,53.8598691461627
"2019.040",51.0474853810342,48.9990311650029,53.0959395970655,48.4840778102058,53.6108929518626,47.5573313844386,54.5376393776297
"2019.048",51.3553994445399,49.0969208480103,53.6138780410695,48.5291702383464,54.1816286507334,47.5074061439257,55.2033927451541
