"","Point Forecast","Lo 75","Hi 75","Lo 85","Hi 85","Lo 95","Hi 95"
"2019.000",52.66,50.598296791225,54.721703208775,50.0800128209777,55.2399871790223,49.1472723844222,56.1727276155778
"2019.008",52.66,49.7443113605623,55.5756886394377,49.0113471406779,56.3086528593221,47.6922529651273,57.6277470348727
"2019.016",52.66,49.0890252922739,56.2309747077261,48.191331123057,57.128668876943,46.5757772966689,58.7442227033311
"2019.024",52.66,48.53659358245,56.78340641755,47.5000256419553,57.8199743580447,45.6345447688443,59.6854552311557
"2019.032",52.66,48.0498914757497,57.2701085242503,46.8909732866281,58.4290267133719,44.8053022651272,60.5146977348728
"2019.040",52.66,47.6098791374425,57.7101208625575,46.3403478684727,58.9796521315273,44.0556097364509,61.2643902635491
"2019.048",52.66,47.2052460323575,58.1147539676425,45.8339955385718,59.4860044614282,43.3661963056722,61.9538036943278
