"","Point Forecast","Lo 75","Hi 75","Lo 85","Hi 85","Lo 95","Hi 95"
"2019.000",52.360001,50.3131137199113,54.4068882800887,49.7985542713651,54.9214477286349,48.8725167471067,55.8474852528933
"2019.008",52.360001,49.4652652478496,55.2547367521504,48.7375682970684,55.9824337029316,47.4279534709956,57.2920485290044
"2019.016",52.360001,48.81468823352,55.90531376648,47.9234451251233,56.7965568748767,46.3195010833923,58.4005009166076
"2019.024",52.360001,48.2662264398227,56.4537755601773,47.2371075427303,57.4828944572697,45.3850324942133,59.3349695057867
"2019.031",52.360001,47.7830218994421,56.9369801005579,46.632431994028,58.087570005972,44.5617491400704,60.1582528599296
"2019.039",52.360001,47.3461716027894,57.3738303972105,46.0857635115234,58.6342384884766,43.8174440944199,60.9025579055801
"2019.047",52.360001,46.944446295104,57.775555704896,45.5830499594922,59.1369520405078,43.1329849655903,61.5870170344097
