"","Point Forecast","Lo 75","Hi 75","Lo 85","Hi 85","Lo 95","Hi 95"
"2019.000",52.130001,50.0606639229943,54.1993380770057,49.5404609027507,54.7195410972493,48.6042668082895,55.6557351917105
"2019.008",52.130001,49.203516440577,55.056485559423,48.4678382741611,55.7921637258389,47.1438598887605,57.1161421112395
"2019.016",52.130001,48.54580404464,55.71419795536,47.6447859833273,56.6152160166727,46.0232502459747,58.2367517540253
"2019.024",52.130001,47.9913268459885,56.2686751540115,46.9509208055014,57.3090811944986,45.078532616579,59.181469383421
"2019.032",52.130001,47.5028226274544,56.7571793725456,46.3396133120891,57.9203886879109,44.2462196767401,60.0137823232599
"2019.040",52.130001,47.0611810555135,57.1988209444865,45.7869490932621,58.4730529067379,43.4937512616252,60.7662507383748
"2019.048",52.130001,46.6550497154775,57.6049522845225,45.2787218926483,58.9812801073517,42.8017851398167,61.4582168601833
