"","Point Forecast","Lo 75","Hi 75","Lo 85","Hi 85","Lo 95","Hi 95"
"2019.000",31.08,30.2169941799662,31.9430058200338,30.0000463278942,32.1599536721058,29.6096116514081,32.5503883485919
"2019.013",31.08,29.8595254649013,32.3004745350987,29.5527148701733,32.6072851298267,29.000556855466,33.159443144534
"2019.025",31.08,29.5852300724738,32.5747699275262,29.2094653700921,32.9505346299079,28.5332126733816,33.6267873266184
"2019.038",31.08,29.3539883599324,32.8060116400676,28.9200926557883,33.2399073442116,28.1392233028163,34.0207766971837
"2019.051",31.08,29.1502603214264,33.0097396785736,28.6651501766209,33.4948498233791,27.792111699225,34.367888300775
"2019.063",31.08,28.966076095865,33.193923904135,28.4346645574958,33.7253354425042,27.4782988222164,34.6817011777836
"2019.076",31.08,28.7967012201892,33.3632987798108,28.222711156137,33.937288843863,27.189718098939,34.970281901061
