"","Point Forecast","Lo 75","Hi 75","Lo 85","Hi 85","Lo 95","Hi 95"
"2019.000",31.74,30.9030781310659,32.5769218689341,30.6926874273158,32.7873125726842,30.3140534580471,33.1659465419529
"2019.013",31.74,30.5564137423067,32.9235862576933,30.2588763556661,33.2211236443339,29.7234070611512,33.7565929388488
"2019.025",31.74,30.2904088010406,33.1895911989594,29.9260014127052,33.5539985872948,29.2701881404604,34.2098118595396
"2019.038",31.74,30.0661562621317,33.4138437378683,29.6453748546315,33.8346251453685,28.8881069160942,34.5918930839058
"2019.051",31.74,29.8685858092071,33.6114141907929,29.3981378937879,34.0818621062121,28.5514865999125,34.9285134000875
"2019.063",31.74,29.6899684665349,33.7900315334651,29.1746185957221,34.3053814042779,28.2471585717292,35.2328414282708
"2019.076",31.74,29.5257128680089,33.9542871319911,28.9690713877263,34.5109286122737,27.96730006712,35.51269993288
