"","Point Forecast","Lo 75","Hi 75","Lo 85","Hi 85","Lo 95","Hi 95"
"2019.000",31.08,30.2786240085874,31.8813759914126,30.0771690519658,32.0828309480341,29.714616484315,32.445383515685
"2019.008",31.08,29.9466832043841,32.2133167956159,29.6617828725226,32.4982171274774,29.1490561142777,33.0109438857223
"2019.016",31.08,29.6919760669075,32.4680239330925,29.3430458466024,32.8169541533976,28.7150863790166,33.4449136209834
"2019.024",31.08,29.4772480171748,32.6827519828252,29.0743381039317,33.0856618960683,28.3492329686301,33.8107670313699
"2019.031",31.08,29.2880688076651,32.8719311923349,28.8376018302551,33.3223981697449,28.0269096435708,34.1330903564292
"2019.039",31.08,29.1170377289221,33.0429622710779,28.6235758790448,33.5364241209552,27.7355070833645,34.4244929166355
"2019.047",31.08,28.9597584200644,33.2002415799356,28.4267587044625,33.7332412955375,27.4675347732705,34.6924652267295
