"","Point Forecast","Lo 75","Hi 75","Lo 85","Hi 85","Lo 95","Hi 95"
"2019.000",5.1518428801906,4.65008818751713,5.65359757286407,4.5239539247861,5.7797318355951,4.29695379736907,6.00673196301213
"2019.008",5.42841204428141,4.68695465528901,6.16986943327381,4.50056241527084,6.35626167329198,4.16511777622069,6.69170631234213
"2019.016",5.61349804436292,4.70740964481936,6.51958644390648,4.47963142188613,6.74736466683971,4.06970564510554,7.1572904436203
"2019.024",5.74800720794646,4.76567964520628,6.73033477068665,4.51873594005344,6.97727847583949,4.07431860791222,7.4216958079807
"2019.031",5.84106783683482,4.80725380492194,6.87488186874769,4.54736710606212,7.13476856760751,4.07965664834956,7.60247902532007
"2019.039",5.93943570260639,4.8643864625622,7.01448494265057,4.5941337967226,7.28473760849017,4.10776801273895,7.77110339247382
"2019.047",6.04180280617179,4.92601762180888,7.15758799053469,4.64552449707907,7.4380811152645,4.1407292600463,7.94287635229727
