"","Point Forecast","Lo 75","Hi 75","Lo 85","Hi 85","Lo 95","Hi 95"
"2019.000",5.60999085241767,5.10869353269241,6.11128817214294,4.98267424726095,6.23730745757439,4.7558810411125,6.46410066372285
"2019.008",5.98402917637077,5.24574664031583,6.72231171242572,5.06015251487514,6.9079058378664,4.72614421918532,7.24191413355622
"2019.016",6.18283474241294,5.28862009621544,7.07704938861044,5.06382677236941,7.30184271245647,4.65927283079401,7.70639665403187
"2019.024",6.30352040608664,5.34175005868935,7.26529075348393,5.09997415612798,7.5070666560453,4.66485716650536,7.94218364566792
"2019.032",6.37474275793886,5.37029321566847,7.37919230020925,5.11778834762281,7.63169716825491,4.6633627539837,8.08612276189402
"2019.040",6.46618205125335,5.42853294848131,7.50383115402538,5.16768216529422,7.76468193721247,4.69823667333805,8.23412742916865
"2019.048",6.56847179799861,5.49809610517669,7.63884749082053,5.22901830514667,7.90792529085055,4.7447668926486,8.39217670334862
