"","Point Forecast","Lo 75","Hi 75","Lo 85","Hi 85","Lo 95","Hi 95"
"2019.000",5.05653158866177,4.56880359611378,5.54425958120977,4.44619545382508,5.66686772349846,4.22554118178762,5.88752199553592
"2019.008",5.23349374689985,4.51338622195894,5.95360127184076,4.3323610455694,6.1346264482303,4.0065753532731,6.46041214052661
"2019.016",5.60131345641462,4.69785243215799,6.50477448067126,4.47073469541367,6.73189221741558,4.06199757622535,7.1406293366039
"2019.024",5.85767191226909,4.86238052718228,6.8529632973559,4.61217789451418,7.103165930024,4.16189556625541,7.55344825828277
"2019.032",5.92449490509467,4.87681949234992,6.97217031783943,4.61344823205561,7.23554157813373,4.13946671148912,7.70952309870023
"2019.040",6.05513767293283,4.94743957660663,7.16283576925902,4.66897943512948,7.44129591073617,4.16784289833723,7.94243244752842
"2019.048",6.30355436895273,5.13798197461427,7.46912676329118,4.8449730266836,7.76213571122186,4.31765343029113,8.28945530761432
