"","Point Forecast","Lo 75","Hi 75","Lo 85","Hi 85","Lo 95","Hi 95"
"2019.000",21797.8051492468,21476.1960202764,22119.4142782173,21395.3478867909,22200.2624117028,21249.8478758876,22345.7624226061
"2019.033",21829.68185692,21386.648744093,22272.714969747,21275.2762828727,22384.0874309672,21074.8425360036,22584.5211778363
"2019.067",21859.883215102,21331.090935947,22388.675494257,21198.1597940105,22521.6066361935,20958.9275227471,22760.8389074568
"2019.100",21888.4972754181,21293.1537719922,22483.8407788439,21143.4925630931,22633.5019877431,20874.1516817662,22902.8428690699
"2019.133",21915.6074617494,21266.3083988462,22564.9065246526,21103.0835007295,22728.1314227693,20809.3324463538,23021.882477145
"2019.167",21941.2928134541,21247.1234064562,22635.462220452,21072.6187179288,22809.9669089794,20758.5677560974,23124.0178708108
"2019.200",21965.6282158056,21233.5195619797,22697.7368696315,21049.4774660357,22881.7789655754,20718.26231224,23212.9941193712
