"","Point Forecast","Lo 75","Hi 75","Lo 85","Hi 85","Lo 95","Hi 95"
"2019.000",21722.2555655261,21395.6032350761,22048.9078959761,21313.4873097597,22131.0238212924,21165.7056911402,22278.805439912
"2019.033",21756.0565239026,21305.8981765955,22206.2148712098,21192.7345289427,22319.3785188625,20989.0772364676,22523.0358113376
"2019.067",21788.1077689392,21250.6064868649,22325.6090510134,21115.4860207858,22460.7295170925,20872.3136871749,22703.9018507034
"2019.100",21818.4998748951,21213.1298899579,22423.8698598323,21060.948160829,22576.0515889612,20787.0711732856,22849.9285765046
"2019.133",21847.3187274353,21186.8526037717,22507.784851099,21020.820459412,22673.8169954587,20722.0172864363,22972.6201684344
"2019.167",21874.6457663361,21168.2998314578,22580.9917012143,20990.7341304691,22758.557402203,20671.1743544289,23078.1171782433
"2019.200",21900.5582156275,21155.3673672632,22645.7490639917,20968.0365866551,22833.0798445999,20630.9028836749,23170.21354758
