"","Point Forecast","Lo 75","Hi 75","Lo 85","Hi 85","Lo 95","Hi 95"
"2019.000",21475.9430953807,21127.4761065996,21824.4100841618,21039.8762747339,21912.0099160274,20882.2254305884,22069.6607601729
"2019.033",21517.3355589312,21036.859599585,21997.8115182774,20916.074519192,22118.5965986703,20698.7011580955,22335.9699597669
"2019.067",21556.6293268162,20982.6346789375,22130.6239746948,20838.3402801429,22274.9183734895,20578.6578893098,22534.6007643225
"2019.100",21593.9308078627,20947.1416024528,22240.7200132726,20784.5476481599,22403.3139675655,20491.9320848501,22695.9295308754
"2019.133",21629.341015719,20923.3525785683,22335.3294528698,20745.8767476156,22512.8052838225,20426.4787080392,22832.2033233989
"2019.167",21662.9558424028,20907.5830148975,22418.3286699081,20717.6926240837,22608.2190607219,20375.9524658055,22949.9592190001
"2019.200",21694.8663179799,20897.6061038884,22492.1265320714,20697.185797357,22692.5468386028,20336.4952590802,23053.2373768796
