"","Point Forecast","Lo 75","Hi 75","Lo 85","Hi 85","Lo 95","Hi 95"
"2019.000",22191.8340693956,21877.0102663854,22506.6578724059,21797.8678709824,22585.8002678089,21655.4376267998,22728.2305119915
"2019.034",22215.3269488603,21783.5799176508,22647.0739800697,21675.0446228881,22755.6092748325,21479.7168411502,22950.9370565703
"2019.069",22237.3742075671,21724.2615120628,22750.4869030714,21595.2720028655,22879.4764122687,21363.1333722567,23111.6150428775
"2019.103",22258.0648009538,21682.7444966587,22833.3851052489,21538.1168459838,22978.0127559238,21277.8347115314,23238.2948903762
"2019.138",22277.4822106366,21652.4815708733,22902.4828504,21495.364963786,23059.5994574873,21212.6068213438,23342.3575999295
"2019.172",22295.7047812388,21630.0133663605,22961.3961961172,21462.6676553026,23128.741907175,21161.5004949266,23429.909067551
"2019.207",22312.8060364925,21613.2349545086,23012.3771184765,21437.372358817,23188.2397141681,21120.8776113508,23504.7344616342
