"","Point Forecast","Lo 75","Hi 75","Lo 85","Hi 85","Lo 95","Hi 95"
"2019.000",21663.5562820119,21332.4384561887,21994.6741078351,21249.1999664502,22077.9125975735,21099.3981016158,22227.714462408
"2019.033",21698.9304881874,21242.5106339082,22155.3503424666,21127.7729290975,22270.0880472772,20921.2828521936,22476.5781241811
"2019.067",21732.4902494588,21187.3887858391,22277.5917130786,21050.3577381354,22414.6227607823,20803.7469868984,22661.2335120193
"2019.100",21764.3286339305,21150.264720172,22378.392547689,20995.8974563225,22532.7598115385,20718.0872261428,22810.5700417182
"2019.133",21794.5339359756,21124.4420769719,22464.6257949793,20955.9901544853,22633.0777174659,20652.8321778963,22936.235694055
"2019.167",21823.1899210948,21106.4053649206,22539.9744772689,20926.2155374009,22720.1643047886,20601.9331979271,23044.4466442624
"2019.200",21850.3760582147,21094.0267160416,22606.7254003877,20903.8908428049,22796.8612736245,20561.7088970213,23139.0432194081
