"","Point Forecast","Lo 75","Hi 75","Lo 85","Hi 85","Lo 95","Hi 95"
"2019.000",1.78969,1.77927043229183,1.80010956770817,1.77665109557205,1.80272890442795,1.771937152221,1.807442847779
"2019.008",1.78969,1.77495450603305,1.80442549396695,1.7712502045195,1.8081297954805,1.7645836819002,1.8147963180998
"2019.016",1.78969,1.77164277933655,1.80773722066345,1.76710595505575,1.81227404494425,1.75894116566774,1.82043883433226
"2019.024",1.78969,1.76885086458367,1.81052913541633,1.76361219114409,1.81576780885591,1.754184304442,1.825195695558
"2019.033",1.78969,1.76639113830838,1.81298886169162,1.76053412334697,1.81884587665303,1.74999342557195,1.82938657442805
"2019.041",1.78969,1.76416737577462,1.81521262422538,1.7577513373466,1.8216286626534,1.74620458146015,1.83317541853985
"2019.049",1.78969,1.7621224150754,1.8172575849246,1.7551923015149,1.8241876984851,1.74272037971359,1.83665962028641
