"","Point Forecast","Lo 75","Hi 75","Lo 85","Hi 85","Lo 95","Hi 95"
"2019.000",1.79022,1.7798009316186,1.8006390683814,1.77718172042273,1.80325827957727,1.77246800297339,1.80797199702661
"2019.008",1.79022,1.77548521218774,1.80495478781226,1.77178108819182,1.80865891180818,1.76511488504576,1.81532511495424
"2019.016",1.79022,1.77217364419589,1.80826635580411,1.76763703732888,1.81280296267112,1.7594726392141,1.8209673607859
"2019.024",1.79022,1.76938186323721,1.81105813676279,1.76414344084546,1.81629655915454,1.75471600594678,1.82572399405322
"2019.033",1.79022,1.76692225483698,1.81351774516302,1.76106552055558,1.81937447944442,1.75052532791213,1.82991467208787
"2019.041",1.79022,1.76469859887041,1.81574140112959,1.75828286791194,1.82215713208806,1.7467366653694,1.8337033346306
"2019.049",1.79022,1.76265373616985,1.81778626383015,1.75572395471442,1.82471604528558,1.74325263059283,1.83718736940717
