"","Point Forecast","Lo 75","Hi 75","Lo 85","Hi 85","Lo 95","Hi 95"
"2019.000",1.79147,1.78105095113827,1.80188904886173,1.77843174484938,1.80450825515062,1.77371803623098,1.80922196376902
"2019.008",1.79147,1.77673523979272,1.80620476020728,1.77303112273631,1.80990887726369,1.7663649320791,1.8165750679209
"2019.016",1.79147,1.77342367800495,1.80951632199505,1.76888707963708,1.81405292036292,1.76072269681794,1.82221730318206
"2019.024",1.79147,1.77063190227655,1.81230809772345,1.76539348969876,1.81754651030124,1.75596607246197,1.82697392753803
"2019.033",1.79147,1.76817229848429,1.81476770151571,1.76231557517523,1.82062442482477,1.75177540227837,1.83116459772163
"2019.041",1.79147,1.76594864668365,1.81699135331635,1.75953292774477,1.82340707225523,1.74798674683354,1.83495325316646
"2019.049",1.79147,1.76390378781404,1.81903621218596,1.75697401934125,1.82596598065875,1.74450271858415,1.83843728141585
