"","Point Forecast","Lo 75","Hi 75","Lo 85","Hi 85","Lo 95","Hi 95"
"2019.000",1.7744,1.7638410573031,1.7849589426969,1.76118668361863,1.78761331638137,1.75640968527146,1.79239031472854
"2019.008",1.7744,1.75946740003373,1.78933259996627,1.75571354876954,1.79308645123046,1.74895785291954,1.79984214708046
"2019.016",1.7744,1.75611137477476,1.79268862522524,1.75151386469098,1.79728613530902,1.74323986084602,1.80556013915398
"2019.024",1.7744,1.7532821146062,1.7955178853938,1.74797336723726,1.80082663276274,1.73841937054292,1.81038062945708
"2019.033",1.7744,1.75078948635921,1.79801051364079,1.74485412636305,1.80394587363695,1.73417243333037,1.81462756666963
"2019.041",1.7744,1.74853597816931,1.80026402183069,1.74203411705569,1.80676588294431,1.730332908603,1.818467091397
"2019.049",1.7744,1.74646366351622,1.80233633648378,1.73944085086048,1.80935914913952,1.72680210122051,1.82199789877949
