"","Point Forecast","Lo 75","Hi 75","Lo 85","Hi 85","Lo 95","Hi 95"
"2019.000",1.7816,1.77113660542532,1.79206339457468,1.7685062512311,1.7946937487689,1.76377248005497,1.79942751994503
"2019.008",1.7816,1.76680252548403,1.79639747451597,1.76308264290872,1.80011735709128,1.75638807951026,1.80681192048974
"2019.016",1.7816,1.76347686897701,1.79972313102299,1.75892096187073,1.80427903812927,1.75072182968226,1.81247817031774
"2019.024",1.7816,1.76067321085064,1.80252678914936,1.75541250246221,1.80778749753779,1.74594496010994,1.81725503989006
"2019.033",1.7816,1.75820313845561,1.80499686154439,1.75232148767244,1.81087851232756,1.74173645353268,1.82146354646732
"2019.041",1.7816,1.75597002231463,1.80722997768537,1.74952699669601,1.81367300330399,1.73793167275539,1.82526832724461
"2019.049",1.7816,1.75391646008585,1.80928353991415,1.74695719702794,1.81624280297206,1.73443281573241,1.82876718426759
