"","Point Forecast","Lo 75","Hi 75","Lo 85","Hi 85","Lo 95","Hi 95"
"2019.000",1.31189,1.30556303433352,1.31821696566648,1.30397252175573,1.31980747824427,1.3011101229911,1.3226698770089
"2019.008",1.31189,1.3029423193458,1.3208376806542,1.30069299488715,1.32308700511285,1.2966449517333,1.3271350482667
"2019.016",1.31189,1.30093137400792,1.32284862599208,1.2981765254131,1.3256034745869,1.29321870532124,1.33056129467876
"2019.024",1.31189,1.29923606866704,1.32454393133296,1.29605504351145,1.32772495648855,1.2903302459822,1.3334497540178
"2019.033",1.31189,1.29774247467845,1.32603752532155,1.29418598043543,1.32959401956457,1.28778546221901,1.33599453778099
"2019.041",1.31189,1.29639216249702,1.32738783750298,1.29249621825194,1.33128378174806,1.28548480183823,1.33829519816177
"2019.049",1.31189,1.29515042229286,1.32862957770714,1.29094232155488,1.33283767844512,1.28336912627059,1.34041087372941
