"","Point Forecast","Lo 75","Hi 75","Lo 85","Hi 85","Lo 95","Hi 95"
"2019.000",1.30853,1.30215734746713,1.31490265253287,1.30055534983639,1.31650465016361,1.29767228175936,1.31938771824064
"2019.008",1.30853,1.29951770835972,1.31754229164028,1.29725214158344,1.31980785841656,1.29317486760766,1.32388513239234
"2019.016",1.30853,1.29749224203408,1.31956775796592,1.29471750074404,1.32234249925596,1.28972388035294,1.32733611964706
"2019.024",1.30853,1.29578469493425,1.32127530506575,1.29258069967278,1.32447930032722,1.28681456351872,1.33024543648128
"2019.033",1.30853,1.29428031573951,1.32277968426049,1.29069814013738,1.32636185986262,1.28425140393339,1.33280859606661
"2019.041",1.30853,1.29292025298641,1.32413974701359,1.28899617622195,1.32806382377805,1.28193413053952,1.33512586946048
"2019.049",1.30853,1.29166954620619,1.32539045379381,1.28743105887434,1.32962894112566,1.27980317772965,1.33725682227035
