"","Point Forecast","Lo 75","Hi 75","Lo 85","Hi 85","Lo 95","Hi 95"
"2019.000",1.73413,1.72461623788067,1.74364376211933,1.72222460828907,1.74603539171093,1.71792046276769,1.75033953723231
"2019.008",1.73413,1.72067550858165,1.74758449141835,1.71729323357704,1.75096676642296,1.71120625260628,1.75705374739372
"2019.016",1.73413,1.71765168063819,1.7506083193618,1.71350925667266,1.75475074332734,1.70605425794646,1.76220574205354
"2019.024",1.73413,1.71510247576134,1.75315752423866,1.71031921657815,1.75794078342185,1.70171092553538,1.76654907446462
"2019.033",1.73413,1.71285658117941,1.75540341882059,1.7075087348356,1.7607512651644,1.69788437286474,1.77037562713526
"2019.041",1.73413,1.71082613727342,1.75743386272658,1.70496786512027,1.76329213487973,1.69442490481419,1.77383509518581
"2019.049",1.73413,1.70895895139962,1.75930104860038,1.70263129427208,1.76562870572792,1.69124359561587,1.77701640438413
