"","Point Forecast","Lo 75","Hi 75","Lo 85","Hi 85","Lo 95","Hi 95"
"2019.000",1.31431,1.3080041036897,1.3206158963103,1.30641888765969,1.32220111234031,1.30356602093653,1.32505397906347
"2019.008",1.31431,1.30539211591505,1.32322788408495,1.30315028190612,1.32546971809388,1.29911571909459,1.32950428090541
"2019.016",1.31431,1.3033878672033,1.3252321327967,1.30064219249835,1.32797780750165,1.29570088238661,1.33291911761339
"2019.024",1.31431,1.3016982073794,1.3269217926206,1.29852777531938,1.33009222468062,1.29282204187306,1.33579795812694
"2019.033",1.31431,1.3002095871911,1.3284104128089,1.29666493638898,1.33195506361102,1.29028573246525,1.33833426753475
"2019.041",1.31431,1.29886377166886,1.32975622833114,1.29498080126326,1.33363919873674,1.28799273348735,1.34062726651265
"2019.049",1.31431,1.29762616656958,1.33099383343042,1.29343207917986,1.33518792082014,1.28588410330677,1.34273589669323
