"","Point Forecast","Lo 75","Hi 75","Lo 85","Hi 85","Lo 95","Hi 95"
"2019.000",1.73189,1.72232877802867,1.74145122197133,1.71992521767981,1.74385478232019,1.71559960072506,1.74818039927494
"2019.008",1.73189,1.71836839021528,1.74541160978472,1.71496924257194,1.74881075742805,1.7088518964089,1.7549281035911
"2019.016",1.73189,1.7153294777632,1.7484505222368,1.71116638911993,1.75261361088007,1.70367420078021,1.76010579921979
"2019.024",1.73189,1.71276755605733,1.75101244394267,1.70796043535962,1.75581956464038,1.69930920145011,1.76447079854989
"2019.033",1.73189,1.71051045772413,1.75326954227587,1.70513593339607,1.75864406660393,1.69546355984061,1.76831644015939
"2019.041",1.73189,1.70846988485274,1.75531011514726,1.70258238843206,1.76119761156794,1.69198683407018,1.77179316592982
"2019.049",1.73189,1.70659338443396,1.75718661556604,1.70023416148975,1.76354583851025,1.68878965476055,1.77499034523945
