"","Point Forecast","Lo 75","Hi 75","Lo 85","Hi 85","Lo 95","Hi 95"
"2019.000",1.73723,1.72777281427181,1.74668718572819,1.72539540721064,1.74906459278936,1.72111685755948,1.75334314244052
"2019.008",1.73723,1.72385551968131,1.75060448031869,1.72049335837213,1.75396664162787,1.71444257542817,1.76001742457183
"2019.016",1.73723,1.72084967382216,1.75361032617784,1.71673188400194,1.75772811599806,1.70932121862343,1.76513878137657
"2019.024",1.73723,1.71831562854362,1.75614437145638,1.71356081442129,1.76089918557872,1.70500371511897,1.76945628488103
"2019.033",1.73723,1.71608308983593,1.75837691016407,1.71076704603697,1.76369295396303,1.70119991817187,1.77326008182813
"2019.041",1.73723,1.7140647205632,1.7603952794368,1.70824128635245,1.76621871364755,1.69776102286795,1.77669897713205
"2019.049",1.73723,1.71220863846066,1.76225136153934,1.70591861061164,1.76854138938836,1.69459863226263,1.77986136773737
