"","Point Forecast","Lo 75","Hi 75","Lo 85","Hi 85","Lo 95","Hi 95"
"2019.000",1.73381,1.72428979341569,1.74333020658431,1.7218965437738,1.7457234562262,1.71758948269549,1.75003051730451
"2019.008",1.73381,1.72034639473188,1.74727360526812,1.71696182863017,1.75065817136983,1.71087072443925,1.75674927556075
"2019.016",1.73381,1.71732051849743,1.75029948150257,1.71317528852248,1.75444471147752,1.70571523990354,1.76190476009646
"2019.024",1.73381,1.71476958683139,1.75285041316861,1.7099830875476,1.7576369124524,1.70136896539098,1.76625103460902
"2019.033",1.73381,1.71252217091765,1.75509782908235,1.70717070203125,1.76044929796875,1.6975398206769,1.7700801793231
"2019.041",1.73381,1.71049035162257,1.75712964837743,1.70462811117283,1.76299188882717,1.69407800923997,1.77354199076003
"2019.049",1.73381,1.70862190094797,1.75899809905203,1.70228995757022,1.76533004242978,1.69089454507545,1.77672545492455
