"","Point Forecast","Lo 75","Hi 75","Lo 85","Hi 85","Lo 95","Hi 95"
"2019.000",1.30519,1.29875337191795,1.31162662808205,1.29713529170972,1.31324470829028,1.29422328029041,1.31615671970959
"2019.008",1.30519,1.29608723327042,1.31429276672958,1.29379892229493,1.31658107770507,1.28968071625195,1.32069928374805
"2019.016",1.30519,1.29404143313247,1.31633856686753,1.29123883600109,1.31914116399891,1.28619508427061,1.32418491572939
"2019.024",1.30519,1.29231674383591,1.31806325616409,1.28908058341944,1.32129941658056,1.28325656058081,1.32712343941919
"2019.033",1.30519,1.29079726206266,1.31958273793734,1.28717912472401,1.32320087527599,1.28066766923916,1.32971233076084
"2019.041",1.30519,1.28942354553492,1.32095645446508,1.28546007466185,1.32491992533815,1.27832713255937,1.33205286744063
"2019.049",1.30519,1.28816028281309,1.32221971718691,1.28387924498075,1.32650075501925,1.27617478695026,1.33420521304974
