"","Point Forecast","Lo 75","Hi 75","Lo 85","Hi 85","Lo 95","Hi 95"
"2019.000",1.73813,1.72868723532418,1.74757276467582,1.72631345351821,1.74994654648179,1.72204142813234,1.75421857186766
"2019.008",1.73813,1.72477591412916,1.75148408587084,1.72141887970504,1.75484112029496,1.71537732346554,1.76088267653446
"2019.016",1.73813,1.72177465181756,1.75448534818244,1.71766314112354,1.75859685887646,1.71026377610399,1.76599622389601
"2019.024",1.73813,1.71924447064836,1.75701552935164,1.71449690703642,1.76176309296358,1.70595285626468,1.77030714373532
"2019.033",1.73813,1.71701533628933,1.75924466371067,1.71170739880744,1.76455260119256,1.70215485964303,1.77410514035697
"2019.041",1.73813,1.71500004478306,1.76125995521694,1.70918549059774,1.76707450940226,1.69872120823414,1.77753879176586
"2019.049",1.73813,1.71314679297887,1.76311320702113,1.70686635665355,1.76939364334645,1.69556363988799,1.78069636011201
