"","Point Forecast","Lo 75","Hi 75","Lo 85","Hi 85","Lo 95","Hi 95"
"2019.000",1.30399,1.29752596887421,1.31045403112579,1.29590099991582,1.31207900008418,1.2929765910152,1.3150034089848
"2019.008",1.30399,1.2948484795143,1.3131315204857,1.29255042637491,1.31542957362509,1.28841468764573,1.31956531235427
"2019.016",1.30399,1.29279396966842,1.31518603033158,1.28997944087177,1.31800055912823,1.28491421607378,1.32306578392622
"2019.024",1.30399,1.29106193774842,1.31691806225158,1.28781199983163,1.32016800016837,1.28196318203039,1.32601681796961
"2019.033",1.30399,1.28953598699406,1.31844401300594,1.28590244594176,1.32207755405824,1.27936326884597,1.32861673115403
"2019.041",1.30399,1.28815642206034,1.31982357793966,1.28417607726442,1.32380392273558,1.27701276765865,1.33096723234135
"2019.049",1.30399,1.28688778117418,1.32109221882582,1.28258851742207,1.32539148257793,1.27485125873916,1.33312874126084
