"","Point Forecast","Lo 75","Hi 75","Lo 85","Hi 85","Lo 95","Hi 95"
"2019.000",145.154007,144.114088650713,146.193925349287,143.852667410009,146.455346589991,143.382195282416,146.925818717584
"2019.008",145.154007,143.683340366677,146.624673633323,143.313634902581,146.994379097419,142.648286839021,147.659727160979
"2019.016",145.154007,143.352815583311,146.955198416689,142.900020712234,147.407993287766,142.085139083699,148.222874916301
"2019.024",145.154007,143.074170301425,147.233843698575,142.551327820017,147.756686179983,141.610383564832,148.697630435168
"2019.033",145.154007,142.828678879944,147.479335120056,142.244123214967,148.063890785033,141.192115556152,149.115898443848
"2019.041",145.154007,142.606737670089,147.701276329911,141.966389022438,148.341624977562,140.813972371636,149.494041628364
"2019.049",145.154007,142.402641663973,147.905372336027,141.71098607364,148.59702792636,140.466233825243,149.841780174757
