"","Point Forecast","Lo 75","Hi 75","Lo 85","Hi 85","Lo 95","Hi 95"
"2019.000",145.483002,144.445524637159,146.520479362841,144.18471702704,146.78128697296,143.715349232387,147.250654767613
"2019.008",145.483002,144.015787442815,146.950216557185,143.646949783415,147.319054216585,142.983163482475,147.982840517525
"2019.016",145.483002,143.686038495857,147.279965504143,143.23430646413,147.73169753587,142.421337596354,148.544666403646
"2019.024",145.483002,143.408047274318,147.557956725682,142.88643205408,148.07957194592,141.947696464773,149.018307535227
"2019.033",145.483002,143.16313209157,147.80287190843,142.579948546295,148.386055453705,141.530410251001,149.435593748999
"2019.041",145.483002,142.941711841351,148.024292158649,142.302866275525,148.663137724475,141.153154676929,149.812849323071
"2019.049",145.483002,142.738094907064,148.227909092936,142.048062830656,148.917941169344,140.80623237258,150.15977162742
