"","Point Forecast","Lo 75","Hi 75","Lo 85","Hi 85","Lo 95","Hi 95"
"2019.000",146.031006,144.995088207739,147.066923792261,144.734672652319,147.327339347681,144.266010426992,147.796001573008
"2019.008",146.031006,144.565997008681,147.496014991319,144.197713798354,147.864298201646,143.534925323123,148.527086676877
"2019.016",146.031006,144.236743751339,147.825268248661,143.785690778271,148.276321221729,142.973943992416,149.088068007584
"2019.024",146.031006,143.959170415477,148.102841584523,143.438339304639,148.623672695361,142.501014853984,149.560997146016
"2019.033",146.031006,143.714623397402,148.347388602598,143.132316513086,148.929695486914,142.084355918768,149.977656081232
"2019.041",146.031006,143.493535993489,148.568476006511,142.855650761629,149.206361238371,141.707667447859,150.354344552141
"2019.049",146.031006,143.29022514297,148.77178685703,142.601230345797,149.460781654203,141.361266648691,150.700745351309
