"","Point Forecast","Lo 75","Hi 75","Lo 85","Hi 85","Lo 95","Hi 95"
"2019.000",145.748001,144.711669906232,146.784332093768,144.451150452471,147.044851547529,143.982301244349,147.513700755651
"2019.008",145.748001,144.282407512085,147.213594487915,143.913977367313,147.582024632687,143.250924458479,148.245077541521
"2019.016",145.748001,143.953022892131,147.542979107869,143.501789961856,147.994212038144,142.6897193123,148.8062826877
"2019.024",145.748001,143.675338812465,147.820663187535,143.154299904941,148.341702095059,142.216601488697,149.279400511303
"2019.033",145.748001,143.430694227139,148.065307772861,142.848155019067,148.647846980933,141.799776318509,149.696225681491
"2019.041",145.748001,143.209518615689,148.286483384311,142.571378885904,148.924623114096,141.422937559697,150.073064440303
"2019.049",145.748001,143.006126649967,148.489875350033,142.31685696362,149.17914503638,141.076398556539,150.419603443461
