"","Point Forecast","Lo 75","Hi 75","Lo 85","Hi 85","Lo 95","Hi 95"
"2019.000",146.035995,145.000076973007,147.071913026993,144.739661358579,147.332328641421,144.270999027055,147.800990972945
"2019.008",146.035995,144.570985676719,147.501004323281,144.202702382942,147.869287617058,143.539913757528,148.532076242472
"2019.016",146.035995,144.241732344771,147.830257655229,143.790679269498,148.281310730502,142.978932299706,149.093057700294
"2019.024",146.035995,143.964158946013,148.107831053987,143.443327717158,148.628662282842,142.506003054111,149.565986945889
"2019.033",146.035995,143.719611872525,148.352378127475,143.137304856262,148.934685143738,142.089344024483,149.982645975517
"2019.041",146.035995,143.498524418515,148.573465581485,142.860639042114,149.211350957886,141.712655468219,150.359334531781
"2019.049",146.035995,143.295213521927,148.776776478073,142.606218568633,149.465771431367,141.366254590558,150.705735409442
