"","Point Forecast","Lo 75","Hi 75","Lo 85","Hi 85","Lo 95","Hi 95"
"2019.000",1.95499,1.94281949685963,1.96716050314037,1.93975999893546,1.97022000106454,1.93425391039472,1.97572608960528
"2019.008",1.95499,1.93777830939799,1.97220169060201,1.93345152593958,1.97652847406042,1.92566474084963,1.98431525915037
"2019.016",1.95499,1.93391007020721,1.97606992979279,1.9286108643569,1.9813691356431,1.91907403925336,1.99090596074664
"2019.024",1.95499,1.93064899371927,1.97933100628073,1.92452999787093,1.98545000212907,1.91351782078945,1.99646217921055
"2019.033",1.95499,1.92777592765776,1.98220407234224,1.9209346823223,1.9890453176777,1.90862269405507,2.00135730594493
"2019.041",1.95499,1.92517847739316,1.98480152260684,1.91768426860984,1.99229573139016,1.90419716120644,2.00578283879356
"2019.049",1.95499,1.92278987536006,1.98719012463994,1.91469520471599,1.99528479528401,1.90012746374049,2.00985253625951
