"","Point Forecast","Lo 75","Hi 75","Lo 85","Hi 85","Lo 95","Hi 95"
"2019.000",10.7601153253686,10.6987072294717,10.8215234212655,10.6832700745935,10.8369605761437,10.6554882804288,10.8647423703084
"2019.008",10.7846686570107,10.7042243491145,10.865112964907,10.6840017510689,10.8853355629525,10.6476077354093,10.9217295786121
"2019.016",10.8054461629346,10.7137675916901,10.8971247341792,10.6907208535908,10.9201714722785,10.6492443160361,10.9616480098332
"2019.024",10.8230284918304,10.7240858840379,10.9219710996228,10.6992130665659,10.9468439170948,10.6544501876056,10.9916067960551
"2019.033",10.8379069998924,10.7340744865313,10.9417395132534,10.7079724137225,10.9678415860622,10.6609972800424,11.0148167197424
"2019.041",10.8504974822718,10.7433003365747,10.9576946279689,10.716352441245,10.9846425232987,10.66785510562,11.0331398589236
"2019.049",10.861151792898,10.7516087571737,10.9706948286223,10.724071137197,10.9982324485991,10.674512491448,11.047791094348
