"","Point Forecast","Lo 75","Hi 75","Lo 85","Hi 85","Lo 95","Hi 95"
"2019.000",10.7409771772621,10.6792973619829,10.8026569925413,10.6637919005708,10.8181624539534,10.6358871771434,10.8460671773808
"2019.008",10.7677935415141,10.686873107803,10.8487139752251,10.6665308182439,10.8690562647843,10.6299213972832,10.9056656857449
"2019.016",10.7905668687727,10.6982257959906,10.8829079415548,10.6750125140717,10.9061212234737,10.6332362524972,10.9478974850482
"2019.024",10.8099067177379,10.7101372583234,10.9096761771524,10.6850565816699,10.9347568538059,10.6399196246467,10.9798938108291
"2019.033",10.8263307454502,10.7215302547537,10.9311312361467,10.6951848456906,10.9574766452099,10.6477717869014,11.004889703999
"2019.041",10.8402785630769,10.7319946954765,10.9485624306773,10.7047736131331,10.9757835130207,10.6557846308646,11.0247724952892
"2019.049",10.8521235026956,10.7413954312068,10.9628515741843,10.7135599094572,10.9906870959339,10.6634651386387,11.0407818667524
