"","Point Forecast","Lo 75","Hi 75","Lo 85","Hi 85","Lo 95","Hi 95"
"2019.000",1.95493,1.94276174725227,1.96709825274773,1.93970281504601,1.97015718495399,1.93419774461117,1.97566225538883
"2019.008",1.95493,1.93772149193377,1.97213850806623,1.9333955085213,1.9764644914787,1.92561016325053,1.98424983674947
"2019.016",1.95493,1.93385396800158,1.97600603199842,1.92855574200344,1.98130425799656,1.91902068031105,1.99083931968895
"2019.024",1.95493,1.93059349450453,1.97926650549547,1.92447563009201,1.98538436990799,1.91346548922234,1.99639451077766
"2019.033",1.95493,1.92772095968867,1.98213904031133,1.92088097933691,1.98897902066309,1.90857126762369,2.00128873237631
"2019.041",1.95493,1.92512398970683,1.98473601029317,1.91763116664373,1.99222883335627,1.9041465530803,2.0057134469197
"2019.049",1.95493,1.92273582933932,1.98712417066068,1.91464265544415,1.99521734455585,1.90007760812367,2.00978239187633
