"","Point Forecast","Lo 75","Hi 75","Lo 85","Hi 85","Lo 95","Hi 95"
"2019.000",1.93182180630104,1.92037805243563,1.94326556016645,1.91750124933291,1.94614236326918,1.91232395129563,1.95131966130646
"2019.008",1.92840959995413,1.91304867337826,1.94377052653,1.90918714666649,1.94763205324177,1.90223767047647,1.95458152943179
"2019.016",1.92914023032888,1.9116328763184,1.94664758433936,1.90723176712554,1.95104869353221,1.89931122019466,1.9589692404631
"2019.024",1.92965201659802,1.91005792774265,1.94924610545338,1.90513224196881,1.95417179122722,1.89626762997468,1.96303640322136
"2019.033",1.92947254305109,1.90787868090713,1.95106640519505,1.9024502794974,1.95649480660478,1.89268094494073,1.96626414116145
"2019.041",1.92940309127986,1.90601729217892,1.95278889038081,1.90013842234263,1.9586677602171,1.88955839299127,1.96924778956845
"2019.049",1.92944129297347,1.90440481970544,1.95447776624149,1.89811099297466,1.96077159297228,1.88678417788971,1.97209840805722
