"","Point Forecast","Lo 75","Hi 75","Lo 85","Hi 85","Lo 95","Hi 95"
"2019.000",10.6990154873985,10.6364739376705,10.7615570371264,10.6207518480116,10.7772791267853,10.5924572650921,10.8055737097048
"2019.008",10.7304246996378,10.6481204264257,10.8127289728498,10.6274302585552,10.8334191407203,10.5901947712167,10.8706546280589
"2019.016",10.7572945217046,10.6631195922298,10.8514694511793,10.6394453038365,10.8751437395726,10.5968393824522,10.917749660957
"2019.024",10.7802810051733,10.6782904948718,10.8822715154747,10.6526514764226,10.9079105339239,10.606509688071,10.9540523222755
"2019.033",10.7999453863121,10.6925951152259,10.9072956573983,10.665608726269,10.9342820463552,10.617042114794,10.9828486578302
"2019.041",10.8167677891865,10.7056587614882,10.9278768168848,10.6777274725613,10.9558081058116,10.6274603523669,11.006075226006
"2019.049",10.8311589483319,10.7173777775743,10.9449401190896,10.6887747484532,10.9735431482107,10.6372987171639,11.0250191795
