"","Point Forecast","Lo 75","Hi 75","Lo 85","Hi 85","Lo 95","Hi 95"
"2019.000",1.94451,1.93268888207035,1.95633111792965,1.92971721480648,1.95930278519352,1.92436919252502,1.96465080747498
"2019.008",1.94451,1.92779241470148,1.96122758529852,1.92358984255405,1.96543015744595,1.91602659691174,1.97299340308826
"2019.016",1.94451,1.92403522314359,1.96498477685641,1.91888814445937,1.97013185554063,1.90962509814788,1.97939490185212
"2019.024",1.94451,1.9208677641407,1.9681522358593,1.91492442961296,1.97409557038704,1.90422838505005,1.98479161494995
"2019.033",1.94451,1.91807717673926,1.97094282326074,1.91143232673073,1.97758767326927,1.89947378536422,1.98954621463578
"2019.041",1.94451,1.9155542928831,1.9734657071169,1.90827522440127,1.98074477559873,1.89517529867867,1.99384470132132
"2019.049",1.94451,1.91323426173938,1.97578573826062,1.90537196917994,1.98364803082006,1.89122243221718,1.99779756778282
