"","Point Forecast","Lo 75","Hi 75","Lo 85","Hi 85","Lo 95","Hi 95"
"2019.000",1.95018,1.93818091259033,1.96217908740967,1.93516450623486,1.96519549376514,1.92973596832449,1.97062403167551
"2019.008",1.95018,1.93321072784914,1.96714927215086,1.92894488507162,1.97141511492838,1.92126777313491,1.97909222686509
"2019.016",1.95018,1.92939697096199,1.97096302903801,1.92417240189805,1.97618759810195,1.91476989842648,1.98559010157352
"2019.024",1.95018,1.92618182518066,1.97417817481934,1.92014901246973,1.98021098753027,1.90929193664899,1.99106806335101
"2019.033",1.95018,1.92334922488401,1.97701077511599,1.91660433522543,1.98375566477457,1.90446575543941,1.99589424456059
"2019.041",1.95018,1.92078835846725,1.97957164153275,1.91339970203947,1.98696029796053,1.90010255410971,2.00025744589029
"2019.049",1.95018,1.91843339875428,1.98192660124572,1.91045273768461,1.98990726231539,1.89609017639108,2.00426982360892
