"","Point Forecast","Lo 75","Hi 75","Lo 85","Hi 85","Lo 95","Hi 95"
"2019.000",10.7580918666767,10.6966587500887,10.8195249832646,10.6812153053512,10.8349684280021,10.6534221915115,10.8627615418419
"2019.008",10.7828882409804,10.7023989237969,10.8633775581638,10.6821650110325,10.8836114709282,10.6457506326059,10.9200258493548
"2019.016",10.8038790568063,10.7121370219091,10.8956210917034,10.6890743299161,10.9186837836964,10.6475690806076,10.960189033005
"2019.024",10.8216483622556,10.7226259406993,10.9206707838119,10.6977330591394,10.9455636653718,10.6529340714295,10.9903626530817
"2019.033",10.8366905701798,10.7327641802391,10.9406169601204,10.706638508143,10.9667426322165,10.6596209035187,11.0137602368408
"2019.041",10.8494242147152,10.7421213586677,10.9567270707628,10.7151468892026,10.9837015402279,10.6666017288868,11.0322467005436
"2019.049",10.8602035965701,10.7505450607413,10.969862132399,10.722978405619,10.9974287875213,10.6733675061715,11.0470396869688
