"","Point Forecast","Lo 75","Hi 75","Lo 85","Hi 85","Lo 95","Hi 95"
"2019.000",10.7544811405635,10.6930011862645,10.8159610948624,10.6775459671675,10.8314163139595,10.6497316633588,10.8592306177682
"2019.008",10.7797081391703,10.6991355227102,10.8602807556305,10.6788806696477,10.8805356086929,10.6424286055817,10.916987672759
"2019.016",10.8010774167289,10.7092186022226,10.8929362312352,10.686126553434,10.9160282800237,10.644568471563,10.9575863618948
"2019.024",10.8191788972296,10.7200100981173,10.9183476963419,10.6950804192431,10.9432773752161,10.6502152084877,10.9881425859714
"2019.033",10.8345122932894,10.7304140920508,10.9386104945281,10.7042452289458,10.9647793576331,10.6571498947314,11.0118746918474
"2019.041",10.8475009013051,10.7400048379746,10.9549969646357,10.7129817988428,10.9820200037675,10.6643492291246,11.0306525734857
"2019.049",10.8585032870472,10.7486338423794,10.968372731715,10.7210141676615,10.9959924064329,10.6713078504052,11.0456987236891
