"","Point Forecast","Lo 75","Hi 75","Lo 85","Hi 85","Lo 95","Hi 95"
"2019.000",10.7868206135475,10.7256583307114,10.8479828963836,10.7102829698725,10.8633582572225,10.6826123846251,10.8910288424699
"2019.008",10.8080581437044,10.7280995419365,10.8880167454723,10.7079990437643,10.9081172436446,10.67182476766,10.9442915197489
"2019.016",10.8259416375503,10.7349786955159,10.9169045795848,10.7121118568058,10.9397714182948,10.6709590788975,10.9809241962031
"2019.024",10.8410007969616,10.7429806207446,10.9390209731787,10.7183396899462,10.9636619039771,10.6739941306209,11.0080074633024
"2019.033",10.8536816681678,10.7509506755419,10.9564126607937,10.7251255099705,10.9822378263651,10.6786487181113,11.0287146182243
"2019.041",10.8643598534605,10.7584153517444,10.9703043551766,10.7317823539679,10.9969373529532,10.6838517302191,11.044867976702
"2019.049",10.8733516363824,10.7651863260409,10.9815169467239,10.7379950473698,11.008708225395,10.6890597018949,11.0576435708699
