"","Point Forecast","Lo 75","Hi 75","Lo 85","Hi 85","Lo 95","Hi 95"
"2019.000",1.7887,1.78019380965321,1.79720619034679,1.77805546981562,1.79934453018438,1.77420716242409,1.80319283757591
"2019.008",1.7887,1.77667043024745,1.80072956975255,1.77364636104816,1.80375363895184,1.76820403254287,1.80919596745713
"2019.016",1.7887,1.77396684614051,1.80343315385949,1.77026313289796,1.80713686710204,1.76359766897267,1.81380233102733
"2019.024",1.7887,1.77168761930643,1.80571238069357,1.76741093963125,1.80998906036875,1.75971432484817,1.81768567515183
"2019.033",1.7887,1.76967958015503,1.80772041984497,1.76489810691918,1.81250189308082,1.75629302999339,1.82110697000661
"2019.041",1.7887,1.76786417399539,1.80953582600461,1.76262633249662,1.81477366750338,1.75319994301397,1.82420005698603
"2019.049",1.7887,1.76619473573782,1.81120526426218,1.76053722030902,1.81686277969098,1.75035555598248,1.82704444401752
