"","Point Forecast","Lo 75","Hi 75","Lo 85","Hi 85","Lo 95","Hi 95"
"2019.000",1.8039,1.79529916842691,1.81250083157309,1.79313703708028,1.81466296291972,1.78924591280881,1.81855408719119
"2019.008",1.8039,1.79173658734165,1.81606341265835,1.78867887186762,1.81912112813238,1.78317599115003,1.82462400884997
"2019.016",1.8039,1.78900292272806,1.81879707727194,1.78525800138307,1.82254199861693,1.77851837644632,1.82928162355368
"2019.024",1.8039,1.78669833685382,1.82110166314618,1.78237407416056,1.82542592583944,1.77459182561763,1.83320817438237
"2019.033",1.8039,1.78466795593954,1.82313204406046,1.7798332832722,1.8279667167278,1.7711324648923,1.8366675351077
"2019.041",1.8039,1.7828323512823,1.8249676487177,1.77753623272619,1.83026376727381,1.76800496373534,1.83979503626466
"2019.049",1.8039,1.78114433858924,1.82665566141076,1.77542387674422,1.83237612325578,1.76512892960147,1.84267107039853
