"","Point Forecast","Lo 75","Hi 75","Lo 85","Hi 85","Lo 95","Hi 95"
"2019.000",11.6192,11.5452944734761,11.6931055265239,11.5267156355779,11.7116843644221,11.4932798467697,11.7451201532303
"2019.008",11.6192,11.5146818020555,11.7237181979445,11.4884073575268,11.7499926424732,11.4411220115256,11.7972779884744
"2019.016",11.6192,11.4911918731004,11.7472081268996,11.4590123819152,11.7793876180848,11.4010998969082,11.8373001030918
"2019.024",11.6192,11.4713889469521,11.7670110530479,11.4342312711557,11.8041687288443,11.3673596935393,11.8710403064607
"2019.033",11.6192,11.4539422187796,11.7844577812204,11.4123986742963,11.8260013257037,11.3376339776398,11.9007660223602
"2019.041",11.6192,11.4381691708447,11.8002308291553,11.3926604979802,11.8457395020198,11.3107598762526,11.9276401237474
"2019.049",11.6192,11.4236643563044,11.8147356436956,11.3745093715772,11.8638906284228,11.2860465895014,11.9523534104986
