"","Point Forecast","Lo 75","Hi 75","Lo 85","Hi 85","Lo 95","Hi 95"
"2019.000",11.6208,11.5469107720694,11.6946892279306,11.5283360314145,11.7132639685855,11.4949076162947,11.7466923837053
"2019.008",11.6208,11.5163048517473,11.7252951482527,11.4900362015955,11.7515637984045,11.4427612835645,11.7988387164355
"2019.016",11.6208,11.4928201030922,11.7487798969078,11.4606477085404,11.7809522914595,11.4027479951365,11.8388520048635
"2019.024",11.6208,11.4730215441388,11.7685784558612,11.435872062829,11.805727937171,11.3690152325894,11.8725847674106
"2019.033",11.6208,11.4555786635422,11.7860213364578,11.4140442807734,11.8275557192266,11.3392960721855,11.9023039278145
"2019.041",11.6208,11.4398090940818,11.8017909059182,11.3943104573728,11.8472895426272,11.3124278974193,11.9291721025807
"2019.049",11.6208,11.4253074783291,11.8162925216709,11.3761633338887,11.8654366661113,11.2877200607587,11.9538799392413
