"","Point Forecast","Lo 75","Hi 75","Lo 85","Hi 85","Lo 95","Hi 95"
"2019.000",11.7718,11.697757981759,11.845842018241,11.6791448317112,11.8644551682888,11.6456472923352,11.8979527076648
"2019.008",11.7718,11.6670887736182,11.8765112263818,11.640765804382,11.902834195618,11.5933931298904,11.9502068701096
"2019.016",11.7718,11.6435554625117,11.9000445374883,11.61131654094,11.93228345906,11.5532971008122,11.9903028991878
"2019.024",11.7718,11.6237159635181,11.9198840364819,11.5864896634224,11.9571103365776,11.5194945846705,12.0241054153296
"2019.033",11.7718,11.6062370140219,11.9373629859781,11.5646167452396,11.9789832547604,11.4897139701159,12.0538860298841
"2019.041",11.7718,11.5904348357838,11.9531651642162,11.5448421156607,11.9987578843393,11.4627902365508,12.0808097634492
"2019.049",11.7718,11.5759032331651,11.9676967668349,11.526657467023,12.016942532977,11.4380313083016,12.1055686916984
