"","Point Forecast","Lo 75","Hi 75","Lo 85","Hi 85","Lo 95","Hi 95"
"2019.000",1.806,1.79736333120083,1.81463666879917,1.79519219086603,1.81680780913397,1.7912848533832,1.8207151466168
"2019.008",1.806,1.79378590585048,1.81821409414952,1.7907154497432,1.8212845502568,1.78518964008221,1.82681035991779
"2019.016",1.806,1.79104085083168,1.82095914916832,1.78728032546146,1.82471967453854,1.78051261841887,1.83148738158113
"2019.024",1.806,1.78872666240165,1.82327333759835,1.78438438173206,1.82761561826794,1.77656970676639,1.83543029323361
"2019.033",1.806,1.78668782146589,1.82531217853411,1.7818330040886,1.8301669959114,1.77309593186595,1.83890406813405
"2019.041",1.806,1.78484456836461,1.82715543163539,1.77952638238438,1.83247361761562,1.76995539929859,1.84204460070141
"2019.049",1.806,1.78314952220135,1.82885047779865,1.77740522481406,1.83459477518594,1.76706738154608,1.84493261845392
