"","Point Forecast","Lo 75","Hi 75","Lo 85","Hi 85","Lo 95","Hi 95"
"2019.000",11.7533,11.6794564952781,11.8271435047219,11.6608932488121,11.8457067511879,11.6274855194464,11.8791144805536
"2019.008",11.7533,11.6488695141291,11.8577304858709,11.6226171192152,11.8839828807848,11.5753714552582,11.9312285447418
"2019.016",11.7533,11.6253992980127,11.8812007019873,11.5932468119802,11.9133531880198,11.5353829273533,11.9712170726467
"2019.024",11.7533,11.6056129905562,11.9009870094438,11.5684864976242,11.9381135023758,11.5016710388929,12.0049289611071
"2019.033",11.7533,11.588180903745,11.918419096255,11.5466722227639,11.9599277772361,11.4719702689284,12.0346297310716
"2019.041",11.7533,11.5724210926126,11.9341789073874,11.5269506108013,11.9796493891987,11.4451187203904,12.0614812796096
"2019.049",11.7533,11.5579284505684,11.9486715494316,11.5088147168934,11.9977852831066,11.4204261731245,12.0861738268755
