"","Point Forecast","Lo 75","Hi 75","Lo 85","Hi 85","Lo 95","Hi 95"
"2019.000",11.649,11.5753367305975,11.7226632694025,11.5568187928241,11.7411812071759,11.5234926041815,11.7745073958185
"2019.008",11.649,11.5448244053622,11.7531755946378,11.5186360866159,11.7793639133841,11.4715057386554,11.8264942613446
"2019.016",11.649,11.5214114747432,11.7765885252568,11.4893374656682,11.8086625343318,11.4316148137167,11.8663851862833
"2019.024",11.649,11.501673461195,11.796326538805,11.4646375856481,11.8333624143519,11.397985208363,11.900014791637
"2019.033",11.649,11.4842839221711,11.8137160778289,11.4428765545066,11.8551234454934,11.3683569312709,11.9296430687291
"2019.041",11.649,11.4685625771786,11.8294374228213,11.4232030785452,11.8747969214548,11.3415709212992,11.9564290787008
"2019.049",11.649,11.454105308401,11.843894691599,11.4051114502588,11.8928885497412,11.3169386429649,11.9810613570351
