"","Point Forecast","Lo 75","Hi 75","Lo 85","Hi 85","Lo 95","Hi 95"
"2019.000",1.8014,1.79283474275735,1.80996525724265,1.79068155431052,1.81211844568948,1.78680652431313,1.81599347568687
"2019.008",1.8014,1.78928689704223,1.81351310295777,1.78624182873838,1.81655817126162,1.78076170876147,1.82203829123853
"2019.016",1.8014,1.78656453927583,1.81623546072417,1.78283510748766,1.81996489251234,1.77612335865132,1.82667664134868
"2019.024",1.8014,1.78426948551469,1.81853051448531,1.77996310862105,1.82283689137895,1.77221304862626,1.83058695137374
"2019.033",1.8014,1.78224750256065,1.82055249743935,1.77743282682519,1.82536717317481,1.76876799633617,1.83403200366383
"2019.041",1.8014,1.78041949023982,1.82238050976018,1.77514527722505,1.82765472277495,1.76565343099346,1.83714656900654
"2019.049",1.8014,1.77873845942064,1.82406154057936,1.77304165826449,1.82975834173551,1.76278929256848,1.84001070743152
