"","Point Forecast","Lo 75","Hi 75","Lo 85","Hi 85","Lo 95","Hi 95"
"2019.000",11.817,11.742265952662,11.891734047338,11.7234788359703,11.9105211640297,11.6896682139356,11.9443317860644
"2019.008",11.817,11.7113100966836,11.9226899033164,11.6847411014603,11.9492588985397,11.6369256612265,11.9970743387735
"2019.016",11.817,11.6875568329554,11.9464431670446,11.6550165923175,11.9789834076825,11.596454877118,12.037545122882
"2019.024",11.817,11.667531905324,11.966468094676,11.6299576719406,12.0040423280594,11.5623364278712,12.0716635721288
"2019.033",11.817,11.6498895899186,11.9841104100814,11.6078803198946,12.0261196801054,11.5322774706635,12.1017225293365
"2019.041",11.817,11.6339397176089,12.0000602823911,11.5879208679761,12.0460791320239,11.505102096105,12.128897903895
"2019.049",11.817,11.6192722962744,12.0147277037256,11.5695662576561,12.0644337423439,11.4801117600799,12.1538882399201
