"","Point Forecast","Lo 75","Hi 75","Lo 85","Hi 85","Lo 95","Hi 95"
"2019.000",1.7984,1.78986713433275,1.80693286566725,1.78772208868467,1.80907791131533,1.78386171304298,1.81293828695702
"2019.008",1.7984,1.78633270564746,1.81046729435254,1.78329915300004,1.81350084699996,1.77783975741171,1.81896024258829
"2019.016",1.7984,1.78362064313016,1.81317935686984,1.77990531508313,1.81689468491687,1.77321894833543,1.82358105166457
"2019.024",1.7984,1.78133426866549,1.81546573133451,1.77704417736934,1.81975582263066,1.76932342608596,1.82747657391404
"2019.033",1.7984,1.77931993232515,1.81748006767485,1.7745234644412,1.8222765355588,1.7658914020877,1.8309085979123
"2019.041",1.7984,1.77749883307151,1.81930116692849,1.77224456575874,1.82455543424126,1.76278861522114,1.83401138477886
"2019.049",1.7984,1.77582415947372,1.82097584052628,1.77014890213803,1.82665109786197,1.75993530822283,1.83686469177717
