"","Point Forecast","Lo 75","Hi 75","Lo 85","Hi 85","Lo 95","Hi 95"
"2019.000",6.0571,5.9788580684294,6.1353419315706,5.95918911765043,6.15501088234957,5.92379148471301,6.19040851528699
"2019.008",6.0571,5.94644919922659,6.16775080077341,5.91863310227732,6.19556689772268,5.86857328970132,6.24562671029868
"2019.016",6.0571,5.92158099923739,6.19261900076261,5.88751337715665,6.22668662284335,5.82620287844137,6.28799712155863
"2019.024",6.0571,5.90061613685879,6.21358386314121,5.86127823530086,6.25292176469914,5.79048296942603,6.32371703057397
"2019.033",6.0571,5.88214572231724,6.23205427768276,5.83816461132938,6.27603538867062,5.75901309783873,6.35518690216127
"2019.041",6.0571,5.86544719116226,6.24875280883774,5.81726829797788,6.29693170202212,5.73056215917887,6.38363784082113
"2019.049",6.0571,5.85009130696685,6.26410869303315,5.79805215465613,6.31614784534387,5.70439882090338,6.40980117909662
