"","Point Forecast","Lo 75","Hi 75","Lo 85","Hi 85","Lo 95","Hi 95"
"2019.000",6.1692,6.09296889929932,6.24543110070068,6.07380544388085,6.26459455611915,6.03931753609469,6.29908246390531
"2019.008",6.1692,6.06139294351446,6.27700705648554,6.03429172495973,6.30410827504027,5.98551845803067,6.35288154196933
"2019.016",6.1692,6.03716386046952,6.30123613953048,6.00397178203615,6.33442821796385,5.94423697350377,6.39416302649623
"2019.024",6.1692,6.01673779859863,6.32166220140137,5.97841088776169,6.35998911223831,5.90943507218938,6.42896492781062
"2019.033",6.1692,5.99874207683364,6.33965792316636,5.95589128783416,6.38250871216585,5.87877398162256,6.45962601837744
"2019.041",6.1692,5.9824727007526,6.3559272992474,5.93553201326878,6.40286798673122,5.85105423689653,6.48734576310347
"2019.049",6.1692,5.96751146537727,6.37088853462273,5.91680972807933,6.42159027192067,5.82556330083822,6.51283669916178
