"","Point Forecast","Lo 75","Hi 75","Lo 85","Hi 85","Lo 95","Hi 95"
"2019.000",6.1754,6.09922942350724,6.25157057649276,6.08008118304631,6.27071881695369,6.04562065717229,6.30517934282771
"2019.008",6.1754,6.06767853767017,6.28312146232983,6.04059883631474,6.31020116368526,5.99186429325719,6.35893570674281
"2019.016",6.1754,6.04346869147273,6.30733130852727,6.01030296611885,6.34049703388115,5.95061558444951,6.40018441555049
"2019.024",6.1754,6.02305884701449,6.32774115298551,5.98476236609262,6.36603763390738,5.91584131434459,6.43495868565541
"2019.033",6.1754,6.00507741307685,6.34572258692315,5.96226064575669,6.38853935424331,5.885204567362,6.465595432638
"2019.041",6.1754,5.98882095417911,6.36197904582089,5.94191753557771,6.40888246442229,5.85750683091839,6.49329316908161
"2019.049",6.1754,5.97387159737974,6.37692840262026,5.92321011507565,6.42758988492435,5.83203613356449,6.51876386643551
