"","Point Forecast","Lo 75","Hi 75","Lo 85","Hi 85","Lo 95","Hi 95"
"2019.000",6.0574,5.97916570584137,6.13563429415863,5.95949867500324,6.15530132499676,5.92410449732697,6.19069550267303
"2019.008",6.0574,5.94676000015818,6.16803999984183,5.91894661841529,6.19585338158471,5.86889169231646,6.24590830768355
"2019.016",6.0574,5.92189422762296,6.19290577237704,5.8878299309773,6.2269700690227,5.82652541694987,6.28827458305013
"2019.024",6.0574,5.90093141168273,6.21386858831727,5.86159735000649,6.25320264999351,5.79080899465393,6.32399100534607
"2019.033",6.0574,5.88246280008958,6.23233719991042,5.83848598221995,6.27631401778005,5.75934219492809,6.35545780507191
"2019.041",6.0574,5.86576589892455,6.24903410107545,5.81759170861556,6.29720829138444,5.73089403344327,6.38390596655673
"2019.049",6.0574,5.85041151365958,6.26438848634042,5.79837744103487,6.31642255896513,5.70473324904381,6.4100667509562
