"","Point Forecast","Lo 75","Hi 75","Lo 85","Hi 85","Lo 95","Hi 95"
"2019.000",5.9993,5.9193720573985,6.0792279426015,5.89927926652108,6.09932073347892,5.86311886100888,6.13548113899112
"2019.008",5.9993,5.88626481956038,6.11233518043962,5.85784932219561,6.14075067780439,5.80671078629935,6.19188921370065
"2019.016",5.9993,5.86086074246975,6.13773925753025,5.82605900780421,6.17254099219579,5.76342734823479,6.23517265176521
"2019.024",5.9993,5.83944411479699,6.15915588520301,5.79925853304217,6.19934146695783,5.72693772201777,6.27166227798223
"2019.033",5.9993,5.82057568704134,6.17802431295866,5.77564684078175,6.22295315921825,5.69478971596252,6.30381028403748
"2019.041",5.9993,5.80351732443586,6.19508267556414,5.75430023927774,6.24429976072226,5.66572569688073,6.33287430311927
"2019.049",5.9993,5.78783054107138,6.21076945892862,5.73467001326451,6.26392998673549,5.63899857297198,6.35960142702802
