"","Point Forecast","Lo 75","Hi 75","Lo 85","Hi 85","Lo 95","Hi 95"
"2019.000",1.312663,1.3048649119259,1.3204610880741,1.30290457930859,1.32242142069141,1.29937662628238,1.32594937371762
"2019.008",1.312663,1.30163483808503,1.32369116191497,1.29886250911086,1.32646349088914,1.29387323009379,1.33145276990621
"2019.015",1.312663,1.29915631525376,1.32616968474624,1.29576091956084,1.32956508043916,1.28965032567274,1.33567567432726
"2019.023",1.312663,1.2970668238518,1.3282591761482,1.29314615861717,1.33217984138283,1.28609025256476,1.33923574743524
"2019.030",1.312663,1.29522594497178,1.33010005502822,1.29084250798096,1.33448349201904,1.28295376519294,1.34237223480706
"2019.038",1.312663,1.29356166324917,1.33176433675083,1.28875984861062,1.33656615138938,1.28011816385991,1.34520783614009
"2019.045",1.312663,1.29203119825415,1.33329480174585,1.28684464566177,1.33848135433823,1.27751055931731,1.34781544068268
