"","Point Forecast","Lo 75","Hi 75","Lo 85","Hi 85","Lo 95","Hi 95"
"2019.000",1.322559,1.31481346748671,1.33030453251329,1.31286634661811,1.33225165338189,1.30936217038796,1.33575582961204
"2019.007",1.322559,1.3116051628719,1.3335128371281,1.30885151813195,1.33626648186805,1.30389586458233,1.34122213541767
"2019.015",1.322559,1.3091433441553,1.3359746558447,1.30577083188241,1.33934716811759,1.29970142061312,1.34541657938688
"2019.022",1.322559,1.30706793497342,1.33805006502658,1.30317369323622,1.34194430676378,1.29616534077593,1.34895265922407
"2019.030",1.322559,1.30523946277835,1.33987853722165,1.30088556815575,1.34423243184425,1.2930499919,1.3520680081
"2019.037",1.322559,1.3035863975563,1.3415316024437,1.2988169449607,1.3463010550393,1.29023350122806,1.35488449877194
"2019.045",1.322559,1.30206624719807,1.34305175280193,1.29691464960716,1.34820335039284,1.28764347075206,1.35747452924794
