"","Point Forecast","Lo 75","Hi 75","Lo 85","Hi 85","Lo 95","Hi 95"
"2019.000",1.321178,1.31339621764435,1.32895978235565,1.31143998406149,1.33091601593851,1.30791940794719,1.33443659205281
"2019.008",1.321178,1.3101728978532,1.3321831021468,1.30740636578916,1.33494963421084,1.30242751930095,1.33992848069905
"2019.015",1.321178,1.30769955758657,1.33465644241343,1.30431126162959,1.33804473837041,1.29821344492771,1.34414255507229
"2019.023",1.321178,1.3056144352887,1.3367415647113,1.30170196812299,1.34065403187701,1.29466081589439,1.34769518410561
"2019.030",1.321178,1.30377740566666,1.33857859433334,1.29940313439552,1.34295286560448,1.29153088688398,1.35082511311602
"2019.038",1.321178,1.30211660393926,1.34023939606074,1.29732482984357,1.34503117015643,1.2887012147629,1.3536547852371
"2019.045",1.321178,1.30058933913012,1.34176666086988,1.29541363156353,1.34694236843647,1.28609906269341,1.35625693730659
