"","Point Forecast","Lo 75","Hi 75","Lo 85","Hi 85","Lo 95","Hi 95"
"2019.000",1.318705,1.31095309657878,1.32645690342122,1.30900437415112,1.32840562584888,1.30549731564218,1.33191268435782
"2019.008",1.318705,1.30774215304751,1.32966784695249,1.30498624336101,1.33242375663899,1.30002651365363,1.33738348634637
"2019.015",1.318705,1.30527830941908,1.33213169058092,1.30190302316452,1.33550697683548,1.29582861964192,1.34158138035808
"2019.023",1.318705,1.30320119315756,1.33420880684244,1.29930374830224,1.33810625169776,1.29228963128436,1.34512036871564
"2019.031",1.318705,1.30137121699514,1.33603878300486,1.29701374117761,1.34039625882239,1.28917171995055,1.34823828004945
"2019.038",1.318705,1.29971679208268,1.33769320791732,1.29494341648459,1.34246658351541,1.2863529126396,1.3510570873604
"2019.046",1.318705,1.29819539136007,1.33921460863993,1.29303955644218,1.34437044355782,1.28376075179417,1.35364924820583
