"","Point Forecast","Lo 75","Hi 75","Lo 85","Hi 85","Lo 95","Hi 95"
"2019.000",1.32186,1.31407197067444,1.32964802932556,1.31211416668885,1.33160583331115,1.30859076436687,1.33512923563313
"2019.008",1.32186,1.31084606330364,1.33287393669636,1.30807731035474,1.33564268964526,1.3030944670053,1.3406255329947
"2019.015",1.32186,1.3083707375173,1.3353492624827,1.30497972154299,1.33874027845701,1.29887700970581,1.34484299029419
"2019.023",1.32186,1.30628394134888,1.33743605865112,1.30236833337769,1.34135166662231,1.29532152873374,1.34839847126626
"2019.030",1.32186,1.30444543701729,1.33927456298271,1.30006765421888,1.34365234578112,1.29218908711486,1.35153091288514
"2019.038",1.32186,1.30278330205055,1.34093669794945,1.29798768126946,1.34573231873054,1.28935714342207,1.35436285657793
"2019.045",1.32186,1.3012548112013,1.3424651887987,1.2960749487396,1.3476450512604,1.28675290242682,1.35696709757318
