"","Point Forecast","Lo 75","Hi 75","Lo 85","Hi 85","Lo 95","Hi 95"
"2019.000",10.77,10.4909367923159,11.0490632076841,10.4207841211589,11.1192158788411,10.2945324196269,11.2454675803731
"2019.008",10.77,10.3753450269338,11.1646549730662,10.2761341679469,11.2638658320531,10.0975872993676,11.4424127006324
"2019.016",10.77,10.286648345768,11.253351654232,10.1651403550374,11.3748596449626,9.94646599344193,11.5935340065581
"2019.024",10.77,10.2118735846318,11.3281264153682,10.0715682423178,11.4684317576822,9.81906483925378,11.7209351607462
"2019.032",10.77,10.1459956975992,11.3940043024008,9.98912955608898,11.550870443911,9.70682216918838,11.8331778308116
"2019.040",10.77,10.0864375351896,11.4535624648104,9.91459928676172,11.6254007132383,9.60534703885013,11.9346529611499
"2019.048",10.77,10.0316681523999,11.5083318476001,9.84606163071159,11.6939383692884,9.51203102585913,12.0279689741409
