"","Point Forecast","Lo 75","Hi 75","Lo 85","Hi 85","Lo 95","Hi 95"
"2019.000",10.78,10.5020445027379,11.0579554972621,10.4321702948209,11.1278297051791,10.3064197354019,11.2535802645981
"2019.008",10.78,10.3869115660357,11.1730884339643,10.2880945135394,11.2719054864606,10.1102563669332,11.4497436330668
"2019.016",10.78,10.2985669564989,11.2614330435011,10.177541278248,11.382458721752,9.95973492025422,11.6002650797458
"2019.024",10.78,10.2240890054757,11.3359109945243,10.0843405896417,11.4756594103583,9.83283947080385,11.7271605291961
"2019.031",10.78,10.1584726134021,11.4015273865979,10.0022291346257,11.5577708653743,9.72104233555637,11.8389576644436
"2019.039",10.78,10.0991508605062,11.4608491394938,9.92799470492841,11.6320052950716,9.61996999948247,11.9400300005175
"2019.047",10.78,10.0445988787011,11.5154011212989,9.85972910149509,11.7002708985049,9.52702439404533,12.0329756059547
