"","Point Forecast","Lo 75","Hi 75","Lo 85","Hi 85","Lo 95","Hi 95"
"2019.000",10.7,10.4199071287767,10.9800928712233,10.3494956142979,11.0505043857021,10.2227780800433,11.1772219199567
"2019.008",10.7,10.303888862792,11.096111137208,10.2043119440689,11.1956880559311,10.0251062885355,11.3748937114645
"2019.016",10.7,10.2148649162034,11.1851350837966,10.0929085956883,11.3070914043117,9.87342738814938,11.5265726118506
"2019.024",10.7,10.1398142575534,11.2601857424466,9.99899122859587,11.4010087714041,9.74555616008654,11.6544438399135
"2019.032",10.7,10.0736932999316,11.3263067000684,9.91624836715837,11.4837516328416,9.63289934662379,11.7671006533762
"2019.040",10.7,10.0139153849119,11.3860846150881,9.84144310242227,11.5585568975777,9.5310498020347,11.8689501979653
"2019.048",10.7,9.95894391874112,11.4410560812589,9.77265256199487,11.6273474380051,9.43738947960572,11.9626105203943
