"","Point Forecast","Lo 75","Hi 75","Lo 85","Hi 85","Lo 95","Hi 95"
"2019.000",189.690002,185.995948255734,193.384055744266,185.067313701189,194.312690298811,183.396077372206,195.983926627794
"2019.008",189.690002,184.465821094724,194.914182905276,183.152533513198,196.227470486802,180.78904843082,198.59095556918
"2019.016",189.690002,183.291713229042,196.088290770958,181.683270998906,197.696733001094,178.788604765652,200.591399234348
"2019.024",189.690002,182.301894511469,197.078109488531,180.444625402379,198.935378597621,177.102152744412,202.277851255588
"2019.031",189.690002,181.429846715284,197.950157284715,179.353356725066,200.026647274934,175.616358686993,203.763645313007
"2019.039",189.690002,180.641455244132,198.738548755868,178.366774427979,201.013229572021,174.273098182369,205.106905817631
"2019.047",189.690002,179.916454462966,199.463549537034,177.459518372779,201.920485627221,173.037842664273,206.342161335727
