"","Point Forecast","Lo 75","Hi 75","Lo 85","Hi 85","Lo 95","Hi 95"
"2019.000",187.369995,183.668884276494,191.071105723506,182.738475693949,192.001514306051,181.064046698888,193.675943301112
"2019.008",187.369995,182.135834018973,192.604155981027,180.82003758299,193.91995241701,178.452037388944,196.287952611056
"2019.016",187.369995,180.959483182449,193.780506817551,179.347968245684,195.392021754316,176.447772152572,198.292217847428
"2019.024",187.369995,179.967773552988,194.772216447012,178.106956387899,196.633033612101,174.758098397777,199.981891602223
"2019.032",187.369995,179.094059829987,195.645930170013,177.013602992568,197.726387007432,173.269465936115,201.470524063885
"2019.040",187.369995,178.304162245867,196.435827754133,176.025135966327,198.714854033673,171.923639317906,202.816350682094
"2019.048",187.369995,177.577776450888,197.162213549112,175.116146723795,199.623843276204,170.686024014828,204.053965985172
