"","Point Forecast","Lo 75","Hi 75","Lo 85","Hi 85","Lo 95","Hi 95"
"2019.000",13.61,13.2364574070284,13.9835425929716,13.1425539114535,14.0774460885465,12.9735585489021,14.2464414510979
"2019.008",13.61,13.0817309988955,14.1382690011045,12.9489314018993,14.2710685981007,12.7099358682009,14.5100641317991
"2019.016",13.61,12.9630052501821,14.2569947498179,12.8003596248382,14.4196403751618,12.5076510706556,14.7123489293444
"2019.024",13.61,12.8629148140568,14.3570851859432,12.6751078229071,14.5448921770929,12.3371170978042,14.8828829021958
"2019.032",13.61,12.7747333696239,14.4452666303761,12.5647587701937,14.6552412298063,12.1868736516465,15.0331263483535
"2019.040",13.61,12.6950112500234,14.5249887499766,12.4649956008013,14.7550043991987,12.0510431936536,15.1689568063464
"2019.048",13.61,12.6216991949069,14.5983008050931,12.3732538983762,14.8467461016238,11.9261341963419,15.2938658036581
