"","Point Forecast","Lo 75","Hi 75","Lo 85","Hi 85","Lo 95","Hi 95"
"2019.000",13.37,12.997135983826,13.742864016174,12.9034030731711,13.8365969268289,12.7347147072891,14.0052852927109
"2019.008",13.37,12.8426906514058,13.8973093485942,12.710132297917,14.029867702083,12.4715709230721,14.2684290769279
"2019.016",13.37,12.7241805796725,14.0158194203275,12.5618304160769,14.1781695839231,12.2696535957234,14.4703464042766
"2019.024",13.37,12.624271967652,14.115728032348,12.4368061463422,14.3031938536578,12.0994294145782,14.6405705854218
"2019.032",13.37,12.5362507134714,14.2037492865286,12.3266575535181,14.4133424464819,11.9494589003926,14.7905410996074
"2019.040",13.37,12.4566734169289,14.2833265830711,12.2270756137185,14.5129243862815,11.8138751917636,14.9261248082364
"2019.048",13.37,12.3834945403589,14.3565054596411,12.1355005691038,14.6044994308962,11.6891931039101,15.0508068960899
