"","Point Forecast","Lo 75","Hi 75","Lo 85","Hi 85","Lo 95","Hi 95"
"2019.000",70.330002,68.7271431037271,71.9328608962729,68.3242063139065,72.3357976860935,67.5990528096178,73.0609511903822
"2019.008",70.330002,68.0632172103204,72.5967867896795,67.4933785373771,73.1666254626229,66.4678566168096,74.1921473831904
"2019.016",70.330002,67.5537689542915,73.1062350457085,66.8558619620835,73.8041420379164,65.5998592493689,75.0601447506311
"2019.024",70.330002,67.1242842074541,73.5357197925458,66.3184106278129,74.341593372187,64.8681036192355,75.7919003807644
"2019.032",70.330002,66.7459005495934,73.9141034504065,65.844906496919,74.8150975030809,64.2234139672073,76.4365900327927
"2019.040",70.330002,66.4038155744507,74.2561884255493,65.4168260407952,75.2431779592048,63.6405699700967,77.0194340299033
"2019.048",70.330002,66.0892359737344,74.5707680262656,65.0231654337904,75.6368385662096,63.1045895990954,77.5554144009046
