"","Point Forecast","Lo 75","Hi 75","Lo 85","Hi 85","Lo 95","Hi 95"
"2019.000",71.279999,69.6885049970714,72.8714930029286,69.2884251858979,73.2715728141021,68.5684133021559,73.9915846978441
"2019.008",71.279999,69.029286596623,73.530711403377,68.4634883016296,74.0965096983704,67.4452377305719,75.1147602694281
"2019.016",71.279999,68.5234505269866,74.0365474730134,67.8304919669514,74.7295060330487,66.5833948022568,75.9766031977432
"2019.024",71.279999,68.0970109941429,74.4629870058571,67.2968513717957,75.2631466282043,65.8568276043117,76.7031703956883
"2019.032",71.279999,67.7213102236685,74.8386877763315,66.8267045694591,75.7332934305409,65.2167090528043,77.3432889471957
"2019.040",71.279999,67.3816507641256,75.1783472358745,66.4016593703612,76.1583386296388,64.6379976464532,77.9220003535468
"2019.048",71.279999,67.0693016552003,75.4906963447997,66.0107899702574,76.5492080297426,64.1058175848649,78.4541804151351
