"","Point Forecast","Lo 75","Hi 75","Lo 85","Hi 85","Lo 95","Hi 95"
"2019.000",71.330002,69.7448277473334,72.9151762526666,69.3463366348837,73.3136673651163,68.6291838855667,74.0308201144333
"2019.008",71.330002,69.0882270731543,73.5717769268457,68.5246755374428,74.1353284625572,67.5104683930655,75.1495356069345
"2019.016",71.330002,68.5843996555315,74.0756043444685,67.8941928024039,74.7658111975961,66.6520478037991,76.0079561962009
"2019.024",71.330002,68.1596534946669,74.5003505053331,67.3626712697674,75.2973327302326,65.9283657711334,76.7316382288666
"2019.031",71.330002,67.7854446148551,74.8745593851448,66.894391398988,75.7656126010119,65.2907891012643,77.3692148987357
"2019.039",71.330002,67.4471339275693,75.2128700724307,66.4710340350334,76.1889699649666,64.7143757315726,77.9456282684274
"2019.047",71.330002,67.1360251427416,75.5239788572584,66.0817167595302,76.5782872404698,64.1843089327911,78.4756950672089
