"","Point Forecast","Lo 75","Hi 75","Lo 85","Hi 85","Lo 95","Hi 95"
"2019.000",70.839996,69.2427442017226,72.4372477982774,68.8412169595994,72.8387750404005,68.1186001768961,73.5613918231039
"2019.008",70.839996,68.5811408443513,73.0988511556487,68.0132955728785,73.6666964271215,66.9913611183809,74.6886308816191
"2019.016",70.839996,68.0734747329028,73.6065172670972,67.3780091489225,74.3019828510775,66.1264001668782,75.5535918331218
"2019.024",70.839996,67.6454924034453,74.0344995965547,66.8424379191989,74.8375540808011,65.3972043537921,76.2827876462079
"2019.032",70.839996,67.268432401868,74.411559598132,66.3705901936626,75.3094018063374,64.7547699458556,76.9252220541444
"2019.040",70.839996,66.9275441034776,74.7524478965224,65.9440072424489,75.7359847575511,64.1739648452539,77.5060271547461
"2019.048",70.839996,66.6140649606074,75.0659270393926,65.5517237333318,76.1282682666682,63.639859433097,78.040132566903
