"","Point Forecast","Lo 75","Hi 75","Lo 85","Hi 85","Lo 95","Hi 95"
"2019.000",43.4069037460316,42.5088044362999,44.3050030557633,42.2830345612068,44.5307729308564,41.8767231490385,44.9370843430248
"2019.008",43.2838084920633,42.0137042678828,44.5539127162438,41.6944174485508,44.8731995355757,41.1198063389154,45.4478106452111
"2019.016",43.1607132380949,41.605159603397,44.7162668727928,41.2141147089173,45.1073117672725,40.5103626993467,45.8110637768431
"2019.024",43.0376179841265,41.2414193646631,44.83381660359,40.7898796144769,45.2853563537761,39.9772567901402,46.0979791781128
"2019.031",42.9145227301582,40.9063116230524,44.9227338372639,40.4014748350726,45.4275706252437,39.4929348974303,46.336110562886
"2019.039",42.7914274761898,40.5915424290013,44.9913125233783,40.0385214357313,45.5443335166482,39.0432657992493,46.5395891531303
"2019.047",42.6683322222214,40.2921847960325,45.0444796484103,39.6948538530061,45.6418105914367,38.6198549015612,46.7168095428816
