"","Point Forecast","Lo 75","Hi 75","Lo 85","Hi 85","Lo 95","Hi 95"
"2019.000",43.3151989839999,42.4137564790149,44.2166414889849,42.18714617039,44.4432517976097,41.7793222546825,44.8510757133173
"2019.008",43.1903989679998,41.9155667517504,44.4652311842491,41.5950913799196,44.78570655608,41.0183412672659,45.3624566687336
"2019.016",43.0655989519997,41.5042547332635,44.6269431707359,41.1117541652064,45.019443738793,40.4053824226593,45.7258154813401
"2019.024",42.9407989359996,41.1379139260296,44.7436839459696,40.6846933087799,45.1969045632193,39.8690454773648,46.0125523946343
"2019.032",42.8159989199995,40.8003122010453,44.8316856389536,40.2935961465579,45.338401693441,39.3816741481858,46.2503236918132
"2019.040",42.6911989039994,40.4831247343298,44.8992730736689,39.9280451077443,45.4543527002544,38.9290846093571,46.4533131986416
"2019.048",42.5663988879993,40.1814061985858,44.9513915774127,39.5818516774409,45.5509460985576,38.5028510177742,46.6299467582243
