"","Point Forecast","Lo 75","Hi 75","Lo 85","Hi 85","Lo 95","Hi 95"
"2019.000",44.1408044274197,43.2386051645246,45.0430036903147,43.0118046173182,45.2698042375212,42.6036383348236,45.6779705200157
"2019.008",44.0216108548394,42.7457084212902,45.2975132883885,42.4249640114772,45.6182576982015,41.84772971907,46.1954919906087
"2019.016",43.902417282259,42.3397623203736,45.4650722441444,41.9469322494276,45.8579023150904,41.2399675102106,46.5648670543075
"2019.024",43.7832237096787,41.9788251838886,45.5876222354688,41.5252240894757,46.0412233298817,40.7088915244866,46.8575558948708
"2019.032",43.6640301370984,41.6466512560149,45.6814090181819,41.1395098151271,46.1885504590697,40.2268222613459,47.1012380128509
"2019.040",43.544836564518,41.3349087241101,45.754764404926,40.7793631100703,46.3103100189658,39.7795639877499,47.3101091412861
"2019.048",43.4256429919377,41.0386481092917,45.8126378745838,40.43859026417,46.4126957197054,39.3586837871277,47.4926021967477
