"","Point Forecast","Lo 75","Hi 75","Lo 85","Hi 85","Lo 95","Hi 95"
"2019.000",118.220001,117.352136549637,119.087865450363,117.133967304395,119.306034695605,116.7413345225,119.6986674775
"2019.008",118.220001,116.992655323995,119.447346676005,116.684117418482,119.755884581518,116.128850813294,120.311151186706
"2019.016",118.220001,116.716815677888,119.723186322112,116.338935460481,120.101066539519,115.658875533522,120.781126466478
"2019.024",118.220001,116.484272099274,119.955729900726,116.04793360879,120.39206839121,115.262668045001,121.177333954999
"2019.032",118.220001,116.279397093733,120.160604906267,115.791555830772,120.648446169228,114.913602240261,121.526399759739
"2019.040",118.220001,116.094175930709,120.345826069291,115.559772602299,120.880229397701,114.598022630368,121.841979369632
"2019.048",118.220001,115.923847492625,120.516154507375,115.346625925993,121.093376074007,114.307817228528,122.132184771472
