"","Point Forecast","Lo 75","Hi 75","Lo 85","Hi 85","Lo 95","Hi 95"
"2019.000",117.459999,116.589317288134,118.330680711866,116.370439821907,118.549558178093,115.97653247551,118.94346552449
"2019.008",117.459999,116.228669114568,118.691328885432,115.919129633333,119.000868366667,115.362060521739,119.557937478261
"2019.016",117.459999,115.951934037826,118.968063962174,115.57282714569,119.34717085431,114.890559608255,120.029438391745
"2019.024",117.459999,115.718635576267,119.201362423733,115.280880643814,119.639117356186,114.49306595102,120.42693204898
"2019.032",117.459999,115.513095505501,119.406902494499,115.023670612275,119.896327387725,114.142867008894,120.777130991106
"2019.040",117.459999,115.327273077554,119.592724922446,114.791134969106,120.128863030894,113.826262964499,121.093735035501
"2019.048",117.459999,115.156391719309,119.763606280691,114.577296376078,120.342701623922,113.53511549791,121.38488250209
