"","Point Forecast","Lo 75","Hi 75","Lo 85","Hi 85","Lo 95","Hi 95"
"2019.000",118.650002,117.784503399487,119.515500600513,117.566928896519,119.733075103481,117.175366454823,120.124637545177
"2019.008",118.650002,117.42600214094,119.87400185906,117.118305328016,120.181698671984,116.564552412453,120.735451587547
"2019.016",118.650002,117.150914450032,120.149089549968,116.77406435646,120.52593964354,116.095858313106,121.204145686894
"2019.024",118.650002,116.919004798974,120.380999201026,116.483855793038,120.816148206962,115.700730909646,121.599273090354
"2019.032",118.650002,116.714688294822,120.585315705178,116.228176916015,121.071827083985,115.352616678947,121.947387321053
"2019.040",118.650002,116.529972055651,120.770031944349,115.997025542339,121.302978457661,115.037897357745,122.262106642255
"2019.048",118.650002,116.360107942969,120.939896057031,115.784459916486,121.515544083514,114.748483073005,122.551520926995
