"","Point Forecast","Lo 75","Hi 75","Lo 85","Hi 85","Lo 95","Hi 95"
"2019.000",27.4231177535746,26.9167275743776,27.9295079327715,26.7894280137758,28.0568074933733,26.5603307340116,28.2859047731376
"2019.008",27.5430644343908,26.7975139577272,28.2886149110544,26.6100927714864,28.4760360972952,26.2727963681449,28.8133325006367
"2019.016",27.4458174347972,26.567773036858,28.3238618327364,26.3470446921183,28.5445901774761,25.949806374031,28.9418284955634
"2019.024",27.4366263572172,26.3827188279794,28.490533886455,26.1177808988914,28.7554718155431,25.6409798905181,29.2322728239164
"2019.031",27.4839812271183,26.2625203722512,28.7054420819853,25.9554618302323,29.0125006240043,25.4028575920689,29.5651048621677
"2019.039",27.4638699848659,26.112559482815,28.8151804869168,25.7728585166143,29.1548814531175,25.161508666529,29.7662313032028
"2019.047",27.4517349447141,25.9731593641611,28.9303105252671,25.601465698973,29.3020041904553,24.932539528312,29.9709303611162
