"","Point Forecast","Lo 75","Hi 75","Lo 85","Hi 85","Lo 95","Hi 95"
"2019.000",27.5067715501977,26.9985516535421,28.0149914468533,26.8707921270126,28.1427509733827,26.64086706008,28.3726760403153
"2019.008",27.5914163404103,26.8429383192222,28.3398943615984,26.6547811883543,28.5280514924664,26.3161603270859,28.8666723537348
"2019.016",27.6842370038081,26.8017614164014,28.5667125912149,26.5799191312748,28.7885548763415,26.1806760873954,29.1877979202209
"2019.024",27.6249025585211,26.5658151489824,28.6839899680599,26.2995750688785,28.9502300481638,25.8204306175728,29.4293744994694
"2019.032",27.6264288396409,26.3993975720903,28.8534601071914,26.0909387045593,29.1619189747224,25.5358143417067,29.717043337575
"2019.040",27.66056673881,26.3027985995593,29.0183348780607,25.9614742717457,29.3596592058743,25.3472029054523,29.9739305721677
"2019.048",27.6477086357611,26.1620282670601,29.1333890044621,25.7885485553676,29.5068687161547,25.1164080892782,30.1790091822441
