"","Point Forecast","Lo 75","Hi 75","Lo 85","Hi 85","Lo 95","Hi 95"
"2019.000",27.5832909623883,27.0731422438557,28.0934396809209,26.9448978379041,28.2216840868724,26.7141001477191,28.4524817770575
"2019.008",27.3707035085201,26.6203453965202,28.12106162052,26.4317156365531,28.3096913804871,26.0922441985785,28.6491628184618
"2019.016",27.4768450030329,26.5919360045698,28.3617540014959,26.3694819932073,28.5842080128585,25.9691380435906,28.9845519624751
"2019.024",27.5393614705794,26.4766467854532,28.6020761557055,26.2094948579095,28.8692280832492,25.7287093815521,29.3500135596066
"2019.032",27.4715482273442,26.2403432000644,28.702753254624,25.9308351064595,29.012261348229,25.3738224822629,29.5692739724255
"2019.040",27.4834310340418,26.1209597491658,28.8459023189179,25.7784531149092,29.1884089531745,25.1620539864407,29.804808081643
"2019.048",27.5118040151059,26.0206471954276,29.0029608347842,25.64579077891,29.3778172513018,24.9711726975879,30.0524353326239
