"","Point Forecast","Lo 75","Hi 75","Lo 85","Hi 85","Lo 95","Hi 95"
"2019.000",39.5,38.5747647327839,40.4252352672161,38.3421732493616,40.6578267506384,37.9235851890693,41.0764148109307
"2019.008",39.5,38.1915197367172,40.8084802632828,37.8625857063688,41.1374142936312,37.2706127944559,41.7293872055441
"2019.016",39.5,37.8974455082272,41.1025544917728,37.4945852415319,41.5054147584681,36.7695694536639,42.2304305463361
"2019.024",39.5,37.6495294655679,41.3504705344321,37.1843464987232,41.8156535012768,36.3471703781385,42.6528296218615
"2019.032",39.5,37.4311110473247,41.5688889526753,36.9110206794048,42.0889793205952,35.9750293220214,43.0249706779786
"2019.040",39.5,37.233645703293,41.766354296707,36.6639152503912,42.3360847496088,35.6385880902536,43.3614119097464
"2019.048",39.5,37.0520575787199,41.9479424212801,36.4366783565128,42.5633216434872,35.3291984471983,43.6708015528017
