"","Point Forecast","Lo 75","Hi 75","Lo 85","Hi 85","Lo 95","Hi 95"
"2019.000",39.400002,38.4711008760781,40.3289031239219,38.2375878464508,40.5624161535492,37.8173413065239,40.9826626934761
"2019.008",39.400002,38.0863374324461,40.7136665675539,37.7561001389563,41.0439038610437,37.1617817826514,41.6382222173486
"2019.016",39.400002,37.7910980581595,41.0089059418405,37.3866416266156,41.4133623733844,36.6587532677573,42.1412507322427
"2019.024",39.400002,37.5421997521563,41.2578042478437,37.0751736929016,41.7248303070984,36.2346806130479,42.5653233869521
"2019.032",39.400002,37.3229159425347,41.4770880574653,36.8007649346561,41.9992390653439,35.8610651040706,42.9389388959294
"2019.040",39.400002,37.1246682248936,41.6753357751064,36.5526804540152,42.2473235459848,35.5232908650243,43.2767131349757
"2019.048",39.400002,36.9423606335343,41.8576433664657,36.3245432292471,42.4754607707529,35.2126753952653,43.5873286047347
