"","Point Forecast","Lo 75","Hi 75","Lo 85","Hi 85","Lo 95","Hi 95"
"2019.000",14.0812699103046,13.5977946475021,14.5647451731071,13.4762555832686,14.6862842373406,13.2575252996028,14.9050145210064
"2019.008",14.2264230252835,13.512607568178,14.940238482389,13.3331641315292,15.1196819190379,13.0102250497802,15.4426210007868
"2019.016",14.315780521578,13.4446987514263,15.1868622917298,13.225720716022,15.4058403271341,12.8316323782298,15.7999286649262
"2019.024",14.3341540010133,13.366107454241,15.3022005477855,13.1227538010528,15.5455542009738,12.6847973799737,15.9835106220529
"2019.031",14.3341540010133,13.3084954663345,15.359812535692,13.0506589478634,15.6176490541632,12.5866381395718,16.0816698624548
"2019.039",14.3341540010133,13.2539518241959,15.4143561778306,12.9824037805745,15.685904221452,12.493706743249,16.1746012587775
"2019.047",14.3341540010133,13.2020329580843,15.4662750439423,12.9174332220833,15.7508747799433,12.4052474373783,16.2630605646483
