"","Point Forecast","Lo 75","Hi 75","Lo 85","Hi 85","Lo 95","Hi 95"
"2019.000",14.5866880603355,14.1013579729344,15.0720181477367,13.9793526311819,15.1940234894891,13.7597832015621,15.4135929191089
"2019.008",14.6170768793975,13.904449502267,15.329704256528,13.7253047326638,15.5088490261312,13.4029031532235,15.8312506055715
"2019.016",14.6362916605623,13.7673331294951,15.5052501916296,13.548888847338,15.7236944737867,13.1557610895858,16.1168222315389
"2019.024",14.7069669792144,13.7421599008033,15.6717740576255,13.4996206056257,15.9143133528031,13.0631297607365,16.3508041976924
"2019.032",14.7069669792144,13.6850605869337,15.7288733714951,13.4281673057097,15.9857666527191,12.965844013784,16.4480899446449
"2019.040",14.7069669792144,13.6309871231688,15.78294683526,13.3605005132028,16.053433445226,12.8737137068471,16.5402202515817
"2019.048",14.7069669792144,13.5795040633507,15.8344298950781,13.2960753167429,16.1178586416859,12.7859969272507,16.6279370311781
