"","Point Forecast","Lo 75","Hi 75","Lo 85","Hi 85","Lo 95","Hi 95"
"2019.000",15.3645039854237,14.8152643029642,15.9137436678832,14.6771929636798,16.0518150071676,14.4287100302438,16.3002979406036
"2019.008",15.2848725680768,14.4918292426608,16.0779158934927,14.2924690042301,16.2772761319234,13.9336862393746,16.636058896779
"2019.016",15.2322874178445,14.3107293783876,16.1538454573014,14.0790622996975,16.3855125359916,13.662137863447,16.802436972242
"2019.024",15.174061577809,14.1436980034668,16.2044251521513,13.8846787024173,16.4634444532008,13.418529275064,16.929593880554
"2019.032",15.1105001331915,13.9738797572173,16.2471205091657,13.6881489504665,16.5328513159165,13.1739276109586,17.0470726554244
"2019.040",15.0477808907923,13.813083613424,16.2824781681606,13.5026976159418,16.5928641656429,12.9441050539257,17.1514567276589
"2019.048",14.9861029975975,13.6618295132143,16.3103764819808,13.328925283227,16.643280711968,12.7298073196495,17.2423986755456
