"","Point Forecast","Lo 75","Hi 75","Lo 85","Hi 85","Lo 95","Hi 95"
"2019.000",15.6059511286145,15.0580368349419,16.153865422287,14.9202986802593,16.2916035769696,14.6724153693637,16.5394868878652
"2019.008",15.4996207169909,14.7081916104244,16.2910498235574,14.5092371645203,16.4900042694615,14.1511846925545,16.8480567414272
"2019.016",15.438624932988,14.5179310376685,16.3593188283075,14.2864811929878,16.5907686729882,13.869947706403,17.0073021595731
"2019.024",15.3873899561681,14.3573339451182,16.417445967218,14.0983919612711,16.676387951065,13.6323816794157,17.1423982329204
"2019.031",15.3281588282433,14.1916726190628,16.4646450374239,13.9059755400077,16.7503421164789,13.391814899243,17.2645027572436
"2019.039",15.2667788698407,14.0320884390632,16.5014693006182,13.7217041627202,16.8118535769612,13.1631146981878,17.3704430414936
"2019.047",15.2067912032838,13.8823479624008,16.5312344441668,13.5494010579529,16.8641813486148,12.9502062944019,17.4633761121657
