"","Point Forecast","Lo 75","Hi 75","Lo 85","Hi 85","Lo 95","Hi 95"
"2019.000",15.4666111382765,14.9151079900002,16.0181142865527,14.7764676463873,16.1567546301657,14.5269606925757,16.4062615839772
"2019.008",15.3504910368214,14.5542392211236,16.1467428525193,14.3540724121474,16.3469096614955,13.9938380859742,16.7071439876686
"2019.016",15.2732715458875,14.3479668973165,16.1985761944585,14.115357972371,16.4311851194039,13.6967385230819,16.849804568693
"2019.024",15.2207910242508,14.1862097757798,16.2553722727219,13.9261302091773,16.5154518393243,13.4580726530539,16.9835093954477
"2019.032",15.1620039511246,14.0207215469204,16.3032863553288,13.7338187700771,16.5901891321721,13.2174882704204,17.1065196318288
"2019.040",15.098293772219,13.8585299819771,16.3380575624609,13.5468703324986,16.6497172119394,12.9859856163987,17.2106019280392
"2019.048",15.0355682340151,13.7058561355131,16.3652803325171,13.3715847123692,16.6995517556609,12.7700062514293,17.3011302166009
