"","Point Forecast","Lo 75","Hi 75","Lo 85","Hi 85","Lo 95","Hi 95"
"2019.000",4.49,4.33900906201073,4.64099093798928,4.3010520066599,4.6789479933401,4.23274180914135,4.74725819085865
"2019.008",4.49,4.27646656770013,4.70353343229987,4.22278718523525,4.75721281476476,4.12618197745613,4.85381802254387
"2019.017",4.49,4.22847602392009,4.75152397607991,4.16273247554676,4.81726752445324,4.04441574276957,4.93558425723043
"2019.025",4.49,4.18801812402145,4.79198187597855,4.11210401331979,4.86789598668021,3.9754836182827,5.0045163817173
"2019.034",4.49,4.15237399866953,4.82762600133047,4.06749944267935,4.91250055732065,3.91475319747145,5.06524680252855
"2019.042",4.49,4.12014924614206,4.85985075385794,4.02717382839395,4.95282617160605,3.85984870024478,5.12015129975522
"2019.051",4.49,4.09051552785601,4.889484472144,3.9900905988974,4.9899094011026,3.80935880425363,5.17064119574637
