"","Point Forecast","Lo 75","Hi 75","Lo 85","Hi 85","Lo 95","Hi 95"
"2019.000",4.44654317624367,4.30239856956936,4.59068778291797,4.26616258821233,4.626923764275,4.20094975700352,4.69213659548381
"2019.008",4.48156880335022,4.2739008097071,4.68923679699335,4.22169591824621,4.74144168845423,4.12774430861352,4.83539329808692
"2019.016",4.47298229235234,4.22502724766888,4.72093733703579,4.16269474294442,4.78326984176025,4.05051676522201,4.89544781948266
"2019.024",4.45256752197561,4.16275236398135,4.74238267996986,4.08989679966743,4.81523824428379,3.95878078071891,4.9463542632323
"2019.031",4.48890979642212,4.16585458319399,4.81196500965025,4.08464292391716,4.89317666892708,3.93848868632592,5.03933090651832
"2019.039",4.45720040012791,4.10533232266755,4.80906847758827,4.01687750365515,4.89752329660066,3.85768796425713,5.05671283599869
"2019.047",4.46774596519759,4.08493863262708,4.8505532977681,3.98870610831418,4.94678582208101,3.81551926115851,5.11997266923667
