"","Point Forecast","Lo 75","Hi 75","Lo 85","Hi 85","Lo 95","Hi 95"
"2019.000",4.5935090165229,4.44919100944635,4.73782702359946,4.41291143760135,4.77410659544446,4.34762015787181,4.83939787517399
"2019.008",4.54759071759597,4.34059921073671,4.75458222445522,4.2885643787949,4.80661705639703,4.19491882028316,4.90026261490877
"2019.016",4.57050367519456,4.32275597534389,4.81825137504524,4.26047559427267,4.88053175611646,4.14839142195786,4.99261592843127
"2019.024",4.58188892762077,4.29260447546583,4.8711733797757,4.21988232333668,4.94389553190485,4.08900640237809,5.07477145286344
"2019.032",4.54444045774947,4.22196364936204,4.86691726613691,4.14089739314612,4.94798352235283,3.99500483317235,5.0938760823266
"2019.040",4.58584274801654,4.23445256200799,4.9372329340251,4.14611787836617,5.02556761766692,3.98714454306556,5.18454095296753
"2019.048",4.56350397440873,4.18139656189541,4.94561138692205,4.08533998790579,5.04166796091168,3.91246979337836,5.2145381554391
