"","Point Forecast","Lo 75","Hi 75","Lo 85","Hi 85","Lo 95","Hi 95"
"2019.000",1104.58067369884,1084.2483207474,1124.91302665029,1079.13704548368,1130.02430191401,1069.93843353633,1139.22291386136
"2019.008",1105.56279222001,1075.60590783333,1135.51967660668,1068.07515708798,1143.05042735203,1054.52228618894,1156.60329825107
"2019.016",1099.22309291582,1062.03385085013,1136.41233498151,1052.68498436621,1145.76120146543,1035.86010398,1162.58608185165
"2019.024",1096.12957929443,1050.05042514344,1142.20873344541,1038.46675642848,1153.79240216037,1017.61996811484,1174.63919047401
"2019.031",1101.70846523024,1047.61236039786,1155.80457006261,1034.01334000147,1169.40359045901,1009.53958246812,1193.87734799236
"2019.039",1100.20079895822,1041.07466708188,1159.32693083456,1026.21116672751,1174.19043118893,999.461761758135,1200.9398361583
"2019.047",1098.9529635049,1034.97730041896,1162.92862659083,1018.8946942891,1179.01123272069,989.95130046708,1207.95462654271
