"","Point Forecast","Lo 75","Hi 75","Lo 85","Hi 85","Lo 95","Hi 95"
"2019.000",1133.49237307544,1113.33704725173,1153.64769889915,1108.27027418513,1158.71447196574,1099.15175153468,1167.8329946162
"2019.008",1134.4990665551,1104.9769313576,1164.02120175261,1097.55547060844,1171.44266250177,1084.19928570512,1184.79884740509
"2019.016",1138.16307274381,1102.64564797116,1173.68049751646,1093.71705347425,1182.60909201338,1077.64852423746,1198.67762125016
"2019.024",1139.62661131122,1096.32305334701,1182.93016927542,1085.43713152664,1193.81609109579,1065.84605780273,1213.4071648197
"2019.032",1138.74292183055,1089.46356541579,1188.0222782453,1077.07540964964,1200.41043401145,1054.78080962194,1222.70503403916
"2019.040",1138.57053561973,1085.25290313577,1191.88816810369,1071.84958003361,1205.29149120585,1047.72801317203,1229.41305806743
"2019.048",1137.78247391017,1080.89844343528,1194.66650438506,1066.59857668787,1208.96637113247,1040.86352656409,1234.70142125625
