"","Point Forecast","Lo 75","Hi 75","Lo 85","Hi 85","Lo 95","Hi 95"
"2019.000",90.720001,89.3286561823532,92.1113458176468,88.9788911371207,92.4611108628793,88.3494292596363,93.0905727403637
"2019.008",90.720001,88.7523422889463,92.6876597110537,88.2576998183345,93.1823021816654,87.3675062941993,94.0724957058007
"2019.016",90.720001,88.310121084988,93.129880915012,87.7043102559338,93.7356917440662,86.6140503027031,94.8259516972969
"2019.024",90.720001,87.9373113647063,93.5026906352937,87.2377812742414,94.2022207257586,85.9788575192726,95.4611444807274
"2019.031",90.720001,87.6088594075996,93.8311425924004,86.8267609903066,94.6132410096934,85.4192414430068,96.0207605569932
"2019.039",90.720001,87.3119161404995,94.1280858595005,86.4551702498185,94.9848317501815,84.9133098374475,96.5266921625525
"2019.047",90.720001,87.0388486245679,94.401153375432,86.1134572975796,95.3265447024204,84.4480577099601,96.9919442900399
