"","Point Forecast","Lo 75","Hi 75","Lo 85","Hi 85","Lo 95","Hi 95"
"2019.000",91.010002,89.6134216049142,92.4065823950858,89.2623404071676,92.7576635928324,88.6305098886658,93.3894941113342
"2019.008",91.010002,89.0349390643253,92.9850649356747,88.5384352729779,93.4815687270221,87.6448919845914,94.3751120154086
"2019.016",91.010002,88.5910537988568,93.4289502011432,87.9829633267776,94.0370406732224,86.8886007669598,95.1314032330402
"2019.024",91.010002,88.2168412098284,93.8031627901716,87.5146788143352,94.5053251856648,86.2510177773316,95.7689862226684
"2019.032",91.010002,87.8871533005446,94.1328506994554,87.1021118767612,94.9178921232388,85.6892958871322,96.3307081128678
"2019.040",91.010002,87.5890926472652,94.4309113527348,86.729122854501,95.290881145499,85.1814604802534,96.8385435197466
"2019.048",91.010002,87.3149975886946,94.7050064113054,86.3861240494665,95.6338799505335,84.7144576267697,97.3055463732303
