"","Point Forecast","Lo 75","Hi 75","Lo 85","Hi 85","Lo 95","Hi 95"
"2019.000",91.790001,90.3901176405519,93.1898843594481,90.038206122769,93.541795877231,89.4048813016886,94.1751206983114
"2019.008",91.790001,89.8102669673281,93.7697350326719,89.3125889261242,94.2674130738758,88.4169323747648,95.1630696252352
"2019.016",91.790001,89.3653318967657,94.2146701032343,88.755803268197,94.824198731803,87.6588525003913,95.9211494996087
"2019.024",91.790001,88.9902342811039,94.5897677188961,88.286411245538,95.293590754462,87.0197616033772,96.5602403966228
"2019.032",91.790001,88.6597666477033,94.9202353522967,87.8728685718756,95.7071334281244,86.4567112201019,97.1232907798981
"2019.040",91.790001,88.3610010699391,95.2190009300609,87.4989974167625,96.0810045832375,85.9476747636761,97.6323272363239
"2019.048",91.790001,88.0862577664028,95.4937442335972,87.1551874068498,96.4248145931502,85.4795674311466,98.1004345688534
