"","Point Forecast","Lo 75","Hi 75","Lo 85","Hi 85","Lo 95","Hi 95"
"2019.000",32.2413629018439,31.2936315463128,33.189094257375,31.0553848541692,33.4273409495186,30.626619280864,33.8561065228237
"2019.008",32.2424260506304,30.9872074666812,33.4976446345796,30.6716626935788,33.813189407682,30.1037860346193,34.3810660666415
"2019.017",32.2432565920448,30.7933987879495,33.6931143961401,30.4289243787317,34.0575888053578,29.7729904909735,34.713522693116
"2019.025",32.2439054184835,30.6552109694615,33.8325998675054,30.2558349278254,34.2319759091415,29.5370895974466,34.9507212395203
"2019.034",32.2444122875454,30.5496801866092,33.9391443884816,30.1236477305115,34.3651768445793,29.3569296340639,35.1318949410269
"2019.042",32.2448082582251,30.4650244176812,34.024592098769,30.0176111182629,34.4720053981872,29.212414546158,35.2772019702921
"2019.050",32.245117594089,30.3944386305335,34.0957965576445,29.9292032674597,34.5610319207183,29.0919328509207,35.3983023372573
