"","Point Forecast","Lo 75","Hi 75","Lo 85","Hi 85","Lo 95","Hi 95"
"2019.000",31.792055847596,30.8414462412182,32.7426654539737,30.6024759962035,32.9816356989885,30.1724082660507,33.4117034291413
"2019.008",31.8411517639306,30.5799981498122,33.102305378049,30.2629613913519,33.4193421365092,29.6923996501713,33.9899038776898
"2019.017",31.8799943403213,30.4216161298037,33.3383725508388,30.0549998070216,33.7049888736209,29.3952111803407,34.3647775003018
"2019.025",31.9107249153528,30.311558876788,33.5098909539177,29.9095504208549,33.9118994098508,29.1860676117934,34.6353822189123
"2019.034",31.9350376239712,30.2285027565749,33.6415724913675,29.7995032465216,34.0705720014208,29.0274454302279,34.8426298177144
"2019.042",31.9542727928462,30.1619030926249,33.7466424930676,29.7113258803337,34.1972197053588,28.9004353071718,35.0081102785207
"2019.051",31.9694908307646,30.1059060700815,33.8330755914477,29.6374263662384,34.3015552952908,28.79431720492,35.1446644566092
