"","Point Forecast","Lo 75","Hi 75","Lo 85","Hi 85","Lo 95","Hi 95"
"2019.000",32.3824237700638,31.4618327730394,33.3030147670882,31.2304087955818,33.5344387445458,30.8139218614786,33.9509256786491
"2019.008",32.3765245274512,31.1569075922411,33.5961414626612,30.8503125863881,33.9027364685142,30.298542560646,34.4545064942563
"2019.016",32.3719304671129,30.9626780199377,33.7811829142881,30.6084112417253,34.1354496925004,29.9708477276364,34.7730132065894
"2019.024",32.3683528230359,30.8234957251102,33.9132099209615,30.4351397935824,34.3015658524893,29.7362270316475,35.0004786144242
"2019.032",32.3655667174563,30.7168348154686,34.0142986194439,30.3023661798286,34.4287672550839,29.556459151369,35.1746742835435
"2019.040",32.3633970258565,30.6310802638383,34.0957137878747,30.1955995383278,34.5311945133853,29.4118776689626,35.3149163827504
"2019.048",32.3617073692719,30.559488740222,34.1639259983218,30.1064356420155,34.6169790965283,29.2910892897017,35.4323254488421
