"","Point Forecast","Lo 75","Hi 75","Lo 85","Hi 85","Lo 95","Hi 95"
"2019.000",224.245749701562,219.863217924575,228.62828147855,218.761509415103,229.729989988021,216.778796973522,231.712702429602
"2019.008",223.282857470574,217.145476476909,229.42023846424,215.602622891204,230.963092049944,212.825994614654,233.739720326494
"2019.016",223.613142694248,216.508874432971,230.717410955524,214.722958620993,232.503326767502,211.508898395823,235.717386992673
"2019.024",223.9383649254,215.593664879807,232.283064970993,213.495921493783,234.380808357018,209.720674343599,238.156055507201
"2019.032",223.70826509309,214.244173281316,233.172356904864,211.865030125252,235.551500060927,207.583356075106,239.833174111074
"2019.040",223.71745949555,213.361107534897,234.073811456203,210.757662388864,236.677256602237,206.072318636287,241.362600354814
"2019.048",223.812322447848,212.584599322824,235.040045572872,209.76210339164,237.862541504055,204.68254037569,242.942104520006
