"","Point Forecast","Lo 75","Hi 75","Lo 85","Hi 85","Lo 95","Hi 95"
"2019.000",219.808085693335,215.422269680508,224.193901706162,214.319735559094,225.296435827576,212.335537287954,227.280634098716
"2019.008",220.884201771526,214.724892138115,227.043511404938,213.176525992493,228.59187755056,210.389976923793,231.37842661926
"2019.016",220.487484348425,213.36331287426,227.611655822591,211.572393666957,229.402575029894,208.349328978195,232.625639718655
"2019.024",220.173485816713,211.806651680166,228.54031995326,209.703344086602,230.643627546824,205.918083195561,234.428888437865
"2019.032",220.438304317372,210.942003145744,229.934605488999,208.55476299743,232.321845637314,204.258517028182,236.618091606562
"2019.040",220.416813380507,210.025267268622,230.808359492393,207.412974794635,233.420651966379,202.711708765833,238.121917995181
"2019.048",220.315789953616,209.050329539442,231.58125036779,206.218346970238,234.413232936994,201.121711130515,239.509868776717
