"","Point Forecast","Lo 75","Hi 75","Lo 85","Hi 85","Lo 95","Hi 95"
"2019.000",23.2430116679911,22.7150237021297,23.7709996338524,22.5822947535474,23.9037285824347,22.3434263637241,24.142596972258
"2019.008",23.0706776966144,22.27887351888,23.8624818743487,22.0798247852175,24.0615306080112,21.7216026263428,24.419752766886
"2019.016",22.9340114570127,21.9956755333037,23.8723473807218,21.7597907241344,24.1082321898911,21.3352757622374,24.5327471517881
"2019.024",22.8605980393334,21.7265678499551,23.9946282287117,21.4414881806653,24.2797078980015,20.9284386741186,24.7927574045483
"2019.032",22.7871846216541,21.4865791337678,24.0877901095403,21.1596247141801,24.4147445291281,20.5712144496017,25.0031547937065
"2019.040",22.7137712039747,21.2656259074598,24.1619165004897,20.9015819992104,24.5259604087391,20.246422871399,25.1811195365505
"2019.048",22.6403577862954,21.0583732843116,24.2223422882791,20.6606840315287,24.6200315410621,19.9449743654992,25.3357412070916
