"","Point Forecast","Lo 75","Hi 75","Lo 85","Hi 85","Lo 95","Hi 95"
"2019.000",23.2773788764705,22.7490349840537,23.8057227688872,22.6162165604066,23.9385411925344,22.3771871449375,24.1775706080034
"2019.008",23.1851069620977,22.3879448787689,23.9822690454266,22.1875492409682,24.1826646832273,21.8269030982814,24.5433108259141
"2019.016",23.2085552059761,22.2579270724301,24.1591833395221,22.0189521699388,24.3981582420134,21.5888760578623,24.82823435409
"2019.024",23.2085552059761,22.0538037532654,24.3633066586868,21.7635150419647,24.6535953699875,21.2410909755277,25.1760194364245
"2019.032",23.2085552059761,21.8806967847633,24.5364136271889,21.5468913507205,24.8702190612317,20.9461515166773,25.4709588952749
"2019.040",23.2085552059761,21.7276888865421,24.6894215254101,21.3554193609503,25.061691051002,20.6854568312368,25.7316535807154
"2019.048",23.2085552059761,21.5890731513419,24.8280372606104,21.1819575270135,25.2351528849387,20.4492834970154,25.9678269149369
