"","Point Forecast","Lo 75","Hi 75","Lo 85","Hi 85","Lo 95","Hi 95"
"2019.000",308.399994,301.336783575385,315.463204424615,299.561189141627,317.238798858373,296.365703997645,320.434284002355
"2019.008",308.399994,298.411106023614,318.388881976386,295.900036294119,320.899951705881,291.380937865139,325.419050134861
"2019.016",308.399994,296.166154680016,320.633833319984,293.090734907111,323.709253092889,287.555992282904,329.243995717096
"2019.024",308.399994,294.27357315077,322.52641484923,290.722384283253,326.077603716747,284.331413995291,332.468574004709
"2019.032",308.399994,292.606175351175,324.193812648825,288.635825496822,328.164162503178,281.490503493789,335.309484506211
"2019.040",308.399994,291.098732513786,325.701255486214,286.749432160952,330.050555839048,278.922124077554,337.877863922445
"2019.048",308.399994,289.712495758749,327.087492241251,285.014714457715,331.785273542285,276.560255448539,340.239732551461
