"","Point Forecast","Lo 75","Hi 75","Lo 85","Hi 85","Lo 95","Hi 95"
"2019.000",306.299988,299.261769731746,313.338206268254,297.492457984055,315.107518015945,294.308279605634,318.291696394366
"2019.008",306.299988,296.346444270094,316.253531729906,293.844259600443,318.755716399557,289.341151352664,323.258824647336
"2019.016",306.299988,294.109436364625,318.490539635375,291.044898523196,321.555077476804,285.529739791407,327.070236208593
"2019.024",306.299988,292.223551463493,320.376424536507,288.68492796811,323.91504803189,282.316571211267,330.283404788733
"2019.032",306.299988,290.562053511704,322.037922488296,286.605752170478,325.994223829522,279.485712863842,333.114263136158
"2019.040",306.299988,289.059944544443,323.540031455557,284.726033566688,327.873942433312,276.926421289553,335.673554710447
"2019.048",306.299988,287.678612789209,324.921363210791,282.997453913073,329.602522086927,274.572909793701,338.027066206299
