"","Point Forecast","Lo 75","Hi 75","Lo 85","Hi 85","Lo 95","Hi 95"
"2019.000",44.470001,43.5004105964189,45.4395914035811,43.2566688387581,45.6833331612419,42.8180139574605,46.1219880425396
"2019.008",44.470001,43.0987931013088,45.8412088986912,42.7540902019083,46.1859117980917,42.1337385195759,46.8062634804241
"2019.016",44.470001,42.7906211584664,46.1493808415336,42.3684480502717,46.5715539497283,41.6086755088761,47.331326491124
"2019.024",44.470001,42.5308201928379,46.4091818071622,42.0433366775162,46.8966653224838,41.1660269149209,47.7739750850791
"2019.032",44.470001,42.3019309472613,46.6380710527388,41.7569078081764,47.1830941918236,40.7760456749327,48.1639563250673
"2019.040",44.470001,42.0949992517272,46.8450027482729,41.4979563164491,47.4420456835509,40.4234756840887,48.5165263159114
"2019.048",44.470001,41.9047059185297,47.0352960814703,41.2598258436375,47.6801761563625,40.0992541163393,48.8407478836607
