"","Point Forecast","Lo 75","Hi 75","Lo 85","Hi 85","Lo 95","Hi 95"
"2019.000",44.529999,43.5642442683478,45.4957537316522,43.321466746115,45.738531253885,42.8845471709924,46.1754508290076
"2019.008",44.529999,43.1642155605715,45.8957824394285,42.8208762959905,46.2391217040095,42.2029787071858,46.8570192928142
"2019.016",44.529999,42.8572627371283,46.2027352628717,42.4367597336854,46.6232382663146,41.6799928307517,47.3800051692483
"2019.024",44.529999,42.5984895366956,46.4615084633044,42.1129344922299,46.9470635077701,41.2390953419848,47.8209026580152
"2019.031",44.529999,42.3705057704336,46.6894922295664,41.827638727312,47.232359272688,40.8506568566376,48.2093411433624
"2019.039",44.529999,42.1643926907736,46.8956053092264,41.569711640286,47.490286359714,40.4994816226021,48.5605163773979
"2019.047",44.529999,41.9748521525644,47.0851458474356,41.3325232048198,47.7274747951802,40.1765426661095,48.8834553338905
