"","Point Forecast","Lo 75","Hi 75","Lo 85","Hi 85","Lo 95","Hi 95"
"2019.000",92.8064594814842,91.1830405934117,94.4298783695568,90.7749353030364,94.8379836599321,90.0404802001252,95.5724387628433
"2019.008",92.8064594814842,90.7779461235056,94.8349728394629,90.2680056275126,95.3449133354559,89.3502806964815,96.262638266487
"2019.016",92.8064594814842,90.441244057713,95.1716749052554,89.8466612704792,95.7662576924893,88.7766080942866,96.8363108686819
"2019.024",92.8064594814842,90.146831395042,95.4660875679265,89.4782372937399,96.1346816692286,88.2749881297162,97.3379308332523
"2019.032",92.8064594814842,89.8819083850697,95.7310105778988,89.1467162647928,96.4662026981757,87.8236126023508,97.7893063606177
"2019.040",92.8064594814842,89.6390667567204,95.9738522062481,88.8428275746033,96.7700913883652,87.4098593082376,98.2030596547309
"2019.048",92.8064594814842,89.4135618658415,96.199357097127,88.560633840414,97.0522851225545,87.0256443279889,98.5872746349796
