"","Point Forecast","Lo 75","Hi 75","Lo 85","Hi 85","Lo 95","Hi 95"
"2019.000",92.1655681814635,90.537978753556,93.793157609371,90.1288250465441,94.2023113163828,89.3924831390095,94.9386532239174
"2019.008",92.1655681814635,90.1353255721115,94.1958107908154,89.6249503659898,94.7061859969371,88.7064430999098,95.6246932630172
"2019.016",92.1655681814635,89.8002515515342,94.5308848113928,89.2056433224573,95.1254930404696,88.1355443593272,96.1955920035998
"2019.024",92.1655681814635,89.5070798014227,94.8240565615042,88.8387722067119,95.4923641562151,87.6360386601844,96.6950977027425
"2019.032",92.1655681814635,89.2431722168817,95.0879641460452,88.5085218672525,95.8226144956745,87.1863932135305,97.1447431493964
"2019.040",92.1655681814635,89.0011984368231,95.3299379261039,88.2057191905365,96.1254171723904,86.7741185583618,97.5570178045651
"2019.048",92.1655681814635,88.7764571493804,95.5546792135466,87.9244810192366,96.4066553436904,86.3912046047916,97.9399317581353
