"","Point Forecast","Lo 75","Hi 75","Lo 85","Hi 85","Lo 95","Hi 95"
"2019.000",14.7140023076462,14.4679475711455,14.9600570441469,14.4060927778906,15.0219118374018,14.2947745234671,15.1332300918254
"2019.008",14.7419924899683,14.4134998475243,15.0704851324123,14.3309212929592,15.1530636869774,14.1823070940704,15.3016778858662
"2019.016",14.7042426668298,14.3134025768722,15.0950827567874,14.2151507272884,15.1933346063712,14.0383297597607,15.3701555738989
"2019.024",14.7354897039794,14.2724926431831,15.1984867647758,14.1561015186697,15.3148778892892,13.9466358308961,15.5243435770628
"2019.031",14.7141012564435,14.2050970539843,15.2231054589027,14.0771403637098,15.3510621491772,13.846860466977,15.58134204591
"2019.039",14.7259731287993,14.1629429408269,15.2890033167717,14.0214048571932,15.4305414004054,13.7666829257881,15.6852633318106
"2019.047",14.7210559038974,14.1158357240263,15.3262760837685,13.9636916538409,15.478420153954,13.6898824399916,15.7522293678032
