"","Point Forecast","Lo 75","Hi 75","Lo 85","Hi 85","Lo 95","Hi 95"
"2019.000",14.7790937773756,14.531292237193,15.0268953175581,14.4689983213992,15.0891892333519,14.3568897910418,15.2012977637094
"2019.008",14.779492605141,14.4483556362942,15.1106295739878,14.3651123342616,15.1938728760203,14.2153018088828,15.3436834013992
"2019.016",14.7623307300029,14.3684743775514,15.1561870824544,14.2694642808571,15.2551971791487,14.0912787182785,15.4333827417273
"2019.024",14.7804850799539,14.3138959128407,15.2470742470671,14.1966017819607,15.3643683779471,13.9855109801552,15.5754591797526
"2019.032",14.7657582673881,14.2527431789856,15.2787733557906,14.1237782068778,15.4077383278983,13.8916837349483,15.6398327998278
"2019.040",14.7752970676422,14.2079346010805,15.3426595342038,14.065307441901,15.4852866933833,13.8086255332278,15.7419686020565
"2019.048",14.7702838574337,14.1603127767539,15.3802549381134,14.0069743951259,15.5335933197414,13.7310158140567,15.8095519008107
