"","Point Forecast","Lo 75","Hi 75","Lo 85","Hi 85","Lo 95","Hi 95"
"2019.000",14.8244831956788,14.5776522695366,15.071314121821,14.5156023528287,15.1333640385289,14.4039329404587,15.2450334508989
"2019.008",14.8061124777751,14.4764480824817,15.1357768730685,14.3935749652868,15.2186499902634,14.2444306506861,15.3677943048641
"2019.016",14.8317845956223,14.4397618037718,15.2238073874728,14.3412126391186,15.3223565521261,14.1638566023941,15.4997125888505
"2019.024",14.8094789870005,14.3451200801447,15.2738378938562,14.22838660617,15.3905713678309,14.0183048021278,15.6006531718731
"2019.032",14.825030625846,14.3145395063725,15.3355217453194,14.1862090255106,15.4638522261814,13.9552564288377,15.6948048228542
"2019.040",14.8161823652751,14.2516159879366,15.3807487426136,14.1096917273206,15.5226730032297,13.8542748045443,15.7780899260059
"2019.048",14.8199931133432,14.2130847267641,15.4269014999224,14.060516264517,15.5794699621695,13.785943284741,15.8540429419455
