"","Point Forecast","Lo 75","Hi 75","Lo 85","Hi 85","Lo 95","Hi 95"
"2019.000",25.8491500885803,25.2804768008882,26.4178233762724,25.1375201192164,26.5607800579442,24.8802451785936,26.818054998567
"2019.013",26.0136858188338,25.1631435489732,26.8642280886944,24.9493288628388,27.0780427748288,24.5645328530533,27.4628387846144
"2019.025",24.3657020326709,23.2666332137758,25.4647708515659,22.9903423545447,25.741061710797,22.4931098112875,26.2382942540542
"2019.038",24.3657020326709,23.204384048735,25.5270200166067,22.9124446013538,25.8189594639879,22.3870497536833,26.3443543116584
"2019.051",24.3657020326709,23.145305928548,25.5860981367937,22.838515050294,25.8928890150477,22.2863925187457,26.4450115465961
"2019.063",24.3657020326709,23.0889585807183,25.6424454846234,22.7680027503889,25.9634013149529,22.1903879706888,26.541016094653
"2019.076",24.3657020326709,23.0349950652099,25.6964090001318,22.7004735456255,26.0309305197162,22.0984449934681,26.6329590718736
