"","Point Forecast","Lo 75","Hi 75","Lo 85","Hi 85","Lo 95","Hi 95"
"2019.000",26.150114940103,25.5566068110619,26.7436230691441,25.4074069901641,26.8928228900418,25.1388964552701,27.1613334249359
"2019.013",26.3544081508122,25.4664567576233,27.242359544001,25.2432379298649,27.4655783717595,24.8415175626472,27.8672987389772
"2019.025",24.534304315009,23.3853408593813,25.6832677706367,23.0965071713328,25.9721014586852,22.5767016675012,26.4919069625168
"2019.038",24.534304315009,23.320981130504,25.7476274995139,23.0159682874421,26.0526403425759,22.4670456335988,26.6015629964192
"2019.051",24.534304315009,23.2598674677127,25.8087411623053,22.9394914862257,26.1291171437923,22.3629202434541,26.7056883865639
"2019.063",24.534304315009,23.2015532484419,25.8670553815761,22.8665178703177,26.2020907597003,22.263564542041,26.8050440879769
"2019.076",24.534304315009,23.1456857449456,25.9229228850724,22.7966060410442,26.2720025889738,22.1683775522213,26.9002310777967
