"","Point Forecast","Lo 75","Hi 75","Lo 85","Hi 85","Lo 95","Hi 95"
"2019.000",25.9100946428188,25.5258771652578,26.2943121203799,25.4292901497935,26.3908991358442,25.2554653353259,26.5647239503117
"2019.008",25.9701892856377,25.4178896950406,26.5224888762347,25.2790491367283,26.6613294345471,25.0291818624037,26.9111967088717
"2019.016",26.0302839284565,25.3428617653107,26.7177060916023,25.1700532415451,26.890514615368,24.8590548176102,27.2015130393029
"2019.024",26.0903785712753,25.2838550594373,26.8969020831134,25.0811060866296,27.099651055921,24.7162247160607,27.4645324264899
"2019.031",26.1504732140942,25.2344264907676,27.0665199374208,25.0041448815248,27.2968015466636,24.5897138339403,27.7112325942481
"2019.039",26.210567856913,25.1913292047091,27.2298065091169,24.9351065568297,27.4860291569963,24.4739901840343,27.9471455297917
"2019.047",26.2706624997319,25.1526680476491,27.3886569518146,24.8716195432505,27.6697054562132,24.3658248057422,28.1755001937215
