"","Point Forecast","Lo 75","Hi 75","Lo 85","Hi 85","Lo 95","Hi 95"
"2019.000",26.1835180611221,25.587183592734,26.7798525295103,25.4372732688056,26.9297628534386,25.1674840624785,27.1995520597658
"2019.013",26.3923555685432,25.5001567969931,27.2845543400933,25.2758702364442,27.5088409006422,24.8722283018884,27.9124828351981
"2019.025",24.5530763918327,23.3984485240253,25.70770425964,23.108190880278,25.9979619033874,22.5858227252041,26.5203300584613
"2019.038",24.5530763918327,23.3338420557149,25.7723107279504,23.0273432300375,26.0788095536279,22.475746296932,26.6304064867333
"2019.051",24.5530763918327,23.2724908930784,25.8336618905869,22.9505692247652,26.1555835589001,22.3712162548175,26.7349365288479
"2019.063",24.5530763918327,23.213947543338,25.8922052403274,22.8773088781234,26.228843905542,22.2714701611671,26.8346826224983
"2019.076",24.5530763918327,23.1578585141799,25.9482942694855,22.8071198346686,26.2990329489968,22.1759057361732,26.9302470474921
