"","Point Forecast","Lo 75","Hi 75","Lo 85","Hi 85","Lo 95","Hi 95"
"2019.000",193.808891564491,190.913544848062,196.70423828092,190.185694309223,197.43208881976,188.875803075234,198.741980053749
"2019.008",193.706786716469,189.734831391433,197.678742041505,188.73633618284,198.677237250098,186.939373686936,200.474199746002
"2019.016",193.565857349898,189.080913133173,198.050801566623,187.953459537966,199.178255161829,185.924414421856,201.20730027794
"2019.024",193.565857349898,188.239997104955,198.891717594841,186.901148729018,200.230565970778,184.491662635793,202.640052064003
"2019.031",193.565857349898,187.514836769021,199.616877930775,185.993693009164,201.138021690632,183.256135268461,203.875579431335
"2019.039",193.565857349898,186.867729791264,200.263984908532,185.183912193495,201.9478025063,182.15359512528,204.978119574515
"2019.047",193.565857349898,186.277855187902,200.853859511894,184.445751187862,202.685963511933,181.148567437425,205.983147262371
