"","Point Forecast","Lo 75","Hi 75","Lo 85","Hi 85","Lo 95","Hi 95"
"2019.000",194.811481278928,191.893961660849,197.729000897007,191.160537157993,198.462425399863,189.8406146247,199.782347933157
"2019.008",194.880180854837,190.877653358073,198.8827083516,189.871472723917,199.888888985756,188.060678993391,201.699682716283
"2019.016",194.863612534742,190.34369642954,199.383528639945,189.207451380194,200.51977368929,187.162584542321,202.564640527163
"2019.024",194.863612534742,189.496841204975,200.23038386451,188.147708342222,201.579516727263,185.719713560182,204.007511509303
"2019.032",194.863612534742,188.766496215205,200.960728854279,187.233764617515,202.493460451969,184.475352585459,205.251872484026
"2019.040",194.863612534742,188.114729640373,201.612495429111,186.418152845837,203.309072223647,183.364873426005,206.36235164348
"2019.048",194.863612534742,187.520587733623,202.206637335861,185.674651795147,204.052573274337,182.352575111421,207.374649958063
