"","Point Forecast","Lo 75","Hi 75","Lo 85","Hi 85","Lo 95","Hi 95"
"2019.000",66.889999,65.4793287589447,68.3006692410553,65.1247055667548,68.6552924332452,64.4865006249002,69.2934973750998
"2019.008",66.889999,64.8950100130635,68.8849879869366,64.3934970851365,69.3865009148635,63.4909390007921,70.2890589992079
"2019.016",66.889999,64.4466464697668,69.3333515302332,63.8324210833516,69.9475769166484,62.7270176984178,71.0529803015822
"2019.024",66.889999,64.0686585178894,69.7113394821106,63.3594121335096,70.4205858664904,62.0830022498003,71.6969957501997
"2019.032",66.889999,63.7356444471643,70.0443535528357,62.9426828830297,70.8373151169703,61.5156132494665,72.2643847505336
"2019.040",66.889999,63.4345767140855,70.3454212859145,62.5659308422634,71.2140671577367,61.0026543833969,72.7773436166031
"2019.048",66.889999,63.1577163602481,70.6222816397519,62.2194715845778,71.5605264154222,60.530940022938,73.249057977062
