"","Point Forecast","Lo 75","Hi 75","Lo 85","Hi 85","Lo 95","Hi 95"
"2019.000",65.959999,64.5413950283215,67.3786029716785,64.1847774048338,67.7352205951662,63.5429831435594,68.3770148564406
"2019.008",65.959999,63.9537900236159,67.9662079763841,63.4494565438984,68.4705414561016,62.5418223953509,69.3781756046491
"2019.016",65.959999,63.5029048452338,68.4170931547662,62.8852250024787,69.0347729975213,61.7736047339453,70.1463932660547
"2019.024",65.959999,63.1227910566429,68.7972069433571,62.4095558096676,69.5104421903324,61.1259672871188,70.7940307128812
"2019.031",65.959999,62.7879040861756,69.1320939138244,61.9904828380828,69.9295151619172,60.555387242304,71.364610757696
"2019.039",65.959999,62.4851431223019,69.434854877698,61.6116119114732,70.3083860885268,60.0395434515045,71.8804545484955
"2019.047",65.959999,62.2067256820501,69.7132723179499,61.2632041371589,70.6567938628411,59.5651761289584,72.3548218710416
