"","Point Forecast","Lo 75","Hi 75","Lo 85","Hi 85","Lo 95","Hi 95"
"2019.000",64.889999,63.4699932524522,66.3100047475478,63.1130232416957,66.6669747583043,62.470594799405,67.3094032005951
"2019.008",64.889999,62.8818076131701,66.8981903868299,62.3769757825978,67.4030222174022,61.468444766656,68.311553233344
"2019.016",64.889999,62.4304768982073,67.3495211017927,61.8121867027986,67.9678112972014,60.6994680005238,69.0805299994762
"2019.024",64.889999,62.0499875049043,67.7300104950957,61.3360474833913,68.4439505166087,60.0511905988099,69.7288074011901
"2019.032",64.889999,61.7147696200426,68.0652283799574,60.9165604100622,68.8634375899378,59.4800467424209,70.2999512575791
"2019.040",64.889999,61.4117094866884,68.3682885133116,60.5373151068591,69.2426828931409,58.9636932269959,70.8163047730041
"2019.048",64.889999,61.1330169317061,68.6469810682939,60.1885630577363,69.5914349422637,58.4888571642805,71.2911408357195
