"","Point Forecast","Lo 75","Hi 75","Lo 85","Hi 85","Lo 95","Hi 95"
"2019.000",51.130001,50.2949341083985,51.9650678916015,50.0850097205626,52.1749922794374,49.7072149663466,52.5527870336534
"2019.008",51.130001,49.9490380764084,52.3109639235916,49.652160160058,52.607841839942,49.1178776948523,53.1421243051477
"2019.016",51.130001,49.6836227160275,52.5763792839725,49.320023010548,52.939978989452,48.6656633014129,53.5943386985871
"2019.024",51.130001,49.4598672167969,52.8001347832031,49.0400184411252,53.2199835588748,48.2844289326932,53.9755730673068
"2019.032",51.130001,49.2627346646195,52.9972673353805,48.7933294632834,53.4666725367166,47.9485547113137,54.3114472886863
"2019.040",51.130001,49.0845132144842,53.1754887855158,48.5703055797202,53.6896964202798,47.6449012043908,54.6151007956092
"2019.048",51.130001,48.9206216767186,53.3393803232814,48.3652139523774,53.8947880476226,47.3656629860971,54.8943390139029
