"","Point Forecast","Lo 75","Hi 75","Lo 85","Hi 85","Lo 95","Hi 95"
"2019.000",51.57,50.740968694143,52.399031305857,50.5325615699604,52.6074384300396,50.1574973905712,52.9825026094288
"2019.008",51.57,50.3975726836252,52.7424273163748,50.1028405021109,53.0371594978891,49.5724196528584,53.5675803471416
"2019.016",51.57,50.1340756571905,53.0059243428095,49.7731039294469,53.3668960705531,49.1234737146457,54.0165262853543
"2019.024",51.57,49.911937388286,53.228062611714,49.4951231399207,53.6448768600793,48.7449947811424,54.3950052188576
"2019.031",51.57,49.7162296446283,53.4237703553717,49.2502171479607,53.8897828520393,48.4115481469214,54.7284518530786
"2019.039",51.57,49.5392963198571,53.6007036801429,49.0288052068488,54.1111947931512,48.1100893465497,55.0299106534503
"2019.047",51.57,49.3765893356153,53.7634106643847,48.8251959135739,54.3148040864262,47.8328693692216,55.3071306307784
