"","Point Forecast","Lo 75","Hi 75","Lo 85","Hi 85","Lo 95","Hi 95"
"2019.000",51.330002,50.4980275525805,52.1619764474195,50.2888805628888,52.3711234371112,49.9124848692767,52.7475191307233
"2019.008",51.330002,50.1534124529114,52.5065915470886,49.8576339435599,52.8023700564401,49.3253300488349,53.3346739511651
"2019.016",51.330002,49.8889799864703,52.7710240135297,49.5267267740742,53.1332772259258,48.874790308988,53.785213691012
"2019.024",51.330002,49.6660531051609,52.9939508948391,49.2477591257776,53.4122448742224,48.4949677385534,54.1650362614466
"2019.032",51.330002,49.4696505800271,53.1903534199729,49.001983693787,53.658020306213,48.1603373364322,54.4996666635678
"2019.040",51.330002,49.2920891247881,53.3679148752119,48.7797857188044,53.8802182811956,47.8578083280738,54.8021956719262
"2019.048",51.330002,49.1288045149675,53.5311994850325,48.5754535927855,54.0845504072145,47.5796041929323,55.0803998070677
