"","Point Forecast","Lo 75","Hi 75","Lo 85","Hi 85","Lo 95","Hi 95"
"2019.000",42.1106464867486,41.1436489144835,43.0776440590136,40.9005589591302,43.320734014367,40.4630771072983,43.7582158661989
"2019.008",41.8763305413315,40.4424314871039,43.3102295955591,40.0819688891917,43.6706921934714,39.4332549403924,44.3194061422707
"2019.016",41.7839736916482,40.0754235768348,43.4925238064615,39.6459174611616,43.9220299221348,38.8729479216153,44.6949994616811
"2019.024",41.9248430747712,39.8614641542946,43.9882219952477,39.3427589330593,44.506927216483,38.409260383475,45.4404257660673
"2019.032",41.9755507504754,39.6939734283832,44.2571280725676,39.1204161152417,44.8306853857091,38.0882018671454,45.8628996338054
"2019.040",41.9755507504754,39.5410241091983,44.4100773917525,38.9290174304757,45.0220840704751,37.8276069886013,46.1234945123495
"2019.048",41.9755507504754,39.3971316888233,44.5539698121275,38.748952424928,45.2021490760229,37.5824432440952,46.3686582568556
