"","Point Forecast","Lo 75","Hi 75","Lo 85","Hi 85","Lo 95","Hi 95"
"2019.000",42.3722711715889,41.4022576407663,43.3422847024114,41.1584095147079,43.5861328284698,40.7195632053297,44.0249791378481
"2019.008",42.5812214834144,41.1455489699441,44.0168939968846,40.7846405486498,44.3778024181789,40.1351242646059,45.0273187022228
"2019.016",42.2798825580579,40.5686026728328,43.9911624432831,40.1384103302376,44.4213547858782,39.364205808258,45.1955593078579
"2019.024",42.2768106225298,40.207804439277,44.3458168057826,39.6876846011943,44.8659366438653,38.7516402072246,45.801981037835
"2019.032",42.3503326969458,40.0631366349827,44.6375287589089,39.4881668475356,45.212498546356,38.4534106109233,46.2472547829683
"2019.040",42.3503326969458,39.9136793779676,44.786986015924,39.3011380815766,45.399527312315,38.1987655039889,46.5018998899027
"2019.048",42.3503326969458,39.7728740711061,44.9277913227855,39.1249362476295,45.5757291462622,37.9588615800259,46.7418038138657
