"","Point Forecast","Lo 75","Hi 75","Lo 85","Hi 85","Lo 95","Hi 95"
"2019.000",42.061212602925,41.0980792614328,43.0243459444173,40.8559607208099,43.2664644850402,40.4202270955329,43.7021981103171
"2019.008",41.9432649609953,40.5160016512092,43.3705282707814,40.1572071886329,43.7293227333577,39.5114953339957,44.3750345879949
"2019.016",42.122143433349,40.4231709445079,43.82111592219,39.9960725129249,44.248214353773,39.2274360117095,45.0168508549884
"2019.024",42.1423977751455,40.0903183196561,44.1944772306349,39.5744536292742,44.7103419210168,38.6460670996257,45.6387284506653
"2019.031",42.1214495258655,39.8519694928518,44.3909295588791,39.2814532726213,44.9614457791096,38.2547119901043,45.9881870616267
"2019.039",42.1214495258655,39.6997733912545,44.5431256604764,39.090997154036,45.151901897695,37.9954004428414,46.2474986088895
"2019.047",42.1214495258655,39.5565926133573,44.6863064383737,38.9118226881453,45.3310763635856,37.7514491939911,46.4914498577399
