"","Point Forecast","Lo 75","Hi 75","Lo 85","Hi 85","Lo 95","Hi 95"
"2019.000",144.739814097109,142.769547199479,146.710080994738,142.274249066458,147.20537912776,141.382875565944,148.096752628274
"2019.008",144.839452532453,142.089988708556,147.588916356349,141.398811132349,148.280093932557,140.154919151932,149.523985912974
"2019.016",145.134600883945,141.86150327672,148.40769849117,141.038691333828,149.230510434062,139.557900850475,150.711300917415
"2019.024",145.134600883945,141.120830254842,149.148371513049,140.111823251089,150.157378516802,138.295942986224,151.973258781667
"2019.032",145.134600883945,140.49697849961,149.77222326828,139.331143702617,150.938058065273,137.233025065108,153.036176702783
"2019.040",145.134600883945,139.947624105867,150.321577662023,138.643689132744,151.625512635147,136.297035664972,153.972166102919
"2019.048",145.134600883945,139.451123531747,150.818078236144,138.022375109388,152.246826658502,135.45109854345,154.81810322444
