"","Point Forecast","Lo 75","Hi 75","Lo 85","Hi 85","Lo 95","Hi 95"
"2019.000",143.740758519143,141.765583569458,145.715933468827,141.269051619322,146.212465418964,140.37545765439,147.106059383896
"2019.008",143.699399565709,140.943828699582,146.454970431836,140.251115896538,147.14768323488,139.004461013482,148.394338117935
"2019.016",143.876169610997,140.596801704829,147.155537517165,139.772413494597,147.979925727396,138.288786249218,149.463552972776
"2019.024",143.876169610997,139.849510300895,147.902828921099,138.837263259133,148.91507596286,137.015551993041,150.736787228953
"2019.032",143.876169610997,139.220665713967,148.531673508026,138.050335749409,149.702003472584,135.944127290879,151.808211931114
"2019.040",143.876169610997,138.667191988576,149.085147233418,137.357726304288,150.394612917706,135.001119378099,152.751219843895
"2019.048",143.876169610997,138.167125977733,149.585213244261,136.731950542215,151.020388679779,134.149107469487,153.603231752506
