"","Point Forecast","Lo 75","Hi 75","Lo 85","Hi 85","Lo 95","Hi 95"
"2019.000",63.054551484198,61.6037067109195,64.5053962574765,61.2389841911567,64.8701187772393,60.582603786139,65.526499182257
"2019.008",63.3722467906861,61.398788612171,65.3457049692012,60.9026882348109,65.8418053465613,60.0098709587269,66.7346226226453
"2019.016",63.6651783828049,61.3379466070287,65.992410158581,60.7529123890572,66.5774443765525,59.7000434924749,67.6303132731349
"2019.024",63.9352765426102,61.3450002246121,66.5255528606083,60.6938402087496,67.1767128764708,59.5219666561618,68.3485864290586
"2019.032",64.1843210905285,61.389815909391,66.9788262716661,60.6873155524083,67.6813266286487,59.4230462960396,68.9455958850174
"2019.040",64.4139531135403,61.4568894234061,67.3710168036745,60.7135240820349,68.1143821450456,59.3757113136797,69.4521949134009
"2019.048",64.6256857791747,61.5371399486885,67.7142316096609,60.7607217966955,68.490649761654,59.3634248559971,69.8879467023524
