"","Point Forecast","Lo 75","Hi 75","Lo 85","Hi 85","Lo 95","Hi 95"
"2019.000",64.0466961310772,62.5961918806328,65.4972003815216,62.2315549636502,65.8618372985043,61.5753286154412,66.5180636467132
"2019.008",64.3099465973479,62.3407203091888,66.2791728855071,61.8456837711466,66.7742094235493,60.9547810554325,67.6651121392634
"2019.016",64.5516670708347,62.2335965037308,66.8697376379387,61.6508652882393,67.4524688534302,60.602141037569,68.5011931041004
"2019.024",64.7736183863647,62.1978819492043,67.3493548235251,61.5503770603918,67.9968597123376,60.3850815325858,69.1621552401436
"2019.032",64.9774173685315,62.2029691848532,67.7518655522099,61.505510882532,68.4493238545311,60.2503156638262,69.7045190732369
"2019.040",65.1645486096015,62.2330098577238,68.0960873614793,61.4960611364964,68.8330360827067,60.1697961709243,70.1593010482788
"2019.048",65.3363752841613,62.27865483946,68.3940957288626,61.5099857675775,69.1627648007451,60.1266346187233,70.5461159495993
