"","Point Forecast","Lo 75","Hi 75","Lo 85","Hi 85","Lo 95","Hi 95"
"2019.000",64.1967090174991,62.7487294217945,65.6446886132036,62.3847271684611,66.0086908665371,61.7296430057782,66.6637750292199
"2019.008",64.4418068618181,62.4752673735401,66.4083463500961,61.9809062602165,66.9027074634197,61.0912190865277,67.7923946371084
"2019.016",64.6670446653731,62.3513179191639,66.9827714115823,61.7691759081679,67.5649134225784,60.7215120315201,68.6125772992262
"2019.024",64.874031668018,62.3000477026674,67.4480156333685,61.6529833612836,68.0950799747524,60.4884806737438,69.2595826622922
"2019.031",65.0642467144608,62.2908299922944,67.8376634366271,61.5936309852808,68.5348624436407,60.3389024127232,69.7895910161983
"2019.039",65.2390488200563,62.3077585173118,68.1703391228008,61.5708722527962,68.9072253873164,60.2447196887338,70.2333779513789
"2019.047",65.3996868804625,62.3414119674637,68.4579617934613,61.5726035098396,69.2267702510854,60.1890015125608,70.6103722483642
