"","Point Forecast","Lo 75","Hi 75","Lo 85","Hi 85","Lo 95","Hi 95"
"2019.000",14.77,14.3737059435017,15.1662940564983,14.2740830413725,15.2659169586275,14.0947946308538,15.4452053691462
"2019.008",14.77,14.2095555706123,15.3304444293877,14.0686675112982,15.4713324887018,13.8151154095663,15.7248845904337
"2019.016",14.77,14.0835985594074,15.4564014405926,13.9110466313221,15.6289533686779,13.6005099950955,15.9394900049045
"2019.024",14.77,13.9774118870035,15.5625881129965,13.778166082745,15.761833917255,13.4195892617076,16.1204107382924
"2019.031",14.77,13.8838595505907,15.6561404494093,13.6610959693139,15.8789040306861,13.2601948958163,16.2798051041837
"2019.039",14.77,13.7992817734816,15.7407182265184,13.5552564965697,15.9847435034303,13.1160913740043,16.4239086259957
"2019.047",14.77,13.7215044804526,15.8184955195474,13.4579270565321,16.0820729434679,12.9835745093436,16.5564254906564
