"","Point Forecast","Lo 75","Hi 75","Lo 85","Hi 85","Lo 95","Hi 95"
"2019.000",14.8,14.4021358984993,15.1978641015007,14.3021183085441,15.2978816914559,14.122119589939,15.477880410061
"2019.008",14.8,14.2373351916763,15.3626648083237,14.0958889594857,15.5041110405143,13.8413323304246,15.7586676695754
"2019.016",14.8,14.1108791616931,15.4891208383069,13.93764361424,15.66235638576,13.6258766883187,15.9741233116813
"2019.024",14.8,14.0042717969986,15.5957282030014,13.8042366170881,15.7957633829119,13.4442391798779,16.1557608201221
"2019.032",14.8,13.9103488232376,15.6896511767624,13.6867026931519,15.9132973068481,13.2842133224881,16.3157866775119
"2019.040",14.8,13.8254359643524,15.7745640356476,13.5804439036591,16.0195560963409,13.1395388887218,16.4604611112782
"2019.048",14.8,13.747350531829,15.852649468171,13.4827288620754,16.1172711379246,13.006497016336,16.593502983664
