"","Point Forecast","Lo 75","Hi 75","Lo 85","Hi 85","Lo 95","Hi 95"
"2019.000",22.4880284648765,22.0678597204098,22.9081972093431,21.9622350484739,23.013821881279,21.7721454291374,23.2039115006155
"2019.008",22.3046228233565,21.7361954382902,22.8730502084228,21.5933005731731,23.01594507354,21.3361368819879,23.2731087647251
"2019.016",22.1704927842681,21.5154646211603,22.8255209473759,21.3507995056605,22.9901860628757,21.0544565343672,23.286529034169
"2019.024",22.053049928295,21.3178342619504,22.7882655946397,21.1330111055817,22.9730887510083,20.8003903002835,23.3057095563066
"2019.032",21.9549081279289,21.1487229477799,22.7610933080778,20.9460590269286,22.9637572289292,20.5813307218669,23.3284855339908
"2019.040",21.8778589159369,21.0115790450097,22.744138786864,20.7938081413518,22.961909690522,20.4018922431038,23.35382558877
"2019.048",21.8228732462495,20.9080776544091,22.7376688380898,20.678110562499,22.96763593,20.2642455425191,23.3815009499798
