"","Point Forecast","Lo 75","Hi 75","Lo 85","Hi 85","Lo 95","Hi 95"
"2019.000",22.4178811596363,21.9993079178784,22.8364544013942,21.8940843334875,22.9416779857852,21.7047165396236,23.131045779649
"2019.008",22.3226562941625,21.7557418487549,22.8895707395701,21.6132273159619,23.0320852723631,21.3567480976881,23.2885644906369
"2019.016",22.2264051341726,21.5727554851758,22.8800547831694,21.4084369092572,23.044373359088,21.1127175950685,23.3400926732767
"2019.024",22.1431025251021,21.4089213816782,22.877283668526,21.2243582902134,23.0618467599909,20.8922055160831,23.3939995341212
"2019.031",22.0744626679837,21.2688552607968,22.8800700751707,21.0663365841607,23.0825887518068,20.7018696708466,23.4470556651208
"2019.039",22.0215873464706,21.1553669838303,22.8878077091109,20.9376110397411,23.1055636532,20.5457220637898,23.4974526291514
"2019.047",21.9849775765596,21.0696887737421,22.9002663793771,20.8395976953423,23.1303574577769,20.4255095405193,23.5444456125999
