"","Point Forecast","Lo 75","Hi 75","Lo 85","Hi 85","Lo 95","Hi 95"
"2019.000",22.6547119161535,22.2344351230871,23.0749887092198,22.1287832892121,23.1806405430948,21.9386447873315,23.3707790449754
"2019.008",22.478935495252,21.9092957234849,23.048575267019,21.7660960809439,23.19177490956,21.5083838907819,23.449487099722
"2019.016",22.3764802701019,21.719385977602,23.0335745626019,21.55420146545,23.1987590747539,21.2569237512592,23.4960367889447
"2019.024",22.2827606763492,21.5444866668684,23.0210346858301,21.3588946848917,23.2066266678068,21.0248902467311,23.5406311059674
"2019.032",22.2001497242418,21.3898890344443,23.0104104140393,21.1862005862446,23.2140988622389,20.81962846941,23.5806709790736
"2019.040",22.1304701161422,21.2591279437598,23.0018122885246,21.0400844467986,23.2208557854858,20.6458782997654,23.615061932519
"2019.048",22.0749781216432,21.1541870000194,22.9957692432671,20.9227127139764,23.2272435293101,20.5061352409898,23.6438210022967
