"","Point Forecast","Lo 75","Hi 75","Lo 85","Hi 85","Lo 95","Hi 95"
"2019.000",23.5906523628277,22.7799594917054,24.40134523395,22.5761623990355,24.6051423266199,22.2093947579393,24.9719099677162
"2019.008",23.8686689411805,22.7807292103546,24.9566086720065,22.5072360515515,25.2301018308095,22.0150384475717,25.7222994347894
"2019.016",24.1174791093879,22.8505084571672,25.3844497616086,22.5320093749399,25.7029488438358,21.9588159326319,26.2761422861439
"2019.024",24.340151081578,22.9462757724291,25.7340263907268,22.5958745962654,26.0844275668906,21.9652678926303,26.7150342705256
"2019.032",24.5394307475027,23.0517003968395,26.0271610981658,22.6777053477377,26.4011561472677,22.004637444051,27.0742240509544
"2019.040",24.7177755336043,23.1589439703045,26.276607096904,22.767075049436,26.6684760177726,22.0618400637794,27.3737110034292
"2019.048",24.8773847068836,23.2638640806719,26.4909053330954,22.8582470778609,26.8965223359063,22.1282700729853,27.6264993407819
