"","Point Forecast","Lo 75","Hi 75","Lo 85","Hi 85","Lo 95","Hi 95"
"2019.000",23.6722731220654,22.8646119862015,24.4799342579294,22.6615770302833,24.6829692138476,22.296180984311,25.0483652598199
"2019.008",23.9344685095555,22.8494439238468,25.0194930952642,22.5766835926295,25.2922534264814,22.085804836929,25.783132182182
"2019.016",24.1696806478565,22.9048685886334,25.4344927070796,22.5869121471433,25.7524491485697,22.0146952794296,26.3246660162833
"2019.024",24.3806864574313,22.9879410397378,25.7734318751248,22.6378239028222,26.1235490120404,22.0077283762784,26.7536445385842
"2019.031",24.5699770782128,23.0822431522647,26.0577110041609,22.7082472043852,26.4317069520404,22.0351776831946,27.1047764732309
"2019.039",24.7397872800647,23.1798045586869,26.2997700014425,22.7876462524322,26.6919283076972,22.081890468397,27.3976840917324
"2019.047",24.8921218465316,23.2763401421069,26.5079035509563,22.8701547351783,26.9140889578848,22.1391547901092,27.645088902954
