"","Point Forecast","Lo 75","Hi 75","Lo 85","Hi 85","Lo 95","Hi 95"
"2019.000",36.82,36.3024045458422,37.3375954541578,36.1722881324704,37.4677118675296,35.9381214455217,37.7018785544783
"2019.008",36.82,36.0880094889074,37.5519905110926,35.9039970924296,37.7360029075704,35.5728353878909,38.0671646121091
"2019.016",36.82,35.923498375632,37.716501624368,35.6981301367734,37.9418698632266,35.2925415375383,38.3474584624617
"2019.024",36.82,35.7848090916844,37.8551909083156,35.5245762649408,38.1154237350592,35.0562428910435,38.5837571089565
"2019.031",36.82,35.6626213796583,37.9773786203417,35.3716722343705,38.2683277656295,34.8480596042874,38.7919403957126
"2019.039",36.82,35.5521552441292,38.0878447558708,35.2334364242073,38.4065635757927,34.659847526425,38.980152473575
"2019.047",36.82,35.4505711485609,38.1894288514391,35.1063154772915,38.5336845227085,34.4867686582894,39.1532313417106
