"","Point Forecast","Lo 75","Hi 75","Lo 85","Hi 85","Lo 95","Hi 95"
"2019.000",36.43436111781,35.9349911992807,36.9337310363394,35.8094564361315,37.0592657994886,35.5835352105015,37.2851870251186
"2019.008",36.2986553500328,35.6450069922353,36.9523037078304,35.4806887409064,37.1166219591593,35.1849700108725,37.4123406891932
"2019.016",36.2199679375208,35.4719549063977,36.9679809686438,35.2839146676683,37.1560212073732,34.9455041737479,37.4944317012937
"2019.024",36.2025871215693,35.3949605980658,37.0102136450728,35.1919343432213,37.2132398999173,34.8265539563158,37.5786202868228
"2019.032",36.2434486396882,35.396988488528,37.0899087908483,35.1841999911671,37.3026972882092,34.8012507831727,37.6856464962037
"2019.040",36.3320422538099,35.4583737100434,37.2057107975765,35.2387453951548,37.425339112465,34.843486768477,37.8205977391428
"2019.048",36.4525071946171,35.5569366355971,37.348077753637,35.3318024538245,37.5732119354096,34.9266350802515,37.9783793089827
