"","Point Forecast","Lo 75","Hi 75","Lo 85","Hi 85","Lo 95","Hi 95"
"2019.000",144.539993,142.045371883983,147.034614116017,141.418258276763,147.661727723237,140.28966033944,148.79032566056
"2019.008",144.539993,141.012065984746,148.067920015254,140.125193416267,148.954792583733,138.529114906839,150.550871093161
"2019.016",144.539993,140.219182481424,148.860803518576,139.132989851601,149.946996148399,137.178200882841,151.901785117159
"2019.024",144.539993,139.550750767966,149.529235232034,138.296523553525,150.783462446475,136.03932767888,153.04065832112
"2019.032",144.539993,138.961850606479,150.118135393521,137.55958195112,151.52040404888,135.035960244001,154.044025755999
"2019.040",144.539993,138.429444164185,150.650541835815,136.89333581574,152.18665018426,134.128846744542,154.951139255458
"2019.048",144.539993,137.939845911688,151.140140088312,136.280659263199,152.799326736801,133.294669790863,155.785316209137
