"","Point Forecast","Lo 75","Hi 75","Lo 85","Hi 85","Lo 95","Hi 95"
"2019.000",145.759995,143.280822879826,148.239167120174,142.657592938726,148.862397061274,141.535984321237,149.984005678763
"2019.008",145.759995,142.253916164193,149.266073835807,141.372535929013,150.147454070987,139.786341810485,151.733648189515
"2019.016",145.759995,141.465942927151,150.054047072849,140.386477004368,151.133512995632,138.443793892669,153.076196107331
"2019.024",145.759995,140.801650759652,150.718339240348,139.555190877453,151.964799122547,137.311973642474,154.208016357526
"2019.031",145.759995,140.216397611369,151.303592388631,138.822813097457,152.697176902543,136.314819984601,155.205170015399
"2019.039",145.759995,139.68728832104,151.83270167896,138.160692972921,153.359297027079,135.413324168964,156.106665831036
"2019.047",145.759995,139.200722112695,152.319267887305,137.551810678936,153.968179321064,134.584313208712,156.935676791288
