"","Point Forecast","Lo 75","Hi 75","Lo 85","Hi 85","Lo 95","Hi 95"
"2019.000",21.02,20.7026356941267,21.3373643058733,20.6228546510732,21.4171453489268,20.4792750514745,21.5607249485255
"2019.008",21.02,20.5711790944209,21.4688209055791,20.4583516613143,21.5816483386857,20.2552994442817,21.7847005557183
"2019.016",21.02,20.4703088977186,21.5696911022814,20.3321240776691,21.7078759223309,20.0834369162337,21.9565630837663
"2019.024",21.02,20.3852713882534,21.6547286117466,20.2257093021464,21.8142906978536,19.9385501029489,22.1014498970511
"2019.031",21.02,20.3103518384353,21.7296481615647,20.1319560028518,21.9080439971482,19.8109022579668,22.2290977420332
"2019.039",21.02,20.2426193880379,21.7973806119621,20.0471965414098,21.9928034585902,19.6954997849197,22.3445002150803
"2019.047",21.02,20.1803329716506,21.8596670283494,19.9692521723937,22.0707478276063,19.5893762585132,22.4506237414868
