"","Point Forecast","Lo 75","Hi 75","Lo 85","Hi 85","Lo 95","Hi 95"
"2019.000",20.84,20.5219074613492,21.1580925386508,20.441943350542,21.238056649458,20.2980342892846,21.3819657107154
"2019.008",20.84,20.3901492177503,21.2898507822497,20.2770628877437,21.4029371122563,20.073544741565,21.606455258435
"2019.016",20.84,20.2890475615482,21.3909524384518,20.1505456588481,21.5294543411519,19.9012878530807,21.7787121469193
"2019.024",20.84,20.2038149226983,21.4761850773017,20.043886701084,21.636113298916,19.7560685785691,21.9239314214309
"2019.032",20.84,20.1287234604413,21.5512765395587,19.9499182729161,21.7300817270839,19.6281278293663,22.0518721706337
"2019.040",20.84,20.0608355893189,21.6191644106811,19.8649643201059,21.8150356798941,19.5124605506623,22.1675394493377
"2019.048",20.84,19.9984062488247,21.6815937511753,19.7868410978185,21.8931589021815,19.4060935103226,22.2739064896774
