"","Point Forecast","Lo 75","Hi 75","Lo 85","Hi 85","Lo 95","Hi 95"
"2019.000",92.769997,91.3531515930727,94.1868424069273,90.9969760486958,94.5430179513042,90.3559773842109,95.1840166157891
"2019.008",92.769997,90.7662750097374,94.7737189902626,90.262566724294,95.277427275706,89.3560577195164,96.1839362804836
"2019.016",92.769997,90.3159487687313,95.2240452312687,89.699034629457,95.840959370543,88.5887923749854,96.9512016250146
"2019.024",92.769997,89.9363061861454,95.6036878138546,89.2239550973916,96.3160389026084,87.9419577684218,97.5980362315782
"2019.031",92.769997,89.6018343565022,95.9381596434978,88.8054016273525,96.7345923726475,87.3720850400777,98.1679089599223
"2019.039",92.769997,89.2994487086221,96.2405452913779,88.4270003660407,97.1129936339593,86.8568807122472,98.6831132877528
"2019.047",92.769997,89.0213764070462,96.5186175929538,88.079024493542,97.4609695064581,86.3831014365904,99.1568925634096
