"","Point Forecast","Lo 75","Hi 75","Lo 85","Hi 85","Lo 95","Hi 95"
"2019.000",93.059998,91.635439962759,94.484556037241,91.2773255686762,94.8426704313238,90.6328376133297,95.4871583866703
"2019.008",93.059998,91.0453687033462,95.0746272966538,90.5389184703533,95.5810775296467,89.6274748631161,96.4925211368839
"2019.016",93.059998,90.592591101168,95.5274048988319,89.9723187756949,96.1476772243051,88.8560328921685,97.2639631078315
"2019.024",93.059998,90.2108819255181,95.9091140744819,89.4946531373524,96.6253428626475,88.2056772266594,97.9143187733406
"2019.032",93.059998,89.8745893908355,96.2454066091645,89.0738212619452,97.0461747380548,87.6327023831105,98.4872936168894
"2019.040",93.059998,89.5705576997789,96.5494383002211,88.6933601647301,97.4266358352699,87.1146935287614,99.0053024712385
"2019.048",93.059998,89.2909717052821,96.8290242947179,88.3434900776264,97.7765059223736,86.638335224803,99.481660775197
