"","Point Forecast","Lo 75","Hi 75","Lo 85","Hi 85","Lo 95","Hi 95"
"2019.000",92.0709630159994,90.6556974927334,93.4862285392654,90.2999191094867,93.8420069225121,89.6596352042211,94.4822908277777
"2019.008",91.9119230319988,89.9104353346369,93.9134107293606,89.4072887198503,94.4165573441473,88.5017905372544,95.3220555267431
"2019.016",91.7528830479981,89.3015712555008,94.2041948404954,88.6853450194829,94.8204210765134,87.5763407642942,95.929425331702
"2019.024",91.5938430639975,88.7633120174655,94.4243741105295,88.0517552509721,95.1359308770229,86.7711874404409,96.4164986875541
"2019.032",91.4348030799969,88.2701731637623,94.5994329962315,87.4746285138977,95.3949776460961,86.0429101768248,96.826695983169
"2019.040",91.2757630959963,87.8090847134415,94.742441478551,86.9376092129747,95.6139169790178,85.3692403545575,97.182285837435
"2019.048",91.1167231119957,87.3722824983101,94.8611637256812,86.4309813743867,95.8024648496046,84.7369493925767,97.4964968314146
