"","Point Forecast","Lo 75","Hi 75","Lo 85","Hi 85","Lo 95","Hi 95"
"2019.000",300.850006,296.97591512876,304.72409687124,296.002021704479,305.697990295521,294.24933431712,307.45067768288
"2019.008",300.850006,295.371214148026,306.328797851974,293.993920859102,307.706091140898,291.5152465853,310.1847654147
"2019.016",300.850006,294.139883777873,307.560128222127,292.453050885861,309.246961114139,289.417307281171,312.282704718829
"2019.024",300.850006,293.10182425752,308.59818774248,291.154037408957,310.545974591043,287.648662634241,314.051349365759
"2019.031",300.850006,292.187275460896,309.512736539104,290.009583561363,311.690428438637,286.090455419923,315.609556580077
"2019.039",300.850006,291.360460148287,310.339551851713,288.974918194947,312.725093805053,284.681728417307,317.018283582693
"2019.047",300.850006,290.600124998233,311.099887001767,288.023445194104,313.676566805896,283.386270241114,318.313741758886
