"","Point Forecast","Lo 75","Hi 75","Lo 85","Hi 85","Lo 95","Hi 95"
"2019.000",298.799988,294.916155039163,302.683820960837,293.939812586888,303.660163413112,292.182717755788,305.417258244212
"2019.008",298.799988,293.307418752793,304.292557247207,291.926662015264,305.673313984736,289.441754674748,308.158221325252
"2019.016",298.799988,292.07299198372,305.52698401628,290.381917250792,307.218058749208,287.338539729611,310.261436270389
"2019.024",298.799988,291.032322078326,306.567653921674,289.079637173775,308.520338826225,285.565447511576,312.034528488424
"2019.032",298.799988,290.115473486315,307.484502513685,287.932305393707,309.667670606293,284.003321908456,313.596654091544
"2019.040",298.799988,289.286578999747,308.313397000253,286.895038177454,310.704937822546,282.591052411579,315.008923588421
"2019.048",298.799988,288.52433185191,309.07564414809,285.941172528754,311.658803471246,281.292336575708,316.307639424292
