"","Point Forecast","Lo 75","Hi 75","Lo 85","Hi 85","Lo 95","Hi 95"
"2019.000",297.630005,293.732416425131,301.527593574869,292.752615999746,302.507394000254,290.989297956022,304.270712043978
"2019.008",297.630005,292.117982376869,303.142027623131,290.732335326872,304.527674673128,288.238627034659,307.021382965341
"2019.016",297.630005,290.879183561326,304.380826438674,289.182119443283,306.077890556717,286.127963001649,309.132046998351
"2019.024",297.630005,289.834827850261,305.425182149739,287.875226999492,307.384783000508,284.348590912043,310.911419087957
"2019.032",297.630005,288.914731998265,306.345278001735,286.723831642723,308.536178357277,282.780932631003,312.479077368997
"2019.040",297.630005,288.082901764268,307.177108235732,285.682890672315,309.577119327685,281.363661210947,313.896348789053
"2019.048",297.630005,287.317954918049,307.942055081951,284.725646658006,310.534363341994,280.060345631999,315.199664368001
