"","Point Forecast","Lo 75","Hi 75","Lo 85","Hi 85","Lo 95","Hi 95"
"2019.000",140.314418143921,137.687905172753,142.94093111509,137.027635758217,143.601200529626,135.839368288428,144.789467999414
"2019.008",140.219440686733,136.57378751045,143.865093863015,135.657320196287,144.781561177178,134.007980892403,146.430900481062
"2019.016",140.182038300902,135.951190724624,144.41288587718,134.887613547264,145.476463054541,132.973524943966,147.390551657838
"2019.024",140.270237469079,135.306014099384,145.234460838774,134.058076284528,146.48239865363,131.812199257562,148.728275680595
"2019.032",140.257189863293,134.643933484844,145.870446241741,133.232837654243,147.281542072342,130.693329939143,149.821049787443
"2019.040",140.238749900199,134.09713061743,146.380369182967,132.55321158385,147.924288216547,129.774665852057,150.702833948341
"2019.048",140.255497193903,133.599509692945,146.911484694861,131.926285528947,148.584708858859,128.915033152306,151.5959612355
