"","Point Forecast","Lo 75","Hi 75","Lo 85","Hi 85","Lo 95","Hi 95"
"2019.000",140.890607621432,137.678658547508,144.102556695356,136.871218509009,144.909996733854,135.418092390441,146.363122852422
"2019.013",141.356600841554,136.83677435322,145.876427329889,135.700551832329,147.012649850779,133.655725538253,149.057476144855
"2019.025",140.387642244713,135.244648788346,145.53063570108,133.951770620345,146.82351386908,131.625015759957,149.150268729468
"2019.038",140.387642244713,134.264136891566,146.511147597859,132.724771451986,148.050513037439,129.954420689551,150.820863799874
"2019.051",140.387642244713,133.42027158371,147.355012905715,131.668769954863,149.106514534562,128.516643924149,152.258640565277
"2019.063",140.387642244713,132.668109224797,148.107175264629,130.727524273001,150.047760216425,127.235110540338,153.540173949087
"2019.076",140.387642244713,131.982993164391,148.792291325035,129.870179411497,150.905105077928,126.067810564754,154.707473924671
