"","Point Forecast","Lo 75","Hi 75","Lo 85","Hi 85","Lo 95","Hi 95"
"2019.000",141.00469030672,137.795153618429,144.214226995011,136.988320020662,145.021060592777,135.536285295666,146.473095317773
"2019.013",141.446694849117,136.930401999686,145.962987698549,135.795067787254,147.098321910981,133.751840155817,149.141549542417
"2019.025",140.513057086936,135.372194175561,145.653919998311,134.079851597413,146.946262576459,131.75406062235,149.272053551522
"2019.038",140.513057086936,134.39384089292,146.632273280951,132.855553689245,148.170560484627,130.087143396293,150.938970777579
"2019.051",140.513057086936,133.55165333592,147.474460837951,131.801651706581,149.224462467291,128.652225180917,152.373888992954
"2019.063",140.513057086936,132.800892829076,148.225221344795,130.862160283213,150.163953890659,127.373080271092,153.65303390278
"2019.076",140.513057086936,132.116997719843,148.909116454029,130.006343303296,151.019770870576,126.207860550746,154.818253623126
