"","Point Forecast","Lo 75","Hi 75","Lo 85","Hi 85","Lo 95","Hi 95"
"2019.000",73.2617779371465,72.1388766102036,74.3846792640895,71.8565945846205,74.6669612896725,71.3485799152716,75.1749759590215
"2019.013",72.9401035979236,71.4212860648459,74.4589211310013,71.0394761235438,74.8407310723034,70.3523439879283,75.527863207919
"2019.025",73.149464278913,71.4588255869377,74.8401029708883,71.0338221578305,75.2651063999955,70.2689559710298,76.0299725867963
"2019.038",73.0725129082655,71.1250823389627,75.0199434775682,70.6355249463451,75.5095008701859,69.7544828877006,76.3905429288303
"2019.051",73.0171119640308,70.9490891792954,75.0851347487662,70.4292165541412,75.6050073739203,69.493617062017,76.5406068660445
"2019.063",72.9772261946641,70.8493851076367,75.1050672816916,70.3144749799587,75.6399774093696,69.351812936272,76.6026394530562
"2019.076",72.9485105361145,70.7903164675481,75.106704604681,70.2477760157216,75.6492450565075,69.2713819018073,76.6256391704218
