"","Point Forecast","Lo 75","Hi 75","Lo 85","Hi 85","Lo 95","Hi 95"
"2019.000",72.371482509477,71.250531624376,73.492433394578,70.9687399131783,73.7742251057757,70.4616076482256,74.2813573707284
"2019.013",72.2808175400503,70.7607996616489,73.8008354184516,70.3786879699603,74.1829471101402,69.6910127830382,74.8706222970623
"2019.025",72.3039253833002,70.6046923274278,74.0031584391726,70.1775283928592,74.4303223737412,69.4087740078449,75.1990767587555
"2019.038",72.4499286422734,70.491361484077,74.4084958004698,69.9990045054267,74.9008527791201,69.1129241140376,75.7869331705092
"2019.051",72.5541403946091,70.4758590930953,74.6324216961229,69.9534076172209,75.1548731719973,69.0131670432098,76.0951137460083
"2019.063",72.6285229077205,70.4918297166385,74.7652160988025,69.9546942911509,75.30235152429,68.988027444365,76.2690183710759
"2019.076",72.6816144077937,70.5157684569414,74.847460358646,69.9713044266318,75.3919243889556,68.9914485050269,76.3717803105605
