"","Point Forecast","Lo 75","Hi 75","Lo 85","Hi 85","Lo 95","Hi 95"
"2019.000",73.6531503720208,72.6251289382385,74.6811718058031,72.3666984192713,74.9396023247703,71.9016086057359,75.4046921383057
"2019.008",73.4346669769103,72.08748030558,74.7818536482406,71.7488160139838,75.1205179398367,71.1393318367317,75.7300021170889
"2019.016",73.3748625378985,71.822318376753,74.927406699044,71.4320300227368,75.3176950530603,70.7296395368147,76.0200855389823
"2019.024",73.2457449613701,71.439797600951,75.0516923217892,70.9858071507097,75.5056827720305,70.1687738734736,76.3227160492666
"2019.032",73.1061361673789,71.1670402225592,75.0452321121986,70.679578040469,75.5326942942888,69.8023066706637,76.4099656640941
"2019.040",73.0342668363575,71.0183093105056,75.0502243622094,70.5115251788704,75.5570084938446,69.5994806640551,76.4690530086599
"2019.048",72.9563003700208,70.8845551453194,75.0280455947223,70.363746749703,75.5488539903387,69.4264631789664,76.4861375610753
