"","Point Forecast","Lo 75","Hi 75","Lo 85","Hi 85","Lo 95","Hi 95"
"2019.000",1.38414963661946,0.768742235486514,1.99955703775241,0.614037237297999,2.15426203594093,0.335619196549405,2.43268007668952
"2019.006",1.37165786976749,0.504345308273661,2.23897043126131,0.286314800340606,2.45700093919437,-0.10606830009531,2.84938403963028
"2019.011",1.39005492803019,0.28013385695471,2.49997599910567,0.00111489004918974,2.77899496601119,-0.501027348450892,3.28113720451127
"2019.017",1.40873178004118,0.150155283231158,2.6673082768512,-0.166233623208135,2.98369718329049,-0.735629444137456,3.55309300421981
"2019.022",1.40311378570534,0.0555743126351869,2.7506532587755,-0.283178668489968,3.08940623990066,-0.892822457682121,3.69905002909281
"2019.028",1.38565648609709,-0.0539232789057318,2.82523625109991,-0.415813929760726,3.1871269019549,-1.06709790349184,3.83841087568602
"2019.033",1.38175126874889,-0.180528541751775,2.94403107924955,-0.573264304773975,3.33676684227175,-1.28005932079087,4.04356185828864
