"","Point Forecast","Lo 75","Hi 75","Lo 85","Hi 85","Lo 95","Hi 95"
"2019.000",1.58526276793073,0.978255232980365,2.19227030288109,0.825661846189712,2.34486368967174,0.551044010444829,2.61948152541663
"2019.005",1.59754037880896,0.742128914247546,2.45295184337038,0.527090179205067,2.66799057841286,0.140091284556376,3.05498947306155
"2019.011",1.64164361850423,0.546971701647567,2.73631553536088,0.271786163412967,3.01150107359548,-0.223457166115819,3.50674440312427
"2019.016",1.65304486264589,0.411891441826278,2.8941982834655,0.0998824582390208,3.20620726705276,-0.461630944194628,3.76772066948641
"2019.022",1.62362831802193,0.294885423054359,2.9523712129895,-0.0391423555854871,3.28639899162935,-0.640282336668628,3.88753897271249
"2019.027",1.60053317778415,0.181130995277618,3.01993536029068,-0.175687287487895,3.37675364305619,-0.817842669370234,4.01890902493853
"2019.032",1.61273941849216,0.0723777460940103,3.15310109089031,-0.314848096980522,3.54032693396484,-1.01172707192264,4.23720590890695
