"","Point Forecast","Lo 75","Hi 75","Lo 85","Hi 85","Lo 95","Hi 95"
"2019.000",1.75834154836884,1.14972142393886,2.36696167279881,0.996722654222913,2.51996044251477,0.721375262735575,2.7953078340021
"2019.005",1.72818417834832,0.870407703793883,2.58596065290276,0.654774437606649,2.80159391909,0.266705582721216,3.18966277397543
"2019.011",1.72230233819342,0.624442331304783,2.82016234508206,0.348455350868294,3.09614932551855,-0.1482303106487,3.59283498703554
"2019.016",1.7433392872258,0.498379974390054,2.98829860006154,0.185414241637323,3.30126433281427,-0.377820994164727,3.86449956861632
"2019.022",1.75804887834333,0.425106022578398,3.09099173410826,0.0900224312746958,3.42607532541196,-0.513017664844873,4.02911542153153
"2019.027",1.74844525635253,0.324492882616932,3.17239763008812,-0.0334692559497198,3.53035976865477,-0.677683201516367,4.17457371422142
"2019.033",1.73222092757833,0.186899805312204,3.27754204984445,-0.201572775584181,3.66601463074084,-0.900695467961105,4.36513732311776
