"","Point Forecast","Lo 75","Hi 75","Lo 85","Hi 85","Lo 95","Hi 95"
"2019.000",1.63196876498639,1.02170417491608,2.24223335505669,0.86829200904428,2.39564552092849,0.592200640638861,2.67173688933391
"2019.005",1.6029194668286,0.742915068990303,2.4629238646669,0.526721733380831,2.67911720027637,0.137644938008353,3.06819399564885
"2019.011",1.59497008619828,0.494451755171527,2.69548841722503,0.2177965084285,2.97214366396806,-0.28009181232991,3.47003198472647
"2019.016",1.61414913370615,0.366275465943312,2.86202280146898,0.0525771042477261,3.17572116316457,-0.511976622341652,3.74027488975395
"2019.022",1.62961715962591,0.293581440587652,2.96565287866416,-0.0422796542140849,3.30151397346589,-0.646719000539739,3.90595331979155
"2019.027",1.62184554484071,0.19459425978205,3.04909682989937,-0.164197179942372,3.4078882696238,-0.809903594441764,4.05359468412319
"2019.033",1.60588816380827,0.0569884053989018,3.15478792221764,-0.332383795646736,3.54416012326328,-1.03312550797974,4.24490183559628
