"","Point Forecast","Lo 75","Hi 75","Lo 85","Hi 85","Lo 95","Hi 95"
"2019.000",1.71329999646121,1.10620521600974,2.32039477691269,0.953589896894146,2.47301009602828,0.678932590188336,2.74766740273409
"2019.005",1.74250419865484,0.887065730333989,2.5979426669757,0.672020206915961,2.81298819039373,0.285009095427203,3.19999930188249
"2019.011",1.76575706416521,0.671107344131734,2.86040678419869,0.395927385874697,3.13558674245573,-0.0993059015323832,3.63082002986281
"2019.016",1.75378697373409,0.512616576140507,2.99495737132767,0.200603324824618,3.30697062264356,-0.360917758114884,3.86849170558306
"2019.022",1.72966634635451,0.400854124647881,3.05847856806114,0.0668089182146401,3.39252377449438,-0.534362427156328,3.99369511986534
"2019.027",1.72758989054767,0.308089889553215,3.14708989154212,-0.0487529834414206,3.50393276453676,-0.690952619636767,4.1461324007321
"2019.032",1.74567418867632,0.205209615687618,3.28613876166502,-0.182042095187083,3.67339047253972,-0.878967623649289,4.37031600100192
