"","Point Forecast","Lo 75","Hi 75","Lo 85","Hi 85","Lo 95","Hi 95"
"2019.000",1.74863298337714,1.14147849797456,2.35578746877971,0.988848169851385,2.50841779690289,0.714163851875517,2.78310211487876
"2019.005",1.78250702406691,0.92701095547256,2.63800309266127,0.71195095213409,2.85306309599974,0.324913781557864,3.24010026657596
"2019.011",1.80001633220647,0.705308561864364,2.89472410254859,0.430114010554211,3.16991865385874,-0.0651455395418863,3.66517820395484
"2019.016",1.78160155400015,0.540353484217558,3.02284962378273,0.228320707176373,3.33488240082392,-0.333235515637373,3.89643862363766
"2019.022",1.75893849252215,0.43002875366971,3.08784823137459,0.095959032760631,3.42191795228367,-0.505256430592386,4.02313341563668
"2019.027",1.7626583856886,0.343047500951577,3.18226927042563,-0.0138232466983872,3.53914001807559,-0.656073048092105,4.18138981946931
"2019.032",1.78236528295677,0.241781279795053,3.32294928611849,-0.145500454190626,3.71023102010417,-0.842480014363723,4.40721058027727
