"","Point Forecast","Lo 75","Hi 75","Lo 85","Hi 85","Lo 95","Hi 95"
"2019.000",123.959999,121.168561685469,126.751436314531,120.466832548164,127.453165451836,119.203951233195,128.716046766805
"2019.013",123.959999,120.012310491276,127.907687508724,119.019915628187,128.900082371813,117.233931744891,130.686066255109
"2019.025",123.959999,119.125087745088,128.794910254912,117.909657226125,130.010340773875,115.72228262467,132.19771537533
"2019.038",123.959999,118.377124370938,129.542873629062,116.973666096328,130.946331903672,114.447903466391,133.472094533609
"2019.051",123.959999,117.718155409779,130.201842590221,116.149041356973,131.770956643027,113.325152889189,134.594845110811
"2019.063",123.959999,117.122401930434,130.797596069566,115.403523606394,132.516474393606,112.310108779025,135.609889220975
"2019.076",123.959999,116.574550065325,131.345447934675,114.717949280289,133.202048719711,111.376679385491,136.543318614509
