"","Point Forecast","Lo 75","Hi 75","Lo 85","Hi 85","Lo 95","Hi 95"
"2019.000",122.949997,120.068696556475,125.831297443525,119.344377058406,126.555616941594,118.040840534767,127.859153465233
"2019.013",122.949997,118.875222835495,127.024771164505,117.850880377835,128.049113622165,116.007401347056,129.892592652944
"2019.025",122.949997,117.959438239943,127.940555760057,116.704880068376,129.195113931624,114.447088579912,131.452905420088
"2019.038",122.949997,117.187396112949,128.712597887051,115.738757116812,130.161236883188,113.131684069535,132.768309930465
"2019.051",122.949997,116.507213344677,129.392780655323,114.887585709567,131.012408290433,111.972789431557,133.927204568443
"2019.063",122.949997,115.892281117708,130.007712882292,114.118067936691,131.781926063309,110.925068592695,134.974925407305
"2019.076",122.949997,115.326792573972,130.573201426028,113.410423312327,132.489570687672,109.96158984589,135.93840415411
