"","Point Forecast","Lo 75","Hi 75","Lo 85","Hi 85","Lo 95","Hi 95"
"2019.000",123.559998,120.733361854621,126.386634145379,120.022784212972,127.097211787028,118.743978504661,128.376017495339
"2019.013",123.559998,119.562530827311,127.557465172689,118.557622289371,128.562373710629,116.749117913038,130.370878086962
"2019.025",123.559998,118.664120581693,128.455875418307,117.433364003634,129.686631996366,115.21840754383,131.90158845617
"2019.038",123.559998,117.906725709242,129.213270290758,116.485570425943,130.634425574057,113.927959009321,133.192036990679
"2019.051",123.559998,117.239447431274,129.880548568726,115.650547521255,131.469448478745,112.791051027457,134.328944972543
"2019.063",123.559998,116.636181755313,130.483814244687,114.895629110643,132.224366889357,111.763207645122,135.356788354878
"2019.076",123.559998,116.08142171246,131.03857428754,114.201409985454,132.918586014546,110.818008106093,136.301987893907
