"","Point Forecast","Lo 75","Hi 75","Lo 85","Hi 85","Lo 95","Hi 95"
"2019.000",23.2063233854372,22.5806866326245,23.8319601382499,22.4234101154225,23.9892366554519,22.1403641874441,24.2722825834303
"2019.008",23.117389599331,22.2227821493733,24.0119970492886,21.9978900800379,24.2368891186241,21.5931584291058,24.6416207695561
"2019.016",23.0130282443453,21.8737765465063,24.1522799421843,21.5873842614509,24.4386722272396,21.0719724788693,24.9540840098212
"2019.024",22.9328636706225,21.5451891090044,24.3205382322407,21.1963467159065,24.6693806253386,20.5685453083655,25.2971820328795
"2019.032",22.9021431435184,21.2664013611694,24.5378849258673,20.855198263824,24.9490880232128,20.1151681287073,25.6891181583294
"2019.040",22.9247581656938,21.0567820628737,24.7927342685139,20.5871984357171,25.2623178956704,19.7421025760396,26.107413755348
"2019.048",22.9849244743564,20.9145275706504,25.0553213780624,20.3940581244791,25.5757908242337,19.4573845511022,26.5124643976106
