"","Point Forecast","Lo 75","Hi 75","Lo 85","Hi 85","Lo 95","Hi 95"
"2019.000",22.7674116082721,22.1442655636208,23.3905576529235,21.9876151763627,23.5472080401816,21.7056960760518,23.8291271404925
"2019.008",22.671130693004,21.7803594188978,23.5619019671102,21.5564317116695,23.7858296743384,21.1534355948935,24.1888257911144
"2019.016",22.6400817554286,21.5042494987071,23.7759140121502,21.2187168143502,24.0614466965071,20.7048520298947,24.5753114809625
"2019.024",22.6750372866988,21.2889718249333,24.0611027484644,20.9405339375162,24.4095406358814,20.3134605069666,25.036614066431
"2019.031",22.7528389400439,21.1164882077028,24.3891896723849,20.7051320286634,24.8005458514243,19.964826396919,25.5408514831687
"2019.039",22.838575683277,20.968200105178,24.7089512613761,20.4980132827755,25.1791380837786,19.6518318703328,26.0253194962212
"2019.047",22.9000545147022,20.8261060280827,24.9740030013217,20.3047437625739,25.4953652668305,19.366463408462,26.4336456209424
