"","Point Forecast","Lo 75","Hi 75","Lo 85","Hi 85","Lo 95","Hi 95"
"2019.000",51.790001,51.1358134544169,52.4441885455831,50.9713596586581,52.6086423413419,50.6753969932952,52.9046050067048
"2019.008",51.790001,50.8648401007008,52.7151618992992,50.632267312355,52.947734687645,50.2137128970427,53.3662891029573
"2019.016",51.790001,50.6569149333713,52.9230870666287,50.3720726036195,53.2079293963805,49.8594502300674,53.7205517699326
"2019.024",51.790001,50.4816259088338,53.0983760911662,50.1527183173162,53.4272836826838,49.5607929865904,54.0192090134096
"2019.031",51.790001,50.3271931780425,53.2528088219575,49.9594633115679,53.6205386884321,49.2976706730144,54.2823313269856
"2019.039",51.790001,50.1875753172377,53.3924266827623,49.7847474313648,53.7952545686352,49.0597899183115,54.5202120816885
"2019.047",51.790001,50.0591834435914,53.5208185564086,49.624079597853,53.955922402147,48.8410359879429,54.7389660120571
