"","Point Forecast","Lo 75","Hi 75","Lo 85","Hi 85","Lo 95","Hi 95"
"2019.000",51.84,51.1832210641783,52.4967789358217,51.0181158283792,52.6618841716208,50.7209807855121,52.959019214488
"2019.008",51.84,50.91117432148,52.76882567852,50.6776802577941,53.0023197422059,50.2574678503151,53.422532149685
"2019.016",51.84,50.7024255138158,52.9775744861842,50.4164548568162,53.2635451431838,49.9018018658611,53.778198134139
"2019.024",51.84,50.5264421283566,53.1535578716434,50.1962316567585,53.4837683432415,49.6019615710241,54.0780384289759
"2019.032",51.84,50.3713976533127,53.3086023466873,50.0022111226249,53.6777888773751,49.3377969682765,54.3422030317235
"2019.040",51.84,50.2312267334287,53.4487732665713,49.8268031518591,53.8531968481409,49.0989739121345,54.5810260878655
"2019.048",51.84,50.1023262694701,53.5776737305299,49.6654988753911,54.0145011246089,48.879353446162,54.800646553838
