"","Point Forecast","Lo 75","Hi 75","Lo 85","Hi 85","Lo 95","Hi 95"
"2019.000",49.3531082159445,48.1297213777864,50.5764950541026,47.8221786699271,50.8840377619619,47.2687030927232,51.4375133391657
"2019.008",49.6078631859344,47.9928991089417,51.2228272629271,47.5869192423595,51.6288071295093,46.8562892022139,52.3594371696549
"2019.016",49.4329956936902,47.5698848590227,51.2961065283577,47.1015242936938,51.7644670936866,46.2586295424597,52.6073618449207
"2019.024",49.5506346116898,47.3873988631271,51.7138703602525,46.8435910019498,52.2576782214297,45.8649159686575,53.2363532547221
"2019.032",49.4723479517188,47.1078130985819,51.8368828048557,46.5134013974912,52.4312945059464,45.4436561200048,53.5010397834328
"2019.040",49.5241362418111,46.9321251533006,52.1161473303216,46.2805290398733,52.7677434437489,45.1078706553086,53.9404018283136
"2019.048",49.4899911964496,46.7164422100364,52.2635401828627,46.0192099536013,52.9607724392979,44.7644215430365,54.2155608498626
