"","Point Forecast","Lo 75","Hi 75","Lo 85","Hi 85","Lo 95","Hi 95"
"2019.000",50.331188745791,49.1096590807316,51.5527184108505,48.802583240772,51.85979425081,48.249947872013,52.4124296195691
"2019.008",50.0793325401785,48.4649717786942,51.6936933016628,48.0591435773738,52.0995215029832,47.3287864847448,52.8298785956122
"2019.016",50.3081164571674,48.4417445495745,52.1744883647602,47.9725641951431,52.6436687191916,47.1281940935428,53.4880388207919
"2019.024",50.1318236548014,47.9660390629632,52.2976082466396,47.42159045747,52.8420568521329,46.4417622954541,53.8218850141488
"2019.032",50.2594193760402,47.8905615708613,52.6282771812191,47.2950631387912,53.2237756132893,46.2233621034839,54.2954766485966
"2019.040",50.1696133430004,47.5724863307551,52.7667403552457,46.9196041441174,53.4196225418834,45.7446312513745,54.5945954346263
"2019.048",50.2319864108554,47.4528158087276,53.0111570129832,46.7541703550392,53.7098024666716,45.4968386548906,54.9671341668202
