"","Point Forecast","Lo 75","Hi 75","Lo 85","Hi 85","Lo 95","Hi 95"
"2019.000",205.125391777778,202.151553106049,208.099230449506,201.403970763887,208.846812791668,200.058568783084,210.192214772471
"2019.008",205.490788555555,201.285145573687,209.696431537424,200.227904486411,210.753672624699,198.325218758316,212.656358352795
"2019.016",205.856185333333,200.705345660386,211.00702500628,199.410495060921,212.301875605746,197.080190473566,214.6321801931
"2019.024",206.221582111111,200.273904767654,212.169259454568,198.77874008333,213.664424138892,196.087936121724,216.355228100498
"2019.031",206.586978888889,199.937273464786,213.236684312991,198.265628528934,214.908329248844,195.257218242795,217.916739534982
"2019.039",206.952375666666,199.667988343575,214.236762989757,197.836793064564,216.067958268769,194.541244712667,219.363506620666
"2019.047",207.317772444444,199.449734879824,215.185810009064,197.47181791792,217.163726970968,193.912218863302,220.723326025586
