"","Point Forecast","Lo 75","Hi 75","Lo 85","Hi 85","Lo 95","Hi 95"
"2019.000",205.813762007999,202.829925463609,208.79759855239,202.07982979309,209.547694222909,200.729904649073,210.897619366926
"2019.008",206.187522015999,201.967739907017,210.407304124981,200.906944436692,211.468099595306,198.997861989835,213.377182042163
"2019.016",206.561282023998,201.393125527633,211.729438520364,200.093921715757,213.02864233224,197.755782779905,215.366781268092
"2019.024",206.935042031998,200.967368943216,212.90271512078,199.467177602179,214.402906461817,196.767327314145,217.10275674985
"2019.032",207.308802039997,200.636740692991,213.980863387004,198.959475784084,215.658128295911,195.940951397526,218.676652682469
"2019.040",207.682562047997,200.37368503837,214.991439057624,198.536333387329,216.828790708665,195.229705593534,220.135418502459
"2019.048",208.056322055996,200.161832606672,215.950811505321,198.177266002973,217.935378109019,194.605699783352,221.506944328641
