"","Point Forecast","Lo 75","Hi 75","Lo 85","Hi 85","Lo 95","Hi 95"
"2019.000",1.23,1.0498954695462,1.4101045304538,1.00461965549797,1.45538034450203,0.923138102941762,1.53686189705824
"2019.005",1.23,0.975293730387394,1.48470626961261,0.911264060112907,1.54873593988709,0.796031743404703,1.6639682565953
"2019.011",1.23,0.918049802580678,1.54195019741932,0.839629792295106,1.62037020770489,0.698499603388161,1.76150039661184
"2019.016",1.23,0.869790939092395,1.59020906090761,0.779239310995938,1.68076068900406,0.616276205883524,1.84372379411648
"2019.022",1.23,0.827274026849616,1.63272597315038,0.726034228901138,1.73396577109886,0.543835938473237,1.91616406152676
"2019.027",1.23,0.78883580002463,1.67116419997537,0.677933157917336,1.78206684208266,0.478344930704858,1.98165506929514
"2019.032",1.23,0.753488202423179,1.70651179757682,0.633699658045563,1.82630034195444,0.418119733542399,2.0418802664576
