"","Point Forecast","Lo 75","Hi 75","Lo 85","Hi 85","Lo 95","Hi 95"
"2019.000",0.9311,0.748993511662802,1.1132064883372,0.703214432801453,1.15898556719855,0.620827169344581,1.24137283065542
"2019.006",0.9311,0.673562534397397,1.1886374656026,0.60882114019873,1.25337885980127,0.492307954851216,1.36989204514878
"2019.011",0.9311,0.615682309812024,1.24651769018798,0.536390619300465,1.32580938069953,0.3936916930966,1.4685083069034
"2019.017",0.9311,0.566887023325604,1.2953129766744,0.475328865602906,1.38687113439709,0.310554338689162,1.55164566131084
"2019.022",0.9311,0.523897512934253,1.33830248706575,0.421532380652953,1.44066761934705,0.237308859083202,1.6248911409168
"2019.028",0.9311,0.485032024723769,1.37716797527623,0.372896640618833,1.48930335938117,0.171089883845249,1.69111011615475
"2019.033",0.9311,0.44929151972849,1.41290848027151,0.328171461811747,1.53402853818825,0.110195251505703,1.7520047484943
