"","Point Forecast","Lo 75","Hi 75","Lo 85","Hi 85","Lo 95","Hi 95"
"2019.000",1.2,1.01997335306932,1.38002664693068,0.974717117872891,1.42528288212711,0.893270800801135,1.50672919919886
"2019.005",1.2,0.945403874322078,1.45459612567792,0.881401892725343,1.51859810727466,0.766219406517127,1.63378059348287
"2019.011",1.2,0.888184700799797,1.5118152992002,0.809798602080296,1.5902013979197,0.668729442822651,1.73127055717735
"2019.016",1.2,0.839946706138638,1.56005329386136,0.749434235745781,1.65056576425422,0.58654160160227,1.81345839839773
"2019.022",1.2,0.797448179701643,1.60255182029836,0.696252161396711,1.70374783860329,0.514132659907264,1.88586734009274
"2019.027",1.2,0.759026574915648,1.64097342508435,0.648171891005014,1.75182810899499,0.448669972750282,1.95133002724972
"2019.032",1.2,0.723694262856588,1.67630573714341,0.603957519251791,1.79604248074821,0.388470819077812,2.01152918092219
