"","Point Forecast","Lo 75","Hi 75","Lo 85","Hi 85","Lo 95","Hi 95"
"2019.000",1.06,0.879244155080316,1.24075584491968,0.833804609489245,1.28619539051075,0.752028394085032,1.36797160591497
"2019.005",1.06,0.804372632636375,1.31562736736362,0.740111410993412,1.37988858900659,0.62446237808923,1.49553762191077
"2019.011",1.06,0.746921692834067,1.37307830716593,0.66821809119749,1.45178190880251,0.526577531266696,1.5934224687333
"2019.016",1.06,0.698488310160633,1.42151168983937,0.607609218978491,1.51239078102151,0.444056788170064,1.67594321182994
"2019.022",1.06,0.655817643429177,1.46418235657082,0.554211730620842,1.56578826937916,0.371354554034356,1.74864544596564
"2019.027",1.06,0.617240411921128,1.50275958807887,0.505936711079071,1.61406328892093,0.305626710242823,1.81437328975718
"2019.033",1.06,0.581764986321159,1.53823501367884,0.461543248999404,1.6584567510006,0.245183719879806,1.87481628012019
