"","Point Forecast","Lo 75","Hi 75","Lo 85","Hi 85","Lo 95","Hi 95"
"2019.000",1.12,0.940005315032818,1.29999468496718,0.894757114636582,1.34524288536342,0.81332525755871,1.42667474244129
"2019.005",1.12,0.865449075364338,1.37455092463566,0.801458456691007,1.43854154330899,0.686296420002252,1.55370357999775
"2019.011",1.12,0.808240060544487,1.43175993945551,0.729867878507149,1.51013212149285,0.588823764693586,1.65117623530641
"2019.016",1.12,0.760010630065636,1.47998936993436,0.669514229273165,1.57048577072684,0.50665051511742,1.73334948488258
"2019.022",1.12,0.717519648824721,1.52248035117528,0.616341596879206,1.62365840312079,0.434254428919035,1.80574557108096
"2019.027",1.12,0.679104865417398,1.5608951345826,0.568269862667421,1.67173013733258,0.368803364019387,1.87119663598061
"2019.032",1.12,0.64377882626342,1.59622117373658,0.524063340741767,1.71593665925823,0.308614898115561,1.93138510188444
