"","Point Forecast","Lo 75","Hi 75","Lo 85","Hi 85","Lo 95","Hi 95"
"2019.000",52.080002,51.021337590045,53.138666409955,50.7552038462473,53.4048001537527,50.2762507652683,53.8837532347317
"2019.008",52.080002,50.58282443344,53.57717956656,50.2064544835561,53.9535495164439,49.5291125406952,54.6308914593048
"2019.016",52.080002,50.2463414537931,53.9136625462069,49.7853842879269,54.3746197120731,48.9558132172296,55.2041907827704
"2019.024",52.080002,49.9626731800901,54.1973308199099,49.4304056924947,54.7295983075053,48.4724995305366,55.6875044694634
"2019.032",52.080002,49.712756413981,54.447247586019,49.1176632717428,55.0423407282572,48.0466916246407,56.1133123753593
"2019.040",52.080002,49.4868143867657,54.6731896132343,48.8349225111248,55.3250814888752,47.6617318519922,56.4982721480078
"2019.048",52.080002,49.2790392493842,54.8809647506158,48.5749155478129,55.5850884521871,47.3077248058742,56.8522791941258
