"","Point Forecast","Lo 75","Hi 75","Lo 85","Hi 85","Lo 95","Hi 95"
"2019.000",51.610001,50.5589481038944,52.6610538961056,50.2947277905074,52.9252742094926,49.819218254031,53.400783745969
"2019.008",51.610001,50.1235877395559,53.0964142604441,49.7499237889095,53.4700782110905,49.0774517533869,54.1425502466131
"2019.016",51.610001,49.7895239825027,53.4304780174973,49.3318809753246,53.8881210246754,48.5082742986639,54.711727701336
"2019.024",51.610001,49.5078952077888,53.7121067922112,48.9794545810147,54.2405474189853,48.028435508062,55.191566491938
"2019.031",51.610001,49.2597752763598,53.9602267236402,48.6689606945901,54.5510413054099,47.6056890470795,55.6143129529205
"2019.039",51.610001,49.0354577118668,54.1845442881332,48.3882527643903,54.8317492356097,47.2234970321958,55.9965049678042
"2019.047",51.610001,48.8291764221304,54.3908255778696,48.1301151815767,55.0898868184233,46.8720352020206,56.3479667979794
