"","Point Forecast","Lo 75","Hi 75","Lo 85","Hi 85","Lo 95","Hi 95"
"2019.000",51.68,50.6247758456553,52.7352241543447,50.3595069350348,53.0004930649652,49.88211026892,53.47788973108
"2019.008",51.68,50.1876876895821,53.1723123104179,49.8125407985065,53.5474592014935,49.1373999586553,54.2226000413447
"2019.016",51.68,49.8522981513011,53.5077018486989,49.3928389204378,53.9671610795622,48.565963639363,54.794036360637
"2019.024",51.68,49.5695516913106,53.7904483086894,49.0390138700695,54.3209861299305,48.0842205378399,55.2757794621601
"2019.032",51.68,49.3204470593856,54.0395529406144,48.7272877429207,54.6327122570793,47.6597963452562,55.7002036547438
"2019.040",51.68,49.0952392575957,54.2647607424043,48.4454657819513,54.9145342180487,47.2760875450642,56.0839124549358
"2019.048",51.68,48.8881393101755,54.4718606898245,48.1863037421165,55.1736962578835,46.9232308868454,56.4367691131546
