"","Point Forecast","Lo 75","Hi 75","Lo 85","Hi 85","Lo 95","Hi 95"
"2019.000",23.030001,22.5919971549753,23.4680048450247,22.4818889828501,23.5781130171499,22.2837305399266,23.7762714600734
"2019.008",23.030001,22.4105700219946,23.6494319780054,22.2548535516469,23.8051484483531,21.9746151941657,24.0853868058343
"2019.016",23.030001,22.2713560865068,23.7886459134932,22.0806431380573,23.9793588619427,21.737422646965,24.322579353035
"2019.024",23.030001,22.1539933099507,23.9060086900493,21.9337769657002,24.1262250342998,21.5374600798531,24.5225419201469
"2019.032",23.030001,22.0505946281186,24.0094073718814,21.8043852703683,24.2556167296317,21.3612895216757,24.6987124783243
"2019.040",23.030001,21.9571150743125,24.1028869256875,21.6874062360951,24.3725957639049,21.202019162708,24.857982837292
"2019.048",23.030001,21.8711517527747,24.1888502472253,21.5798329120153,24.4801690879846,21.0555549518519,25.0044470481481
