"","Point Forecast","Lo 75","Hi 75","Lo 85","Hi 85","Lo 95","Hi 95"
"2019.000",23.440001,23.0022789486954,23.8777230513046,22.8922416156547,23.9877603843453,22.6942106597508,24.1857913402492
"2019.008",23.440001,22.8209685384952,24.0590334615048,22.6653522497417,24.2146497502583,22.3852941861327,24.4947078138673
"2019.016",23.440001,22.6818441675471,24.1981578324529,22.4912539159913,24.3887480840087,22.1482542388943,24.7317477611057
"2019.024",23.440001,22.5645568973907,24.3154451026093,22.3444822313094,24.5355197686906,21.9484203195016,24.9315816804984
"2019.032",23.440001,22.4612247380322,24.4187772619678,22.2151737812905,24.6648282187095,21.7723631022401,25.1076388977599
"2019.040",23.440001,22.3678053251393,24.5121966748607,22.0982700065329,24.7817319934671,21.6131952112928,25.2668067887072
"2019.048",23.440001,22.2818973088789,24.5981046911211,21.9907658907205,24.8892361092795,21.4668252295064,25.4131767704936
