"","Point Forecast","Lo 75","Hi 75","Lo 85","Hi 85","Lo 95","Hi 95"
"2019.000",22.33,21.8878790144738,22.7721209855262,21.7767358495736,22.8832641504264,21.5767147605561,23.0832852394439
"2019.008",22.33,21.7047465060591,22.9552534939409,21.5475663348922,23.1124336651078,21.264693798043,23.395306201957
"2019.016",22.33,21.5642239899762,23.0957760100237,21.3717183814551,23.2882816185449,21.0252716926915,23.6347283073085
"2019.024",22.33,21.4457580289477,23.2142419710523,21.2234716991472,23.4365283008528,20.8234295211123,23.8365704788877
"2019.031",22.33,21.3413874220843,23.3186125779157,21.0928637501329,23.5671362498671,20.6456029981563,24.0143970018437
"2019.039",22.33,21.2470291808845,23.4129708191155,20.9747851384809,23.6852148615191,20.4848355325923,24.1751644674077
"2019.047",22.33,21.160257822895,23.499742177105,20.8662006486444,23.7937993513556,20.3369945901358,24.3230054098642
