"","Point Forecast","Lo 75","Hi 75","Lo 85","Hi 85","Lo 95","Hi 95"
"2019.000",89.9096440415943,88.4411792125664,91.3781088706222,88.072027251936,91.7472608312526,87.4076753123047,92.4116127708839
"2019.008",89.831457690831,87.9118927463318,91.7510226353303,87.4293403904213,92.2335749912408,86.5609050905642,93.1020102910979
"2019.016",89.8842667962615,87.6377902174127,92.1307433751104,87.0730567507343,92.6954768417888,86.0567225199154,93.7118110726076
"2019.024",89.9326980919981,87.2916225470767,92.5737736369196,86.627692300803,93.2377038831932,85.4328365396725,94.4325596443237
"2019.031",89.8710093544182,86.8951229997341,92.8468957091024,86.1470258981018,93.5949928107347,84.800697519801,94.9413211890354
"2019.039",89.8509934887599,86.6465915345541,93.0553954429657,85.841048738663,93.8609382388568,84.3913370318839,95.3106499456359
"2019.047",89.9104583981891,86.4649392214675,93.3559775749108,85.5987828557626,94.2221339406157,84.0399866879256,95.7809301084527
