"","Point Forecast","Lo 75","Hi 75","Lo 85","Hi 85","Lo 95","Hi 95"
"2019.000",89.4583493383275,87.9561989468525,90.9604997298024,87.578578896843,91.3381197798119,86.898987185508,92.0177114911469
"2019.008",89.4583493383275,87.580309983324,91.3363886933309,87.1081965922941,91.8085020843608,86.258547990886,92.658150685769
"2019.016",89.4583493383275,87.2680051098384,91.6486935668165,86.717382547814,92.199316128841,85.7264432975901,93.1902553790649
"2019.024",89.4583493383275,86.9949809412726,91.9217177353824,86.3757238398753,92.5409748367796,85.2612650252959,93.6554336513591
"2019.032",89.4583493383275,86.7493347794994,92.1673638971555,86.068325594942,92.8483730817129,84.8427333702795,94.0739653063755
"2019.040",89.4583493383275,86.5241823525757,92.3925163240793,85.7865729293223,93.1301257473326,84.4591189177224,94.4575797589326
"2019.048",89.4583493383275,86.3151166201519,92.601582056503,85.5249509330376,93.3917477436173,84.1029129572184,94.8137857194366
