"","Point Forecast","Lo 75","Hi 75","Lo 85","Hi 85","Lo 95","Hi 95"
"2019.000",34.9942471342939,34.4586820224626,35.5298122461252,34.3240482830842,35.6644459855036,34.0817518972188,35.906742371369
"2019.008",34.9200270144822,34.1252421809871,35.7148118479772,33.9254441512595,35.9146098777048,33.5658735062673,36.2741805226971
"2019.016",34.9160463614685,33.9854505019947,35.8466422209422,33.7515114390437,36.0805812838932,33.3304981794591,36.5015945434778
"2019.024",34.9306508411156,33.8909350666522,35.9703666155791,33.6295647504863,36.231736931745,33.1591842702896,36.7021174119417
"2019.032",34.9328639111083,33.7866257154564,36.0791021067601,33.498477120468,36.3672507017485,32.9799045584919,36.8858232637246
"2019.040",34.9301281111058,33.684141954481,36.1761142677306,33.3709180872531,36.4893381349585,32.8072182944188,37.0530379277928
"2019.048",34.9294172095504,33.5922751829184,36.2665592361823,33.2561359775285,36.6026984415722,32.6511961237469,37.2076382953538
