"","Point Forecast","Lo 75","Hi 75","Lo 85","Hi 85","Lo 95","Hi 95"
"2019.000",34.816534947752,34.2830634455857,35.3500064499183,34.1489560110239,35.4841138844801,33.9076068004767,35.7254630950273
"2019.008",34.8308774225559,34.0396572092423,35.6220976358695,33.840755276243,35.8209995688687,33.4827973102096,36.1789575349022
"2019.016",34.8491657831944,33.9231990460842,35.7751325203045,33.6904236811414,36.0079078852474,33.2715046946781,36.4268268717106
"2019.024",34.8480015655635,33.8136837702469,35.8823193608802,33.5536704321618,36.1423326989652,33.0857320655557,36.6102710655714
"2019.032",34.8441830187144,33.7039611457469,35.9844048916818,33.4173249719421,36.2710410654867,32.9014742699423,36.7868917674865
"2019.040",34.8440550214648,33.6046617404785,36.0834483024512,33.293095231956,36.3950148109736,32.7323781388988,36.9557319040309
"2019.048",34.8448169461981,33.5148183146912,36.1748155777049,33.1804748610713,36.5091590313248,32.5787667689997,37.1108671233964
