"","Point Forecast","Lo 75","Hi 75","Lo 85","Hi 85","Lo 95","Hi 95"
"2019.000",35.6416703970895,35.1048432596724,36.1784975345066,34.9698922643337,36.3134485298453,34.7270249222361,36.5563158719429
"2019.008",35.5218830388316,34.7271613101994,36.3166047674637,34.5273791441707,36.5163869334924,34.1678370486113,36.8759290290518
"2019.016",35.4951615750123,34.5630981932123,36.4272249568123,34.328790215233,36.6615329347915,33.907113030109,37.0832101199156
"2019.024",35.5158125561136,34.4726557998681,36.5589693123592,34.2104204679754,36.8212046442518,33.7384832443853,37.293141867842
"2019.031",35.5228570142072,34.3721147709303,36.6735992574842,34.0828339200112,36.9628801084032,33.562223670297,37.4834903581175
"2019.039",35.5195201559702,34.2684044838254,36.7706358281149,33.9538911265983,37.0851491853421,33.3878706764914,37.651169635449
"2019.047",35.5178560919751,34.1748918427128,36.8608203412373,33.8372890102365,37.1984231737136,33.2297151097819,37.8059970741683
