"","Point Forecast","Lo 75","Hi 75","Lo 85","Hi 85","Lo 95","Hi 95"
"2019.000",478.480011,468.976581906438,487.983440093562,466.587549896103,490.372472103897,462.28807916541,494.67194283459
"2019.008",478.480011,465.040132686834,491.919889313166,461.661531216874,495.298490783126,455.581161398503,501.378860601497
"2019.016",478.480011,462.019588963823,494.940433036177,457.881664141013,499.078357858987,450.434762389799,506.525259610201
"2019.024",478.480011,459.473152812877,497.486869187123,454.695088792205,502.264933207795,446.096147330821,510.863874669179
"2019.032",478.480011,457.229697527447,499.730324472553,451.887659551913,505.072362448086,442.273750730815,514.686271269185
"2019.040",478.480011,455.201458914054,501.758563085946,449.349549509556,507.610472490444,438.818040055328,518.141981944672
"2019.048",478.480011,453.3363010161,503.6237209839,447.015516442579,509.944505557421,435.640186119966,521.319835880034
