"","Point Forecast","Lo 75","Hi 75","Lo 85","Hi 85","Lo 95","Hi 95"
"2019.000",488.100006,478.583054966457,497.616957033543,476.190623725471,500.009388274529,471.885035499231,504.314976500769
"2019.008",488.100006,474.641004775923,501.559007224077,471.257596067876,504.942415932124,465.168574804333,511.031437195667
"2019.016",488.100006,471.616163276759,504.583848723241,467.472350813756,508.727661186244,460.014853249437,516.185158750563
"2019.024",488.100006,469.066103932915,507.133908067085,464.281241450943,511.918770549057,455.670064998462,520.529947001538
"2019.032",488.100006,466.819456550462,509.380555449538,461.469817664123,514.730194335877,451.842229707126,524.357782292873
"2019.040",488.100006,464.788332060767,511.411679939233,458.928096275658,517.271915724342,448.381602078834,527.818409921166
"2019.048",488.100006,462.920520325667,513.279491674333,456.590742233196,519.609269766804,445.199226538717,531.000785461283
