"","Point Forecast","Lo 75","Hi 75","Lo 85","Hi 85","Lo 95","Hi 95"
"2019.000",138.015874447521,135.287695819949,140.744053075094,134.601869050789,141.429879844254,133.367606760634,142.664142134409
"2019.008",137.187681140291,133.616561350426,140.758800930157,132.718830709545,141.656531571038,131.103211246174,143.272151034409
"2019.016",137.084402663558,132.540541602027,141.628263725089,131.398277118372,142.770528208744,129.342577281392,144.826228045724
"2019.024",137.084402663558,131.252618749544,142.916186577572,129.786588087267,144.382217239849,127.14821576932,147.020589557796
"2019.032",137.084402663558,130.201617333984,143.967187993132,128.471379299824,145.697426027292,125.357520735846,148.81128459127
"2019.040",137.084402663558,129.291087312165,144.877718014951,127.33195449202,146.836850835096,123.806160705536,150.36264462158
"2019.048",137.084402663558,128.476337001662,145.692468325454,126.312387104117,147.856418222999,122.41799003998,151.750815287136
