"","Point Forecast","Lo 75","Hi 75","Lo 85","Hi 85","Lo 95","Hi 95"
"2019.000",137.693780684684,134.976048383024,140.411512986344,134.292847677229,141.094713692139,133.063311436172,142.324249933195
"2019.008",137.697949624495,134.140232571432,141.255666677557,133.245871195153,142.150028053836,131.636315298315,143.759583950675
"2019.016",137.879463751715,133.355635789917,142.403291713514,132.218407353361,143.540520150069,130.171770742412,145.587156761018
"2019.024",137.879463751715,132.07706336466,143.68186413877,130.618419318918,145.140508184513,127.993340477765,147.765587025665
"2019.032",137.879463751715,131.03324719982,144.725680303611,129.312202055889,146.446725447542,126.214887666412,149.544039837018
"2019.040",137.879463751715,130.128753339166,145.630174164264,128.180330817556,147.578596685875,124.673812040728,151.085115462703
"2019.048",137.879463751715,129.319303547435,146.439623955996,127.167396426301,148.59153107713,123.294672393112,152.464255110319
