"","Point Forecast","Lo 75","Hi 75","Lo 85","Hi 85","Lo 95","Hi 95"
"2019.000",25.9424802454096,25.0870422768272,26.797918213992,24.8719968790366,27.0129636117826,24.4849859936358,27.3999744971834
"2019.013",26.7649836499674,25.4848910048495,28.0450762950853,25.1630932331953,28.3668740667395,24.5839632364253,28.9460040635096
"2019.025",24.859877161524,23.3722138021724,26.3475405208755,22.9982355937695,26.7215187292784,22.3251979977939,27.394556325254
"2019.038",24.859877161524,22.9808062698765,26.7389480531714,22.5084335646519,27.211320758396,21.658318283105,28.0614360399429
"2019.051",24.859877161524,22.6579070071131,27.0618473159348,22.1043618464242,27.6153924766237,21.1081628812357,28.6115914418122
"2019.063",24.859877161524,22.3766458581622,27.3431084648857,21.7523954939628,27.9673588290851,20.6289504509966,29.0908038720513
"2019.076",24.859877161524,22.1241500459155,27.5956042771324,21.4364256901712,28.2833286328767,20.198748369183,29.5210059538649
