"","Point Forecast","Lo 75","Hi 75","Lo 85","Hi 85","Lo 95","Hi 95"
"2019.000",26.319426024422,25.4928685698747,27.1459834789692,25.2850833380542,27.3537687107897,24.9111383600811,27.7277136887629
"2019.013",27.0971804491905,25.8604964125185,28.3338644858626,25.549610970938,28.6447499274431,24.9901195740496,29.2042413243315
"2019.025",25.3319102378959,23.8980955646713,26.7657249111206,23.5376541789883,27.1261662968035,22.8889784052149,27.774842070577
"2019.038",25.3319102378959,23.5216691151854,27.1421513606065,23.0665992718684,27.5972212039235,22.2476234426213,28.4161970331705
"2019.051",25.3319102378959,23.211032747905,27.4527877278869,22.6778731732183,27.9859473025736,21.7183615483272,28.9454589274647
"2019.063",25.3319102378959,22.9404107641874,27.7234097116045,22.3392205265224,28.3245999492695,21.2572761158841,29.4065443599078
"2019.076",25.3319102378959,22.6974429031305,27.9663775726614,22.0351738704502,28.6286466053417,20.8433077466252,29.8205127291667
