"","Point Forecast","Lo 75","Hi 75","Lo 85","Hi 85","Lo 95","Hi 95"
"2019.000",26.3657616850235,25.794320706987,26.9372026630601,25.6506682658411,27.0808551042059,25.392141187331,27.339382182716
"2019.008",26.3858935322731,25.5807264875265,27.1910605770196,25.3783185119811,27.393468552565,25.0140508241682,27.7577362403779
"2019.016",26.2371595936183,25.3246891288201,27.1496300584165,25.0953065420267,27.3790126452099,24.6824934387354,27.7918257485011
"2019.024",26.2003205993561,25.1269489372325,27.2736922614797,24.8571179915229,27.5435232071894,24.3715111648689,28.0291300338433
"2019.032",26.0960032116657,24.9256161261566,27.2663902971747,24.6313968307595,27.5606095925718,24.1018990075858,28.0901074157455
"2019.040",26.0298781896253,24.7453617320528,27.3143946471979,24.4224518744917,27.637304504759,23.8413204893828,28.2184358898679
"2019.048",25.9431671795284,24.567483899746,27.3188504593108,24.2216559507891,27.6646784082677,23.5992795498188,28.2870548092381
