"","Point Forecast","Lo 75","Hi 75","Lo 85","Hi 85","Lo 95","Hi 95"
"2019.000",27.6440562538369,27.3017872565348,27.9863252511389,27.2157455149014,28.0723669927723,27.0608987199776,28.2272137876961
"2019.008",27.6247921269088,27.1512294242482,28.0983548295694,27.0321822419712,28.2174020118463,26.817936525063,28.4316477287546
"2019.016",27.627086243654,27.0941735969514,28.1599988903566,26.9602066510048,28.2939658363033,26.7191102736913,28.5350622136168
"2019.024",27.6316872942933,27.0423274933615,28.2210470952251,26.8941705053765,28.3692040832101,26.627536726242,28.6358378623446
"2019.032",27.6309259381966,26.9819949858153,28.2798568905779,26.8188626256458,28.4429892507475,26.5252781090954,28.7365737672978
"2019.040",27.6298363670706,26.9273797227013,28.3322930114398,26.7507917361178,28.5088809980234,26.4329915239721,28.8266812101691
"2019.048",27.6300698886612,26.8795695002386,28.3805702770839,26.690903973926,28.5692358033965,26.35136816831,28.9087716090125
