"","Point Forecast","Lo 75","Hi 75","Lo 85","Hi 85","Lo 95","Hi 95"
"2019.000",27.7166007130948,27.3755704910511,28.0576309351385,27.2898401605637,28.1433612656259,27.1355538031317,28.2976476230579
"2019.008",27.695651628329,27.2236461238294,28.1676571328287,27.1049903998584,28.2863128567997,26.891449178964,28.499854077694
"2019.016",27.7022639261362,27.1710338863288,28.2334939659436,27.0374899247275,28.367037927545,26.797154779915,28.6073730723575
"2019.024",27.7070899272333,27.119588803804,28.2945910506625,26.9718990619053,28.4422807925612,26.7061061718269,28.7080736826396
"2019.031",27.7052685594056,27.0583855231124,28.3521515956989,26.8957679810196,28.5147691377916,26.6031099674392,28.8074271513721
"2019.039",27.7041696575094,27.0039147483995,28.4044245666192,26.8278802479273,28.5804590670914,26.5110761284773,28.8972631865414
"2019.047",27.7046614196633,26.9565015648218,28.4528212745048,26.768424416619,28.6408984227075,26.4299474978035,28.979375341523
