"","Point Forecast","Lo 75","Hi 75","Lo 85","Hi 85","Lo 95","Hi 95"
"2019.000",27.66,27.0865523337503,28.2334476662497,26.9423954386512,28.3776045613488,26.6829605091798,28.6370394908202
"2019.008",27.66,26.8490225330785,28.4709774669215,26.6451538969197,28.6748461030803,26.278257501108,29.041742498892
"2019.016",27.66,26.6667595065738,28.6532404934262,26.4170724400007,28.9029275599993,25.9677179608982,29.3522820391018
"2019.024",27.66,26.5131046675007,28.8068953324993,26.2247908773024,29.0952091226976,25.7059210183597,29.6140789816403
"2019.032",27.66,26.3777320367272,28.9422679632728,26.0553874198602,29.2646125801398,25.4752732818243,29.8447267181757
"2019.040",27.66,26.2553458234985,29.0646541765015,25.9022349876017,29.4177650123983,25.2667517889419,30.0532482110581
"2019.048",27.66,26.142800085193,29.177199914807,25.7613967909855,29.5586032090145,25.0749964862007,30.2450035137993
