"","Point Forecast","Lo 75","Hi 75","Lo 85","Hi 85","Lo 95","Hi 95"
"2019.000",27.65,27.0788498036744,28.2211501963256,26.9352704610711,28.3647295389289,26.6768749358606,28.6231250641393
"2019.008",27.65,26.8422716462043,28.4577283537957,26.6392197926181,28.6607802073819,26.2737933364089,29.0262066635911
"2019.016",27.65,26.6607388412112,28.6392611587888,26.4120521249048,28.8879478750952,25.9644979467919,29.3355020532081
"2019.024",27.65,26.5076996073489,28.7923003926511,26.2205409221422,29.0794590778578,25.7037498717213,29.5962501282787
"2019.032",27.65,26.3728693356537,28.9271306643463,26.0518161654279,29.2481838345721,25.4740262059756,29.8259737940244
"2019.040",27.65,26.250973452512,29.049026547488,25.8992773255295,29.4007226744705,25.2663401369454,30.0336598630546
"2019.048",27.65,26.1388786192569,29.1611213807431,25.7590033853222,29.5409966146778,25.0753530857235,30.2246469142765
