"","Point Forecast","Lo 75","Hi 75","Lo 85","Hi 85","Lo 95","Hi 95"
"2019.000",27.389999,26.8204961231913,27.9595018768087,26.6773308941692,28.1026671058308,26.4196806370065,28.3603173629935
"2019.008",27.389999,26.5846003078066,28.1953976921934,26.3821340992634,28.3978639007366,26.0177616112349,28.7622363887651
"2019.016",27.389999,26.4035910823106,28.3764069176894,26.1556216317672,28.6243763682328,25.7093582957781,29.0706397042219
"2019.024",27.389999,26.2509932463825,28.5290047536175,25.9646627883385,28.8153352116615,25.4493622740129,29.3306357259871
"2019.031",27.389999,26.116551854074,28.663446145926,25.7964246699664,28.9835733300336,25.2203011805302,29.5596968194698
"2019.039",27.389999,25.9950075447715,28.7849904552285,25.6443257847588,29.1356722152412,25.0132141226132,29.7667838773868
"2019.047",27.389999,25.8832360170282,28.8967619829718,25.5044564246443,29.2755415753557,24.8227779189598,29.9572200810402
