"","Point Forecast","Lo 75","Hi 75","Lo 85","Hi 85","Lo 95","Hi 95"
"2019.000",33.450001,32.7319777330413,34.1680242669587,32.5514765105834,34.3485254894166,32.2266337627866,34.6733682372134
"2019.008",33.450001,32.4345627577676,34.4654392422324,32.1792954809427,34.7207065190573,31.7198984613699,35.1801035386301
"2019.016",33.450001,32.206348220611,34.693653779389,31.8937109324856,35.0062910675144,31.3310667888312,35.5689352111688
"2019.024",33.450001,32.0139544660827,34.8860475339173,31.6529520211668,35.2470499788332,31.0032665255732,35.8967354744268
"2019.032",33.450001,31.844452165654,35.055549834346,31.4408391622162,35.4591628377838,30.7144686961447,36.1855333038553
"2019.040",33.450001,31.6912103725051,35.2087916274949,31.2490744795346,35.6509275204654,30.4533755007887,36.4466264992113
"2019.048",33.450001,31.5502900000692,35.3497119999308,31.0727286541024,35.8272733458976,30.2132755282291,36.6867264717709
