"","Point Forecast","Lo 75","Hi 75","Lo 85","Hi 85","Lo 95","Hi 95"
"2019.000",33.32,32.60472951549,34.03527048451,32.4249203048652,34.2150796951348,32.1013229504363,34.5386770495637
"2019.008",33.32,32.3084547800408,34.3315452199592,32.0541661557355,34.5858338442645,31.5965303883542,35.0434696116458
"2019.016",33.32,32.0811151796743,34.5588848203257,31.7696764912032,34.8703235087968,31.2091894321375,35.4308105678625
"2019.024",33.32,31.88945903098,34.75054096902,31.5298406097303,35.1101593902697,30.8826459008726,35.7573540991274
"2019.032",33.32,31.7206065743365,34.9193934256635,31.3185409563987,35.3214590436013,30.5949552745567,36.0450447254433
"2019.040",33.32,31.5679522848773,35.0720477151227,31.1275114677937,35.5124885322063,30.3348630673284,36.3051369326716
"2019.048",33.32,31.4275721778419,35.2124278221581,30.9518417230897,35.6881582769103,30.0956835983525,36.5443164016475
