"","Point Forecast","Lo 75","Hi 75","Lo 85","Hi 85","Lo 95","Hi 95"
"2019.000",33.630001,32.9168665508834,34.3431354491166,32.7375943103227,34.5224076896773,32.4149633251447,34.8450386748553
"2019.008",33.630001,32.6214765902639,34.6385254097361,32.3679473563059,34.8920546436941,31.9116782414254,35.3483237585746
"2019.016",33.630001,32.3948159015024,34.8651860984976,32.0843072724646,35.1756947275354,31.5254940140403,35.7345079859597
"2019.024",33.630001,32.2037321017668,35.0562698982332,31.8451876206454,35.4148143793546,31.1999256502894,36.0600763497106
"2019.031",33.630001,32.0353838946785,35.2246181053215,31.634518978306,35.625483021694,30.9130941638003,36.3469078361997
"2019.039",33.630001,31.8831854816636,35.3768165183364,31.4440599672444,35.8159420327556,30.6537786783468,36.6062233216532
"2019.047",33.630001,31.7432245962845,35.5167774037155,31.2689148307835,35.9910871692165,30.4153134787587,36.8446885212413
