"","Point Forecast","Lo 75","Hi 75","Lo 85","Hi 85","Lo 95","Hi 95"
"2019.000",2.33599071491627,2.20236625396026,2.46961517587228,2.16877489325826,2.50320653657428,2.10832150815602,2.56365992167652
"2019.008",2.33770157209932,2.13468325567905,2.54071988851959,2.08364722943658,2.59175591476206,1.99179919220181,2.68360395199683
"2019.016",2.33770157209932,2.09344927875807,2.58195386544057,2.03204759504524,2.6433555491534,1.9215447885544,2.75385835564424
"2019.024",2.33770157209932,2.05823434897145,2.61716879522719,1.98798011386126,2.68742303033738,1.86154563066611,2.81385751353253
"2019.031",2.33770157209932,2.02698518243964,2.648417961759,1.94887533453897,2.72652780965967,1.80830333576505,2.86709980843359
"2019.039",2.33770157209932,1.99860362046368,2.67679952373496,1.91335903631188,2.76204410788676,1.75994686229114,2.9154562819075
"2019.047",2.33770157209932,1.97242062980445,2.70298251439419,1.88059400014093,2.79480914405771,1.7153363121617,2.96006683203694
