"","Point Forecast","Lo 75","Hi 75","Lo 85","Hi 85","Lo 95","Hi 95"
"2019.000",2.32342087479945,2.18872454915274,2.45811720044617,2.15486373633701,2.49197801326189,2.09392542618092,2.55291632341798
"2019.008",2.33465611674086,2.12987036059098,2.53944187289073,2.07839002418964,2.59092220929208,1.98574237501366,2.68356985846806
"2019.016",2.33465611674086,2.08832533593128,2.58098689755043,2.02640114891507,2.64291108456665,1.91495800857777,2.75435422490395
"2019.024",2.33465611674086,2.05283968495124,2.61647254853048,1.98199489093472,2.687317342547,1.85449759622364,2.81481463725808
"2019.032",2.33465611674086,2.02134772413222,2.6479645093495,1.94258628216429,2.72672595131743,1.80084162868823,2.86847060479349
"2019.040",2.33465611674086,1.9927441448367,2.67656808864502,1.90679215450203,2.76252007897969,1.75210688235419,2.91720535112753
"2019.048",2.33465611674086,1.96635536438788,2.70295686909384,1.87376959580482,2.79554263767689,1.70714570781197,2.96216652566975
