"","Point Forecast","Lo 75","Hi 75","Lo 85","Hi 85","Lo 95","Hi 95"
"2019.000",2.35352799698961,2.21936902941263,2.4876869645666,2.18564330106136,2.52141269291786,2.12494809844782,2.58210789553141
"2019.008",2.35142368553529,2.14756851822446,2.55527885284613,2.09632211912122,2.60652525194936,2.00409548002869,2.69875189104189
"2019.016",2.35142368553529,2.10621538801918,2.59663198305141,2.04457337794065,2.65827399312994,1.9336380631491,2.76920930792149
"2019.024",2.35142368553529,2.07089331444836,2.63195405662223,2.00037181849149,2.7024755525791,1.87345635380141,2.82939101726917
"2019.032",2.35142368553529,2.03954635543002,2.66330101564057,1.96114466298994,2.74170270808065,1.82004744017143,2.88279993089915
"2019.040",2.35142368553529,2.01107438119486,2.69177298987572,1.92551522409907,2.77733214697152,1.77153692239168,2.93131044867891
"2019.048",2.35142368553529,1.98480695256142,2.71804041850917,1.89264452340281,2.81020284766778,1.72678250693644,2.97606486413415
