"","Point Forecast","Lo 75","Hi 75","Lo 85","Hi 85","Lo 95","Hi 95"
"2019.000",38.7865404296251,37.7112577525711,39.8618231066791,37.4409464038621,40.1321344553881,36.9544750100421,40.6186058492081
"2019.008",38.7383450372178,37.145090515459,40.3315995589766,36.744568133946,40.7321219404897,36.0237597693646,41.4529303050711
"2019.016",38.7383450372178,36.6379490518771,40.8387410225585,36.1099382471499,41.3667518272857,35.1596927123088,42.3169973621269
"2019.024",38.7383450372178,36.2313814117606,41.2453086626751,35.6011650665866,41.8755250078491,34.4669832229123,43.0097068515234
"2019.032",38.7383450372178,35.8821115132398,41.5945785611959,35.1640934956801,42.3125965787555,33.8718975614057,43.60479251303
"2019.040",38.7383450372178,35.5711264991901,41.9055635752456,34.7749311052345,42.7017589692011,33.3420416431369,44.1346484312988
"2019.048",38.7383450372178,35.2880585865362,42.1886314878994,34.4207037934026,43.055986281033,32.8597508509263,44.6169392235094
