"","Point Forecast","Lo 75","Hi 75","Lo 85","Hi 85","Lo 95","Hi 95"
"2019.000",39.0592378624977,37.9799246674157,40.1385510575796,37.7086001016361,40.4098756233593,37.2203052508175,40.8981704741778
"2019.008",39.0811109968352,37.4816261473338,40.6805958463365,37.0795375466945,41.0826844469759,36.3559105035595,41.8063114901109
"2019.016",39.0811109968352,36.9715494304465,41.1906725632239,36.4412345240838,41.7209874695866,35.4868423652128,42.6753796284576
"2019.024",39.0811109968352,36.5627487867899,41.5994732068805,35.9296669934513,42.2325550002191,34.7903282868883,43.3718937067821
"2019.032",39.0811109968352,36.21160817586,41.9506138178103,35.4902544386387,42.6719675550316,34.1920553076766,43.9701666859937
"2019.040",39.0811109968352,35.898982046245,42.2632399474254,35.0990383786349,43.0631836150354,33.6594032585475,44.5028187351228
"2019.048",39.0811109968352,35.6144349409015,42.5477870527689,34.7429600253154,43.419261968355,33.1745922194907,44.9876297741797
