"","Point Forecast","Lo 75","Hi 75","Lo 85","Hi 85","Lo 95","Hi 95"
"2019.000",64,62.7582340695653,65.2417659304347,62.4460711094436,65.5539288905564,61.884280599964,66.115719400036
"2019.008",64,62.2438777798864,65.7561222201136,61.8024126880118,66.1975873119882,61.0079209302933,66.9920790697067
"2019.016",64,61.8491983173791,66.1508016826209,61.3085162102072,66.6914837897928,60.3354665045786,67.6645334954214
"2019.024",64,61.5164681391306,66.4835318608694,60.8921422188872,67.1078577811128,59.7685611999281,68.2314388000719
"2019.032",64,61.2233269674047,66.7766730325953,60.5253093685151,67.4746906314849,59.2691076002045,68.7308923997955
"2019.040",64,60.9583070904626,67.0416929095374,60.1936671215677,67.8063328784323,58.8175670310045,69.1824329689955
"2019.048",64,60.7145961615171,67.2854038384829,59.8886906005093,68.1113093994907,58.4023326235101,69.5976673764899
