"","Point Forecast","Lo 75","Hi 75","Lo 85","Hi 85","Lo 95","Hi 95"
"2019.000",63.009998,61.76901527548,64.25098072452,61.4570492026063,64.5629467973937,60.8956130253234,65.1243829746766
"2019.008",63.009998,61.2549834003131,64.7650125996869,60.8137967490549,65.2061992509451,60.0198060927344,66.0001899072656
"2019.016",63.009998,60.8605528698161,65.1594431301839,60.3202117813612,65.6997842186389,59.3477757970999,66.6722202029001
"2019.024",63.009998,60.52803255096,65.49196344904,59.9041004052126,66.1158955947874,58.7812280506468,67.2387679493533
"2019.031",63.009998,60.2350762690704,65.7849197309296,59.5374989234512,66.4824970765488,58.2820894660189,67.7379065339811
"2019.039",63.009998,59.9702235453171,66.0497724546829,59.2060658497167,66.8139301502833,57.8308336922347,68.1891623077653
"2019.047",63.009998,59.7266663295927,66.2933296704073,58.9012816832795,67.1187143167205,57.415861181154,68.6041348188459
