"","Point Forecast","Lo 75","Hi 75","Lo 85","Hi 85","Lo 95","Hi 95"
"2019.000",121.716394718952,119.761112639667,123.671676798237,119.269581484896,124.163207953008,118.384987304483,125.047802133421
"2019.008",121.472763852839,118.831509376564,124.114018329115,118.167534149397,124.777993556282,116.972597437473,125.972930268205
"2019.016",121.57973665942,118.541237491778,124.618235827061,117.777400385887,125.382072932953,116.402745184286,126.756728134554
"2019.024",121.57973665942,117.959254746728,125.200218572112,117.049115143737,126.110358175103,115.411163635774,127.748309683066
"2019.032",121.57973665942,117.458656537837,125.700816781003,116.422673396311,126.736799922529,114.558244968725,128.601228350115
"2019.040",121.57973665942,117.012602606551,126.146870712289,115.864487611386,127.294985707454,113.798258780704,129.361214538136
"2019.048",121.57973665942,116.606395172527,126.553078146313,115.356165187798,127.803308131042,113.106163010045,130.053310308795
