"","Point Forecast","Lo 75","Hi 75","Lo 85","Hi 85","Lo 95","Hi 95"
"2019.000",122.375598791301,120.425569896682,124.325627685921,119.93535932064,124.815838261962,119.053141746975,125.698055835628
"2019.008",122.342109712579,119.705465416301,124.978754008858,119.04264912529,125.641570299868,117.849798116723,126.834421308435
"2019.016",122.578156502047,119.54594486215,125.610368141945,118.783688354682,126.372624649413,117.411877709634,127.744435294461
"2019.024",122.578156502047,118.966421439014,126.189891565081,118.058480674318,127.097832329776,116.424486351043,128.731826653051
"2019.031",122.578156502047,118.467809448335,126.688503555759,117.434524453179,127.721788550915,115.574951800357,129.581361203737
"2019.039",122.578156502047,118.023458308053,127.132854696041,116.878469517613,128.277843486481,114.817866825741,130.338446178354
"2019.047",122.578156502047,117.618761541492,127.537551462603,116.372037522612,128.784275481483,114.128344928609,131.027968075485
