"","Point Forecast","Lo 75","Hi 75","Lo 85","Hi 85","Lo 95","Hi 95"
"2019.000",27.42,26.9750201639193,27.8649798360807,26.8631583231158,27.9768416768842,26.6618438541865,28.1781561458135
"2019.008",27.42,26.7907034808321,28.0492965191679,26.6325069484558,28.2074930515442,26.3478052961941,28.4921947038059
"2019.016",27.42,26.6492723155645,28.1907276844355,26.4555219238647,28.3844780761353,26.1068350353805,28.7331649646195
"2019.024",27.42,26.5300403278385,28.3099596721615,26.3063166462316,28.5336833537684,25.903687708373,28.936312291627
"2019.032",27.42,26.4249948379067,28.4150051620933,26.174864157782,28.665135842218,25.7247113204018,29.1152886795982
"2019.040",27.42,26.3300264557749,28.5099735442251,26.056022024118,28.783977975882,25.5629042974019,29.2770957025981
"2019.048",27.42,26.2426940152921,28.5973059847079,25.9467354033282,28.8932645966718,25.4141073832223,29.4258926167777
