"","Point Forecast","Lo 75","Hi 75","Lo 85","Hi 85","Lo 95","Hi 95"
"2019.000",27.23,26.7840766325664,27.6759233674336,26.6719776008941,27.7880223991059,26.4702362665255,27.9897637334745
"2019.008",27.23,26.5993691259964,27.8606308740036,26.4408371550764,28.0191628449236,26.1555318239211,28.3044681760789
"2019.016",27.23,26.4576380713229,28.0023619286771,26.263476852987,28.196523147013,25.9140506118739,28.5459493881261
"2019.024",27.23,26.3381532651329,28.1218467348671,26.1139552017881,28.3460447982119,25.7104725330509,28.7495274669491
"2019.031",27.23,26.2328850376629,28.2271149623371,25.9822239826316,28.4777760173684,25.5311166451119,28.9288833548881
"2019.039",27.23,26.1377152854042,28.3222847145958,25.8631298571467,28.5968701428533,25.3689665279155,29.0910334720845
"2019.047",27.23,26.0501976659783,28.4098023340217,25.753611505962,28.706388494038,25.2198541060604,29.2401458939396
