"","Point Forecast","Lo 75","Hi 75","Lo 85","Hi 85","Lo 95","Hi 95"
"2019.000",27.75,27.3055049378642,28.1944950621358,27.193764962596,28.306235037404,26.9926698114905,28.5073301885095
"2019.008",27.75,27.1213890547197,28.3786109452803,26.9633648662361,28.5366351337639,26.6789733762153,28.8210266237847
"2019.016",27.75,26.9801119686674,28.5198880313326,26.7865726542662,28.7134273457338,26.4382656353958,29.0617343646042
"2019.024",27.75,26.8610098757285,28.6389901242715,26.6375299251919,28.8624700748081,26.235339622981,29.264660377019
"2019.032",27.75,26.7560788254015,28.7439211745985,26.5062206448974,28.9937793551026,26.05655821708,29.44344178292
"2019.040",27.75,26.6612139045807,28.8387860954193,26.3875079813022,29.1124920186978,25.8949274713459,29.6050725286541
"2019.048",27.75,26.5739766065926,28.9260233934074,26.2783404205282,29.2216595794718,25.7462926608421,29.7537073391579
