"","Point Forecast","Lo 75","Hi 75","Lo 85","Hi 85","Lo 95","Hi 95"
"2019.000",103.715573321786,101.932839036565,105.498307607007,101.484684035735,105.946462607837,100.678152645386,106.752993998186
"2019.008",104.341867696004,101.922843333029,106.760892058979,101.314733714908,107.369001677101,100.22033669852,108.463398693488
"2019.016",103.910576940517,101.166886000475,106.654267880558,100.477159648261,107.343994232772,99.2358793930356,108.585274487998
"2019.024",104.130025963953,100.934585838859,107.325466089046,100.131295924156,108.128756003749,98.6856386614711,109.574413266434
"2019.032",104.048206104665,100.55088943116,107.545522778169,99.6717118836636,108.424700325666,98.0894818774564,110.006930331873
"2019.040",104.063173159953,100.248240570877,107.87810574903,99.289218729092,108.837127590815,97.5632952918968,110.56305102801
"2019.048",104.071478016625,99.9760012916136,108.166954741637,98.9464544935778,109.196501539673,97.0936093643024,111.049346668948
