"","Point Forecast","Lo 75","Hi 75","Lo 85","Hi 85","Lo 95","Hi 95"
"2019.000",103.152347528576,101.367169682918,104.937525374235,100.918400404436,105.386294652716,100.110763516643,106.19393154051
"2019.008",103.947934482511,101.537459212985,106.358409752037,100.931498719954,106.964370245068,99.8409694208607,108.054899544161
"2019.016",103.332445416923,100.585549523759,106.079341310088,99.8950174901928,106.769873343654,98.6522872739049,108.012603559942
"2019.024",103.696128939943,100.498069423547,106.894188456339,99.6941210297189,107.698136850167,98.2472787214965,109.144979158389
"2019.031",103.518270028209,100.019184756802,107.017355299616,99.1395626079981,107.89697744842,97.5565324658777,109.48000759054
"2019.039",103.589284639399,99.7668312409736,107.411738037824,98.8059187706484,108.372650508149,97.0765928248065,110.101976453991
"2019.047",103.569247372716,99.4685249471946,107.669969798238,98.437659451843,108.70083529359,96.5824411017456,110.556053643687
