"","Point Forecast","Lo 75","Hi 75","Lo 85","Hi 85","Lo 95","Hi 95"
"2019.000",51.3952074717037,50.2093112975633,52.5811036458441,49.9111932295413,52.8792217138661,49.374678899802,53.4157360436054
"2019.008",51.0820965336402,49.5531946978105,52.6109983694699,49.1688497008101,52.9953433664703,48.4771552999222,53.6870377673582
"2019.016",50.8273132228716,49.1085597457313,52.546066700012,48.6764886444121,52.9781378013312,47.8989029755457,53.7557234701975
"2019.024",50.6199920227639,48.7863162421718,52.453667803356,48.3253552465897,52.9146287989381,47.4957772836651,53.7442067618627
"2019.032",50.4512914909887,48.5453310936518,52.3572518883256,48.0661987347062,52.8363842472712,47.2039183029239,53.6986646790535
"2019.040",50.3140172064174,48.3616669009488,52.2663675118861,47.8708727539905,52.7571616588444,46.9876049448891,53.6404294679458
"2019.048",50.2023149550596,48.2198455938936,52.1847843162257,47.7214799285419,52.6831499815774,46.8245858802027,53.5800440299165
