"","Point Forecast","Lo 75","Hi 75","Lo 85","Hi 85","Lo 95","Hi 95"
"2019.000",51.068707611545,49.8869180701213,52.2504971529687,49.589832353361,52.547582869729,49.0551759158618,53.0822393072282
"2019.008",50.8158186193857,49.2932059486828,52.3384312900885,48.9104419617219,52.7211952770494,48.2215928581596,53.4100443806118
"2019.016",50.6103762787283,48.8996299610914,52.3211225963652,48.4695717500855,52.7511808073711,47.695608620787,53.5251439366696
"2019.024",50.4434787203396,48.6191675412255,52.2677898994536,48.1605606782913,52.7263967623879,47.3352193787397,53.5517380619394
"2019.031",50.307894230273,48.4123575783956,52.2034308821503,47.9358456063994,52.6799428541465,47.0782810080354,53.5375074525106
"2019.039",50.1977478978515,48.2566360484099,52.1388597472931,47.7686670954874,52.6268287002155,46.8904837051017,53.5050120906013
"2019.047",50.1082670542834,48.1376545007841,52.0788796077827,47.6422694746077,52.5742646339591,46.7507395950356,53.4657945135312
