"","Point Forecast","Lo 75","Hi 75","Lo 85","Hi 85","Lo 95","Hi 95"
"2019.000",69.339996,67.7319140436596,70.9480779563404,67.3276642480207,71.3523277519793,66.6001477657308,72.0798442342692
"2019.013",69.339996,67.0658246879359,71.6141673120641,66.4941291443569,72.1858628556431,65.4652654682525,73.2147265317475
"2019.025",69.339996,66.5547163488836,72.1252756511164,65.8545351638878,72.8254568361122,64.5944396532178,74.0855523467822
"2019.038",69.339996,66.1238320873192,72.5561599126808,65.3153324960415,73.3646595039585,63.8602995314615,74.8196924685385
"2019.051",69.339996,65.744215432232,72.935776567768,64.8402854092931,73.8397065907069,63.2135091001412,75.4664828998588
"2019.063",69.339996,65.4010157423894,73.2789762576106,64.4108100144499,74.2691819855501,62.6287658533749,76.0512261466251
"2019.076",69.339996,65.085411055713,73.594580944287,64.015866628904,74.664125371096,62.0910389420641,76.5889530579359
