"","Point Forecast","Lo 75","Hi 75","Lo 85","Hi 85","Lo 95","Hi 95"
"2019.000",69.610001,67.9764409237439,71.2435610762561,67.5657862774514,71.6542157225486,66.8267431735838,72.3932588264161
"2019.013",69.610001,67.2997981852074,71.9202038147926,66.719044814969,72.500957185031,65.6738800343012,73.5461219656988
"2019.025",69.610001,66.7805919507083,72.4394100492917,66.0693172389655,73.1506847610345,64.7892570340835,74.4307449659165
"2019.038",69.610001,66.3428808474878,72.8771211525122,65.5215715549028,73.6984304450972,64.0434853471677,75.1765166528323
"2019.051",69.610001,65.9572496241616,73.2627523758384,65.0389979197754,74.1810040802246,63.3864473012252,75.8335546987748
"2019.063",69.610001,65.6086123489905,73.6113896510095,64.6027180050708,74.6172839949292,62.7924395026726,76.4275624973274
"2019.076",69.610001,65.2880072865426,73.9319947134574,64.2015172177195,75.0184847822805,62.2461929567287,76.9738090432713
