"","Point Forecast","Lo 75","Hi 75","Lo 85","Hi 85","Lo 95","Hi 95"
"2019.000",69.870003,68.7720158962506,70.9679901037494,68.4959969654028,71.2440090345972,67.999253803669,71.7407521963309
"2019.008",69.870003,68.3172147465669,71.4227912534331,67.9268650310901,71.8131409689098,67.2243641147502,72.5156418852498
"2019.016",69.870003,67.9682335502507,71.7717724497493,67.4901547381714,72.2498512618286,66.6297703437362,73.1102356562638
"2019.024",69.870003,67.6740287925012,72.0659772074987,67.1219909308056,72.6180150691944,66.1285046073381,73.6115013926619
"2019.032",69.870003,67.4148291975983,72.3251768024017,66.7976321051457,72.9423738948543,65.6868806281509,74.0531253718491
"2019.040",69.870003,67.1804948516577,72.5595111483423,66.504389311732,73.235616688268,65.2876220322675,74.4523839677325
"2019.048",69.870003,66.9650021807231,72.7750038192769,66.2347247325538,73.5052812674462,64.9204658611344,74.8195401388656
