"","Point Forecast","Lo 75","Hi 75","Lo 85","Hi 85","Lo 95","Hi 95"
"2019.000",83.75,82.201535701406,85.298464298594,81.8122729689982,85.6877270310018,81.1117282641572,86.3882717358428
"2019.008",83.75,81.5601407880778,85.9398592119222,81.0096401525804,86.4903598474196,80.0189203299455,87.4810796700545
"2019.016",83.75,81.0679811611287,86.4320188388713,80.3937583311054,87.1062416688946,79.1803793093473,88.3196206906527
"2019.024",83.75,80.653071402812,86.846928597188,79.8745459379965,87.6254540620035,78.4734565283143,89.0265434716857
"2019.032",83.75,80.2875285676123,87.2124714323877,79.4171106368412,88.0828893631588,77.8506450555391,89.6493549444609
"2019.040",83.75,79.957052583528,87.542947416472,79.0035575132475,88.4964424867525,77.2875804443782,90.2124195556218
"2019.048",83.75,79.6531485518582,87.8468514481418,78.6232561672418,88.8767438327582,76.7697890959492,90.7302109040508
