"","Point Forecast","Lo 75","Hi 75","Lo 85","Hi 85","Lo 95","Hi 95"
"2019.000",83.75,82.2076926414896,85.2923073585104,81.8199776795551,85.6800223204449,81.1222184517686,86.3777815482314
"2019.008",83.75,81.5688480162468,85.9311519837532,81.020536258744,86.479463741256,80.0337556955374,87.4662443044626
"2019.016",83.75,81.0786452941726,86.4213547058274,80.4071032812474,87.0928967187526,79.1985488472712,88.3014511527288
"2019.024",83.75,80.6653852829792,86.8346147170208,79.8899553591102,87.6100446408898,78.4944369035372,89.0055630964628
"2019.031",83.75,80.3012959041726,87.1987040958274,79.4343388933933,88.0656611066067,77.874101828135,89.625898171865
"2019.039",83.75,79.9721339451098,87.5278660548902,79.0224301227276,88.4775698772724,77.3132760513323,90.1867239486677
"2019.047",83.75,79.6694382841566,87.8305617158434,78.6436409152989,88.8563590847011,76.7975435235755,90.7024564764245
