"","Point Forecast","Lo 75","Hi 75","Lo 85","Hi 85","Lo 95","Hi 95"
"2019.000",83.599998,82.0453796582483,85.1546163417517,81.6545698836148,85.5454261163852,80.9512410123248,86.2487549876752
"2019.008",83.599998,81.4014356567807,85.7985603432193,80.8487471731861,86.3512488268139,79.8540899445992,87.3459060554008
"2019.016",83.599998,80.9073200457075,86.2926759542925,80.2304176599478,86.9695783400522,79.0122163204434,88.1877796795566
"2019.024",83.599998,80.4907613164965,86.7092346835035,79.7091417672296,87.4908542327704,78.3024840246495,88.8975119753505
"2019.032",83.599998,80.1237657087751,87.0762302912249,79.2498884864233,87.9501075135767,77.6771973196806,89.5227986803194
"2019.040",83.599998,79.7919763179365,87.4080196820635,78.8346917835924,88.3653042164076,77.1118949275643,90.0881010724357
"2019.048",83.599998,79.4868644841052,87.7131315158948,78.4528790104919,88.7471169895081,76.5920457271668,90.6079502728332
