"","Point Forecast","Lo 75","Hi 75","Lo 85","Hi 85","Lo 95","Hi 95"
"2019.000",19.6613009008138,19.2824890829047,20.0401127187228,19.1872609762951,20.1353408253324,19.0158817501751,20.3067200514524
"2019.008",19.7652514758947,19.2584902699339,20.2720126818554,19.1310974382815,20.3994055135078,18.9018323013475,20.6286706504419
"2019.016",19.6491237895831,19.061943350616,20.2363042285503,18.9143342244022,20.3839133547641,18.6486864160038,20.6495611631625
"2019.024",19.6981684689713,18.9963537156124,20.3999832223302,18.819927091644,20.5764098462986,18.5024172790566,20.893919658886
"2019.031",19.6981684689713,18.9353180308615,20.461018907081,18.7435478710802,20.6527890668624,18.3984247478098,20.9979121901328
"2019.039",19.6981684689713,18.8788165093005,20.5175204286421,18.6728426402777,20.7234942976649,18.3021575187223,21.0941794192202
"2019.047",19.6981684689713,18.8259675307074,20.5703694072352,18.6067081517566,20.789628786186,18.2121134882484,21.1842234496942
