"","Point Forecast","Lo 75","Hi 75","Lo 85","Hi 85","Lo 95","Hi 95"
"2019.000",19.5743456360524,19.1943083206671,19.9543829514377,19.0987721407641,20.0499191313407,18.9268384841878,20.2218527879171
"2019.008",19.6325335681112,19.12260851927,20.1424586169524,18.9944203408177,20.2706467954046,18.7637238416114,20.5013432946109
"2019.016",19.6200977090082,19.0285549695682,20.2116404484482,18.8798492207179,20.3603461972985,18.6122278527741,20.6279675652423
"2019.024",19.6322790305673,18.9243248076576,20.340233253477,18.7463548050689,20.5182032560658,18.4260674193154,20.8384906418192
"2019.032",19.6322790305673,18.8610281592756,20.403529901859,18.6671462455605,20.5974118155741,18.3182226607688,20.9463354003658
"2019.040",19.6322790305673,18.8025461631933,20.4620118979414,18.5939626760468,20.6705953850878,18.2185811014123,21.0459769597223
"2019.048",19.6322790305673,18.7479231316593,20.5166349294753,18.5256081619552,20.7389498991794,18.1255144415269,21.1390436196077
