"","Point Forecast","Lo 75","Hi 75","Lo 85","Hi 85","Lo 95","Hi 95"
"2019.000",62.86372465817,61.8573864772085,63.8700628391314,61.6044068312438,64.1230424850961,61.1491267937305,64.5783225226094
"2019.008",62.86372465817,61.221627215036,64.5058221013039,60.8088263915527,64.9186229247872,60.0659208756393,65.6615284407006
"2019.016",62.86372465817,60.7708196218548,64.9566296944851,60.2446919391916,65.4827573771483,59.297835403812,66.4296139125279
"2019.024",62.86372465817,60.4012017711049,65.326247545235,59.7821572193474,65.9452920969925,58.668080924111,67.0593683922289
"2019.031",62.86372465817,60.0802400708935,65.6472092454464,59.3805101403798,66.3469391759601,58.1212267391456,67.6062225771943
"2019.039",62.86372465817,59.7926411480889,65.934808168251,59.0206127844566,66.7068365318833,57.6312160169202,68.0962332994197
"2019.047",62.86372465817,59.5297598406924,66.1976894756475,58.6916467141702,67.0358026021697,57.1833191401144,68.5441301762255
