"","Point Forecast","Lo 75","Hi 75","Lo 85","Hi 85","Lo 95","Hi 95"
"2019.000",62.860982454202,61.8528819486799,63.8690829597241,61.5994592784398,64.1225056299642,61.143381943152,64.578582965252
"2019.008",62.860982454202,61.2094460988802,64.5125188095238,60.7942724620537,64.9276924463503,60.0470966636683,65.6748682447357
"2019.016",62.860982454202,60.7541179505698,64.9678469578342,60.2244810488721,65.4974838595319,59.2713090750802,66.4506558333238
"2019.024",62.860982454202,60.3810260553149,65.3409388530891,59.7575989572801,65.9643659511239,58.6356355222468,67.0863293861573
"2019.032",62.860982454202,60.0571476794521,65.6648172289519,59.3523019903199,66.3696629180841,58.0838119085765,67.6381529998275
"2019.040",62.860982454202,59.7669890560493,65.9549758523548,58.9892014601002,66.7327634483039,57.5894399713418,68.1325249370622
"2019.048",62.860982454202,59.501800879543,66.220164028861,58.6573486053816,67.0646163030225,57.1376126535332,68.5843522548709
