"","Point Forecast","Lo 75","Hi 75","Lo 85","Hi 85","Lo 95","Hi 95"
"2019.000",17.0406857478057,16.7391965636445,17.3421749319669,16.6634063089227,17.4179651866887,16.5270088138544,17.554362681757
"2019.008",17.1344921348756,16.6821888810678,17.5867953886834,16.568486033276,17.7004982364753,16.3638583581496,17.9051259116016
"2019.016",17.1828137637317,16.6300426054205,17.7355849220429,16.4910835014388,17.8745440260247,16.2410028839551,18.1246246435083
"2019.024",17.1944953819564,16.5589138896539,17.8300768742589,16.3991374010477,17.9898533628652,16.1115923479704,18.2773984159424
"2019.032",17.247513626774,16.5181461604716,17.9768810930765,16.3347931615552,18.1602340919929,16.0048181554375,18.4902090981105
"2019.040",17.3315798567369,16.5059900225153,18.1571696909586,16.2984480372018,18.364711676272,15.9249408228219,18.7382188906519
"2019.048",17.3781507742369,16.4718914830287,18.2844100654451,16.2440703002698,18.512231248204,15.8340672099529,18.9222343385209
