"","Point Forecast","Lo 75","Hi 75","Lo 85","Hi 85","Lo 95","Hi 95"
"2019.000",16.3298662343198,16.0202439293226,16.639488539317,15.9424091193324,16.7173233493071,15.8023320982068,16.8574003704328
"2019.008",16.43371625858,15.9696893555541,16.8977431616058,15.8530393427985,17.0143931743614,15.6431077414606,17.2243247756994
"2019.016",16.4572860596596,15.8914884503019,17.0230836690172,15.7492546748068,17.1653174445123,15.4932807271949,17.4212913921242
"2019.024",16.399504008759,15.7500811707147,17.0489268468033,15.5868251572214,17.2121828602965,15.2930181054166,17.5059899121013
"2019.032",16.412275555208,15.6677173841195,17.1568337262965,15.4805456499196,17.3440054604964,15.1436981780885,17.6808529323276
"2019.040",16.4954572739851,15.6528754746826,17.3380390732876,15.4410619418996,17.5498526060706,15.0598673490163,17.9310471989539
"2019.048",16.516641256317,15.5919506394569,17.4413318731771,15.35949607368,17.673786438954,14.9411544200521,18.0921280925819
