"","Point Forecast","Lo 75","Hi 75","Lo 85","Hi 85","Lo 95","Hi 95"
"2019.000",16.8024955120788,16.4923983600719,17.1125926640856,16.4144441800423,17.1905468441152,16.2741523321632,17.3308386919944
"2019.008",16.7890362774629,16.3294148961951,17.2486576587307,16.2138723713156,17.3642001836102,16.0059338833755,17.5721386715503
"2019.016",16.7231697576325,16.1661963989424,17.2801431163226,16.0261809192966,17.4201585959684,15.7741991735617,17.6721403417033
"2019.024",16.7935516978226,16.1542255902427,17.4328778054025,15.9935077566045,17.5935956390407,15.7042685925253,17.8828348031199
"2019.031",16.9125313223677,16.1783518869436,17.6467107577918,15.9937892248466,17.8312734198888,15.6616372234368,18.1634254212986
"2019.039",16.9125301194968,16.082214557441,17.7428456815525,15.8734845888263,17.9515756501672,15.4978393957963,18.3272208431972
"2019.047",16.8675985074533,15.9576416214773,17.7775553934293,15.728890913999,18.0063061009077,15.3172149853495,18.4179820295571
