"","Point Forecast","Lo 75","Hi 75","Lo 85","Hi 85","Lo 95","Hi 95"
"2019.000",101.892865595144,99.4248090984735,104.360922091814,98.8043734729942,104.981357717293,97.6877937032438,106.097937487043
"2019.008",102.973682834953,99.5734026828815,106.373962987025,98.718618788833,107.228746881074,97.1802893241672,108.76707634574
"2019.016",104.000875738379,100.119524038012,107.882227438746,99.1438053406602,108.857946136099,97.3878330629739,110.613918413785
"2019.024",104.321935643311,99.7206765746648,108.923194711956,98.5639830175687,110.079888269053,96.482315600975,112.161555685646
"2019.032",105.140857790117,100.023749140812,110.257966439422,98.7373780590475,111.544337521186,96.4223338106125,113.859381769621
"2019.040",105.942781715893,100.523687497129,111.361875934657,99.1614013761727,112.724162055614,96.7097350617236,115.175828370063
"2019.048",106.383581569217,100.677340391107,112.089822747326,99.2428694544604,113.524293683973,96.661294247657,116.105868890777
