"","Point Forecast","Lo 75","Hi 75","Lo 85","Hi 85","Lo 95","Hi 95"
"2019.000",102.825485877157,100.364614302364,105.286357451949,99.7459848679117,105.904986886401,98.6326556470957,107.018316107217
"2019.008",104.264637806356,100.963386277879,107.565889334832,100.133496824498,108.395778788213,98.639969153422,109.889306459289
"2019.016",104.308303940012,100.553032022371,108.063575857652,99.6090080568707,109.007599823153,97.9100758570582,110.706532022965
"2019.024",104.899698235244,100.458807252729,109.340589217759,99.3424280376906,110.456968432797,97.3333131582566,112.466083312231
"2019.031",106.078856167789,101.032429768811,111.125282566767,99.7638272374233,112.393885098155,97.4807605271453,114.676951808433
"2019.039",106.679821196394,101.284493859583,112.075148533205,99.9281824074759,113.431459985311,97.4872685290486,115.872373863739
"2019.047",107.137427666532,101.450295338325,112.82455999474,100.02062810502,114.254227228045,97.4476979820113,116.827157351054
