"","Point Forecast","Lo 75","Hi 75","Lo 85","Hi 85","Lo 95","Hi 95"
"2019.000",103.747447717467,102.077530008725,105.417365426209,101.657735551216,105.837159883718,100.902243797585,106.592651637349
"2019.008",102.979894425858,100.611358453792,105.348430397925,100.015940926162,105.943847925555,98.9443854921985,107.015403359518
"2019.016",102.384285770814,99.6470991993008,105.121472342328,98.959007956316,105.809563585312,97.7206703591387,107.04790118249
"2019.024",101.93508887384,98.9928447180317,104.877333029649,98.2532048047701,105.616972942911,96.9220965799484,106.948081167732
"2019.031",101.591662768172,98.5260785888594,104.657246947485,97.7554326817185,105.427892854626,96.3685238805198,106.814801655825
"2019.039",101.320434598294,98.1737116867109,104.467157509878,97.3826686127406,105.258200583848,95.9590516295701,106.681817567018
"2019.047",101.097380962586,97.8923031390473,104.302458786124,97.086590438856,105.108171486315,95.6365729602987,106.558188964873
