"","Point Forecast","Lo 75","Hi 75","Lo 85","Hi 85","Lo 95","Hi 95"
"2019.000",104.46968988344,102.783031883771,106.156347883109,102.35902914623,106.58035062065,101.595963874646,107.343415892235
"2019.008",103.427095777759,101.025535891588,105.828655663929,100.421816603917,106.4323749516,99.3353207362735,107.518870819243
"2019.016",102.592940259836,99.8249422483332,105.360938271338,99.1291054310201,106.056775088651,97.8768283512518,107.30905216842
"2019.024",101.997536288795,99.0416342165143,104.953438361076,98.2985608899736,105.696511687616,96.9612736521308,107.033798925459
"2019.032",101.559468480492,98.4936632349695,104.625273726015,97.722961754809,105.395975206175,96.3359529404792,106.782984020505
"2019.040",101.225084474151,98.0877352682744,104.362433680029,97.2990486156303,105.151120332673,95.8796724147,106.570496533603
"2019.048",100.959027612711,97.7704818165939,104.147573408827,96.9689250418393,104.949130183582,95.5263868602092,106.391668365212
