"","Point Forecast","Lo 75","Hi 75","Lo 85","Hi 85","Lo 95","Hi 95"
"2019.000",103.988558563852,102.313201084956,105.663916042748,101.892039143678,106.085077984025,101.13408636968,106.843030758023
"2019.008",103.097503413756,100.723049652253,105.47195717526,100.126144473349,106.068862354164,99.0519117570878,107.143095070425
"2019.016",102.409399805152,99.6690609049677,105.149738705336,98.9801772096978,105.838622400606,97.7404134594214,107.078386150882
"2019.024",101.896190019579,98.9548715453355,104.837508493822,98.2154643357506,105.576915703407,96.8847749009,106.907605138258
"2019.032",101.509696535045,98.449303876229,104.570089193861,97.67996304629,105.3394300238,96.2954029541944,106.723990115896
"2019.040",101.209669045419,98.0721525373492,104.347185553489,97.2834238272235,105.135914263615,95.8639719366791,106.555366154159
"2019.048",100.967226970435,97.7750219531882,104.159431987681,96.9725453003217,104.961908640548,95.5283516410751,106.406102299794
