"","Point Forecast","Lo 75","Hi 75","Lo 85","Hi 85","Lo 95","Hi 95"
"2019.000",17.7132042282997,17.4237761702619,18.0026322863375,17.3510179175792,18.0753905390202,17.2200770275148,18.2063314290846
"2019.008",17.6368186615592,17.2421756592872,18.0314616638313,17.1429678095941,18.1306695135244,16.9644263567525,18.3092109663659
"2019.016",17.6922726302517,17.2290649830981,18.1554802774053,17.1126209200565,18.2719243404469,16.9030599603689,18.4814853001345
"2019.024",17.6922726302517,17.1382801046026,18.2462651559008,16.9990139655877,18.3855312949157,16.7483807861741,18.6361644743293
"2019.031",17.6922726302517,17.0604070491599,18.3241382113436,16.9015646897761,18.4829805707274,16.6157007616202,18.7688444988832
"2019.039",17.6922726302517,16.9911303432214,18.393414917282,16.8148727680847,18.5696724924187,16.4976671877137,18.8868780727897
"2019.047",17.6922726302517,16.9281084458283,18.4564368146752,16.7360080282036,18.6485372322998,16.3902905495939,18.9942547109095
