"","Point Forecast","Lo 75","Hi 75","Lo 85","Hi 85","Lo 95","Hi 95"
"2019.000",17.3951452891231,17.105971982377,17.6843185958692,17.0332777706825,17.7570128075637,16.9024521333034,17.8878384449428
"2019.008",17.4550858403834,17.0571099059053,17.8530617748615,16.9570642026701,17.9531074780968,16.7770148894209,18.133156791346
"2019.016",17.4052170807504,16.9344687584836,17.8759654030171,16.8161290729201,17.9943050885806,16.6031566170642,18.2072775444366
"2019.024",17.3960268351662,16.8305257065341,17.9615279637983,16.6883664622358,18.1036872080966,16.4325266462293,18.3595270241031
"2019.032",17.4127958761233,16.7686294801876,18.056962272059,16.6066948643009,18.2188968879458,16.3152658929523,18.5103258592944
"2019.040",17.4023528732388,16.6920382292152,18.1126675172624,16.513474849063,18.2912308974145,16.1921195791394,18.6125861673381
"2019.048",17.3997061163054,16.6235098334314,18.1759023991794,16.4283847109274,18.3710275216834,16.0772237597977,18.7221884728132
