"","Point Forecast","Lo 75","Hi 75","Lo 85","Hi 85","Lo 95","Hi 95"
"2019.000",17.6929974521817,17.403932049303,17.9820628550605,17.331264963164,18.0547299411995,17.2004881428503,18.1855067615132
"2019.008",17.6425887590838,17.2435359692407,18.0416415489269,17.1432195593046,18.1419579588631,16.9626830631577,18.3224944550099
"2019.016",17.6827794838557,17.2110237348623,18.1545352328491,17.0924307960074,18.273128171704,16.8790025676422,18.4865564000692
"2019.024",17.6898558662622,17.1229975182881,18.2567142142363,16.9804970876221,18.3992146449023,16.7240432485321,18.6556684839922
"2019.032",17.6756268934257,17.0293921399629,18.3218616468885,16.8669375673014,18.48431621955,16.574572845019,18.7766809418324
"2019.040",17.6841157245821,16.9714922581188,18.3967391910455,16.7923484716038,18.5758829775605,16.4699486613985,18.8982827877658
"2019.048",17.6863732252816,16.907535216189,18.4652112343741,16.7117459998683,18.6610004506948,16.3593898986045,19.0133565519586
