"","Point Forecast","Lo 75","Hi 75","Lo 85","Hi 85","Lo 95","Hi 95"
"2019.000",17.7193504710944,17.3662313318707,18.0724696103181,17.277462013053,18.1612389291357,17.1177064775939,18.3209944645948
"2019.013",17.3399086352382,16.8549233120068,17.8248939584696,16.7330046392482,17.9468126312283,16.5135911852707,18.1662260852058
"2019.025",17.6323870119662,17.0840523078047,18.1807217161277,16.9462084676789,18.3185655562535,16.6981349577958,18.5666390661366
"2019.038",17.806345099253,17.1545048235668,18.4581853749393,16.9906410993353,18.6220490991708,16.6957403683667,18.9169498301394
"2019.051",17.9098105809445,17.1397950011577,18.6798261607313,16.9462236228208,18.8733975390682,16.5978588994271,19.221762262462
"2019.063",17.9713490013113,17.0824526533754,18.8602453492471,16.8589962769262,19.0837017256963,16.4568484003078,19.4858496023148
"2019.076",18.0079503597481,17.0050469211728,19.0108537983234,16.7529307224362,19.2629699970601,16.2992046055352,19.7166961139611
