"","Point Forecast","Lo 75","Hi 75","Lo 85","Hi 85","Lo 95","Hi 95"
"2019.000",74.1054307682875,72.5423908241918,75.6684707123833,72.149463973987,76.0613975625881,71.4423250639807,76.7685364725944
"2019.008",74.1054307682875,72.066758448129,76.1441030884461,71.5542641280794,76.6565974084957,70.6319431549127,77.5789183816623
"2019.016",74.1054307682875,71.6827719414771,76.528089595098,71.0737486688888,77.1371128676863,69.9777073753959,78.2331541611792
"2019.024",74.1054307682875,71.3518210004983,76.8590405360767,70.6596011907374,77.5512603458376,69.4138335332106,78.7970280033645
"2019.031",74.1054307682875,71.0565854597476,77.1542760768275,70.2901474756311,77.920714060944,68.9108115498907,79.3000499866844
"2019.039",74.1054307682875,70.7875174665951,77.42334406998,69.9534394714605,78.2574220651146,68.4523738048301,79.758487731745
"2019.047",74.1054307682875,70.5386900095991,77.672171526976,69.6420601972245,78.5688013393506,68.0284218625798,80.1824396739953
