"","Point Forecast","Lo 75","Hi 75","Lo 85","Hi 85","Lo 95","Hi 95"
"2019.000",73.6174925862929,72.049318454895,75.1856667176907,71.6551009402689,75.5798842323169,70.945639259417,76.2893459131687
"2019.008",73.6174925862929,71.5738472718521,75.6611379007337,71.0601028091003,76.1748823634855,70.1355319908356,77.0994531817502
"2019.016",73.6174925862929,71.1897771507267,76.045208021859,70.5794827159018,76.6555024566839,69.4811537490725,77.7538314235132
"2019.024",73.6174925862929,70.8586670570256,76.3763181155601,70.165136076212,77.0698490963738,68.9170087426575,78.3179764299283
"2019.032",73.6174925862929,70.56324401,76.6717411625857,69.7954477183194,77.4395374542663,68.4136672863565,78.8213178862292
"2019.040",73.6174925862929,70.2939778156566,76.9410073569291,69.4584916878911,77.7764934846946,67.9548918463292,79.2800933262566
"2019.048",73.6174925862929,70.0449491652148,77.1900360073709,69.1468606429306,78.0881245296551,67.5305971109115,79.7043880616742
