"","Point Forecast","Lo 75","Hi 75","Lo 85","Hi 85","Lo 95","Hi 95"
"2019.000",44.0443832841429,43.5548865568536,44.5338800114323,43.4318337788578,44.6569327894281,43.2103793089995,44.8783872592863
"2019.008",44.0125156452809,43.2664842869446,44.7585470036172,43.0789422136326,44.9460890769291,42.7414282533802,45.2836030371815
"2019.016",43.9986603536761,43.1047951414212,44.8925255659309,42.880089660486,45.1172310468662,42.4756938072168,45.5216269001353
"2019.024",44.0018956780143,42.992223283579,45.0115680724497,42.7384054619789,45.2653858940498,42.2816169843962,45.7221743716325
"2019.031",44.004692478607,42.8876478455388,45.1217371116753,42.6068381126412,45.4025468445729,42.1014730851894,45.9079118720247
"2019.039",44.0045727301524,42.7876065969336,45.2215388633712,42.4816779664223,45.5274674938824,41.9311071968079,46.0780382634968
"2019.047",44.0040882458557,42.6950371198131,45.3131393718983,42.3659595823798,45.6422169093316,41.7737284049816,46.2344480867298
