"","Point Forecast","Lo 75","Hi 75","Lo 85","Hi 85","Lo 95","Hi 95"
"2019.000",43.8516388772395,43.3594122052241,44.343865549255,43.2356731564861,44.4676045979929,43.0129836253326,44.6902941291465
"2019.008",43.7836893714123,43.0321088774168,44.5352698654077,42.8431718273456,44.724206915479,42.5031473683972,45.0642313744274
"2019.016",43.7746631713217,42.8744531168919,44.6748732257514,42.6481526294694,44.901173713174,42.2408862898786,45.3084400527648
"2019.024",43.7848889178205,42.768728394178,44.8010494414631,42.5132795456917,45.0564982899494,42.0535557569336,45.5162220787075
"2019.032",43.7880052268161,42.6641520283214,44.9118584253109,42.3816307152575,45.1943797383747,41.8731854072585,45.7028250463738
"2019.040",43.7867368504713,42.5624912956232,45.0109824053193,42.2547327181404,45.3187409828021,41.7008686467164,45.8726050542261
"2019.048",43.7860090110546,42.4692391257566,45.1027788963527,42.1382211978852,45.4337968242241,41.5424979568151,46.0295200652942
