"","Point Forecast","Lo 75","Hi 75","Lo 85","Hi 85","Lo 95","Hi 95"
"2019.000",43.6659606750288,43.1756284383534,44.1562929117042,43.0523656247327,44.2795557253249,42.8305331599301,44.5013881901275
"2019.008",43.6721274442959,42.9239821615378,44.4202727270539,42.7359086765574,44.6083462120343,42.3974383503356,44.9468165382561
"2019.016",43.6875639497915,42.7922104213546,44.5829174782284,42.5671307981003,44.8079971014827,42.16206161189,45.2130662876931
"2019.024",43.6888528309924,42.6786460110769,44.6990596509079,42.4246938422253,44.9530118197595,41.9676635838404,45.4100420781443
"2019.032",43.6863864945735,42.5693179657884,44.8034550233585,42.2885022258347,45.0842707633122,41.7831263876604,45.5896466014865
"2019.040",43.6857882766317,42.4690490520495,44.9025275012139,42.163177463264,45.2083990899993,41.6127093499679,45.7588672032955
"2019.048",43.6861225426844,42.3775406199386,44.9947044654301,42.0485810337925,45.3236640515762,41.4565621298613,45.9156829555074
