"","Point Forecast","Lo 75","Hi 75","Lo 85","Hi 85","Lo 95","Hi 95"
"2019.000",25.379999,24.6626766618321,26.0973213381679,24.4823516432793,26.2776463567207,24.1578260044744,26.6021719955256
"2019.013",25.379999,24.3655520207698,26.3944459792302,24.1105339338972,26.6494640661028,23.6515853741616,27.1084126258384
"2019.025",25.379999,24.1375602648891,26.6224377351109,23.8252281708798,26.9347698291202,23.263133276111,27.496864723889
"2019.038",25.379999,23.9453543236642,26.8146436763358,23.5847042865585,27.1752937134415,22.9356530089488,27.8243449910512
"2019.051",25.379999,23.7760174900775,26.9839805099225,23.3727984905494,27.3871995094506,22.6471371017402,28.1128608982598
"2019.063",25.379999,23.6229252903885,27.1370727096115,23.1812210070761,27.5787769929239,22.3862987835535,28.3736992164465
"2019.076",25.379999,23.4821424833363,27.2778555166637,23.0050473290825,27.7549506709175,22.1464331947404,28.6135648052596
