"","Point Forecast","Lo 75","Hi 75","Lo 85","Hi 85","Lo 95","Hi 95"
"2019.000",28.7978699230174,28.143965263848,29.4517745821868,27.979582581862,29.6161572641728,27.6837478978671,29.9119919481677
"2019.008",28.7978699230174,27.7836289655077,29.8121108805272,27.528662669676,30.0670771763588,27.0698073167553,30.5259325292795
"2019.016",28.7978699230174,27.5212422809474,30.0744975650874,27.2003155636375,30.3954242823973,26.6227531777834,30.9729866682515
"2019.024",28.7978699230174,27.3042596816545,30.2914801643803,26.9287865085029,30.6669533375319,26.2530584683839,31.3426813776509
"2019.031",28.7978699230174,27.1150256136082,30.4807142324266,26.6919815856043,30.9037582604305,25.9306416754114,31.6650981706234
"2019.039",28.7978699230174,26.9450185025528,30.650721343482,26.4792370135443,31.1165028324905,25.6409837502031,31.9547560958317
"2019.047",28.7978699230174,26.7893501190512,30.8063897269837,26.2844357289055,31.3113041171294,25.3757561329247,32.2199837131101
