"","Point Forecast","Lo 75","Hi 75","Lo 85","Hi 85","Lo 95","Hi 95"
"2019.000",28.219999,27.412913053356,29.027084946644,27.2100226921357,29.2299753078643,26.8448868689937,29.5951111310063
"2019.013",28.219999,27.0786071082554,29.3613908917446,26.7916768077428,29.6483211922572,26.2752967745472,30.1647012254528
"2019.025",28.219999,26.8220851343378,29.6179128656622,26.4706687203382,29.9693292796618,25.8382349229928,30.6017630770072
"2019.038",28.219999,26.6058271067121,29.8341708932879,26.2000463842714,30.2399516157286,25.4697747379875,30.9702232620125
"2019.051",28.219999,26.4152999596193,30.0246980403807,25.9616233199512,30.4783746800488,25.1451547983854,31.2948432016146
"2019.063",28.219999,26.2430502521511,30.1969477478489,25.7460723934324,30.6939256065676,24.8516759399234,31.5883220600766
"2019.076",28.219999,26.0846502985249,30.3553477014751,25.5478528593239,30.8921451406761,24.5817942765293,31.8582037234707
