"","Point Forecast","Lo 75","Hi 75","Lo 85","Hi 85","Lo 95","Hi 95"
"2019.000",72.199997,70.4344605336311,73.9655334663689,69.9906288290911,74.4093651709089,69.1918779480785,75.2081160519215
"2019.008",72.199997,69.7031513843968,74.6968426156032,69.0754785684252,75.3245154315748,67.9458742395397,76.4541197604603
"2019.016",72.199997,69.1419981376334,75.2579958623666,68.3732590753603,76.0267349246397,66.989781966856,77.410212033144
"2019.024",72.199997,68.6689240672622,75.7310699327378,67.7812606581822,76.6187333418178,66.1837588961569,78.216235103843
"2019.031",72.199997,68.2521374444443,76.1478565555557,67.2596995825233,77.1402944174767,65.4736383154912,78.9263556845087
"2019.039",72.199997,67.8753335351197,76.5246604648803,66.788172327327,77.611821672673,64.8316402372476,79.5683537627524
"2019.047",72.199997,67.5288265793721,76.8711674206279,66.3545582651934,78.0454357348066,64.2412620745402,80.1587319254597
