"","Point Forecast","Lo 75","Hi 75","Lo 85","Hi 85","Lo 95","Hi 95"
"2019.000",72.900002,71.1299701353428,74.6700338646572,70.6850083491971,75.1149956508029,69.8842236935151,75.9157803064849
"2019.008",72.900002,70.3967989311693,75.4032050688307,69.7675279384643,76.0324760615357,68.6350474178584,77.1649565821416
"2019.016",72.900002,69.8342168793979,75.9657871206021,69.0635204583669,76.7364835416331,67.6765207488041,78.1234832511959
"2019.024",72.900002,69.3599382706856,76.4400657293144,68.4700146983942,77.3299893016058,66.8684453870301,78.9315586129699
"2019.032",72.900002,68.9420904282858,76.8579135717142,67.9471256270743,77.8528783729257,66.1565167016305,79.6434872983695
"2019.040",72.900002,68.5643271031229,77.2356768968771,67.4743977720285,78.3256062279715,65.5128839717571,80.2871200282429
"2019.048",72.900002,68.2169378734572,77.5830661265428,67.0396796443885,78.7603243556115,64.9210025917373,80.8790014082627
