"","Point Forecast","Lo 75","Hi 75","Lo 85","Hi 85","Lo 95","Hi 95"
"2019.000",48.6430223310859,47.9831267600317,49.3029179021402,47.8172380447893,49.4688066173825,47.518692996983,49.7673516651888
"2019.008",48.8423661498501,47.8625560699831,49.8221762297171,47.6162452255703,50.0684870741298,47.1729668343126,50.5117654653875
"2019.016",49.0797842493564,47.9377145126763,50.2218539860366,47.6506138112239,50.508954687489,47.1339271124625,51.0256413862504
"2019.024",49.2863779761012,47.9650085346723,50.60774741753,47.6328343413392,50.9399216108632,47.035030203283,51.5377257489194
"2019.032",49.4580816153309,48.0259084496662,50.8902547809956,47.6658797165182,51.2502835141436,47.0179465813901,51.8982166492717
"2019.040",49.6007874960431,48.0968355069746,51.1047394851116,47.7187625599868,51.4828124320994,47.0383557832637,52.1632192088225
"2019.048",49.7193928353429,48.1677970282066,51.2709886424791,47.7777470774091,51.6610385932766,47.0757856387567,52.363000031929
