"","Point Forecast","Lo 75","Hi 75","Lo 85","Hi 85","Lo 95","Hi 95"
"2019.000",48.3260117223004,47.6633716023557,48.9886518422452,47.4967929450842,49.1552304995167,47.1970062288751,49.4550172157258
"2019.008",48.6833248161437,47.6995952124558,49.6670544198317,47.452299053397,49.9143505788904,47.0072474203146,50.3594022119728
"2019.016",48.8763345831434,47.7297637109962,50.0229054552906,47.4415314856899,50.3111376805969,46.9228084166872,50.8298607495996
"2019.024",49.1185405466465,47.7922762451385,50.4448048481545,47.4588715509724,50.7782095423206,46.8588529167134,51.3782281765796
"2019.032",49.3197063859253,47.8825208770394,50.7568918948111,47.5212321094044,51.1181806624461,46.871031327224,51.7683814446265
"2019.040",49.4867860659935,47.9778291865045,50.9957429454826,47.5984980785618,51.3750740534252,46.915827026527,52.0577451054601
"2019.048",49.6255552506215,48.0690163319335,51.1820941693095,47.6777237505433,51.5733867506998,46.9735259861157,52.2775845151274
