"","Point Forecast","Lo 75","Hi 75","Lo 85","Hi 85","Lo 95","Hi 95"
"2019.000",35.758481016,34.3648626574204,37.1520993745796,34.0145260751131,37.5024359568869,33.3840356191441,38.1329264128559
"2019.008",35.566961032,33.5960870485246,37.5378350154754,33.1006363024302,38.0332857615698,32.2089881486521,38.9249339153479
"2019.016",35.375441048,32.9616232445794,37.7892588514206,32.3548224842731,38.3960596117268,31.2627809808476,39.4881011151524
"2019.024",35.183921064,32.3966843468408,37.9711577811591,31.6960111822262,38.6718309457737,30.4350302702883,39.9328118577117
"2019.032",34.99240108,31.8761756955244,38.1086264644756,31.0927992824803,38.8920028775197,29.6829797637688,40.3018223962312
"2019.040",34.800881096,31.387227221305,38.214534970695,30.5290813564215,39.0726808355784,28.9847014516028,40.6170607403972
"2019.048",34.609361112,30.9221935126644,38.2965287113356,29.995290040711,39.223432183289,28.3271690902173,40.8915531337827
