"","Point Forecast","Lo 75","Hi 75","Lo 85","Hi 85","Lo 95","Hi 95"
"2019.000",36.6944365000001,35.2972795263528,38.0915934736473,34.9460533846469,38.4428196153532,34.3139620147593,39.0749109852408
"2019.008",36.5088720000001,34.532993659104,38.4847503408962,34.0362848860436,38.9814591139566,33.1423726980895,39.8753713019107
"2019.016",36.3233075000002,33.903360635494,38.7432543645064,33.295019113113,39.3515958868874,32.2002047454418,40.4464102545585
"2019.024",36.1377430000002,33.3434290527057,38.9320569472947,32.640976769294,39.6345092307065,31.3767940295187,40.8986919704817
"2019.032",35.9521785000003,32.8280405316872,39.0763164683134,32.0426750033578,39.8616819966427,30.6292757322982,41.2750812677024
"2019.040",35.7666140000003,32.3442923239934,39.1889356760073,31.4839674924875,40.0492605075131,29.9356661654461,41.5975618345546
"2019.048",35.5810495000004,31.8845196052102,39.2775793947907,30.9552625803117,40.2068364196891,29.2829060097189,41.8791929902819
