"","Point Forecast","Lo 75","Hi 75","Lo 85","Hi 85","Lo 95","Hi 95"
"2019.000",44.0859780363475,43.3707671381713,44.8011889345238,43.1909729067352,44.9809831659598,42.8674025099124,45.3045535627826
"2019.008",44.2414133432104,43.1755296977,45.3072969887209,42.907581136886,45.5752455495349,42.4253619830334,46.0574647033875
"2019.016",44.1549315989128,42.8957630023443,45.4141001954813,42.5792252501292,45.7306379476964,42.0095615558295,46.3003016419961
"2019.024",44.1185488424678,42.6605535101436,45.5765441747919,42.2940334376992,45.9430642472363,41.6344180299239,46.6026796550116
"2019.032",44.2276888167869,42.5810539476672,45.8743236859066,42.1671124773903,46.2882651561836,41.422154172949,47.0332234606249
"2019.040",44.1426815553643,42.3609841233753,45.9243789873533,41.9130897732572,46.3722733374714,41.1070274683386,47.17833564239
"2019.048",44.1426823678974,42.2115397795071,46.0738249562877,41.7260769623738,46.559287773421,40.8524037909496,47.4329609448453
