"","Point Forecast","Lo 75","Hi 75","Lo 85","Hi 85","Lo 95","Hi 95"
"2019.000",44.4864174647552,43.7737534182906,45.1990815112198,43.5945994305187,45.3782354989917,43.272181261411,45.7006536680995
"2019.008",44.3621938419143,43.3020273589281,45.4223603249004,43.0355160145277,45.6888716693009,42.555883376836,46.1685043069925
"2019.016",44.3477820650226,43.0961191162098,45.5994450138355,42.7814681811183,45.914095948927,42.2152001361703,46.480363993875
"2019.024",44.4646989385355,43.0149941583478,45.9144037187231,42.6505582172462,46.2788396598248,41.9946935594266,46.9347043176444
"2019.031",44.3539882145827,42.7170716777334,45.9909047514319,42.3055732631843,46.4024031659811,41.5650116543711,47.1429647747942
"2019.039",44.3741817029363,42.603210397528,46.1451530083445,42.1580124488347,46.5903509570379,41.356802778353,47.3915606275196
"2019.047",44.4437588818807,42.5241488488554,46.363368914906,42.0415851583065,46.8459326054549,41.1731294598337,47.7143883039277
