"","Point Forecast","Lo 75","Hi 75","Lo 85","Hi 85","Lo 95","Hi 95"
"2019.000",44.6027846763139,43.8859622533247,45.3196070993031,43.7057629066059,45.4998064460219,43.3814634357092,45.8241059169186
"2019.008",44.5515412033043,43.4828293269963,45.6202530796123,43.2141697876669,45.8889126189417,42.7306711066653,46.3724112999433
"2019.016",44.6360934689725,43.3726698646235,45.8995170733216,43.0550624616863,46.2171244762587,42.4834737484034,46.7887131895417
"2019.024",44.5890226375291,43.1264281035458,46.0516171715125,42.7587518547489,46.4192934203094,42.0970557103548,47.0809895647035
"2019.032",44.5692520810939,42.9173060467381,46.2211981154497,42.5020294222093,46.6364747399785,41.7546682798815,47.3838358823064
"2019.040",44.6287187496928,42.8409624408569,46.4164750585288,42.3915449720211,46.8658925273645,41.5827415550884,47.6746959442973
"2019.048",44.5822619951421,42.6447201349766,46.5198038553077,42.1576486284993,47.0068753617849,41.2810803461183,47.883443644166
