"","Point Forecast","Lo 75","Hi 75","Lo 85","Hi 85","Lo 95","Hi 95"
"2019.000",52.169998,50.7710712297072,53.5689247702928,50.419400185346,53.920595814654,49.7865081372187,54.5534878627813
"2019.008",52.169998,50.1916167886851,54.1483792113149,49.6942788282556,54.6457171717444,48.7992343102759,55.5407616897241
"2019.016",52.169998,49.7469857577846,54.5930102422154,49.1378736414002,55.2021223585998,48.0416724583375,56.2983235416625
"2019.024",52.169998,49.3721444594143,54.9678515405857,48.668802370692,55.671193629308,47.4030182744375,56.9369777255625
"2019.032",52.169998,49.041902646081,55.298093353919,48.255542285171,56.084453714829,46.8403526431395,57.4996433568605
"2019.040",52.169998,48.7433412252629,55.5966547747371,47.8819266092663,56.4580693907337,46.3316640290896,58.0083319709104
"2019.048",52.169998,48.4687856634143,55.8712103365857,47.5383515367323,56.8016444632677,45.8638765706373,58.4761194293627
