"","Point Forecast","Lo 75","Hi 75","Lo 85","Hi 85","Lo 95","Hi 95"
"2019.000",52.5,51.0958574994747,53.9041425005253,50.7428752919155,54.2571247080845,50.1076235818965,54.8923764181035
"2019.008",52.5,50.5142426322527,54.4857573677473,50.0150504070461,54.9849495929539,49.1166688232165,55.8833311767835
"2019.016",52.5,50.0679538480234,54.9320461519766,49.4565707303631,55.5434292696369,48.3562824930151,56.6437175069849
"2019.024",52.5,49.6917149989495,55.3082850010505,48.9857505838311,56.0142494161689,47.715247163793,57.284752836207
"2019.032",52.5,49.360241918729,55.639758081271,48.5709497077787,56.4290502922213,47.1504837013531,57.8495162986469
"2019.040",52.5,49.0605673475574,55.9394326524426,48.1959410507562,56.8040589492438,46.6398985029791,58.3601014970209
"2019.048",52.5,48.7849881383138,56.2150118616862,47.8510849998816,57.1489150001184,46.1703669552427,58.8296330447573
