"","Point Forecast","Lo 75","Hi 75","Lo 85","Hi 85","Lo 95","Hi 95"
"2019.000",179.529999,177.018865857587,182.041132142413,176.387601352914,182.672396647086,175.251533167379,183.808464832621
"2019.008",179.529999,175.978720453075,183.081277546925,175.085977629121,183.974020370879,173.479334593358,185.580663406642
"2019.016",179.529999,175.18058881277,183.87940918723,174.087206617662,184.972791382338,172.119478799454,186.940519200546
"2019.024",179.529999,174.507732715173,184.552265284827,173.245203705828,185.814794294172,170.973067334759,188.086930665241
"2019.032",179.529999,173.914934593011,185.145063406989,172.50338424878,186.55661375122,169.96305855885,189.09693944115
"2019.040",179.529999,173.379004124896,185.680993875104,171.832728195717,187.227269804283,169.049940828148,190.010057171852
"2019.048",179.529999,172.886165196202,186.173832803798,171.215996305336,187.844001694664,168.210242413999,190.849755586001
