"","Point Forecast","Lo 75","Hi 75","Lo 85","Hi 85","Lo 95","Hi 95"
"2019.000",180.779999,178.275625897232,183.284372102768,177.646060774008,183.913937225992,176.513050915348,185.046947084652
"2019.008",180.779999,177.238280592823,184.321717407177,176.347941057163,185.212056942837,174.745623148744,186.814374851256
"2019.016",180.779999,176.442297544897,185.117700455103,175.3518587648,186.2081392352,173.389428124124,188.170569875876
"2019.024",180.779999,175.771252794464,185.788745205536,174.512122548017,187.047875451983,172.246102830697,189.313895169303
"2019.032",180.779999,175.180050501189,186.379947498811,173.772300089398,187.787697910602,171.238813026256,190.321184973744
"2019.040",180.779999,174.645562772668,186.914435227332,173.103449460918,188.456548539082,170.328153433657,191.231844566343
"2019.048",180.779999,174.154050579957,187.405947420043,172.488377829787,189.071620170213,169.490715510788,192.069282489212
