"","Point Forecast","Lo 75","Hi 75","Lo 85","Hi 85","Lo 95","Hi 95"
"2019.000",0.861397601749464,0.734485207007997,0.988309996490932,0.702581167891091,1.02021403560784,0.645164405880135,1.07763079761879
"2019.008",0.836761100508891,0.655905792663257,1.01761640835453,0.61044124345385,1.06308095756393,0.528620029772205,1.14490217124558
"2019.016",0.814391084463955,0.57611165500357,1.05267051392434,0.516211467525868,1.11257070140204,0.408410859702627,1.22037130922528
"2019.024",0.790806991982304,0.506035309692168,1.07557867427244,0.43444760614533,1.14716637781928,0.305613318975663,1.27600066498895
"2019.032",0.767673388468628,0.440346152926563,1.09500062401069,0.358060565706843,1.17728621123041,0.209973611543632,1.32537316539362
"2019.040",0.744295425367966,0.379231342138302,1.10935950859763,0.287459227875842,1.20113162286009,0.122299649662503,1.36629120107343
"2019.048",0.72100695542436,0.321297376701545,1.12071653414717,0.22081585902983,1.22119805181889,0.039982223341379,1.40203168750734
