"","Point Forecast","Lo 75","Hi 75","Lo 85","Hi 85","Lo 95","Hi 95"
"2019.000",0.878599610013008,0.751163949812809,1.00603527021321,0.719128368920981,1.03807085110503,0.661474875041764,1.09572434498425
"2019.008",0.859965233959275,0.678366485133095,1.04156398278545,0.632715045035901,1.08721542288265,0.550557489313463,1.16937297860509
"2019.016",0.835027249189112,0.595768442393496,1.07428605598473,0.53562205285746,1.13443244552076,0.427378362422072,1.24267613595615
"2019.024",0.812635075739496,0.526693667078794,1.0985764844002,0.454811910331253,1.17045824114774,0.325448424254155,1.29982172722484
"2019.032",0.788977198510124,0.460305660118985,1.11764873690126,0.377682133561116,1.20027226345913,0.228986999898076,1.34896739712217
"2019.040",0.765826878074748,0.399263830617944,1.13238992553155,0.307114897263582,1.22453885888591,0.141277168799687,1.39037658734981
"2019.048",0.742422361445818,0.341071742435109,1.14377298045653,0.240177689694269,1.24466703319737,0.0586016267602189,1.42624309613142
