"","Point Forecast","Lo 75","Hi 75","Lo 85","Hi 85","Lo 95","Hi 95"
"2019.000",193.630005,190.215077145591,197.044932854409,189.356611019643,197.903398980357,187.811654750395,199.448355249605
"2019.008",193.630005,188.800567713769,198.459442286231,187.586513275616,199.673496724384,185.401615166371,201.858394833629
"2019.016",193.630005,187.715176451982,199.544833548018,186.228269505263,201.031740494737,183.552326751453,203.707683248547
"2019.024",193.630005,186.800149291182,200.459860708818,185.083217039287,202.176792960713,181.993304500789,205.266705499211
"2019.031",193.630005,185.993994179284,201.266015820716,184.074405565284,203.185604434716,180.61977832498,206.64023167502
"2019.039",193.630005,185.265174248281,201.994835751719,183.162370278245,204.097639721755,179.378015743672,207.881994256328
"2019.047",193.630005,184.594955152007,202.665054847993,182.323667273776,204.936342726224,178.236097198874,209.023912801126
