"","Point Forecast","Lo 75","Hi 75","Lo 85","Hi 85","Lo 95","Hi 95"
"2019.000",192.649994,189.222916721383,196.077071278617,188.361396396466,196.938591603534,186.81094357505,198.48904442495
"2019.008",192.649994,187.803374833279,197.496613166721,186.585001105521,198.714986894479,184.392329697655,200.907658302345
"2019.016",192.649994,186.71412203197,198.58586596803,185.22192505746,200.07806294254,182.53646199603,202.76352600397
"2019.024",192.649994,185.795839442765,199.504148557235,184.072798792931,201.227189207069,180.9718931501,204.3280948499
"2019.032",192.649994,184.986816240867,200.313171759133,183.060398230355,202.239589769645,179.593480325763,205.706507674237
"2019.040",192.649994,184.255403358302,201.044584641698,182.145118159218,203.154869840782,178.347299876491,206.952688123509
"2019.048",192.649994,183.582799796979,201.717188203021,181.303431267821,203.996556732179,177.201318682816,208.098669317184
