"","Point Forecast","Lo 75","Hi 75","Lo 85","Hi 85","Lo 95","Hi 95"
"2019.000",192.320007,188.879307476948,195.760706523052,188.014362706214,196.625651293786,186.457747010256,198.182266989744
"2019.008",192.320007,187.45412307045,197.18589092955,186.230906444974,198.409107555026,184.029519416347,200.610494583653
"2019.016",192.320007,186.360540612497,198.279473387503,184.862412323844,199.777601676156,182.166274850585,202.473739149415
"2019.024",192.320007,185.438607953897,199.201406046103,183.708718412429,200.931295587571,180.595487020512,204.044526979488
"2019.032",192.320007,184.626368976306,200.013645023694,182.692293672161,201.947720327839,179.211595161155,205.428418838845
"2019.040",192.320007,183.892048810286,200.747965189714,181.773375466299,202.866638533701,177.960461285593,206.679552714407
"2019.048",192.320007,183.216771725907,201.423242274093,180.928342964739,203.711671035261,176.809924946333,207.830089053667
