"","Point Forecast","Lo 75","Hi 75","Lo 85","Hi 85","Lo 95","Hi 95"
"2019.000",86.0012082861515,84.8037952952072,87.1986212770957,84.5027820570598,87.4996345152432,83.9610573746919,88.0413591976111
"2019.008",85.8980927795527,84.0290482419738,87.7671373171316,83.5591960249415,88.2369895341639,82.7136167919544,89.0825687671509
"2019.016",85.973392064674,83.7184437365479,88.2283403928001,83.1515805880454,88.7952035413025,82.1314136314076,89.8153704979403
"2019.024",85.918405355819,83.2703641013933,88.5664466102447,82.6046827710828,89.2321279405551,81.4066756354498,90.4301350761882
"2019.032",85.95855896612,83.0105045718112,88.9066133604288,82.2694040441094,89.6477138881305,80.9356671943857,90.9814507378543
"2019.040",85.9292371090062,82.6812143076722,89.1772599103402,81.8647058278073,89.993768390205,80.3952595016999,91.4632147163125
"2019.048",85.9506491638166,82.44691733923,89.4543809884032,81.5661271105492,90.335171217084,79.9809948093874,91.9203035182458
