"","Point Forecast","Lo 75","Hi 75","Lo 85","Hi 85","Lo 95","Hi 95"
"2019.000",86.5078968460865,85.3141794812349,87.7016142109381,85.0140952729088,88.0016984192642,84.47404253822,88.5417511539529
"2019.008",86.5094309064198,84.644885737567,88.3739760752727,84.1761646002541,88.8426972125855,83.3326209382124,89.6862408746273
"2019.016",86.5083130113855,84.2588192292023,88.7578067935688,83.693327278899,89.323298743872,82.6756280273811,90.34099799539
"2019.024",86.5091276399112,83.8673694543735,89.1508858254489,83.2032676015916,89.8149876782309,82.008103005269,91.0101522745534
"2019.031",86.5085340066858,83.5673985274809,89.4496694858908,82.8280373203441,90.1890306930276,81.4974306747481,91.5196373386235
"2019.039",86.5089665969956,83.268569161017,89.7493640329743,82.4539775936419,90.5639556003494,80.9879810786324,92.0299521153589
"2019.047",86.5086513613112,83.0130687400644,90.0042339825579,82.1343271095734,90.8829756130489,80.5528816103957,92.4644211122266
