"","Point Forecast","Lo 75","Hi 75","Lo 85","Hi 85","Lo 95","Hi 95"
"2019.000",85.2911638915853,84.0903164397532,86.4920113434175,83.7884398251425,86.7938879580281,83.2451613495155,87.3371664336551
"2019.008",85.319506619659,83.4447339702516,87.1942792690664,82.9734417843005,87.6655714550175,82.1252710815495,88.5137421577684
"2019.016",85.2988230625176,83.03696680089,87.5606793241452,82.4683670924471,88.1292790325881,81.4450748998963,89.1525712251389
"2019.024",85.3139172177065,82.6577319766417,87.9701024587713,81.9900033595487,88.6378310758643,80.7883117820325,89.8395226533805
"2019.032",85.3029020175981,82.3457551079957,88.2600489272004,81.6023688463892,89.0034351888069,80.264518428501,90.3412856066952
"2019.040",85.3109405352833,82.052903461586,88.5689776089805,81.2338775307042,89.3880035398623,79.7599006219522,90.8619804486143
"2019.048",85.3050742989971,81.7905150172621,88.8196335807321,80.9070029140387,89.7031456839556,79.316972135218,91.2931764627763
