"","Point Forecast","Lo 75","Hi 75","Lo 85","Hi 85","Lo 95","Hi 95"
"2019.000",34.6953968197738,33.9059448213198,35.4848488182278,33.7074873933365,35.6833062462111,33.3503293899228,36.0404642496247
"2019.008",34.7035343055193,33.6009197416031,35.8061488694356,33.3237375306007,36.083331080438,32.8249008477443,36.5821677632944
"2019.016",34.6666209109853,33.3673177823632,35.9659240396075,33.0406907580704,36.2925510639003,32.4528696971869,36.8803721247838
"2019.024",34.6666209109853,33.0920432387034,36.2411985832673,32.6962159615377,36.637025860433,31.9838572383307,37.34938458364
"2019.032",34.6666209109853,32.8581958857077,36.475045936263,32.4035825844302,36.9296592375404,31.5854283804808,37.7478134414899
"2019.040",34.6666209109853,32.6513027480017,36.681939073969,32.1446793434412,37.1885624785295,31.2329240844209,38.1003177375497
"2019.048",34.6666209109853,32.4637560662767,36.869485755694,31.9099859926916,37.4232558292791,30.9133822583708,38.4198595635999
