"","Point Forecast","Lo 75","Hi 75","Lo 85","Hi 85","Lo 95","Hi 95"
"2019.000",34.1690210423278,33.384930012356,34.9531120722997,33.187820258479,35.1502218261767,32.8330876245662,35.5049544600895
"2019.008",34.1642472382293,33.068705556847,35.2597889196116,32.7933013717143,35.5351931047444,32.2976645497856,36.030829926673
"2019.016",34.0712008782756,32.7798783302742,35.3625234262769,32.4552575147274,35.6871442418237,31.8710469687913,36.2713547877599
"2019.024",34.0712008782756,32.5056856369847,35.6367161195664,32.1121365309419,36.0302652256092,31.403877765383,36.7385239911682
"2019.031",34.0712008782756,32.2728232709719,35.8695784855792,31.8207357530643,36.3216660034869,31.0071271272501,37.135274629301
"2019.039",34.0712008782756,32.0668341288535,36.0755676276976,31.5629637597816,36.5794379967695,30.656163057859,37.4862386986921
"2019.047",34.0712008782756,31.880125773692,36.2622759828591,31.3293194794202,36.813082277131,30.3380495716678,37.8043521848833
