"","Point Forecast","Lo 75","Hi 75","Lo 85","Hi 85","Lo 95","Hi 95"
"2019.000",299.459991,293.68698207188,305.23299992812,292.235726636663,306.684255363337,289.623944860831,309.296037139169
"2019.008",299.459991,291.295723478152,307.624258521848,289.243338359201,309.676643640799,285.54972114986,313.37026085014
"2019.016",299.459991,289.460846223948,309.459135776052,286.947198075392,311.972783924608,282.423459341368,316.496522658632
"2019.024",299.459991,287.913973143761,311.006008856239,285.011462273327,313.908519726673,279.787898721662,319.132083278338
"2019.031",299.459991,286.551150602011,312.368831397989,283.30604479615,315.61393720385,277.465923202994,321.454058797006
"2019.039",299.459991,285.319064845575,313.600917154425,281.764229542853,317.155752457147,275.366696872564,323.553285127436
"2019.047",299.459991,284.18604505964,314.73393694036,280.346384089225,318.573597910775,273.436259031602,325.483722968398
