"","Point Forecast","Lo 75","Hi 75","Lo 85","Hi 85","Lo 95","Hi 95"
"2019.000",299.119995,293.324045605953,304.915944394047,291.867023251564,306.372966748436,289.244862920704,308.995127079296
"2019.008",299.119995,290.92328476011,307.31670523989,288.862743985853,309.377246014147,285.154449283234,313.085540716766
"2019.016",299.119995,289.081116171412,309.158873828588,286.557479425847,311.682510574153,282.015764507206,316.224225492794
"2019.024",299.119995,287.528096211905,310.711893788095,284.614051503128,313.625938496872,279.369730841408,318.870259158592
"2019.032",299.119995,286.159858160761,312.080131839239,282.901857131612,315.338132868388,277.038528383905,321.201461616095
"2019.040",299.119995,284.922876409591,313.317113590409,281.35391509751,316.88607490249,274.930960263135,323.309029736865
"2019.048",299.119995,283.785354291835,314.454635708165,279.930435487461,318.309554512539,272.992851354266,325.247138645734
