"","Point Forecast","Lo 75","Hi 75","Lo 85","Hi 85","Lo 95","Hi 95"
"2019.000",63.0408919176137,61.550025356792,64.5317584784354,61.1752419073785,64.9065419278489,60.5007551428101,65.5810286924173
"2019.008",62.9349875186971,60.8358762890952,65.0340987482991,60.3081884543775,65.5617865830167,59.3585241591753,66.5114508782189
"2019.016",63.1102665855913,60.6565577768029,65.5639753943797,60.0397289636948,66.1808042074877,58.929640268218,67.2908929029645
"2019.024",63.130699288659,60.1878619887369,66.0735365885811,59.4480729671629,66.8133256101551,58.1166963964914,68.1447021808265
"2019.032",63.0812640821144,59.7087706267416,66.4537575374872,58.8609719279549,67.3015562362739,57.3352135140104,68.8273146502185
"2019.040",63.1200601972674,59.4087812551115,66.8313391394233,58.4758165215606,67.7643038729742,56.7967872966206,69.4433330979142
"2019.048",63.1313911208976,59.077891171321,67.1848910704741,58.058896760136,68.2038854816591,56.2250424514976,70.0377397902975
