"","Point Forecast","Lo 75","Hi 75","Lo 85","Hi 85","Lo 95","Hi 95"
"2019.000",61.6948790099917,60.20418447442,63.1855735455633,59.8294442698,63.5603137501833,59.1550353316162,64.2347226883671
"2019.008",61.7383624047446,59.6374641739204,63.8392606355688,59.1093271115524,64.3673976979368,58.1588543545439,65.3178704549453
"2019.016",61.8154152978937,59.359059248174,64.2717713476134,58.7415649549259,64.8892656408615,57.6302786143898,66.0005519813976
"2019.024",61.671250806644,58.7149188094925,64.6275828037955,57.9717374057233,65.3707642075647,56.634255664467,66.708245948821
"2019.032",61.6722852030989,58.277430868953,65.0671395372449,57.4240109512734,65.9205594549245,55.8881361948117,67.4564342113862
"2019.040",61.7114623049929,57.9730911603779,65.449833449608,57.0333158179121,66.3896087920737,55.3420297401713,68.0808948698145
"2019.048",61.6753200430695,57.5869771655039,65.7636629206351,56.5592237190821,66.7914163670569,54.7096060320268,68.6410340541123
