"","Point Forecast","Lo 75","Hi 75","Lo 85","Hi 85","Lo 95","Hi 95"
"2019.000",62.7854605666133,61.3005840951947,64.270337038032,60.9273064722768,64.6436146609499,60.2555296994187,65.3153914338079
"2019.008",62.9816511116336,60.891539471297,65.0717627519703,60.3661140101524,65.5971882131149,59.4205212422119,66.5427809810554
"2019.016",62.9661575472892,60.5232322275957,65.4090828669827,59.9091142360634,66.023200858515,58.8039041265456,67.1284109680328
"2019.024",62.9144696552348,59.9846928929589,65.8442464175107,59.2481871118029,66.5807521986668,57.9227192924658,67.9062200180039
"2019.031",62.963194356899,59.6059190581092,66.3204696556888,58.7619459956119,67.164442718186,57.2430724669187,68.6833162468792
"2019.039",62.9662842649533,59.2719381787692,66.6606303511374,58.3432301334667,67.5893383964398,56.6718615453265,69.26070698458
"2019.047",62.9473393281007,58.9124425187931,66.9822361374084,57.8981246824694,67.9965539737321,56.0726866682335,69.821991987968
