"","Point Forecast","Lo 75","Hi 75","Lo 85","Hi 85","Lo 95","Hi 95"
"2019.000",94.870003,92.7927846759923,96.9472213240077,92.2706004181151,97.4694055818849,91.3308407484838,98.4091652515162
"2019.008",94.870003,91.9323726741784,97.8076333258216,91.1938926146307,98.5461133853693,89.864871744467,99.875134255533
"2019.016",94.870003,91.2721553244056,98.4678506755944,90.3677056588496,99.3723003411504,88.7399941641442,101.000011835856
"2019.024",94.870003,90.7155663519846,99.0244396480154,89.6711978362301,100.06880816377,87.7916784969677,101.948327503032
"2019.032",94.870003,90.2252016234106,99.5148043765894,89.0575621260168,100.682443873983,86.9561956222087,102.783810377791
"2019.040",94.870003,89.7818780218218,99.9581279781782,88.5027930383087,101.237212961691,86.2008613668658,103.539144633134
"2019.048",94.870003,89.3741998958892,100.365806104111,87.9926302109932,101.747375789007,85.5062598329808,104.233746167019
