"","Point Forecast","Lo 75","Hi 75","Lo 85","Hi 85","Lo 95","Hi 95"
"2019.000",95.57,93.4856766348069,97.6543233651931,92.9617062668152,98.1782937331848,92.0187321872782,99.1212678127218
"2019.008",95.57,92.6223216285728,98.5176783714272,91.8813156278772,99.2586843721227,90.5477488956298,100.59225110437
"2019.016",95.57,91.9598460320826,99.1801539679174,91.0523027330603,100.08769726694,89.4190237170818,101.720976282918
"2019.024",95.57,91.4013532696138,99.7386467303862,90.3534125336303,100.78658746637,88.4674643745564,102.672535625444
"2019.032",95.57,90.9093112683371,100.230688731663,89.737677907312,101.402322092688,87.629123764447,103.510876235553
"2019.040",95.57,90.4644712963162,100.675528703684,89.1810112543981,101.958988745602,86.8712059188619,104.268794081138
"2019.048",95.57,90.0553987238578,101.084601276142,88.6691034357846,102.470896564215,86.1742285285498,104.96577147145
