"","Point Forecast","Lo 75","Hi 75","Lo 85","Hi 85","Lo 95","Hi 95"
"2019.000",166.637794734795,160.911529542228,172.364059927361,159.472024842395,173.803564627194,156.881390519854,176.394198949736
"2019.008",168.316667986793,159.963566727477,176.669769246109,157.863711391301,178.769624582285,154.08466342647,182.548672547116
"2019.016",166.017928806542,156.134124720099,175.901732892984,153.64947164236,178.386385970723,149.177914485549,182.857943127534
"2019.024",166.017928806542,153.797415336018,178.238442277065,150.72534549929,181.310512113794,145.196631656815,186.839225956268
"2019.031",166.017928806542,151.840752933071,180.195104680012,148.276804947093,183.75905266599,141.862872448437,190.172985164646
"2019.039",166.017928806542,150.123159792448,181.912697820635,146.127432397871,185.908425215212,138.936439181169,193.099418431914
"2019.047",166.017928806542,148.573873994788,183.461983618295,144.188677354181,187.847180258902,136.296767776139,195.739089836945
