"","Point Forecast","Lo 75","Hi 75","Lo 85","Hi 85","Lo 95","Hi 95"
"2019.000",174.269102247938,168.566100581323,179.972103914553,167.13244401353,181.405760482346,164.55233440243,183.985870093445
"2019.008",174.055315129017,165.702195248443,182.408435009592,163.602335231138,184.508295026897,159.823278841815,188.287351416219
"2019.016",174.817822771531,164.919089288302,184.716556254761,162.430683164534,187.204962378529,157.952371761032,191.683273782031
"2019.024",174.817822771531,162.539124097559,187.096521445503,159.452427297005,190.183218246057,153.897389737405,195.738255805657
"2019.032",174.817822771531,160.550799337037,189.084846206025,156.964264903871,192.671380639192,150.509684239691,199.125961303372
"2019.040",174.817822771531,158.807530012353,190.82811553071,154.782761529318,194.852884013744,147.539503918806,202.096141624257
"2019.048",174.817822771531,157.236270201044,192.399375342018,152.816508505684,196.819137037378,144.862393213958,204.773252329105
