"","Point Forecast","Lo 75","Hi 75","Lo 85","Hi 85","Lo 95","Hi 95"
"2019.000",97.523752197066,96.5095332076529,98.5379711864792,96.2545724343001,98.792931959832,95.7957270200224,99.2517773741097
"2019.008",97.7375063941321,96.2721539762698,99.2028588119943,95.9037844332101,99.571228355054,95.240840587497,100.234172200767
"2019.016",97.9512605911981,96.1183327702142,99.784188412182,95.6575598014411,100.244961380955,94.8283202248411,101.074200957555
"2019.024",98.1650147882642,96.0041094292806,100.325920147248,95.4608873961499,100.869142180378,94.4832666603841,101.846762916144
"2019.032",98.3787689853302,95.9128630309259,100.844674939735,95.2929680223399,101.46456994832,94.1773611849317,102.580176785729
"2019.040",98.5925231823962,95.836269064907,101.348777299886,95.143384501822,102.04166186297,93.8964205072651,103.288625857527
"2019.048",98.8062773794623,95.7694998983312,101.843054860593,95.0060956008651,102.606459158059,93.6322193118744,103.98033544705
