"","Point Forecast","Lo 75","Hi 75","Lo 85","Hi 85","Lo 95","Hi 95"
"2019.000",97.1908594492808,96.1793751324334,98.2023437661281,95.9251018183369,98.4566170802246,95.4674936042885,98.914225294273
"2019.008",97.3817188985615,95.9207905178922,98.8426472792308,95.5535331172355,99.2099046798875,94.8925907615356,99.8708470355874
"2019.016",97.5725783478423,95.7457580583847,99.3993986372999,95.2865204394496,99.8586362562349,94.4600439868522,100.685112708832
"2019.024",97.763437797123,95.6103885240828,99.9164870701633,95.06914140344,100.457734190806,94.0950748596651,101.431800734581
"2019.032",97.9542972464038,95.4980812788504,100.410513213957,94.8806222003418,101.027972292466,93.7693992347378,102.13919525807
"2019.040",98.1451566956846,95.400518608309,100.88979478306,94.7105541562178,101.579759235151,93.4688453996375,102.821467991732
"2019.048",98.3360161449653,95.3128747381356,101.359157551795,94.5528983631258,102.119133926805,93.1851912054836,103.486841084447
