"","Point Forecast","Lo 75","Hi 75","Lo 85","Hi 85","Lo 95","Hi 95"
"2019.000",98.6747478574177,97.6591754117447,99.6903203030907,97.4038743980115,99.9456213168239,96.9444166631159,100.405079051719
"2019.008",98.9194957148353,97.4520409701131,100.386950459558,97.0831429308532,100.755848498817,96.4192479660532,101.419743463617
"2019.016",99.164243572253,97.3285079026249,100.999979241881,96.8670290791307,101.461458065375,96.0365191965241,102.291967947982
"2019.024",99.4089914296707,97.2445721547208,101.57341070462,96.7004667712077,102.117516088134,95.721256295707,103.096726563634
"2019.031",99.6537392870883,97.1835982349522,102.123880339224,96.562638580758,102.744839993419,95.4451157319228,103.862362842254
"2019.039",99.898487144506,97.1372553812673,102.659718907745,96.4431195061649,103.353854782847,95.1939035621278,104.603070726884
"2019.047",100.143235001924,97.1007129824572,103.18575702139,96.3358645866734,103.950605417174,94.9593893963607,105.327080607487
