"","Point Forecast","Lo 75","Hi 75","Lo 85","Hi 85","Lo 95","Hi 95"
"2019.000",5.39363829152352,3.22883937002385,7.5584372130232,2.68463854856386,8.10263803448318,1.70525631619386,9.08202026685318
"2019.005",5.89151696894285,2.99541792763589,8.78761601024981,2.26737826461865,9.51565567326705,0.957146669401984,10.8258872684837
"2019.011",5.6501426183077,2.32370563129748,8.97657960531791,1.487484898329,9.8128003382864,-0.0174369906376288,11.317722227253
"2019.016",5.56074760922225,1.71926350750582,9.40223171093868,0.753566978827158,10.3679282396173,-0.984368696300844,12.1058639147453
"2019.022",5.90569898309516,1.64001754895554,10.1713804172348,0.567683616463904,11.2437143497264,-1.36216426181053,13.1735622280009
"2019.027",5.48034781576802,0.898014561538687,10.0626810699974,-0.253921304831517,11.2146169363676,-2.32702644518397,13.28772207672
"2019.032",5.7967639118585,0.795222556469449,10.7983052672475,-0.462096489256627,12.0556243129736,-2.72485664184318,14.3183844655602
