"","Point Forecast","Lo 75","Hi 75","Lo 85","Hi 85","Lo 95","Hi 95"
"2019.000",4.38027178618977,2.18523276240643,6.5753108099731,1.63342999309791,7.12711357928162,0.640366758493686,8.12017681388584
"2019.006",5.09879752228652,2.1611458720238,8.03644917254923,1.42266045180345,8.77493459276959,0.0936299341946318,10.1039651103784
"2019.011",4.76233742800156,1.38763092417091,8.13704393183222,0.53927589528964,8.98539896071349,-0.987483729583783,10.5121585855869
"2019.017",4.58902707672663,0.691816135612185,8.48623801784107,-0.287889357814467,9.46594351126772,-2.05103655528319,11.2290907087364
"2019.022",5.14913533955114,0.821321119850722,9.47694955925155,-0.266632144582538,10.5649028236848,-2.22458967573122,12.5228603548335
"2019.028",4.48077862927821,-0.168383252325709,9.12994051088212,-1.33711892100231,10.2986761795587,-3.44045817206792,12.4020154306243
"2019.033",4.96273388515461,-0.111894687041122,10.0373624573503,-1.38758685880186,11.3130546291111,-3.68341258659863,13.6088803569078
