"","Point Forecast","Lo 75","Hi 75","Lo 85","Hi 85","Lo 95","Hi 95"
"2019.000",5.09694619806078,2.93176677799147,7.2621256181301,2.38747030439857,7.806422091723,1.40791592969477,8.7859764664268
"2019.005",5.63612027247013,2.73938924937453,8.53285129556573,2.01119071478491,9.26104983015535,0.700673203066335,10.5715673418739
"2019.011",5.34810301857287,2.0210874054426,8.67511863170315,1.1847212137866,9.51148482335915,-0.320462452907072,11.0166684900528
"2019.016",5.27598986598147,1.43382633678937,9.11815339517357,0.467959009341955,10.084020722621,-1.27028404731292,11.8222637792759
"2019.022",5.64081815364416,1.37438197858933,9.90725432869899,0.30185831456099,10.9797779927273,-1.62833101798666,12.909967325275
"2019.027",5.16999114000076,0.586883628248813,9.75309865175271,-0.5652468758661,10.9052291558676,-2.63870230005018,12.9786845800517
"2019.032",5.53575782523222,0.533353824472062,10.5381618259924,-0.724182078494158,11.7956977289586,-2.98733250268558,14.05884815315
