"","Point Forecast","Lo 75","Hi 75","Lo 85","Hi 85","Lo 95","Hi 95"
"2019.000",5.33900738715335,3.1742167660863,7.50379800822039,2.63001803124148,8.04799674306522,1.65063955409149,9.0273752202152
"2019.005",5.84651165543466,2.95013256198029,8.74289074888904,2.22202249768597,9.47100081318335,0.911664203359019,10.7813591075103
"2019.011",5.5944584593828,2.26744859923172,8.92146831953389,1.43108385379595,9.75783306496966,-0.0740972101776487,11.2630141289433
"2019.016",5.50954404266368,1.6674076289661,9.35168045636125,0.70154711798291,10.3175409673444,-1.03668367128154,12.0557717566089
"2019.022",5.85822171897025,1.59179483811168,10.1246485998288,0.519273510517082,11.1971699274234,-1.4109116172194,13.1273550551599
"2019.027",5.42310705957,0.839840482285931,10.0063736368541,-0.312330008726789,11.1585441278668,-2.38585739615623,13.2320715152962
"2019.032",5.75067672239979,0.748178266029172,10.7531751787704,-0.509381381784801,12.0107348265844,-2.77257453888121,14.2739279836808
