"","Point Forecast","Lo 75","Hi 75","Lo 85","Hi 85","Lo 95","Hi 95"
"2019.000",6.33705482684643,4.16457849647065,8.50953115722221,3.61844767949211,9.05566197420075,2.63559209088139,10.0385175628115
"2019.005",5.70062444733247,2.79494937470497,8.60629951995998,2.06450242847116,9.33674646619379,0.749938516364084,10.6513103783009
"2019.011",6.29271551306758,2.95500326614239,9.63042775999276,2.11594808714432,10.4694829389908,0.605925128920682,11.9795058972145
"2019.016",5.98722456480836,2.13279460001173,9.841654529605,1.16384365853158,10.8106054710851,-0.579948887716196,12.5543980173329
"2019.022",5.91056248509308,1.63075318586035,10.1903717843258,0.554867701438051,11.2662572687481,-1.38137180051843,13.2024967707046
"2019.027",6.29306975019028,1.69525376413816,10.8908857362424,0.539425750884137,12.0467137494964,-1.5406839718825,14.1268234722631
"2019.033",5.80140731939558,0.783248247501249,10.8195663912899,-0.478248264724439,12.0810629035156,-2.74852648105641,14.3513411198476
