"","Point Forecast","Lo 75","Hi 75","Lo 85","Hi 85","Lo 95","Hi 95"
"2019.000",86.32,73.9848019814168,98.6551980185832,70.8839020188769,101.756097981123,65.3033034458709,107.336696554129
"2019.005",86.32,68.8753956675618,103.764604332438,64.4900608849758,108.149939115024,56.5979026968707,116.042097303129
"2019.011",86.32,64.9548103103909,107.685189689609,59.5838940260835,113.056105973917,49.9180137609907,122.721986239009
"2019.016",86.32,61.6496039628335,110.990396037166,55.4478040377539,117.192195962246,44.2866068917418,128.353393108258
"2019.022",86.32,58.7376587145272,113.902341285473,51.8038356068616,120.836164393138,39.3252378424817,133.314762157518
"2019.027",86.32,56.105058978281,116.534941021719,48.5094363266429,124.130563673357,34.8398173634742,137.800182636526
"2019.032",86.32,53.684133670092,118.955866329908,45.4799235287222,127.160076471278,30.7150475376663,141.924952462334
