"","Point Forecast","Lo 75","Hi 75","Lo 85","Hi 85","Lo 95","Hi 95"
"2019.000",85.709999,73.3417201898873,98.0782778101127,70.2325041691002,101.1874938309,64.6369394303524,106.783058569648
"2019.005",85.709999,68.2186113635269,103.201386636473,63.821515898582,107.598482101418,55.9081923559083,115.511805644092
"2019.011",85.709999,64.2875116987073,107.132486301293,58.9021915789969,112.517806421003,49.2103891544449,122.209608845555
"2019.016",85.709999,60.9734413797746,110.446556620225,54.7550093382004,116.6649886618,43.5638798607049,127.856118139295
"2019.022",85.709999,58.0536868159178,113.366311184082,51.1012684367064,120.318729563294,38.5892053083656,132.830792691634
"2019.027",85.709999,55.4140269187464,116.005971081254,47.7980341677313,123.621963832269,34.0917557350894,137.328242264911
"2019.033",85.709999,52.986609122532,118.433388877468,44.7603967591514,126.659601240849,29.9559240154627,141.464073984537
