"","Point Forecast","Lo 75","Hi 75","Lo 85","Hi 85","Lo 95","Hi 95"
"2019.000",79.730003,67.3369945736088,92.1230114263912,64.2215618657384,95.2384441342616,58.6148091378634,100.845196862137
"2019.005",79.730003,62.2036424047935,97.2563635952065,57.7977552166625,101.662250783337,49.8686094680293,109.591396531971
"2019.011",79.730003,58.2646827468612,101.195323253139,52.8685950092678,106.591410990732,43.1574144191129,116.302591580887
"2019.016",79.730003,54.9439861472176,104.516019852782,48.7131207314768,110.746885268523,37.4996152757268,121.960390724273
"2019.022",79.730003,52.0183937128616,107.441612287138,45.0520743987372,114.407931601263,32.5149941661762,126.945011833824
"2019.027",79.730003,49.3734559773293,110.086550022671,41.7422355150696,117.71777048493,28.008552217818,131.451453782182
"2019.033",79.730003,46.941184707841,112.518821292159,38.6985245364594,120.761481463541,23.864451155869,135.595554844131
