"","Point Forecast","Lo 75","Hi 75","Lo 85","Hi 85","Lo 95","Hi 95"
"2019.000",87.82,75.4829830405961,100.157016959404,72.3816258212279,103.258374178772,66.80020433654,108.83979566346
"2019.005",87.82,70.3728232967841,105.267176703216,65.9868418553899,109.65315814461,58.0935198944237,117.546480105576
"2019.011",87.82,66.4516598124735,109.188340187527,61.0799515361073,114.560048463893,51.4126459461713,124.227354053829
"2019.016",87.82,63.1459660811921,112.494033918808,56.9432516424558,118.696748357544,45.7804086730799,129.85959132692
"2019.022",87.82,60.233591439205,115.406408560795,53.2987458741881,122.341254125812,40.8183080233481,134.821691976652
"2019.027",87.82,57.600603501398,118.039396498602,50.0038608038491,125.636139196151,36.3322261269563,139.307773873044
"2019.032",87.82,55.179321205031,120.460678794969,46.9739012758081,128.666098724192,32.2068480650908,143.433151934909
