"","Point Forecast","Lo 75","Hi 75","Lo 85","Hi 85","Lo 95","Hi 95"
"2019.000",74.830002,62.3421475004084,87.3178564995915,59.2028717877974,90.4571322122026,53.5532095046838,96.1067944953162
"2019.006",74.830002,57.1695088017357,92.4904951982643,52.7299025129327,96.9301014870672,44.7400734893257,104.919930510674
"2019.011",74.830002,53.2004035291798,96.4596004708202,47.7630184959705,101.896985504029,37.9775163760121,111.682487623988
"2019.017",74.830002,49.8542930008169,99.8057109991831,43.5757415755948,106.084262424405,32.2764170093676,117.383586990632
"2019.022",74.830002,46.9063104457867,102.753693554213,39.8866765522743,109.773327447726,27.2536476373156,122.406356362684
"2019.028",74.830002,44.2411304938817,105.418873506118,36.5515068360726,113.108497163927,22.7127170233968,126.947286976603
"2019.033",74.830002,41.7902445853218,107.869759414678,33.4845017528879,116.175502247112,18.5369003602679,131.123103639732
