"","Point Forecast","Lo 75","Hi 75","Lo 85","Hi 85","Lo 95","Hi 95"
"2019.000",84.029999,71.6950479893189,96.3649500106811,68.5942101211851,99.4657878788149,63.0137232976576,105.046274702342
"2019.005",84.029999,66.585743989487,101.474254010513,62.2004970216522,105.859500978348,54.3084968711752,113.751501128825
"2019.011",84.029999,62.6652371406272,105.394760859373,57.2944284069859,110.765569593014,47.6287416976676,120.431256302332
"2019.016",84.029999,59.3600969786377,108.699901021362,53.1584212423702,114.90157675763,41.9974475953151,126.062550404685
"2019.022",84.029999,56.4482100409872,111.611787959013,49.5145257806346,118.545472219365,37.0361778956852,131.023820104315
"2019.027",84.029999,53.8156630216035,114.244334978396,46.2201924695762,121.839805530424,32.5508472356089,135.509150764391
"2019.032",84.029999,51.3947861915729,116.665211808427,43.1907403365592,124.869257663441,28.4261600068326,139.633837993167
