"","Point Forecast","Lo 75","Hi 75","Lo 85","Hi 85","Lo 95","Hi 95"
"2019.000",51.4220010000001,50.3696123164678,52.4743896835324,50.1050562044033,52.738945795597,49.6289423409111,53.2150596590891
"2019.008",51.3040010000002,49.8156986508609,52.7923033491396,49.4415598091705,53.16644219083,48.7682331261861,53.8397688738144
"2019.016",51.1860010000003,49.3632103308118,53.0087916691888,48.9049857032632,53.4670162967375,48.0803323015069,54.2916696984938
"2019.024",51.0680010000004,48.9632236329358,53.172778367065,48.4341114088067,53.7018905911941,47.4818836818225,54.6541183181784
"2019.032",50.9500010000005,48.5967883648708,53.3032136351303,48.0052229144314,53.8947790855697,46.940599950633,54.9594020493681
"2019.040",50.8320010000007,48.2541857142672,53.4098162857341,47.6061582313745,54.0578437686268,46.4399222063536,55.2240797936477
"2019.048",50.7140010000008,47.9296422607956,53.4983597392059,47.2296925804507,54.1983094195508,45.9700137019004,55.4579882981011
