"","Point Forecast","Lo 75","Hi 75","Lo 85","Hi 85","Lo 95","Hi 95"
"2019.000",50.7557268064515,49.7021796127617,51.8092740001413,49.4373322670989,52.0741213458041,48.960694279055,52.5507593338479
"2019.008",50.631452612903,49.1415118829867,52.1213933428192,48.7669611747919,52.4959440510141,48.0928932677581,53.1700119580479
"2019.016",50.5071784193545,48.6823811517121,52.3319756869968,48.2236520927744,52.7907047459346,47.398090880665,53.6162659580439
"2019.024",50.382904225806,48.2758098384263,52.4899986131856,47.7461151471007,53.0196933045112,46.792839171013,53.9729692805989
"2019.032",50.2586300322575,47.9028268896629,52.614433174852,47.3106102211005,53.2066498434144,46.2448152791757,54.2724447853392
"2019.040",50.1343558387089,47.5537027942277,52.7150088831902,46.9049619376234,53.3637497397945,45.7374420748892,54.5312696025287
"2019.048",50.0100816451604,47.2226577761872,52.7975055141337,46.5219375641679,53.498225726153,45.2608719823977,54.7592913079232
