"","Point Forecast","Lo 75","Hi 75","Lo 85","Hi 85","Lo 95","Hi 95"
"2019.000",70.949997,69.4992565321513,72.4007374678487,69.1345602333461,72.7654337666539,68.4782270174154,73.4217669825846
"2019.008",70.949997,68.8983401548849,73.0016538451151,68.3825817029673,73.5174122970327,67.4543863675622,74.4456076324378
"2019.016",70.949997,68.4372408010899,73.4627531989101,67.8055682822269,74.0944257177731,66.6687658055399,75.2312281944601
"2019.024",70.949997,68.0485160643027,73.8514779356973,67.3191234666922,74.5808705333078,66.0064570348309,75.8935369651691
"2019.031",70.949997,67.7060426961805,74.1939513038194,66.8905569809095,75.0094370190905,65.4229512941975,76.4770427058025
"2019.039",70.949997,67.3964231045642,74.5035708954358,66.5031032614098,75.3968907385902,64.8954217811398,77.0045722188602
"2019.047",70.949997,67.1116985051749,74.7882954948251,66.1468027944706,75.7531912055294,64.4103083279268,77.4896856720732
