"","Point Forecast","Lo 75","Hi 75","Lo 85","Hi 85","Lo 95","Hi 95"
"2019.000",71.269997,69.813837311674,72.726156688326,69.4477786950082,73.0922153049919,68.7889937556421,73.7510002443579
"2019.008",71.269997,69.2106762197884,73.3293177802116,68.692991159476,73.847002840524,67.7613285635374,74.7786654364626
"2019.016",71.269997,68.7478544358857,73.7921395641143,68.1138223132721,74.4261716867279,66.9727733270288,75.5672206729712
"2019.024",71.269997,68.357677623348,74.182316376652,67.6255603900163,74.9144336099837,66.3079905112841,76.2320034887159
"2019.032",71.269997,68.0139249508082,74.5260690491918,67.1953930001938,75.3446009998062,65.7223050932181,76.8176889067819
"2019.040",71.269997,67.7031487795911,74.8368452204089,66.8064919528107,75.7335020471893,65.1928050011335,77.3471889988666
"2019.048",71.269997,67.4173605954921,75.1226334045079,66.4488605305219,76.0911334694781,64.7058794134845,77.8341145865155
