"","Point Forecast","Lo 75","Hi 75","Lo 85","Hi 85","Lo 95","Hi 95"
"2019.000",37.1758356710683,36.3198133975768,38.0318579445598,36.1046211135288,38.2470502286078,35.7173458812454,38.6343254608912
"2019.008",37.1501553863119,35.7856688400446,38.5146419325792,35.442655596655,38.8576551759688,34.8253447386117,39.474966034012
"2019.016",37.1645435560053,35.5037192649696,38.8253678470409,35.0862107682192,39.2428763437913,34.3348329910158,39.9942541209947
"2019.024",37.1564821412239,35.2117875524811,39.1011767299667,34.7229179479316,39.5900463345162,33.8431136812696,40.4698506011782
"2019.031",37.1609987968974,34.9854176587063,39.3365799350885,34.4385063355354,39.8834912582595,33.4542460928577,40.8677515009371
"2019.039",37.158468201583,34.7658571959004,39.5510792072656,34.1643875343096,40.1525488688564,33.08194025264,41.234996150526
"2019.047",37.159886045472,34.5727172806848,39.7470548102591,33.9223384611696,40.3974336297743,32.7518708047002,41.5679012862437
