"","Point Forecast","Lo 75","Hi 75","Lo 85","Hi 85","Lo 95","Hi 95"
"2019.000",37.0306767234374,36.1704781752157,37.8908752716591,35.954236032857,38.1071174140178,35.5650714014116,38.4962820454632
"2019.008",37.2583694941307,35.8944549710299,38.6222840172315,35.5515855264357,38.9651534618257,34.9345334588603,39.5822055294011
"2019.016",37.1285398526626,35.4690036475393,38.7880760577859,35.0518189579585,39.2052607473667,34.3010239270064,39.9560557783188
"2019.024",37.2025682715378,35.2599182007009,39.1452183423747,34.7715625599717,39.6335739831038,33.8926832588993,40.5124532841763
"2019.032",37.1603575195154,34.9876087166975,39.3331063223334,34.4414094038761,39.8793056351548,33.458430545309,40.8622844937219
"2019.040",37.1844259463894,34.7950723154478,39.573779577331,34.1944215132864,40.1744303794923,33.113447908878,41.2554039839007
"2019.048",37.1707022114538,34.5873768346627,39.7540275882449,33.9379641902891,40.4034402326185,32.7692353308406,41.572169092067
