"","Point Forecast","Lo 75","Hi 75","Lo 85","Hi 85","Lo 95","Hi 95"
"2019.000",36.6559054641099,35.797769532555,37.5140413956648,35.5820459037974,37.7297650244225,35.1938144260484,38.1179965021714
"2019.008",36.5919120499401,35.2243398564321,37.9594842434481,34.8805509235563,38.3032731763238,34.2618440799308,38.9219800199494
"2019.016",36.6272442270789,34.9616812817271,38.2928071724307,34.5429815521347,38.7115069020231,33.7894599481783,39.4650285059795
"2019.024",36.6077365518351,34.6579366974921,38.557536406178,34.1677836990414,39.0476894046287,33.2856697460752,39.929803357595
"2019.032",36.618507170128,34.436760316585,38.800254023671,33.8882990169584,39.3487153232975,32.9012493271845,40.3357650130714
"2019.040",36.6125604739194,34.2133329183518,39.0117880294869,33.6101999466739,39.6149210011648,32.5247592547007,40.700361693138
"2019.048",36.6158437762179,34.0213285871552,39.2103589652806,33.3691029771201,39.8625845753156,32.1953117060021,41.0363758464337
