"","Point Forecast","Lo 75","Hi 75","Lo 85","Hi 85","Lo 95","Hi 95"
"2019.000",196.95178457042,194.053429741913,199.850139398928,193.324823004866,200.578746135974,192.013570863177,201.889998277664
"2019.008",197.309023474257,193.589579256092,201.028467692421,192.654561883902,201.963485064611,190.971838585501,203.646208363013
"2019.016",197.666262378093,193.276721414377,202.05580334181,192.173250891289,203.159273864897,190.187367405563,205.145157350624
"2019.024",198.02350128193,193.053403249471,202.993599314389,191.803988624797,204.243013939063,189.555453826583,206.491548737277
"2019.032",198.380740185766,192.891142838751,203.870337532782,191.511133196257,205.250347175276,189.027570380728,207.733909990804
"2019.040",198.737979089603,192.773963360879,204.701994818327,191.274691430106,206.201266749099,188.576495777717,208.899462401489
"2019.048",199.095217993439,192.691836996452,205.498598990426,191.082114650385,207.108321336494,188.185144630093,210.005291356786
