"","Point Forecast","Lo 75","Hi 75","Lo 85","Hi 85","Lo 95","Hi 95"
"2019.000",197.892451647129,195.004949210095,200.779954084164,194.279070615739,201.50583267852,192.972728232309,202.812175061949
"2019.008",198.254330184257,194.548752670885,201.959907697628,193.617221198501,202.891439170013,191.94077137158,204.567888996933
"2019.016",198.616208721384,194.243001764089,202.989415678679,193.143637386669,204.088780056099,191.165143610681,206.067273832086
"2019.024",198.978087258511,194.02646394135,203.929710575673,192.781693607256,205.174480909766,190.541517002375,207.414657514648
"2019.032",199.339965795638,193.870760381798,204.809171209479,192.49587699222,206.184054599057,190.021539743481,208.658391847796
"2019.040",199.701844332766,193.759972385095,205.643716280436,192.26626709782,207.137421567711,189.578089570212,209.825599095319
"2019.048",200.063722869893,193.6841087259,206.443337013886,192.080361041402,208.047084698384,189.194143444031,210.933302295755
