"","Point Forecast","Lo 75","Hi 75","Lo 85","Hi 85","Lo 95","Hi 95"
"2019.000",125.808789503104,123.435178894675,128.182400111534,122.838485672915,128.779093333294,121.764634409699,129.85294459651
"2019.008",126.474217468834,123.325312159071,129.623122778598,122.533720460067,130.414714477602,121.109116132538,131.839318805131
"2019.016",125.907953324776,122.309075020435,129.506831629116,121.404366268917,130.411540380634,119.776188504817,132.039718144734
"2019.024",126.389831300095,122.2625563813,130.517106218889,121.225015952536,131.554646647653,119.357784920855,133.421877679334
"2019.032",125.979764045203,121.483452307705,130.476075782702,120.353141073352,131.606387017055,118.318953148013,133.640574942394
"2019.040",126.328722001671,121.413636283342,131.24380772,120.178051001542,132.4793930018,117.95440446546,134.703039537882
"2019.048",126.031766675613,120.792641567286,131.270891783939,119.475597217639,132.587936133586,117.10535119003,134.958182161196
