"","Point Forecast","Lo 75","Hi 75","Lo 85","Hi 85","Lo 95","Hi 95"
"2019.000",124.928119249491,122.562288467218,127.293950031764,121.967550987278,127.888687511703,120.897219415167,128.959019083814
"2019.008",125.196851830378,122.132954307545,128.260749353211,121.362732402759,129.030971257996,119.976586666145,130.417116994611
"2019.016",124.846579634596,121.337726770302,128.355432498891,120.455649182325,129.237510086867,118.868200058455,130.824959210738
"2019.024",124.846579634596,120.67330016406,129.019859105133,119.624194820607,130.068964448586,117.73615075168,131.957008517513
"2019.031",124.846579634596,120.101005416956,129.592153852237,118.908033006498,130.785126262695,116.761075603207,132.932083665986
"2019.039",124.846579634596,119.590660326705,130.102498942488,118.269394145133,131.42376512406,115.891550210624,133.801609058569
"2019.047",124.846579634596,119.125661798532,130.56749747066,117.68750135094,132.005657918253,115.099286239669,134.593873029524
