"","Point Forecast","Lo 75","Hi 75","Lo 85","Hi 85","Lo 95","Hi 95"
"2019.000",37.3767091872788,36.6370552238618,38.1163631506959,36.4511163403516,38.3023020342061,36.1164875936914,38.6369307808662
"2019.008",37.3767091872788,36.442790672832,38.3106277017257,36.2080163398946,38.5454020346631,35.7854998694517,38.967918505106
"2019.016",37.3767091872788,36.282488186907,38.4709301876507,36.0074160029055,38.7460023716522,35.5123766736601,39.2410417008976
"2019.024",37.3767091872788,36.1428390953799,38.6105792791778,35.8326610410037,38.920757333554,35.2744427080874,39.4789756664703
"2019.032",37.3767091872788,36.0174626277059,38.7359557468518,35.6757666452569,39.0776517293007,35.0608264230336,39.6925919515241
"2019.040",37.3767091872788,35.9027122348604,38.8507061396973,35.5321695741222,39.2212488004355,34.8653148323588,39.8881035421988
"2019.048",37.3767091872788,35.7962716460368,38.9571467285208,35.3989712780127,39.354447096545,34.68396147646,40.0694568980977
