"","Point Forecast","Lo 75","Hi 75","Lo 85","Hi 85","Lo 95","Hi 95"
"2019.000",37.3098756439866,36.5731559157192,38.0465953722539,36.3879546587677,38.2317966292054,36.0546533969574,38.5650978910158
"2019.008",37.3098756439866,36.3797162556606,38.2400350323126,36.1458869155826,38.4738643723905,35.7250711210295,38.8946801669437
"2019.016",37.3098756439866,36.2200880420367,38.3996632459364,35.946130353723,38.6736209342501,35.4530967496285,39.1666545383446
"2019.024",37.3098756439866,36.0810235182056,38.5387277697675,35.7721069118358,38.8476443761374,35.216158769841,39.4035925181321
"2019.032",37.3098756439866,35.9561703301501,38.663580957823,35.6158673410419,39.0038839469312,35.0034340480145,39.6163172399586
"2019.040",37.3098756439866,35.8418979171863,38.7778533707868,35.4728684073895,39.1468828805836,34.8087368389263,39.8110144490468
"2019.048",37.3098756439866,35.7359000609313,38.8838512270419,35.340224140757,39.2795271472161,34.6281378102812,39.9916134776919
