"","Point Forecast","Lo 75","Hi 75","Lo 85","Hi 85","Lo 95","Hi 95"
"2019.000",16.5220777131647,16.0244149182498,17.0197405080797,15.8993093026136,17.1448461237159,15.6741604011564,17.369995025173
"2019.008",16.5247547259478,15.8713954392658,17.1781140126298,15.7071498564592,17.3423595954364,15.41156190583,17.6379475460656
"2019.016",16.5243548887133,15.7397458342459,17.3089639431807,15.5425058561004,17.5062039213263,15.1875388613969,17.8611709160298
"2019.024",16.5244146081943,15.628364172881,17.4204650435077,15.4031093567758,17.6457198596129,14.9977248811381,18.0511043352506
"2019.032",16.5244056885238,15.5292093129371,17.5196020641105,15.279030564357,17.7697808126906,14.8287912195898,18.2200201574577
"2019.040",16.5244070207611,15.4390991222699,17.6097149192523,15.1662675700966,17.8825464714257,14.6752606401334,18.3735534013888
"2019.048",16.5244068217788,15.3559140200884,17.6928996234693,15.062170921718,17.9866427218396,14.5335300963452,18.5152835472125
