"","Point Forecast","Lo 75","Hi 75","Lo 85","Hi 85","Lo 95","Hi 95"
"2019.000",16.6166048512637,16.1208120957183,17.1123976068091,15.9961765823863,17.2370331201411,15.7718737102366,17.4613359922908
"2019.008",16.618598264677,15.96752304331,17.269673486044,15.8038516432639,17.4333448860901,15.5092970324821,17.7278994968719
"2019.016",16.6183015905759,15.8363958457847,17.4002073353671,15.6398354426943,17.5967677384575,15.2860914592549,17.9505117218969
"2019.024",16.6183457437464,15.725349884677,17.5113416028158,15.5008629472347,17.7358285402581,15.0968604002699,18.1398310872229
"2019.031",16.6183391725544,15.6265143313427,17.6101640137662,15.3771831403617,17.8594952047472,14.9284691201085,18.3082092250004
"2019.039",16.6183401505264,15.5366931745948,17.6999871264581,15.2647819282496,17.9718983728033,14.7754312456511,18.4612490554017
"2019.047",16.6183400049776,15.4537763546811,17.7829036552741,15.1610209911969,18.0756590187583,14.6341577632837,18.6025222466715
