"","Point Forecast","Lo 75","Hi 75","Lo 85","Hi 85","Lo 95","Hi 95"
"2019.000",16.4080166585812,15.9085227231025,16.9075105940598,15.7829567837896,17.0330765333728,15.5569794513334,17.2590538658289
"2019.008",16.4098116644757,15.7541882394262,17.0654350895251,15.589373483221,17.2302498457304,15.2927612079459,17.5268621210054
"2019.016",16.4095427873696,15.6222470534761,17.1968385212632,15.4243316808927,17.3947538938466,15.0681491986592,17.75093637608
"2019.024",16.4095830629467,15.5104910823599,17.3086750435334,15.2844716633995,17.5346944624938,14.8777111544636,17.9414549714297
"2019.032",16.4095770299968,15.4110197479905,17.4081343120031,15.1599961135338,17.6591579464597,14.7082362524733,18.1109178075203
"2019.040",16.409577933683,15.3206177999172,17.4985380674488,15.0468681257802,17.7722877415858,14.5542088786892,18.2649469886768
"2019.048",16.4095777983182,15.2371629388592,17.5819926577773,14.9424338888431,17.8767217077934,14.4120186752558,18.4071369213807
