"","Point Forecast","Lo 75","Hi 75","Lo 85","Hi 85","Lo 95","Hi 95"
"2019.000",156.690002,154.036120480836,159.343883519164,153.3689709879,160.0110330121,152.168321643117,161.211682356883
"2019.008",156.690002,152.936846762667,160.443157237333,151.993354901626,161.386649098374,150.295380314581,163.084623685419
"2019.016",156.690002,152.09334437154,161.28665962846,150.937807553531,162.442196446469,148.858221886293,164.521782113707
"2019.024",156.690002,151.382238961672,161.997765038328,150.0479399758,163.3320640242,147.646641286235,165.733362713765
"2019.032",156.690002,150.755742518918,162.624261481082,149.263950901559,164.116053098441,146.579217349485,166.800786650515
"2019.040",156.690002,150.189346440246,163.190657559754,148.555170600396,164.824833399604,145.614192345672,167.765811654328
"2019.048",156.690002,149.668491491261,163.711512508739,147.90337984565,165.47662415435,144.726760267563,168.653243732437
