"","Point Forecast","Lo 75","Hi 75","Lo 85","Hi 85","Lo 95","Hi 95"
"2019.000",156.479996,153.846893316057,159.113098683943,153.184967337917,159.775024662083,151.993718599271,160.966273400729
"2019.008",156.479996,152.756226473247,160.203765526753,151.820121777674,161.139870222326,150.135441655321,162.824550344679
"2019.016",156.479996,151.919328369865,161.040663630135,150.772838944877,162.187153055123,148.709535605089,164.250456394911
"2019.024",156.479996,151.213790632114,161.746201367886,149.889938675834,163.070053324166,147.507441198541,165.452550801459
"2019.031",156.479996,150.592199406966,162.367792593034,149.112087923772,163.847904076228,146.448374766048,166.511617233952
"2019.039",156.479996,150.030237983987,162.929754016013,148.408857090051,164.551134909949,145.490905523633,167.469086476367
"2019.047",156.479996,149.51346112179,163.44653087821,147.762169597298,165.197822402702,144.610421685221,168.349570314779
