"","Point Forecast","Lo 75","Hi 75","Lo 85","Hi 85","Lo 95","Hi 95"
"2019.000",90.9465466489515,88.8466054713143,93.0464878265888,88.3187089990192,93.5743842988838,87.3686692248977,94.5244240730053
"2019.008",91.0489809239312,88.0801158939702,94.0178459538922,87.3337838572795,94.7641779905829,85.9906320145051,96.1073298333573
"2019.016",91.2644952218661,87.6775989619418,94.8513914817903,86.7759023324043,95.7530881113278,85.1531453957506,97.3758450479816
"2019.024",91.2571896684097,86.9338734857617,95.5805058510577,85.8470509662833,96.6673283705361,83.8911284036141,98.6232509332053
"2019.032",91.170424739319,86.0153872886989,96.325462189939,84.719481425377,97.621368053261,82.3872777106589,99.953571767979
"2019.040",91.2309667534098,85.3767063582798,97.0852271485398,83.9050254162626,98.556908090557,81.2564844558459,101.205449050974
"2019.048",91.2732253152083,84.7756505214362,97.7708001089805,83.1422491439915,99.4042014864252,80.202664666507,102.34378596391
