"","Point Forecast","Lo 75","Hi 75","Lo 85","Hi 85","Lo 95","Hi 95"
"2019.000",90.0758523237172,88.0495657201784,92.1021389272559,87.5401849997763,92.611519647658,86.6234674804325,93.5282371670018
"2019.008",90.070261355555,87.3075269920095,92.8329957191006,86.6130133837545,93.5275093273555,85.3631176444587,94.7774050666513
"2019.016",92.0442380536464,88.6264502892968,95.462025817996,87.7672652211306,96.3212108861622,86.2210150926906,97.8674610146022
"2019.024",93.3428128649663,88.8398460513156,97.845779678617,87.707861821899,98.9777639080336,85.6706630564885,101.014962673444
"2019.032",93.3428128649663,87.2990609551049,99.3865647748277,85.7797444396623,100.90588129027,83.0454751370566,103.640150592876
"2019.040",93.3428128649663,86.0780235238314,100.607602206101,84.2517549092663,102.433870820666,80.9650729306511,105.720552799281
"2019.048",93.3428128649663,85.0345404095048,101.651085320428,82.9459544210919,103.739671308841,79.1871875703901,107.498438159543
