"","Point Forecast","Lo 75","Hi 75","Lo 85","Hi 85","Lo 95","Hi 95"
"2019.000",135.177942106771,132.335809158134,138.020075055407,131.621335832235,138.734548381306,130.335519175416,140.020365038125
"2019.008",135.237919039098,130.795510341812,139.680327736384,129.678749594052,140.797088484145,127.668948081385,142.806889996811
"2019.016",135.249992836989,129.576191272167,140.923794401811,128.149875210333,142.350110463646,125.582976092178,144.9170095818
"2019.024",135.252423381365,128.558152865319,141.94669389741,126.875304875269,143.62954188746,123.846732781584,146.658113981145
"2019.032",135.252912667835,127.672168849271,142.8336564864,125.766473603228,144.739351732443,122.336849849116,148.168975486555
"2019.040",135.253011164803,126.878718256836,143.62730407277,124.773535630219,145.732486699387,120.984900297269,149.521122032337
"2019.048",135.253030992967,126.154062222753,144.351999763182,123.866706002269,146.639355983666,119.750218203825,150.755843782109
