"","Point Forecast","Lo 75","Hi 75","Lo 85","Hi 85","Lo 95","Hi 95"
"2019.000",134.507951117206,131.67651510709,137.339387127323,130.964730845137,138.051171389276,129.683753617709,139.332148616704
"2019.008",134.49552867387,130.072289304911,138.91876804283,128.960347463941,140.0307098838,126.959218396269,142.031838951472
"2019.016",134.493041929802,128.845291356598,140.140792503007,127.425524157523,141.560559702082,124.870410835301,144.115673024303
"2019.024",134.492544129499,127.830024591913,141.155063667084,126.155158363305,142.829929895693,123.14095081122,145.844137447777
"2019.031",134.492444479058,126.948346942055,142.036542016061,125.051864069657,143.93302488846,121.638819553777,147.34606940434
"2019.039",134.492424530878,126.159112361378,142.825736700378,124.064231731549,144.920617330207,120.294136599597,148.690712462159
"2019.047",134.49242053762,125.438357043743,143.546484031497,123.162289395157,145.822551680082,119.066117307955,149.918723767285
