"","Point Forecast","Lo 75","Hi 75","Lo 85","Hi 85","Lo 95","Hi 95"
"2019.000",169.918232468427,167.502122684782,172.334342252073,166.894745752015,172.94171918484,165.801667327937,174.034797608917
"2019.008",170.257261765946,166.929389592479,173.585133939413,166.092808073277,174.421715458615,164.587236887924,175.927286643968
"2019.016",171.011813829189,167.058117571114,174.965510087263,166.064212442061,175.959415216316,164.275510577473,177.748117080905
"2019.024",171.301424097469,166.482790312165,176.120057882774,165.271451726288,177.331396468651,163.091441256606,179.511406938333
"2019.032",170.985170147204,165.151447545012,176.818892749395,163.68492952306,178.285410771347,161.045680118222,180.924660176185
"2019.040",170.568288910914,163.898561614942,177.238016206885,162.221883454521,178.914694367306,159.204415021979,181.932162799848
"2019.048",170.496543133194,163.251431828237,177.741654438151,161.430110002654,179.562976263734,158.152330614856,182.840755651532
