"","Point Forecast","Lo 75","Hi 75","Lo 85","Hi 85","Lo 95","Hi 95"
"2019.000",170.470888929057,168.068186792433,172.87359106568,167.464180358631,173.477597499482,166.377167722531,174.564610135582
"2019.008",171.103795589059,167.806230605773,174.401360572346,166.977267899399,175.23032327872,165.485408067688,176.722183110431
"2019.016",170.703790052859,166.785502785093,174.622077320625,165.800498991596,175.607081114122,164.027816599131,177.379763506588
"2019.024",169.977484757352,165.216122265048,174.738847249656,164.019180898417,175.935788616287,161.865080681291,178.089888833412
"2019.031",169.74776919202,164.000283155036,175.495255229004,162.555443825345,176.940094558695,159.955208926153,179.540329457887
"2019.039",170.096759979915,163.534526239008,176.658993720823,161.884870487174,178.308649472656,158.916033489579,181.277486470252
"2019.047",170.503741666814,163.381308693577,177.626174640051,161.590826521615,179.416656812013,158.368548352517,182.638934981111
