"","Point Forecast","Lo 75","Hi 75","Lo 85","Hi 85","Lo 95","Hi 95"
"2019.000",40.8382860026004,40.2394994809964,41.4370725242045,40.0889727444483,41.5875992607525,39.8180741984368,41.858497806764
"2019.008",40.8459087883509,40.0215310637058,41.670286512996,39.814293786151,41.8775237905508,39.4413349453734,42.2504826313283
"2019.016",40.8403273587699,39.8968507794935,41.7838039380463,39.6596736798695,42.0209810376703,39.2328330208025,42.4478216967374
"2019.024",40.839233412509,39.7849349682334,41.8935318567846,39.5198987684549,42.1585680565631,39.0429209052067,42.6355459198113
"2019.031",40.840312745049,39.6778763459303,42.0027491441676,39.3856557442787,42.2949697458192,38.8597549115269,42.8208705785711
"2019.039",40.8404547829471,39.5803404665811,42.1005690993131,39.263564973352,42.4173445925422,38.6934734235332,42.9874361423611
"2019.047",40.8402497969228,39.4906941767839,42.1898054170618,39.1514343638786,42.5290652299671,38.54087844442,43.1396211494256
