"","Point Forecast","Lo 75","Hi 75","Lo 85","Hi 85","Lo 95","Hi 95"
"2019.000",41.0111303345687,40.4076750052319,41.6145856639054,40.2559745943171,41.7662860748202,39.9829638210246,42.0392968481127
"2019.008",40.9922290609875,40.1613118877964,41.8231462341786,39.9524306823759,42.032027439599,39.5765133129093,42.4079448090657
"2019.016",40.9912018852291,40.0402646048725,41.9421391655857,39.801211987104,42.1811917833543,39.370996013126,42.6114077573323
"2019.024",40.994716983577,39.9321181706466,42.0573157965073,39.6649953717871,42.3244385953669,39.1842623174669,42.805171649687
"2019.032",40.9947171166327,39.8231335867734,42.166300646492,39.5286135216411,42.4608207116243,38.9985744120103,42.9908598212551
"2019.040",40.9940736131185,39.724043966247,42.2641032599899,39.4047758946299,42.583371331607,38.8301985247062,43.1579487015308
"2019.048",40.9941079888391,39.6339391509782,42.3542768267001,39.2920113203899,42.6962046572883,38.6766538478808,43.3115621297974
