"","Point Forecast","Lo 75","Hi 75","Lo 85","Hi 85","Lo 95","Hi 95"
"2019.000",85.980003,84.7743823955215,87.1856236044785,84.4713058756608,87.4887001243392,83.9258679658029,88.0341380341971
"2019.008",85.980003,84.27499799007,87.68500800993,83.8463830652462,88.1136229347538,83.0750173756927,88.8849886243073
"2019.016",85.980003,83.8918068583913,88.0681991416087,83.3668629274114,88.5931430725886,82.4221367551634,89.5378692448366
"2019.024",85.980003,83.568761791043,88.391244208957,82.9626087513216,88.9973972486784,81.8717329316057,90.0882730683942
"2019.031",85.980003,83.2841533733116,88.6758526266884,82.6064536725191,89.3535523274809,81.3868174285714,90.5731885714286
"2019.039",85.980003,83.0268476956418,88.9331583043582,82.2844648689646,89.6755411310354,80.9484203034426,91.0115856965574
"2019.047",85.980003,82.7902307050545,89.1697752949455,81.9883656052802,89.9716403947198,80.5452725401693,91.4147334598307
