"","Point Forecast","Lo 75","Hi 75","Lo 85","Hi 85","Lo 95","Hi 95"
"2019.000",85.610001,84.3954822614963,86.8245197385037,84.0901688725214,87.1298331274786,83.5407053350272,87.6792966649728
"2019.008",85.610001,83.8924121282518,87.3275898717482,83.4606337927894,87.7593682072106,82.6835750060355,88.5364269939645
"2019.016",85.610001,83.5063928381671,87.7136091618329,82.9775745362316,88.2424274637684,82.025875772385,89.194126227615
"2019.024",85.610001,83.1809635229926,88.0390384770074,82.5703367450428,88.6496652549572,81.4714096700543,89.7485923299457
"2019.032",85.610001,82.8942545407584,88.3257474592416,82.2115530485697,89.0084489514303,80.9829152275751,90.2370867724249
"2019.040",85.610001,82.6350498076172,88.5849521923828,81.8871877929888,89.3328142070112,80.5412824938633,90.6787195061367
"2019.048",85.610001,82.3966864552913,88.8233155447087,81.5889031561254,89.6310988438746,80.1351592814178,91.0848427185822
