"","Point Forecast","Lo 75","Hi 75","Lo 85","Hi 85","Lo 95","Hi 95"
"2019.000",43.400002,42.2444514555435,44.5555525444565,41.9539618635143,44.8460421364857,41.4311762779311,45.3688277220689
"2019.013",43.400002,41.765806748022,45.034197251978,41.3549924272461,45.4450115727539,40.6156619619011,46.1843420380989
"2019.025",43.400002,41.3985297462875,45.4014742537125,40.8953870138229,45.9046169861771,39.9898958181281,46.8101081818719
"2019.038",43.400002,41.088900911087,45.711103088913,40.5079217270286,46.2920822729714,39.4623505558621,47.3376534441379
"2019.051",43.400002,40.8161124311584,45.9838915688416,40.1665579566249,46.6334460433751,38.9975738496037,47.8024301503963
"2019.063",43.400002,40.5694927940863,46.2305112059137,39.8579415180255,46.9420624819745,38.5773835884644,48.2226204115356
"2019.076",43.400002,40.3427026320029,46.4573013679971,39.5741394130409,47.2258645869591,38.1909787645784,48.6090252354216
