"","Point Forecast","Lo 75","Hi 75","Lo 85","Hi 85","Lo 95","Hi 95"
"2019.000",43.599998,42.6561317453896,44.5438642546104,42.4188566867197,44.7811393132803,41.9918397336353,45.2081562663647
"2019.008",43.599998,42.2651695416636,44.9348264583364,41.9296119356798,45.2703840643202,41.3257187692646,45.8742772307354
"2019.016",43.599998,41.965173691465,45.234822308535,41.5542012344798,45.6457947655202,40.8145861760445,46.3854098239555
"2019.024",43.599998,41.7122654907791,45.4877305092209,41.2377153734393,45.9622806265607,40.3836814672706,46.8163145327294
"2019.032",43.599998,41.4894488930229,45.7105471069771,40.9588857324718,46.2411102675282,40.0040467978303,47.1959492021697
"2019.040",43.599998,41.2880072907725,45.9119887092275,40.7068044683423,46.4931915316577,39.6608308217677,47.5391651782323
"2019.048",43.599998,41.1027626193948,46.0972333806052,40.474991821836,46.725004178164,39.3452111583662,47.8547848416338
