"","Point Forecast","Lo 75","Hi 75","Lo 85","Hi 85","Lo 95","Hi 95"
"2019.000",43.580002,42.4353911761209,44.7246128238791,42.147651680124,45.012352319876,41.6298153615855,45.5301886384145
"2019.013",43.580002,41.9612778492312,45.1987261507688,41.554352751562,45.6056512484381,40.8220216067954,46.3379823932046
"2019.025",43.580002,41.5974778981482,45.5625261018518,41.0990984717373,46.0609055282627,40.2021796580241,46.9578243419759
"2019.038",43.580002,41.2907803522419,45.8692236477581,40.715301360248,46.444702639752,39.679628723171,47.480375276829
"2019.051",43.580002,41.0205743900244,46.1394296099756,40.3771693171637,46.7828346828363,39.2192521076934,47.9407518923066
"2019.063",43.580002,40.7762895274296,46.3837144725704,40.0714745833916,47.0885294166084,38.8030398326909,48.3569641673091
"2019.076",43.580002,40.5516464120632,46.6083575879368,39.7903592632844,47.3696447367156,38.4202931445942,48.7397108554058
