"","Point Forecast","Lo 75","Hi 75","Lo 85","Hi 85","Lo 95","Hi 95"
"2019.000",43.400002,42.4634727821276,44.3365312178724,42.2280421540791,44.5719618459209,41.8043445686036,44.9956594313964
"2019.008",43.400002,42.0755496785263,44.7244543214738,41.742600491342,45.057403508658,41.1434016196177,45.6566023803823
"2019.016",43.400002,41.7778858118723,45.0221181881277,41.3701080024345,45.4298959975655,40.6362422573465,46.1637617426535
"2019.024",43.400002,41.5269435642553,45.2730604357447,41.0560823081583,45.7439216918417,40.2086871372071,46.5913168627929
"2019.031",43.400002,41.3058590059227,45.4941449940773,40.7794201176208,46.0205838823792,39.8320035145948,46.9680004854052
"2019.039",43.400002,41.1059832870049,45.6940207129951,40.5292983784631,46.2707056215369,39.4914554887986,47.3085485112014
"2019.047",43.400002,40.9221785939639,45.8778254060361,40.2992877011398,46.5007162988602,39.1782892588729,47.6217147411271
