"","Point Forecast","Lo 75","Hi 75","Lo 85","Hi 85","Lo 95","Hi 95"
"2019.000",28.16,27.3249913138078,28.9950086861922,27.1150815580152,29.2049184419848,26.7373131366578,29.5826868633422
"2019.008",28.16,26.9791193912876,29.3408806087124,26.6822621677714,29.6377378322286,26.1480169428514,30.1719830571486
"2019.016",28.16,26.7137225307538,29.6062774692462,26.3501481687167,29.9698518312833,25.6958340694304,30.6241659305696
"2019.024",28.16,26.4899826276156,29.8300173723844,26.0701631160304,30.2498368839696,25.3146262733155,31.0053737266845
"2019.032",28.16,26.2928638158714,30.0271361841286,25.8234913327789,30.4965086672211,24.9787754628708,31.3412245371292
"2019.040",28.16,26.1146547880373,30.2053452119627,25.6004829943133,30.7195170056867,24.6751431210508,31.6448568789492
"2019.048",28.16,25.9507746737567,30.3692253262433,25.3954056621632,30.9245943378368,24.3959243660779,31.9240756339221
