"","Point Forecast","Lo 75","Hi 75","Lo 85","Hi 85","Lo 95","Hi 95"
"2019.000",27.98,27.1481068955468,28.8118931044532,26.9389803543636,29.0210196456364,26.5626214613316,29.3973785386684
"2019.008",27.98,26.8035254892376,29.1564745107624,26.5077758984442,29.4522241015558,25.9755240475985,29.9844759524015
"2019.016",27.98,26.5391188766209,29.4208811233791,26.1769010820804,29.7830989179196,25.5250283574685,30.4349716425315
"2019.024",27.98,26.3162137910936,29.6437862089064,25.8979607087272,30.0620392912728,25.1452429226631,30.8147570773369
"2019.031",27.98,26.1198304684293,29.8401695315707,25.6522093064443,30.3077906935557,24.8106452376881,31.1493547623119
"2019.039",27.98,25.9422863735498,30.0177136264502,25.4300330559779,30.5299669440221,24.5081458078906,31.4518541921094
"2019.047",27.98,25.7790177282274,30.1809822717726,25.2257209077135,30.7342790922865,24.2299688730432,31.7300311269568
