"","Point Forecast","Lo 75","Hi 75","Lo 85","Hi 85","Lo 95","Hi 95"
"2019.000",29.030001,28.1964634194217,29.8635385805783,27.986923479447,30.073078520553,27.6098206047534,30.4501813952466
"2019.008",29.030001,27.8512008487986,30.2088011512014,27.5548666238274,30.5051353761726,27.0215626240259,31.0384393759741
"2019.016",29.030001,27.5862715604204,30.4737304395796,27.2233377381692,30.8366642618308,26.5701763995197,31.4898256004803
"2019.024",29.030001,27.3629258388435,30.6970761611565,26.943845958894,31.116156041106,26.1896402095069,31.8703617904931
"2019.032",29.030001,27.1661543080263,30.8938476919737,26.6976087582415,31.3623932417585,25.8543810959161,32.2056209040839
"2019.040",29.030001,26.9882592461492,31.0717427538508,26.4749933124777,31.5850086875223,25.5512836889418,32.5087183110582
"2019.048",29.030001,26.8246678533635,31.2353341466365,26.2702772824548,31.7897247175452,25.2725568573281,32.7874451426718
