"","Point Forecast","Lo 75","Hi 75","Lo 85","Hi 85","Lo 95","Hi 95"
"2019.000",114.211832497375,112.568113190917,115.855551803834,112.15490465319,116.26876034156,111.411265385931,117.01239960882
"2019.008",112.72248729053,110.193010552194,115.251964028867,109.557134718556,115.887839862504,108.412767659742,117.032206921318
"2019.016",111.482656697036,108.489349275538,114.475964118535,107.736872756133,115.22844063794,106.382662868313,116.58265052576
"2019.024",110.45053876125,107.174091520109,113.726986002391,106.350437525093,114.550639997406,104.868131625269,116.03294589723
"2019.032",109.591334738569,106.132240336591,113.050429140546,105.262671345047,113.91999813209,103.697733574734,115.484935902403
"2019.040",108.876075825808,105.295868682396,112.456282969221,104.395853605203,113.356298046414,102.776122908907,114.97602874271
"2019.048",108.280646453066,104.61885717746,111.942435728671,103.698333468765,112.862959437366,102.041693990801,114.519598915331
