"","Point Forecast","Lo 75","Hi 75","Lo 85","Hi 85","Lo 95","Hi 95"
"2019.000",114.569949768555,112.927914359179,116.21198517793,112.515129130134,116.624770406975,111.772251679073,117.367647858037
"2019.008",113.261803292904,110.744068773255,115.779537812553,110.111144772692,116.412461813116,108.972090041151,117.551516544657
"2019.016",112.141276182948,109.139322821559,115.143229544336,108.384672831194,115.897879534702,107.026551411533,117.256000954363
"2019.024",111.181459352403,107.86894190578,114.493976799027,107.036220354762,115.326698350045,105.537595840762,116.825322864044
"2019.032",110.359303118957,106.83628775463,113.882318483283,105.950649907973,114.76795632994,104.356793491139,116.361812746774
"2019.040",109.6550636738,105.985272732408,113.324854615191,105.062737514445,114.247389833155,103.402477982339,115.90764936526
"2019.048",109.05182894062,105.277974488853,112.825683392387,104.329279128593,113.774378752647,102.621939956855,115.481717924384
