"","Point Forecast","Lo 75","Hi 75","Lo 85","Hi 85","Lo 95","Hi 95"
"2019.000",82.444738535708,81.502424786116,83.3870522852999,81.2655400059602,83.6239370654557,80.8392254256532,84.0502516457628
"2019.008",82.3202397551638,81.0551145665357,83.5853649437919,80.7370794085987,83.9034001017289,80.1647208772078,84.4757586331198
"2019.016",82.2271546392858,80.803565550642,83.6507437279297,80.4456947369755,84.0086145415961,79.801645146149,84.6526641324227
"2019.024",82.1575568588085,80.6455031880298,83.6696105295871,80.2653935891396,84.0497201284774,79.5813215098147,84.7337922078022
"2019.031",82.1055200642932,80.540791137872,83.6702489907143,80.147439700626,84.0636004279604,79.439536673794,84.7715034547924
"2019.039",82.0666132490922,80.4689873511825,83.664239147002,80.0673660655316,84.0658604326528,79.3445800354541,84.7886464627304
"2019.047",82.0375234428661,80.4184471825545,83.6565997031776,80.0114335693652,84.063613316367,79.2789431258174,84.7961037599148
