"","Point Forecast","Lo 75","Hi 75","Lo 85","Hi 85","Lo 95","Hi 95"
"2019.000",82.166899012054,81.2210300977477,83.1127679263604,80.9832515978386,83.3505464262695,80.5553286163448,83.7784694077633
"2019.008",82.084560785163,80.8143338628965,83.3547877074295,80.495016198945,83.674105371381,79.9203495791538,84.2487719911722
"2019.016",82.0237392575135,80.595471689573,83.452006825454,80.2364247702409,83.8110537447861,79.5902585765963,84.4572199384306
"2019.024",81.9788116659767,80.4625014570476,83.4951218749059,80.0813218227212,83.8763015092323,79.3953240320544,84.562299299899
"2019.032",81.9456245929239,80.3767064046644,83.5145427811834,79.9823018443264,83.9089473415214,79.2725035428015,84.6187456430463
"2019.040",81.921109995543,80.3190147791725,83.5232052119135,79.9162699680276,83.9259500230583,79.1914619621223,84.6507580289637
"2019.048",81.9030015747193,80.2789178386888,83.5270853107498,79.870645414636,83.9353577348026,79.1358895261549,84.6701136232837
