"","Point Forecast","Lo 75","Hi 75","Lo 85","Hi 85","Lo 95","Hi 95"
"2019.000",81.9820394005843,81.0338977867015,82.9301810144672,80.7955479612231,83.1685308399456,80.3665967818848,83.5974820192839
"2019.008",81.9917356948304,80.7666086087106,83.2168627809502,80.4586284263307,83.5248429633301,79.9043655390831,84.0791058505778
"2019.016",81.9995455464339,80.6186778783675,83.3804132145003,80.2715466451495,83.7275444477183,79.6468247617787,84.3522663310892
"2019.024",82.0058359683745,80.5284475312489,83.4832244055002,80.1570522976711,83.854619639078,79.4886632056129,84.5230087311362
"2019.032",82.0109025701744,80.4707677858176,83.5510373545312,80.0835989792915,83.9382061610574,79.3868226513501,84.6349824889988
"2019.040",82.0149834496513,80.4327629606894,83.5972039386132,80.0350143840099,83.9949525152928,79.3191979545064,84.7107689447963
"2019.048",82.0182703819904,80.4071201942919,83.6294205696888,80.0020990872814,84.0344416766993,79.2731944985733,84.7633462654075
