"","Point Forecast","Lo 75","Hi 75","Lo 85","Hi 85","Lo 95","Hi 95"
"2019.000",195.830002,191.893632917013,199.766371082987,190.904083602637,200.755920397363,189.12322076977,202.53678323023
"2019.008",195.830002,190.263135456333,201.396868543667,188.863701395306,202.796302604694,186.34518102434,205.31482297566
"2019.016",195.830002,189.012010750922,202.647993249078,187.298061061829,204.361942938171,184.213516153993,207.446487846007
"2019.024",195.830002,187.957263834025,203.702740165975,185.978165205274,205.681838794726,182.41643953954,209.24356446046
"2019.031",195.830002,187.028013145912,204.631990854088,184.815313611879,206.844690388121,180.833183258986,210.826820741014
"2019.039",195.830002,186.187906307413,205.472097692587,183.764015411872,207.895988588128,179.401810169461,212.258193830539
"2019.047",195.830002,185.415348337852,206.244655662148,182.797246941979,208.862757058021,178.085526767096,213.574477232904
