"","Point Forecast","Lo 75","Hi 75","Lo 85","Hi 85","Lo 95","Hi 95"
"2019.000",195.520004,191.568049518075,199.471958481925,190.574582247708,200.465425752292,188.786668384535,202.253339615465
"2019.008",195.520004,189.931096373781,201.108911626219,188.526121486254,202.513886513746,185.9976294526,205.0423785474
"2019.016",195.520004,188.675018048107,202.364989951893,186.954282260174,204.085725739826,183.857524609601,207.182483390399
"2019.024",195.520004,187.616095036151,203.423912963849,185.629160495417,205.410847504583,182.05333276907,208.98667523093
"2019.032",195.520004,186.683165134432,204.356842865568,184.46170478447,206.57830321553,180.4638078485,210.5762001515
"2019.040",195.520004,185.83973203258,205.20027596742,183.406244144025,207.633763855975,179.026767475202,212.013240524798
"2019.048",195.520004,185.06411524818,205.97589275182,182.435647915107,208.604360084893,177.705272467545,213.334735532455
