"","Point Forecast","Lo 75","Hi 75","Lo 85","Hi 85","Lo 95","Hi 95"
"2019.000",196.720001,192.754080165012,200.685921834988,191.757101944628,201.682900055372,189.962869527844,203.477132472156
"2019.008",196.720001,191.111341967862,202.328660032138,189.701401847204,203.738600152796,187.163974029339,206.276027970661
"2019.016",196.720001,189.850824615005,203.589177384995,188.12400768326,205.31599431674,185.016305976803,208.423696023197
"2019.024",196.720001,188.788159330024,204.651842669976,186.794202889256,206.645799110744,183.205738055688,210.234263944312
"2019.032",196.720001,187.851932419584,205.588069580416,185.622621346719,207.817380653281,181.610595695356,211.829406304644
"2019.040",196.720001,187.005518594007,206.434483405993,184.563430669398,208.876571330602,180.168476768317,213.271525231683
"2019.048",196.720001,186.227160751252,207.212841248748,183.589404317568,209.850597682432,178.842311548508,214.597690451492
