"","Point Forecast","Lo 75","Hi 75","Lo 85","Hi 85","Lo 95","Hi 95"
"2019.000",57.299999,55.8295208060971,58.7704771939029,55.459862713092,59.140135286908,54.7945999018936,59.8053980981064
"2019.008",57.299999,55.2204287950086,59.3795692049914,54.6976533064398,59.9023446935602,53.7568296163006,60.8431683836993
"2019.016",57.299999,54.753056056738,59.846941943262,54.1127894582242,60.4872085417758,52.9605204688425,61.6394775311575
"2019.024",57.299999,54.3590426121941,60.2409553878059,53.619726426184,60.980271573816,52.2892008037873,62.3107971962127
"2019.032",57.299999,54.0119097990019,60.5880882009981,53.1853291746097,61.4146688253903,51.6977563058675,62.9022416941325
"2019.040",57.299999,53.6980777470484,60.9019202529516,52.7926040398957,61.8073939601043,51.1630496076102,63.4369483923898
"2019.048",57.299999,53.4094793905894,61.1905186094106,52.4314560063756,62.1685419936244,50.671336051445,63.928661948555
