"","Point Forecast","Lo 75","Hi 75","Lo 85","Hi 85","Lo 95","Hi 95"
"2019.000",57.68,56.2209207609208,59.1390792390792,55.8541282091525,59.5058717908475,55.194022428342,60.165977571658
"2019.008",57.68,55.6165503515171,59.7434496484829,55.097827350229,60.262172649771,54.1642968024059,61.195703197594
"2019.016",57.68,55.1528006256458,60.2071993743542,54.5174972901453,60.8425027098547,53.3741605394117,61.9858394605883
"2019.024",57.68,54.7618415218415,60.5981584781585,54.0282564183049,61.3317435816951,52.708044856684,62.651955143316
"2019.031",57.68,54.4173996368602,60.9426003631398,53.5972265574656,61.7627734425344,52.1211851592329,63.2388148407671
"2019.039",57.68,54.1060003699675,61.2539996300325,53.2075457766818,62.1524542233182,51.5906234374347,63.7693765625653
"2019.047",57.68,53.819639190259,61.540360809741,52.8491973155293,62.5108026844707,51.1027215805087,64.2572784194913
