"","Point Forecast","Lo 75","Hi 75","Lo 85","Hi 85","Lo 95","Hi 95"
"2019.000",57.580002,56.1151342026687,59.0448697973313,55.746886486578,59.413117513422,55.0841618892822,60.0758421107178
"2019.008",57.580002,55.5083660939305,59.6516379060695,54.9875851795221,60.1724188204779,54.0503510659082,61.1096529340918
"2019.016",57.580002,55.0427765486508,60.1172274513492,54.4049527946104,60.7550512053896,53.2570801206685,61.9029238793315
"2019.024",57.580002,54.6502664053375,60.5097375946625,53.913770973156,61.246233026844,52.5883217785645,62.5716822214355
"2019.032",57.580002,54.3044580271169,60.8555459728831,53.481031101379,61.678972898621,51.9991338514645,63.1608701485355
"2019.040",57.580002,53.9918233559037,61.1681806440963,53.0898043525361,62.0701996474639,51.46646724917,63.69353675083
"2019.048",57.580002,53.7043261046745,61.4556778953255,52.7300342270309,62.4299697729691,50.9766297548609,64.1833742451391
