"","Point Forecast","Lo 75","Hi 75","Lo 85","Hi 85","Lo 95","Hi 95"
"2019.000",55.869999,54.7774636621074,56.9625343378926,54.5028152305832,57.2371827694168,54.0085385162235,57.7314594837765
"2019.008",55.869999,54.3249207077804,57.4150772922196,53.9365091710344,57.8034888289656,53.2374963380217,58.5025016619783
"2019.016",55.869999,53.9776722857056,57.7623257142944,53.5019672480866,58.2380307519134,52.6458548658173,59.0941431341827
"2019.024",55.869999,53.6849283242149,58.0550696757851,53.1356314611664,58.6043665388336,52.147078032447,59.592919967553
"2019.032",55.869999,53.4270157166515,58.3129822833485,52.8128831538497,58.9271148461503,51.7076468208461,60.0323511791539
"2019.040",55.869999,53.193844896204,58.546153103796,52.5210963803139,59.2189016196861,51.3103706383932,60.4296273616068
"2019.048",55.869999,52.9794221973863,58.7605758026137,52.2527707495993,59.4872272504007,50.9450374845533,60.7949605154467
