"","Point Forecast","Lo 75","Hi 75","Lo 85","Hi 85","Lo 95","Hi 95"
"2019.000",56.4157520401625,55.3490058916109,57.4824981887141,55.0808405093366,57.7506635709885,54.5982311482709,58.2332729320541
"2019.008",56.453290340589,54.8794025151583,58.0271781660198,54.4837486560497,58.4228320251283,53.771702028226,59.134878652952
"2019.016",56.42611982999,54.5371582929216,58.3150813670584,54.0622992148013,58.7899404451787,53.2077092809919,59.6445303789881
"2019.024",56.4409767823372,54.2226730443389,58.6592805203354,53.6650218442773,59.216931720397,52.6614333606456,60.2205202040287
"2019.031",56.4386502328976,53.9828074504244,58.8944930153708,53.3654421855375,59.5118582802576,52.2543880535528,60.6229124122424
"2019.039",56.4297641124358,53.7214237842312,59.1381044406404,53.040584092025,59.8189441328466,51.8152968977681,61.0442313271035
"2019.047",56.4473647120471,53.5306047633127,59.3641246607814,52.7973712309331,60.0973581931611,51.4777923815959,61.4169370424982
