"","Point Forecast","Lo 75","Hi 75","Lo 85","Hi 85","Lo 95","Hi 95"
"2019.000",56.790001,55.6971941155567,57.8828078844433,55.422477420946,58.157524579054,54.9280778555147,58.6519241444853
"2019.008",56.790001,55.2445386829655,58.3354633170345,54.8560306076368,58.7239713923632,54.1568440369726,59.4231579630274
"2019.016",56.790001,54.8972039532831,58.6827980467169,54.42138068053,59.15862131947,53.5650555139631,60.0149464860369
"2019.024",56.790001,54.6043872311133,58.9756147688867,54.0549538418919,59.5250481581081,53.0661547110295,60.5138472889705
"2019.032",56.790001,54.3464105201049,59.2335914798951,53.7321253164014,59.8478766835986,52.6266142800508,60.9533877199492
"2019.040",56.790001,54.1131817457132,59.4668202542868,53.440266020093,60.139735979907,52.2292393557327,61.3507626442673
"2019.048",56.790001,53.8987057527436,59.6812962472564,53.171873697806,60.408128302194,51.8638153993766,61.7161866006234
