"","Point Forecast","Lo 75","Hi 75","Lo 85","Hi 85","Lo 95","Hi 95"
"2019.000",27.9755665983421,27.3413887302776,28.6097444664066,27.1819650935948,28.7691681030893,26.8950550577591,29.0560781389251
"2019.008",28.0377690815497,27.1087215850241,28.9668165780754,26.8751717593274,29.2003664037721,26.4548589985954,29.6206791645041
"2019.016",28.0377690815497,26.9585498866712,29.1169882764283,26.6872489512561,29.3882892118434,26.1989966273107,29.8765415357888
"2019.024",28.0377690815497,26.8268607900644,29.2486773730351,26.5224550180573,29.5530831450421,25.9746248921588,30.1009132709407
"2019.032",28.0377690815497,26.7081512002839,29.3673869628156,26.3739034620638,29.7016347010357,25.7723676261853,30.3031705369142
"2019.040",28.0377690815497,26.599204335014,29.4763338280855,26.2375688459101,29.8379693171894,25.586744079287,30.4887940838125
"2019.048",28.0377690815497,26.4979465756195,29.57759158748,26.110856271616,29.9646818914835,25.4142212223585,30.661316940741
