"","Point Forecast","Lo 75","Hi 75","Lo 85","Hi 85","Lo 95","Hi 95"
"2019.000",27.6417800294047,27.0120404940104,28.271519564799,26.853732593418,28.4298274653915,26.568830515049,28.7147295437604
"2019.008",27.686414633915,26.7627909748365,28.6100382929935,26.5306046276435,28.8422246401865,26.1127456791221,29.2600835887079
"2019.016",27.686414633915,26.6129037485042,28.7599255193258,26.3430378039655,29.0297914638645,25.8573679909471,29.5154612768828
"2019.024",27.686414633915,26.4815202075931,28.8913090602368,26.1786262389826,29.1942030288474,25.6335168612471,29.7393124065829
"2019.031",27.686414633915,26.3631174125519,29.0097118552781,26.0304586017268,29.3423706661032,25.4317823118061,29.9410469560238
"2019.039",27.686414633915,26.2544717252928,29.1183575425371,25.894500875614,29.4783283922159,25.2466719116652,30.1261573561648
"2019.047",27.686414633915,26.1535071184271,29.2193221494029,25.7681551483823,29.6046741194476,25.0746485276865,30.2981807401435
