"","Point Forecast","Lo 75","Hi 75","Lo 85","Hi 85","Lo 95","Hi 95"
"2019.000",70.1450345621098,68.5824707320769,71.7075983921426,68.1896635704314,72.1004055537881,67.4827400604095,72.80732906381
"2019.008",70.0164191917246,67.7391753932508,72.2936629901983,67.1667074686384,72.8661309148107,66.136453761077,73.8963846223721
"2019.016",70.011534699376,67.356847547891,72.6662218508611,66.6894955300155,73.3335738687366,65.4884817070484,74.5345876917037
"2019.024",70.0357571515207,67.0670402593474,73.004474043694,66.3207454624691,73.7507688405723,64.9776606390911,75.0938536639503
"2019.032",70.0381455234045,66.7633296103343,73.3129614364747,65.9400857088691,74.1362053379399,64.4585178423619,75.6177732044471
"2019.040",70.0336719964482,66.4751221053116,73.5922218875849,65.5805513649394,74.4867926279571,63.9706186816918,76.0967253112047
"2019.048",70.0329475891596,66.215164398361,73.8507307799582,65.2554259543167,74.8104692240024,63.5282128690854,76.5376823092338
