"","Point Forecast","Lo 75","Hi 75","Lo 85","Hi 85","Lo 95","Hi 95"
"2019.000",70.8326591549365,69.2811387374039,72.3841795724692,68.891107738521,72.7742105713521,68.1891804070725,73.4761379028005
"2019.008",70.7296797532123,68.4678789858212,72.9914805206034,67.8992932278699,73.5600662785547,66.8760261416091,74.5833333648155
"2019.016",70.7210368208505,68.0824523210564,73.3596213206446,67.4191482894354,74.0229253522657,66.22541950842,75.2166541332811
"2019.024",70.7399370859484,67.787975567113,73.6918986047839,67.0458928417781,74.4339813301188,65.7103883598262,75.7694858120707
"2019.031",70.7427154311478,67.48597584041,73.9994550218857,66.6672760789869,74.8181547833088,65.1938861678283,76.2915446944674
"2019.039",70.7393189886434,67.2001548270298,74.2784831502571,66.3104573937469,75.16818058354,64.7092950581135,76.7693429191734
"2019.047",70.7385886018594,66.9412770719817,74.5359001317372,65.9866849233181,75.4904922804007,64.2687334747098,77.208443729009
