"","Point Forecast","Lo 75","Hi 75","Lo 85","Hi 85","Lo 95","Hi 95"
"2019.000",60.709999,59.8059488872334,61.6140491127666,59.5786830616999,61.8413149383001,59.1696794314679,62.2503185685321
"2019.008",60.709999,59.4314790694606,61.9885189305394,59.1100766567272,62.3099213432728,58.5316581757933,62.8883398242067
"2019.016",60.709999,59.1441382720999,62.2758597279001,58.7505023154519,62.6694956845482,58.0420872474099,63.3779107525901
"2019.024",60.709999,58.9018987744668,62.5180992255332,58.4473671233999,62.9726308766001,57.6293598629359,63.7906381370641
"2019.031",60.709999,58.6884814927876,62.7315165072124,58.1802996579321,63.2396983420679,57.2657397376892,64.1542582623108
"2019.039",60.709999,58.4955375218163,62.9244604781837,57.9388522132869,63.4811457867131,56.9370020162725,64.4829959837275
"2019.047",60.709999,58.3181072288797,63.1018907711203,57.7168183730144,63.7031796269856,56.6346964820979,64.7853015179021
