"","Point Forecast","Lo 75","Hi 75","Lo 85","Hi 85","Lo 95","Hi 95"
"2019.000",60.459999,59.5527044461775,61.3672935538225,59.324623012566,61.595374987434,58.9141515564345,62.0058464435655
"2019.008",60.459999,59.176890736917,61.743107263083,58.854334880178,62.065663119822,58.2738405799499,62.6461574200501
"2019.016",60.459999,58.8885187353489,62.0314792646511,58.4934701040706,62.4265278959295,57.7825126869941,63.1374853130059
"2019.024",60.459999,58.645409892355,62.274588107645,58.1892470251319,62.7307509748681,57.368304112869,63.551693887131
"2019.032",60.459999,58.4312267020376,62.4887712979625,57.9212211120765,62.9987768879235,57.0033790333432,63.9166189666568
"2019.040",60.459999,58.2375902967288,62.6824077032713,57.678907164578,63.241090835422,56.6734615430787,64.2465364569213
"2019.048",60.459999,58.0595232447024,62.8604747552976,57.4560764926951,63.4639215073049,56.3700710994807,64.5499269005193
