"","Point Forecast","Lo 75","Hi 75","Lo 85","Hi 85","Lo 95","Hi 95"
"2019.000",21.1222264746737,20.5806567023015,21.6637962470459,20.4445134734428,21.7999394759046,20.1995005037013,22.0449524456462
"2019.008",21.158024859571,20.4785365981747,21.8375131209674,20.3077225487256,22.0083271704165,20.0003135216301,22.315736197512
"2019.016",21.1493526406575,20.3386700283148,21.9600352530002,20.1348755145617,22.1638297667533,19.7681125146662,22.5305927666488
"2019.024",21.1514535002661,20.2316932390575,22.0712137614747,20.0004780972145,22.3024289033177,19.5843669984323,22.7185400020999
"2019.031",21.1509445634947,20.1329387971377,22.1689503298516,19.877026079887,22.4248630471023,19.4164674801398,22.8854216468495
"2019.039",21.151067854283,20.0436752193214,22.2584604892446,19.7652918666508,22.5368438419152,19.264293524418,23.037842184148
"2019.047",21.1510379868823,19.960913376515,22.3411625972495,19.661732337496,22.6403436362686,19.1233050100782,23.1787709636864
