"","Point Forecast","Lo 75","Hi 75","Lo 85","Hi 85","Lo 95","Hi 95"
"2019.000",20.8440911835453,20.3016009521799,21.3865814149108,20.1652263325277,21.522956034563,19.9197969355721,21.7683854315185
"2019.008",20.8440911835453,20.1600734009652,21.5281089661255,19.9881206918815,21.7000616752092,19.6786624524898,22.0095199146008
"2019.016",20.8440911835453,20.0431760802761,21.6450062868146,19.841836984626,21.8463453824646,19.4794929285623,22.2086894385284
"2019.024",20.8440911835453,19.9412901653781,21.7468922017126,19.7143383451318,21.9738440219589,19.3058998209912,22.3822825460995
"2019.032",20.8440911835453,19.8497902461211,21.8383921209696,19.5998365984401,22.0883457686506,19.1500023611486,22.538180005942
"2019.040",20.8440911835453,19.7660285555307,21.9221538115599,19.4950183651966,22.1931640018941,19.0072892866325,22.6808930804582
"2019.048",20.8440911835453,19.6883214375835,21.9998609295072,19.3977767412958,22.2904056257949,18.8748919861973,22.8132903808933
