"","Point Forecast","Lo 75","Hi 75","Lo 85","Hi 85","Lo 95","Hi 95"
"2019.000",47.8984165701514,46.4776552682494,49.3191778720533,46.1204953214687,49.676337818834,45.4777250568948,50.3191080834079
"2019.013",48.6673172088559,46.7791499413645,50.5554844763473,46.3044905317456,51.0301438859662,45.4502599354727,51.8843744822391
"2019.025",49.3403557332753,47.1608642813822,51.5198471851685,46.6129699588631,52.0677415076876,45.6269406411343,53.0537708254164
"2019.038",49.9294836810891,47.5508012954683,52.3081660667099,46.9528330983341,52.9061342638441,45.876687299391,53.9822800627872
"2019.051",50.4451625409206,47.9244891360508,52.9658359457903,47.2908263399643,53.5994987418768,46.150442019823,54.7398830620181
"2019.063",50.8965495230929,48.2722764420369,53.520822604149,47.6125701052208,54.1805289409651,46.4253159898627,55.3677830563232
"2019.076",51.2916601695547,48.5906969050588,53.9926234340507,47.9117117057065,54.671608633403,46.6897619877628,55.8935583513467
