"","Point Forecast","Lo 75","Hi 75","Lo 85","Hi 85","Lo 95","Hi 95"
"2019.000",48.2462323988773,46.8531650692092,49.6392997285454,46.5029670080289,49.9894977897257,45.8727258444631,50.6197389532916
"2019.013",48.9856971675808,47.1357029145745,50.8356914205872,46.6706396783618,51.3007546567999,45.8336790334785,52.1377153016832
"2019.025",49.6318665144622,47.4978580645515,51.7658749643729,46.9613975462511,52.3023354826733,45.9959453101043,53.2677877188201
"2019.038",50.1965111635658,47.8688515346933,52.5241707924383,47.2837097603089,53.1093125668227,46.2306472976099,54.1623750295217
"2019.051",50.6899167720183,48.2246089072789,53.1552246367578,47.6048642502492,53.7749692937874,46.4895279961203,54.8903055479164
"2019.063",51.1210712952018,48.5556252288086,53.6865173615951,47.9107071983731,54.3314353920306,46.7500671635986,55.492075426805
"2019.076",51.4978287127849,48.8584754710102,54.1371819545597,48.1949781881762,54.8006792373936,47.0009016186297,55.9947558069402
