"","Point Forecast","Lo 75","Hi 75","Lo 85","Hi 85","Lo 95","Hi 95"
"2019.000",98.3579172605246,96.6838301140573,100.032004406992,96.2629875169666,100.452847004083,95.5056094573207,101.210225063728
"2019.008",98.4365594941738,96.3865234328555,100.486595555492,95.8711724238024,101.001946564545,94.9437103513518,101.929408636996
"2019.016",98.4731572011037,96.2216262592211,100.724688142986,95.6556221948499,101.290692207358,94.6370013066874,102.30931309552
"2019.024",98.4438162536558,95.9286073373024,100.959025170009,95.296318238842,101.59131426847,94.1584061219657,102.729226385346
"2019.032",98.4437581195976,95.6883917948398,101.199124444355,94.9957304106973,101.891785828498,93.7491680647271,103.138348174468
"2019.040",98.4507186713745,95.4916485287866,101.409788813962,94.7477787927289,102.15365855002,93.4090582800729,103.492379062676
"2019.048",98.4486916157536,95.2947281055969,101.60265512591,94.5018648442401,102.395518387267,93.0749721232982,103.822411108209
