"","Point Forecast","Lo 75","Hi 75","Lo 85","Hi 85","Lo 95","Hi 95"
"2019.000",99.0096034646675,97.3393492449347,100.6798576844,96.9194701931676,101.099736736167,96.1638261977363,101.855380731599
"2019.008",99.2431168341019,97.199096819688,101.287136848516,96.6852581624911,101.800975505713,95.7605178252506,102.725715842953
"2019.016",99.1836570102218,96.9348526822615,101.432461338182,96.369534051314,101.99777996913,95.3521467175493,103.015167302894
"2019.024",99.1472662034359,96.6340689706584,101.660463436213,96.0022855819172,102.292246824955,94.8652835759671,103.429248830905
"2019.031",99.1717119505231,96.418908646739,101.924515254307,95.7268915709917,102.616532330055,94.4814887679138,103.861935133132
"2019.039",99.1729116858207,96.2157058259781,102.130117545663,95.4723047450879,102.873518626553,94.1344276573703,104.211395714271
"2019.047",99.1669150527637,96.0142836300537,102.319546475474,95.22175523725,103.112074868277,93.7954651694064,104.538364936121
