"","Point Forecast","Lo 75","Hi 75","Lo 85","Hi 85","Lo 95","Hi 95"
"2019.000",116.578228806451,115.13449961547,118.021957997433,114.771565855713,118.38489175719,114.118404629532,119.038052983371
"2019.008",116.786454612903,114.744713210623,118.828196015183,114.231447365331,119.341461860474,113.30773790085,120.265171324955
"2019.016",116.994680419354,114.494068108204,119.495292730505,113.865448396523,120.123912442186,112.734139967244,121.255220871465
"2019.024",117.202906225806,114.315447843843,120.090364607769,113.589580324329,120.816232127283,112.283257871967,122.122554579644
"2019.032",117.411132032257,114.182855420122,120.639408644393,113.371310861975,121.450953202539,111.910797959968,122.911466104546
"2019.040",117.619357838709,114.082957994043,121.155757683375,113.193955472208,122.044760205209,111.594043748295,123.644671929123
"2019.048",117.82758364516,114.007835245298,121.647332045022,113.047602774592,122.607564515729,111.319500604088,124.335666686233
