"","Point Forecast","Lo 75","Hi 75","Lo 85","Hi 85","Lo 95","Hi 95"
"2019.000",116.717681992,115.279768938154,118.155595045846,114.918297275674,118.517066708326,114.267767343012,119.167596640988
"2019.008",116.925361984,114.891845841738,118.958878126262,114.380647714244,119.470076253756,113.460659460744,120.390064507256
"2019.016",117.133041976,114.642503509873,119.623580442127,114.01641622496,120.24966772704,112.889665329745,121.376418622255
"2019.024",117.340721968,114.464895860308,120.216548075691,113.741952535347,120.939491400653,112.440892670024,122.240551265976
"2019.032",117.54840196,114.333130625867,120.763673294133,113.52485541662,121.57194850338,112.07022626579,123.02657765421
"2019.040",117.756081952,114.233928675591,121.278235228409,113.348507546038,122.163656357962,111.755041148609,123.757122755391
"2019.048",117.963761944,114.159401596591,121.768122291409,113.20303747167,122.72448641633,111.481897049443,124.445626838557
