"","Point Forecast","Lo 75","Hi 75","Lo 85","Hi 85","Lo 95","Hi 95"
"2019.000",169.975204267784,167.037293183709,172.913115351858,166.298742545379,173.651665990188,164.969594656654,174.980813878913
"2019.008",169.782653633538,165.785543297706,173.779763969369,164.780724463669,174.784582803406,162.972381524814,176.592925742262
"2019.016",169.982014814314,165.40746005209,174.556569576538,164.257479592154,175.706550036475,162.18789353932,177.776136089309
"2019.024",169.861266803947,164.56019805824,175.162335549653,163.227581925916,176.494951681978,160.829311818446,178.893221789448
"2019.032",169.915425443258,164.090360547913,175.740490338603,162.626018954973,177.204831931544,159.990686405495,179.840164481022
"2019.040",169.89831901768,163.547997115937,176.248640919423,161.951613100248,177.845024935112,159.078647681322,180.717990354038
"2019.048",169.900048276071,163.077225194621,176.72287135752,161.362060848997,178.438035703144,158.275329959485,181.524766592656
