"","Point Forecast","Lo 75","Hi 75","Lo 85","Hi 85","Lo 95","Hi 95"
"2019.000",169.888487142042,166.962618073794,172.81435621029,166.227094633436,173.549879650648,164.903394703976,174.873579580107
"2019.008",170.068942724229,166.087784840043,174.050100608415,165.086976234025,175.050909214434,163.285850384733,176.852035063725
"2019.016",169.965834361958,165.409346162233,174.522322561684,164.26390738885,175.667761335067,162.202494875893,177.729173848024
"2019.024",170.009779183023,164.729595208806,175.28996315724,163.402229222205,176.617329143841,161.01340764777,179.006150718277
"2019.032",169.99705376835,164.194898200241,175.799209336458,162.736315698631,177.257791838068,160.111347616646,179.882759920053
"2019.040",169.997510408181,163.672079009625,176.322941806737,162.081952125786,177.913068690577,159.220247483246,180.774773333117
"2019.048",170.000048947722,163.203965660084,176.79613223536,161.495523332664,178.50457456278,158.420889861852,181.579208033592
