"","Point Forecast","Lo 75","Hi 75","Lo 85","Hi 85","Lo 95","Hi 95"
"2019.000",169.305037008171,166.389836038113,172.220237978229,165.656994411636,172.953079604706,164.33812086384,174.271953152502
"2019.008",169.338870431263,165.371869069412,173.305871793113,164.374619219363,174.303121643162,162.579897958651,176.097842903875
"2019.016",169.254589663489,164.715086836381,173.794092490596,163.573917953213,174.935261373764,161.520189836246,176.988989490731
"2019.024",169.31655602235,164.055809091595,174.577302953104,162.733329311706,175.899782732994,160.353301299955,178.279810744744
"2019.031",169.284641400996,163.5040136743,175.065269127693,162.050842977391,176.518439824602,159.435614361354,179.133668440639
"2019.039",169.296815409463,162.994965627411,175.598665191516,161.410766839223,177.182863979704,158.559730816287,180.03390000264
"2019.047",169.294072840102,162.523320522345,176.06482515786,160.821246054074,177.766899626131,157.758072632315,180.830073047889
