"","Point Forecast","Lo 75","Hi 75","Lo 85","Hi 85","Lo 95","Hi 95"
"2019.000",54.48,52.5749608028516,56.3850391971484,52.0960600210258,56.8639399789742,51.2341963517835,57.7258036482165
"2019.008",54.48,51.7858677305403,57.1741322694597,51.1085997498513,57.8514002501487,49.8897404598921,59.0702595401078
"2019.016",54.48,51.1803753201287,57.7796246798713,50.3508948342221,58.6091051657779,48.8581031698966,60.1018968301034
"2019.024",54.48,50.6699216057031,58.2900783942969,49.7121200420517,59.2478799579483,47.988392703567,60.971607296433
"2019.032",54.48,50.2202028553745,58.7397971446255,49.1493481527344,59.8106518472656,47.2221624009711,61.7378375990289
"2019.040",54.48,49.813626026985,59.146373973015,48.6405634740921,60.3194365259079,46.5294372566054,62.4305627433945
"2019.048",54.48,49.4397400465151,59.5202599534849,48.1726876751298,60.7873123248702,45.8924107422729,63.0675892577271
