"","Point Forecast","Lo 75","Hi 75","Lo 85","Hi 85","Lo 95","Hi 95"
"2019.000",52.439999,50.538938755138,54.341059244862,50.0610382274612,54.8189597725388,49.200974686228,55.679023313772
"2019.008",52.439999,49.7514938188278,55.1285041811722,49.075640411122,55.804357588878,47.8593268866074,57.0206711133926
"2019.016",52.439999,49.1472660676496,55.7327319323504,48.3195180727495,56.5604799272505,46.8298443215959,58.0501536784041
"2019.024",52.439999,48.6378785102759,56.2421194897241,47.6820774549224,57.1979205450776,45.9619503724559,58.9180476275441
"2019.032",52.439999,48.1890990631661,56.6908989368339,47.1204809967978,57.7595170032022,45.1973204536311,59.6826775463689
"2019.040",52.439999,47.7833714297976,57.0966265702024,46.6127589891826,58.2672390108174,44.5060421667901,60.3739558332099
"2019.048",52.439999,47.4102663647435,57.4697316352565,46.1458604170842,58.7341375829158,43.8703461752676,61.0096518247324
