"","Point Forecast","Lo 75","Hi 75","Lo 85","Hi 85","Lo 95","Hi 95"
"2019.000",33.040001,32.2373851199803,33.8426168800197,32.0356184723321,34.0443835276679,31.6725049634965,34.4074970365035
"2019.008",33.040001,31.9049307371002,34.1750712628998,31.6195896075614,34.4604123924386,31.1060695586852,34.9739324413148
"2019.016",33.040001,31.6498295168443,34.4301724831557,31.3003594318447,34.7796425681553,30.6714283856268,35.4085736143732
"2019.024",33.040001,31.4347692399606,34.6452327600394,31.0312359446641,35.0487660553359,30.3050089269929,35.7749930730071
"2019.032",33.040001,31.2452973324552,34.8347046675448,30.7941333927214,35.2858686072786,29.9821869034166,36.0978150965834
"2019.040",33.040001,31.0740016344969,35.0060003655031,30.5797763006468,35.5002256993532,29.6903334852879,36.3896685147121
"2019.048",33.040001,30.9164789831567,35.1635230168433,30.3826546106122,35.6973473893878,29.4219465685451,36.6580554314549
