"","Point Forecast","Lo 75","Hi 75","Lo 85","Hi 85","Lo 95","Hi 95"
"2019.000",33.540001,32.7389359486331,34.3410660513669,32.5375591580835,34.5424428419165,32.1751472636163,34.9048547363837
"2019.008",33.540001,32.4071239400138,34.6728780599862,32.1223341516715,34.9576678483285,31.6098063353506,35.4701956646494
"2019.016",33.540001,32.1525156308648,34.9274863691352,31.8037207981678,35.2762812018322,31.1760049836832,35.9039970163168
"2019.024",33.540001,31.9378708972662,35.1421311027338,31.5351173161671,35.5448846838329,30.8102935272326,36.2697084727674
"2019.031",33.540001,31.7487650907442,35.3312369092557,31.2984728979847,35.7815291020153,30.4880952661015,36.5919067338985
"2019.039",33.540001,31.5778003733747,35.5022016266253,31.084529990489,35.995472009511,30.1968057723289,36.8831962276711
"2019.047",33.540001,31.420582090098,35.659419909902,30.8877891824835,36.1922128175165,29.9289374375515,37.1510645624485
