"","Point Forecast","Lo 75","Hi 75","Lo 85","Hi 85","Lo 95","Hi 95"
"2019.000",35.959999,35.0788462029204,36.8411517970796,34.8573364491783,37.0626615508217,34.4586918522635,37.4613061477365
"2019.008",35.959999,34.713860763847,37.206137236153,34.4005986659071,37.5193993340929,33.8368300703834,38.0831679296166
"2019.016",35.959999,34.4337975862267,37.4862004137733,34.0501314383734,37.8698665616266,33.3596587423541,38.5603392576459
"2019.024",35.959999,34.1976934058408,37.7223045941592,33.7546738983567,38.1653241016433,32.957384704527,38.962613295473
"2019.031",35.959999,33.9896814471659,37.9303165528341,33.4943705801194,38.4256274198806,32.6029741625549,39.3170238374451
"2019.039",35.959999,33.8016242617288,38.1183737382712,33.2590383920112,38.6609596079888,32.2825625408524,39.6374354591476
"2019.047",35.959999,33.6286878318784,38.2913101681216,33.0426281105018,38.8773698894983,31.9879136455655,39.9320843544345
