"","Point Forecast","Lo 75","Hi 75","Lo 85","Hi 85","Lo 95","Hi 95"
"2019.000",36.139999,35.2559173307521,37.0240806692479,35.0336712986314,37.2463267013686,34.6337016431469,37.6462963568531
"2019.008",36.139999,34.8897187131041,37.3902792868959,34.5754153602955,37.7045826397046,34.0097728489716,38.2702251510284
"2019.016",36.139999,34.6087246308223,37.6712733691777,34.2237832114087,38.0562147885913,33.5310154466237,38.7489825533763
"2019.024",36.139999,34.3718356615041,37.9081623384959,33.9273435972628,38.3526544027372,33.1274042862938,39.1525937137062
"2019.032",36.139999,34.1631322899001,38.1168657100999,33.6661750543487,38.6138229456513,32.7718157157482,39.5081822842518
"2019.040",36.139999,33.9744500193946,38.3055479806054,33.4300606433407,38.8499373566593,32.4503390748069,39.8296589251931
"2019.048",36.139999,33.8009387644991,38.4790592355009,33.2129310336369,39.0670669663631,32.1547107932527,40.1252872067473
