"","Point Forecast","Lo 75","Hi 75","Lo 85","Hi 85","Lo 95","Hi 95"
"2019.000",36.630001,35.7480206049755,37.5119813950245,35.5263028044366,37.7336991955634,35.1272837918129,38.1327182081871
"2019.008",36.630001,35.3826923636092,37.8773096363908,35.0691360430676,38.1908659569324,34.5048379437704,38.7551640562296
"2019.016",36.630001,35.1023661445379,38.1576358554621,34.7183396490621,38.5416623509379,34.0272184460119,39.2327835539881
"2019.024",36.630001,34.8660402099511,38.3939617900489,34.4226046088732,38.8373973911268,33.6245665836258,39.6354354163742
"2019.032",36.630001,34.6578328819032,38.6021691180968,34.1620568080764,39.0979451919236,33.269823171535,39.990178828465
"2019.040",36.630001,34.4695990690517,38.7904029309483,33.9265035908392,39.3334984091608,32.949110612242,40.310891387758
"2019.048",36.630001,34.2965002135307,38.9635017864693,33.7098900520686,39.5501119479314,32.6541849762797,40.6058170237203
