"","Point Forecast","Lo 75","Hi 75","Lo 85","Hi 85","Lo 95","Hi 95"
"2019.000",35.116286768618,34.2454799326946,35.9870936045415,34.0265710119925,36.2060025252436,33.6326070578997,36.5999664793364
"2019.013",34.444372336826,33.2136846099818,35.6750600636702,32.9043065586266,35.9844381150254,32.3475279676469,36.5412167060051
"2019.025",34.792443778162,33.350592170295,36.234295386029,32.9881304092363,36.5967571470876,32.3358186252482,37.2490689310758
"2019.038",34.4635460905087,32.719091692949,36.2080004880685,32.2805597319787,36.6465324490387,31.4913466437875,37.4357455372299
"2019.051",33.8762042246603,31.9021816257131,35.8502268236076,31.4059393607809,36.3464690885397,30.5128667338016,37.2395417155191
"2019.063",33.7078269312638,31.5823701321058,35.8332837304218,31.0480593817668,36.3675944807607,30.0864760198704,37.3291778426572
"2019.076",33.365559798598,31.0967736868753,35.6343459103207,30.5264319089603,36.2046876882357,29.5000045651543,37.2311150320417
