"","Point Forecast","Lo 75","Hi 75","Lo 85","Hi 85","Lo 95","Hi 95"
"2019.000",34.68,33.8519628450393,35.5080371549607,33.6438056367861,35.7161943632139,33.2691912237537,36.0908087762463
"2019.008",34.68,33.5089786253058,35.8510213746942,33.2145998782883,36.1454001217117,32.6848150947175,36.6751849052824
"2019.016",34.68,33.2457975770533,36.1142024229467,32.885258716397,36.474741283603,32.2364075197774,37.1235924802226
"2019.024",34.68,33.0239256900787,36.3360743099213,32.6076112735722,36.7523887264278,31.8583824475075,37.5016175524925
"2019.031",34.68,32.8284526336124,36.5315473663876,32.3629989659516,36.9970010340484,31.5253356730601,37.8346643269399
"2019.039",34.68,32.6517314822805,36.7082685177195,32.1418525357778,37.2181474642222,31.2242383735563,38.1357616264437
"2019.047",34.68,32.4892196116526,36.8707803883474,31.9384874050091,37.4215125949909,30.947350830585,38.412649169415
