"","Point Forecast","Lo 75","Hi 75","Lo 85","Hi 85","Lo 95","Hi 95"
"2019.000",33.7781525955749,32.9526473856272,34.6036578055225,32.7451266736981,34.8111785174516,32.371657744403,35.1846474467467
"2019.013",33.2117016312729,32.0377277561496,34.3856755063961,31.7426067909322,34.6807964716135,31.2114862590697,35.211917003476
"2019.025",33.1644596280007,31.7884529777298,34.5404662782715,31.4425437378578,34.8863755181435,30.8200210400154,35.5088982159859
"2019.038",32.8552781682831,31.1921279658454,34.5184283707209,30.7740347668008,34.9365215697655,30.0216047180544,35.6889516185119
"2019.051",32.3962898743999,30.5172598474809,34.2753199013189,30.0448974150898,34.74768233371,29.1948006212595,35.5977791275403
"2019.063",32.1662163188405,30.1503591936558,34.1820734440252,29.6436003013742,34.6888323363067,28.7316012090822,35.6008314285987
"2019.076",31.8950880068934,29.753251378783,34.0369246350039,29.2148229636194,34.5753530501674,28.2458291612955,35.5443468524913
