"","Point Forecast","Lo 75","Hi 75","Lo 85","Hi 85","Lo 95","Hi 95"
"2019.000",6.35057218918799,6.10568881025765,6.59545556811832,6.04412848026476,6.65701589811121,5.93334016272395,6.76780421565202
"2019.008",6.39814598551223,6.06193827319469,6.73435369782977,5.97742025565168,6.81887171537278,5.82531566221375,6.9709763088107
"2019.016",6.44289916177454,6.04290263587077,6.8428956876783,5.94234898360492,6.94344933994415,5.76138552940637,7.1244127941427
"2019.024",6.4849989507406,6.03604989981696,6.93394800166424,5.92319025272462,7.04680764875658,5.72008006112799,7.24991784035321
"2019.031",6.52460267005202,6.03641063026317,7.01279470984087,5.91368583284907,7.13551950725498,5.69282162000918,7.35638372009487
"2019.039",6.56185831008771,6.04140073743486,7.08231588274056,5.91056482664434,7.21315179353108,5.67510328132654,7.44861333884888
"2019.047",6.59690508697132,6.04947837526187,7.14433179868077,5.91186279201174,7.2819473819309,5.66420006932267,7.52961010461997
