"","Point Forecast","Lo 75","Hi 75","Lo 85","Hi 85","Lo 95","Hi 95"
"2019.000",6.41,6.11641529074478,6.70358470925522,6.04261211283387,6.77738788716613,5.90979070153121,6.91020929846879
"2019.013",6.41,5.99480852246591,6.82519147753409,5.89043506731807,6.92956493268193,5.7025972260803,7.1174027739197
"2019.025",6.41,5.90149636724462,6.91850363275538,5.77366551334289,7.04633448665711,5.54361208063367,7.27638791936633
"2019.038",6.41,5.82283058148956,6.99716941851044,5.67522422566775,7.14477577433225,5.40958140306242,7.41041859693758
"2019.051",6.41,5.75352463295082,7.06647536704918,5.58849571018652,7.23150428981348,5.2914980056463,7.5285019943537
"2019.063",6.41,5.69086726604136,7.12913273395864,5.51008713876379,7.30991286123621,5.18474245415593,7.63525754584408
"2019.076",6.41,5.63324787057949,7.18675212942051,5.43798301586097,7.38201698413903,5.08657059276949,7.73342940723051
