"","Point Forecast","Lo 75","Hi 75","Lo 85","Hi 85","Lo 95","Hi 95"
"2019.000",6.26498906971066,6.01915664436113,6.51082149506019,5.95735773708709,6.57262040233424,5.84614005902165,6.68383808039967
"2019.008",6.31675399241595,5.97913264420415,6.65437534062775,5.89425925794433,6.73924872688757,5.74151511786578,6.89199286696613
"2019.016",6.36548380793718,5.96367938228258,6.76728823359179,5.86267124876225,6.86829636711212,5.68088987800051,7.05007773787386
"2019.024",6.41135647221706,5.96024303401468,6.86246991041943,5.84683928958224,6.97587365485187,5.6427499019856,7.17996304244851
"2019.032",6.45453950719524,5.96385356684718,6.9452254475433,5.84050183696397,7.0685771774265,5.61850935217571,7.29056966221476
"2019.040",6.49519061258013,5.97193180307021,7.01844942209005,5.8403916996715,7.14998952548876,5.60366283960256,7.3867183855577
"2019.048",6.53345824175091,5.9829425845269,7.08397389897492,5.84455048264967,7.22236600085215,5.5954902821978,7.47142620130401
