"","Point Forecast","Lo 75","Hi 75","Lo 85","Hi 85","Lo 95","Hi 95"
"2019.000",89.8410002695792,88.7534283312795,90.9285722078789,88.4800276304839,91.2019729086745,87.9879964204642,91.6940041186942
"2019.008",90.0366551764385,88.5143067113464,91.5590036415305,88.1316091420602,91.9417012108168,87.4428795684359,92.6304307844411
"2019.016",89.5417400922468,87.6602482423414,91.4232319421522,87.1872669413439,91.8962132431497,86.3360563878622,92.7474237966314
"2019.024",90.0345236574091,87.7097597820212,92.3592875327969,87.1253459604317,92.9437013543865,86.0735935729937,93.9954537418245
"2019.031",90.0345236574091,87.4824355414261,92.586611773392,86.840875516907,93.2281717979111,85.6862787867383,94.3827685280799
"2019.039",90.0345236574091,87.2737664375191,92.795280877299,86.57974985612,93.4892974586982,85.3307486014564,94.7382987133617
"2019.047",90.0345236574091,87.0797974259948,92.9892498888234,86.3370196897554,93.7320276250628,85.0002644170947,95.0687828977234
