"","Point Forecast","Lo 75","Hi 75","Lo 85","Hi 85","Lo 95","Hi 95"
"2019.000",92.1809518649588,91.1176224236029,93.2442813063146,90.8503159547566,93.5115877751609,90.3692523549566,93.9926513749609
"2019.008",91.9984541055282,90.5136420002037,93.4832662108528,90.1403805580409,93.8565276530155,89.4686329052126,94.5282753058439
"2019.016",92.3805744497704,90.5853347062297,94.1758141933112,90.1340360043273,94.6271128952136,89.3218469875061,95.4393019120348
"2019.024",92.68853978041,90.501699425186,94.8753801356339,89.9519576889464,95.4251218718735,88.9626036350131,96.4144759258068
"2019.032",92.8198036564476,90.4589165031618,95.1806908097333,89.8654217838914,95.7741855290037,88.7973267716503,96.8422805412448
"2019.040",92.9361296530631,90.4653064143725,95.4069528917538,89.8441752678148,96.0280840383114,88.7263437892107,97.1459155169155
"2019.048",93.0524556496787,90.4763836780215,95.6285276213359,89.8287944404286,96.2761168589288,88.6633471126002,97.4415641867572
