"","Point Forecast","Lo 75","Hi 75","Lo 85","Hi 85","Lo 95","Hi 95"
"2019.000",6.33,6.13344933669084,6.52655066330916,6.0840391899243,6.5759608100757,5.99511720022182,6.66488279977818
"2019.008",6.33,6.05203538625476,6.60796461374524,5.98215888657867,6.67784111342133,5.85640420274822,6.80359579725178
"2019.016",6.33,5.98956426488717,6.67043573511283,5.90398338027808,6.75601661972192,5.74996597620327,6.91003402379673
"2019.024",6.33,5.93689867338168,6.72310132661832,5.83807837984859,6.82192162015141,5.66023440044364,6.99976559955636
"2019.032",6.33,5.89049935581804,6.76950064418196,5.78001490886981,6.87998509113019,5.58117929520053,7.07882070479947
"2019.040",6.33,5.84855116628698,6.81144883371302,5.72752151859292,6.93247848140708,5.50970801690883,7.15029198309117
"2019.048",6.33,5.80997582485917,6.85002417514083,5.6792488642717,6.9807511357283,5.44398339343389,7.21601660656611
