"","Point Forecast","Lo 75","Hi 75","Lo 85","Hi 85","Lo 95","Hi 95"
"2019.000",6.07,5.87241774224239,6.26758225775761,5.8227482667499,6.3172517332501,5.73335957075716,6.40664042924285
"2019.008",6.07,5.7905764913949,6.34942350860511,5.72033324551745,6.41966675448255,5.59391853932167,6.54608146067833
"2019.016",6.07,5.72777749088965,6.41222250911035,5.64174743575135,6.49825256424865,5.4869216726696,6.6530783273304
"2019.024",6.07,5.67483548448479,6.46516451551522,5.57549653349979,6.56450346650021,5.39671914151431,6.74328085848569
"2019.032",6.07,5.6281926405061,6.5118073594939,5.51712831689813,6.62287168310188,5.31724911623829,6.82275088376171
"2019.040",6.07,5.5860242862668,6.5539757137332,5.46435941551851,6.67564058448149,5.24540272156352,6.89459727843648
"2019.048",6.07,5.54724648249471,6.59275351750529,5.41583340259055,6.72416659740945,5.1793331429734,6.96066685702661
