"","Point Forecast","Lo 75","Hi 75","Lo 85","Hi 85","Lo 95","Hi 95"
"2019.000",168.559998,166.592598117408,170.527397882592,166.098020712729,171.021975287271,165.207944285842,171.912051714158
"2019.008",168.559998,165.777674403427,171.342321596573,165.078236330087,172.041759669913,163.819478175634,173.300517824366
"2019.016",168.559998,165.152361444545,171.967634555455,164.295728251366,172.824267748634,162.754070657378,174.365925342622
"2019.024",168.559998,164.625198234816,172.494797765184,163.636043425458,173.483952574542,161.855890571684,175.264105428316
"2019.031",168.559998,164.160758123599,172.959237876401,163.054849426601,174.065146573399,161.064578030912,176.055417969088
"2019.039",168.559998,163.740872167638,173.379123832362,162.529409887864,174.590586112136,160.349176809911,176.770819190089
"2019.047",168.559998,163.354747181243,173.765248818757,162.046218364391,175.073777635609,159.691297491007,177.428698508993
