"","Point Forecast","Lo 75","Hi 75","Lo 85","Hi 85","Lo 95","Hi 95"
"2019.000",168.559998,166.329020631547,170.790975368453,165.76818345424,171.35181254576,164.758861260949,172.361134739051
"2019.013",168.559998,165.404919548186,171.715076451814,164.611776005756,172.508219994244,163.184378871199,173.935617128801
"2019.025",168.559998,164.695831847303,172.424164152697,163.724433361434,173.395562638566,161.976236041446,175.143759958554
"2019.038",168.559998,164.098043263094,173.021952736906,162.97636890848,174.14362709152,160.957724521897,176.162271478103
"2019.051",168.559998,163.571380947875,173.548615052125,162.317310895108,174.802685104892,160.060397859709,177.059598140291
"2019.063",168.559998,163.095241819592,174.024754180408,161.721476906408,175.398519093592,159.249152546777,177.870843453223
"2019.076",168.559998,162.657386702459,174.462609297541,161.173551005306,175.946444994694,158.503135489119,178.616860510881
