"","Point Forecast","Lo 75","Hi 75","Lo 85","Hi 85","Lo 95","Hi 95"
"2019.000",167.029999,164.865456857895,169.194541142105,164.32132058726,169.73867741274,163.342054525115,170.717943474885
"2019.013",167.029999,163.968874146307,170.091123853693,163.199349252596,170.860648747404,161.814457906339,172.245540093661
"2019.025",167.029999,163.28090203475,170.77909596525,162.33843036777,171.72156763223,160.642291794006,173.417706205994
"2019.038",167.029999,162.70091471579,171.35908328421,161.612642174521,172.447355825479,159.65411005023,174.40588794977
"2019.051",167.029999,162.18993563009,171.87006236991,160.973209939928,173.086788060072,158.783504456912,175.276493543088
"2019.063",167.029999,161.727975225092,172.332022774908,160.395119011496,173.664878988504,157.996416836815,176.063581163185
"2019.076",167.029999,161.303158789671,172.756839210329,159.863509538242,174.196488461758,157.272615070439,176.787382929561
