"","Point Forecast","Lo 75","Hi 75","Lo 85","Hi 85","Lo 95","Hi 95"
"2019.000",37.8390141473038,37.1982005222467,38.4798277723609,37.0371087470728,38.6409195475348,36.7471966113966,38.930831683211
"2019.008",37.9535785776273,37.0965805034169,38.8105766518378,36.881142916423,39.0260142388317,36.4934262196336,39.413730935621
"2019.016",38.0553108855745,37.0604367557454,39.0501850154036,36.8103390153385,39.3002827558104,36.360245458601,39.7503763125479
"2019.024",38.1456483703507,37.054268982473,39.2370277582284,36.7799111409622,39.5113855997392,36.2861573929135,40.0051393477879
"2019.032",38.2258673422818,37.0640294878533,39.3877051967103,36.7719593521452,39.6797753324185,36.2463293085318,40.2054053760319
"2019.040",38.2971011548418,37.082583628888,39.5116186807955,36.7772705447316,39.8169317649519,36.2278075558102,40.3663947538733
"2019.048",38.3603562169507,37.1058581370413,39.6148542968602,36.7904944887936,39.9302179451078,36.2229437949147,40.4977686389868
