"","Point Forecast","Lo 75","Hi 75","Lo 85","Hi 85","Lo 95","Hi 95"
"2019.000",37.7586203529522,36.9264573860184,38.590783319886,36.7172630051009,38.7999777008034,36.3407820228919,39.1764586830125
"2019.013",37.9333536113825,36.8478642026109,39.0188430201541,36.5749870212372,39.2917202015278,36.0838979737426,39.7828092490225
"2019.025",38.0797034992038,36.8471958687077,39.3122111297,36.5373603184816,39.6220466799261,35.9797583802229,40.1796486181848
"2019.038",38.2022805624242,36.8763314743715,39.5282296504769,36.543006020554,39.8615551042944,35.9431299928228,40.4614311320256
"2019.051",38.304946417871,36.9171971493532,39.6926956863889,36.5683359759631,40.0415568597789,35.9405007700821,40.66939206566
"2019.063",38.390935407962,36.9614263519089,39.8204444640151,36.6020673394562,40.1798034764677,35.9553394809905,40.8265313349335
"2019.076",38.4629564940834,37.0048661599028,39.9210468282639,36.6383222052918,40.2875907828749,35.9786638174829,40.9472491706838
