"","Point Forecast","Lo 75","Hi 75","Lo 85","Hi 85","Lo 95","Hi 95"
"2019.000",36.0194365816217,26.655393452136,45.3834797111073,24.3014011655348,47.7374719977085,20.0649903963483,51.9738827668951
"2019.005",35.5046335767415,22.5510236455302,48.4582435079527,19.2946633917317,51.7146037617512,13.4342874992257,57.5749796542573
"2019.011",36.3519102263697,21.1223295471775,51.5814909055618,17.2938213962376,55.4099990565017,10.4037677402087,62.3000527125306
"2019.016",36.3111989541516,19.0262163772825,53.5961815310208,14.6810083194656,57.9413895888377,6.86106501919669,65.7613328891065
"2019.022",36.1854674526654,17.4796309691588,54.8913039361719,12.7772396849982,59.5936952203325,4.31448422460955,68.0564506807212
"2019.027",36.3049474157641,15.644487827074,56.9654070044543,10.4507310452122,62.159163786316,1.10367953257375,71.5062152989545
"2019.032",36.1264967730026,13.6504644488368,58.6025290971683,8.00029752917726,64.2526960168279,-2.16814190131379,74.4211354473189
