"","Point Forecast","Lo 75","Hi 75","Lo 85","Hi 85","Lo 95","Hi 95"
"2019.000",31.280001,21.7288305208238,40.8311714791762,19.3277969795325,43.2322050204675,15.0067274461267,47.5532745538733
"2019.005",31.280001,17.7726061718115,44.7873958281885,14.3770319740046,48.1829700259954,8.26611683590492,54.2938851640951
"2019.011",31.280001,14.7368884583149,47.8231135416851,10.5781763741213,51.9818256258787,3.09386439922445,59.4661376007756
"2019.016",31.280001,12.1776600416477,50.3823419583523,7.37559295906498,55.184409040935,-1.26654610774666,63.8265481077467
"2019.022",31.280001,9.92293454387284,52.6370674561272,4.55406032928836,58.0059416707116,-5.10814488291035,67.6681468829103
"2019.027",31.280001,7.88450687968448,54.6754951203155,2.00319984821298,60.556802151787,-8.58121565171747,71.1412176517175
"2019.033",31.280001,6.00997918251823,56.5500228174818,-0.342558457263387,62.9025604572634,-11.7750338404731,74.3350358404731
