"","Point Forecast","Lo 75","Hi 75","Lo 85","Hi 85","Lo 95","Hi 95"
"2019.000",38.939999,29.4281836951182,48.4518143048818,27.0370435060301,50.8429544939699,22.7337787479653,55.1462192520347
"2019.005",38.939999,25.4882607930482,52.3917372069518,22.1066779081045,55.7733200918955,16.020942524767,61.859055475233
"2019.011",38.939999,22.4650516197334,55.4149463802666,18.3234753242131,59.5565226757869,10.8700021248242,67.0099958751758
"2019.016",38.939999,19.9163683902364,57.9636296097636,15.1340880120602,62.7459099879398,6.52755849593058,71.3524395040694
"2019.022",38.939999,17.6709333888614,60.2090646111386,12.3241813823288,65.5558166176712,2.70178885811662,75.1782091418834
"2019.027",38.939999,15.6409049754439,62.2390930245561,9.78383160871611,68.0961663912839,-0.75697127664403,78.636969276644
"2019.032",38.939999,13.7741011865047,64.1058968134953,7.44773889628573,70.4322591037143,-3.93762947922235,81.8176274792224
