"","Point Forecast","Lo 75","Hi 75","Lo 85","Hi 85","Lo 95","Hi 95"
"2019.000",36.060001,26.5259954211154,45.5940065788846,24.1292769008388,47.9907250991612,19.8159729839986,52.3040290160014
"2019.005",36.060001,22.5768810066006,49.5431209933994,19.1874091700347,52.9325928299653,13.0874762722022,59.0325257277978
"2019.011",36.060001,19.5466189377267,52.5733830622733,15.3953806891664,56.7246213108336,7.92451915671324,64.1954828432868
"2019.016",36.060001,16.9919898422308,55.1280121577692,12.1985528016776,59.9214491983224,3.57194496799712,68.5480570320029
"2019.022",36.060001,14.7413164277518,57.3786855722482,9.3820908934806,62.7379111065194,-0.262749872190255,72.3827518721903
"2019.027",36.060001,12.7065521268846,59.4134498731154,6.83581469512855,65.2841873048714,-3.7295790066781,75.8495810066781
"2019.033",36.060001,10.8353932399689,61.2846087600311,4.49427207269434,67.6257299273057,-6.91765742030574,79.0376594203057
