"","Point Forecast","Lo 75","Hi 75","Lo 85","Hi 85","Lo 95","Hi 95"
"2019.000",42.299999,32.775971780246,51.824026219754,30.3817616828911,54.2182363171089,26.0729721010977,58.5270258989023
"2019.005",42.299999,28.8309905374133,55.7690074625867,25.4450661465635,59.1549318534365,19.3515174825794,65.2484805174206
"2019.011",42.299999,25.803899962717,58.796098037283,21.657006430104,62.942991569896,14.1939639553144,70.4060340446856
"2019.016",42.299999,23.2519445604919,61.3480534395081,18.4635243657822,66.1364736342178,9.84594520219543,74.7540527978046
"2019.022",42.299999,21.0036267170716,63.5963712829284,15.6500101869698,68.9499878130302,6.01526378133688,78.5847342186631
"2019.027",42.299999,18.9709920152247,65.6290059847753,13.1063989396861,71.4935990603139,2.55206305527214,82.0479349447279
"2019.032",42.299999,17.1017914967209,67.4982065032791,10.7673069926802,73.8326910073198,-0.632678692451094,85.2326766924511
