"","Point Forecast","Lo 75","Hi 75","Lo 85","Hi 85","Lo 95","Hi 95"
"2019.000",392.965154177416,383.716988920732,402.213319434101,381.39212674545,404.538181609382,377.208140581902,408.72216777293
"2019.008",394.500315354832,381.421434621762,407.579196087903,378.13358300283,410.867047706835,372.216533025559,416.784097684106
"2019.016",396.035476532248,380.017184430878,412.053768633619,375.990405022695,416.080548041802,368.743528409264,423.327424655233
"2019.024",397.570637709665,379.074307196296,416.066968223033,374.424582845732,420.716692573597,366.056610518636,429.084664900693
"2019.032",399.105798887081,378.426272705983,419.785325068179,373.227722843735,424.983874930427,363.872045365123,434.339552409039
"2019.040",400.640960064497,377.987674128685,423.294246000309,372.292948076947,428.988972052046,362.04431688539,439.237603243604
"2019.048",402.176121241913,377.707775889098,426.644466594728,371.556768740802,432.795473743024,360.486981863119,443.865260620707
