"","Point Forecast","Lo 75","Hi 75","Lo 85","Hi 85","Lo 95","Hi 95"
"2019.000",399.756872888,390.530459332071,408.983286443929,388.211065236665,411.302680539335,384.036919815845,415.476825960155
"2019.008",401.333752776,388.285633593142,414.381871958858,385.005515006932,417.661990545069,379.10238194149,423.56512361051
"2019.016",402.910632664,386.930015613488,418.891249714512,382.912707197471,422.908558130529,375.682875250429,430.138390077571
"2019.024",404.487512552,386.034685440142,422.940339663859,381.395897249331,427.579127854669,373.04760640769,435.92741869631
"2019.032",406.06439244,385.433504540417,426.695280339583,380.247181676479,431.881603203521,370.913508767555,441.215276112445
"2019.040",407.641272328,385.041266960076,430.241277695924,379.359934913908,435.922609742092,369.135408520723,446.147136135277
"2019.048",409.218152216,384.807356453976,433.628947978024,378.670816485182,439.765487946818,367.627065765472,450.809238666528
