"","Point Forecast","Lo 75","Hi 75","Lo 85","Hi 85","Lo 95","Hi 95"
"2019.000",30.25,29.367723406232,31.132276593768,29.1459311453828,31.3540688546172,28.7467781287258,31.7532218712742
"2019.008",30.25,29.002272475329,31.497727524671,28.6886108520066,31.8113891479934,28.1241232423882,32.3758767576118
"2019.016",30.25,28.7218521132651,31.7781478867349,28.3376966487486,32.1623033512514,27.6463433439044,32.8536566560956
"2019.024",30.25,28.485446812464,32.014553187536,28.0418622907655,32.4581377092345,27.2435562574516,33.2564437425484
"2019.032",30.25,28.2771695613778,32.2228304386222,27.7812269892355,32.7187730107645,26.8886937105665,33.6113062894335
"2019.040",30.25,28.0888725332677,32.4111274667323,27.5455946652887,32.9544053347113,26.5678734451866,33.9321265548134
"2019.048",30.25,27.9157155453168,32.5842844546832,27.3289083803909,33.1710916196091,26.2728487632554,34.2271512367446
