"","Point Forecast","Lo 75","Hi 75","Lo 85","Hi 85","Lo 95","Hi 95"
"2019.000",29.68,28.7993046934515,30.5606953065485,28.5779099465677,30.7820900534323,28.1794723241174,31.1805276758826
"2019.008",29.68,28.4345087531607,30.9254912468393,28.1214092994796,31.2385907005204,27.5579334100507,31.8020665899493
"2019.016",29.68,28.1545909830705,31.2054090169295,27.771124032939,31.588875967061,27.0810098272081,32.2789901727919
"2019.024",29.68,27.9186093869029,31.4413906130971,27.4758198931354,31.8841801068646,26.6789446482348,32.6810553517652
"2019.032",29.68,27.7107054270925,31.6492945729075,27.215651723199,32.144348276801,26.3247181146068,33.0352818853932
"2019.040",29.68,27.5227458800921,31.8372541199079,26.9804417184942,32.3795582815058,26.0044728491633,33.3555271508367
"2019.048",29.68,27.3498992380508,32.0101007619492,26.7641437962203,32.5958562037797,25.709976934245,33.650023065755
