"","Point Forecast","Lo 75","Hi 75","Lo 85","Hi 85","Lo 95","Hi 95"
"2019.000",29.969999,29.0923021720523,30.8476958279477,28.8716612016516,31.0683367983484,28.4745801285957,31.4654178714043
"2019.008",29.969999,28.7287482422645,31.2112497577355,28.4167147895088,31.5232832104913,27.8551573506313,32.0848406493687
"2019.016",29.969999,28.4497835003525,31.4902144996475,28.0676221293873,31.8723758706127,27.3798575361304,32.5601404638696
"2019.024",29.969999,28.2146053441046,31.7253926558954,27.7733234033033,32.1666745966967,26.9791612571914,32.9608367428086
"2019.031",29.969999,28.007409229073,31.932588770927,27.5140410206356,32.4259569793644,26.6261407487039,33.3138572512961
"2019.039",29.969999,27.8200896226688,32.1199083773312,27.2796318288346,32.6603661711654,26.3069858133307,33.6330121866693
"2019.047",29.969999,27.6478314667401,32.2921665332599,27.064070330028,32.875927669972,26.0134925603913,33.9265054396087
