"","Point Forecast","Lo 75","Hi 75","Lo 85","Hi 85","Lo 95","Hi 95"
"2019.000",26.7597543703019,26.4549457594637,27.0645629811401,26.378321046305,27.1411876942988,26.2404218009001,27.2790869397037
"2019.008",26.7597543703019,26.2899326647379,27.2295760758659,26.1718259179318,27.347682822672,25.959272675115,27.5602360654888
"2019.016",26.7597543703019,26.1693675642188,27.350141176385,26.0209524011944,27.4985563394094,25.7538539920253,27.7656547485785
"2019.024",26.7597543703019,26.0695509752255,27.4499577653783,25.8960432878165,27.6234654527873,25.5837865996106,27.9357221409932
"2019.031",26.7597543703019,25.982448206456,27.5370605341478,25.7870440750654,27.7324646655384,25.4353809998385,28.0841277407653
"2019.039",26.7597543703019,25.9041674266598,27.615341313944,25.689084578578,27.8304241620258,25.3020062949884,28.2175024456154
"2019.047",26.7597543703019,25.8324716928465,27.6870370477573,25.5993655185109,27.9201432220929,25.1798511841009,28.3396575565029
