"","Point Forecast","Lo 75","Hi 75","Lo 85","Hi 85","Lo 95","Hi 95"
"2019.000",26.299825842511,25.9939177385667,26.6057339464553,25.9170166278888,26.6826350571333,25.7786199579877,26.8210317270343
"2019.008",26.299825842511,25.8301333491905,26.7695183358315,25.7120590845741,26.887592600448,25.4995642989997,27.1000873860223
"2019.016",26.299825842511,25.7102138442406,26.8894378407815,25.5619934572962,27.0376582277258,25.2952455809169,27.3044061041051
"2019.024",26.299825842511,25.6108602564857,26.9887914285364,25.4376637373314,27.1619879476907,25.125967049493,27.4736846355291
"2019.032",26.299825842511,25.5241294786223,27.0755222063997,25.3291300289093,27.2705216561127,24.97819524741,27.6214564376121
"2019.040",26.299825842511,25.4461654187048,27.1534862663172,25.2315668713435,27.3680848136785,24.845360169534,27.7542915154881
"2019.048",26.299825842511,25.3747488784719,27.2249028065501,25.1421971903017,27.4574544947203,24.7236807483557,27.8759709366664
