"","Point Forecast","Lo 75","Hi 75","Lo 85","Hi 85","Lo 95","Hi 95"
"2019.000",76.1162460391103,74.7379593745538,77.4945327036668,74.3914769702945,77.841015107926,73.7679227653414,78.4645693128792
"2019.008",76.0446714913142,74.3163208444073,77.7730221382212,73.8818371459554,78.207505836673,73.0999095969001,78.9894333857283
"2019.016",76.0322310178357,74.1159322790781,77.9485297565933,73.6342010025897,78.4302610330816,72.7672433752494,79.2972186604219
"2019.024",76.0577260937773,74.0211237109978,78.0943284765569,73.5091497448762,78.6063024426785,72.5877652373881,79.5276869501666
"2019.031",76.1075574923286,73.9841176602337,78.2309973244235,73.4503139478103,78.764801036847,72.489643087156,79.7254718975012
"2019.039",76.1730010701474,73.9809295787833,78.3650725615116,73.4298728065114,78.9161293337835,72.4381521208601,79.9078500194348
"2019.047",76.248460135737,73.9983455296836,78.4985747417903,73.4326975127559,79.064222758718,72.4147173927186,80.0822028787553
