"","Point Forecast","Lo 75","Hi 75","Lo 85","Hi 85","Lo 95","Hi 95"
"2019.000",78.5256030877967,77.1427499166218,79.9084562589717,76.7951195550958,80.2560866204977,76.1694994051712,80.8817067704223
"2019.008",77.7870166464707,76.0345170057128,79.5395162872286,75.5939625807096,79.9800707122318,74.8011097234086,80.7729235695328
"2019.016",77.326173244372,75.368732694655,79.283613794089,74.8766589299576,79.7756875587863,73.9910882304003,80.6612582583436
"2019.024",77.0508499319344,74.9598587019838,79.141841161885,74.4342121240483,79.6674877398204,73.4882214187147,80.6134784451541
"2019.032",76.8994458498892,74.711522812934,79.0873688868444,74.1615089053248,79.6373827944536,73.1716650325726,80.6272266672058
"2019.040",76.8308143435208,74.5665368551981,79.0950918318435,73.997328483501,79.6643002035406,72.9729408975711,80.6886877894705
"2019.048",76.8174712638354,74.4891532100869,79.1457893175839,73.9038459167,79.7310966109709,72.850485574314,80.7844569533568
