"","Point Forecast","Lo 75","Hi 75","Lo 85","Hi 85","Lo 95","Hi 95"
"2019.000",307.700012,301.654367684376,313.745656315624,300.134575444024,315.265448555976,297.399449993274,318.000574006726
"2019.008",307.700012,299.150179815561,316.249844184439,297.000869017266,318.399154982734,293.132817510023,322.267206489977
"2019.016",307.700012,297.22864888085,318.17137511915,294.596291503611,320.803732496389,289.858915257837,325.541108742163
"2019.024",307.700012,295.608723368752,319.791300631248,292.569138888049,322.830885111951,287.098887986548,328.301136013452
"2019.032",307.700012,294.18154034248,321.21848365752,290.783181581376,324.616842418624,284.667255146509,330.732768853491
"2019.040",307.700012,292.891268260364,322.508755739636,289.168552756461,326.231471243539,282.468891019622,332.931132980378
"2019.048",307.700012,291.704740625708,323.695283374292,287.683748313251,327.716275686749,280.447286566002,334.952737433998
