"","Point Forecast","Lo 75","Hi 75","Lo 85","Hi 85","Lo 95","Hi 95"
"2019.000",308.839996,302.841325715882,314.838666284118,301.333342104165,316.346649895835,298.619468295488,319.060523704512
"2019.008",308.839996,300.356595127996,317.323396872004,298.223984252469,319.456007747531,294.385987105669,323.294004894331
"2019.016",308.839996,298.449994290054,319.229997709946,295.838090057579,321.841901942421,291.137522735619,326.542469264381
"2019.024",308.839996,296.842655431764,320.837336568236,293.82668820833,323.85330379167,288.398940590975,329.281051409025
"2019.031",308.839996,295.426561470105,322.253430529895,292.054607605349,325.625384394651,285.986201286791,331.693790713209
"2019.039",308.839996,294.146314668715,323.533677331285,290.452524279529,327.227467720471,283.804918221966,333.875073778034
"2019.047",308.839996,292.969006231151,324.710985768849,288.979256613386,328.700735386614,281.799021426015,335.880970573985
