"","Point Forecast","Lo 75","Hi 75","Lo 85","Hi 85","Lo 95","Hi 95"
"2019.000",13.559,13.4569590510169,13.6610409489831,13.4313073529734,13.6866926470266,13.3851427455284,13.7328572544716
"2019.008",13.559,13.4146923060306,13.7033076939694,13.3784153267596,13.7395846732404,13.3131287128094,13.8048712871906
"2019.016",13.559,13.3822598919087,13.7357401080913,13.3378298475969,13.7801701524031,13.2578704019908,13.8601295980092
"2019.024",13.559,13.3549181020337,13.7630818979663,13.3036147059468,13.8143852940532,13.2112854910569,13.9067145089431
"2019.033",13.559,13.3308295015851,13.7871704984149,13.2734705610216,13.8445294389784,13.1702433606201,13.9477566393799
"2019.041",13.559,13.309051742122,13.808948257878,13.2462181708795,13.8717818291205,13.1331384384635,13.9848615615365
"2019.049",13.559,13.2890250254456,13.8289749745544,13.221157011716,13.896842988284,13.0990169410438,14.0189830589562
