"","Point Forecast","Lo 75","Hi 75","Lo 85","Hi 85","Lo 95","Hi 95"
"2019.000",13.634,13.531669268872,13.736330731128,13.5059447235632,13.7620552764368,13.4596490150349,13.8083509849651
"2019.008",13.634,13.4892824921912,13.7787175078088,13.4529024913297,13.8150975086703,13.3874304724493,13.8805695275507
"2019.016",13.634,13.4567579745106,13.8112420254894,13.4122017550343,13.8557982449657,13.3320152356908,13.9359847643092
"2019.024",13.634,13.429338537744,13.838661462256,13.3778894471265,13.8901105528735,13.2852980300698,13.9827019699302
"2019.033",13.634,13.4051815290105,13.8628184709895,13.3476596970099,13.9203403029901,13.244139345674,14.023860654326
"2019.041",13.634,13.3833419237305,13.8846580762695,13.3203299138589,13.9476700861411,13.2069290506839,14.0610709493161
"2019.049",13.634,13.3632583339559,13.9047416660441,13.2951975844787,13.9728024155213,13.1727106529432,14.0952893470568
