"","Point Forecast","Lo 75","Hi 75","Lo 85","Hi 85","Lo 95","Hi 95"
"2019.000",13.594,13.49189805418,13.69610194582,13.4662310223665,13.7217689776335,13.4200388191862,13.7679611808138
"2019.008",13.594,13.4496060434767,13.7383939565233,13.4133073789802,13.7746926210198,13.3479817387666,13.8400182612334
"2019.016",13.594,13.4171542422881,13.7708457577119,13.3726976391077,13.8153023608923,13.2926903962858,13.8953096037142
"2019.024",13.594,13.38979610836,13.79820389164,13.338462044733,13.849537955267,13.2460776383723,13.9419223616277
"2019.033",13.594,13.3656931085115,13.8223068914885,13.3082998805959,13.8797001194041,13.2050109742541,13.9829890257459
"2019.041",13.594,13.3439023309957,13.8440976690043,13.2810311998409,13.9069688001591,13.1678838719541,14.0201161280459
"2019.049",13.594,13.3238636429845,13.8641363570155,13.2559550599128,13.9320449400872,13.1337419777875,14.0542580222125
