"","Point Forecast","Lo 75","Hi 75","Lo 85","Hi 85","Lo 95","Hi 95"
"2019.000",13.602,13.4998658489514,13.7041341510486,13.4741907211843,13.7298092788157,13.4279839479539,13.7760160520461
"2019.008",13.602,13.4575604984057,13.7464395015943,13.4212503845017,13.7827496154983,13.3559041391257,13.8480958608743
"2019.016",13.602,13.425098461196,13.778901538804,13.3806278354124,13.8233721645876,13.3005953565235,13.9034046434765
"2019.024",13.602,13.3977316979029,13.8062683020971,13.3463814423685,13.8576185576315,13.2539678959077,13.9500321040923
"2019.033",13.602,13.3736210954312,13.8303789045688,13.3162097644128,13.8877902355872,13.2128882784487,13.9911117215513
"2019.041",13.602,13.3518234446187,13.8521765553813,13.2889324825083,13.9150675174917,13.1757494654334,14.0282505345666
"2019.049",13.602,13.3317784359588,13.8722215640412,13.2638484330071,13.9401515669929,13.1415968021527,14.0624031978473
