"","Point Forecast","Lo 75","Hi 75","Lo 85","Hi 85","Lo 95","Hi 95"
"2019.000",13.579,13.4769401317219,13.6810598682781,13.4512836776265,13.7067163223735,13.4051105108548,13.7528894891452
"2019.008",13.579,13.434665550107,13.723334449893,13.398381844763,13.759618155237,13.3330831260967,13.8249168739033
"2019.016",13.579,13.4022271227285,13.7557728772715,13.3577888406933,13.8002111593067,13.2778145698983,13.8801854301017
"2019.024",13.579,13.3748802634437,13.7831197365563,13.3235673552531,13.8344326447469,13.2312210217096,13.9267789782904
"2019.033",13.579,13.3507871967554,13.8072128032446,13.2934176213366,13.8645823786634,13.1901712816986,13.9678287183014
"2019.041",13.579,13.3290053995029,13.8289946004971,13.2661601783602,13.8918398216398,13.153059479961,14.004940520039
"2019.049",13.579,13.308974969696,13.849025030304,13.241094372636,13.916905627364,13.1189316561138,14.0390683438862
