"","Point Forecast","Lo 75","Hi 75","Lo 85","Hi 85","Lo 95","Hi 95"
"2019.000",42.75,41.6061844786855,43.8938155213145,41.3186449108688,44.1813550891312,40.8011683972033,44.6988316027967
"2019.013",42.75,41.1324005769042,44.3675994230958,40.7257582203789,44.7742417796211,39.9939359165437,45.5060640834563
"2019.025",42.75,40.7688534025974,44.7311465974026,40.2708202619525,45.2291797380475,39.3745246485603,46.1254753514397
"2019.038",42.75,40.462368957371,45.037631042629,39.8872898217376,45.6127101782624,38.8523367944067,46.6476632055933
"2019.051",42.75,40.1923507406214,45.3076492593786,39.5493927207624,45.9506072792376,38.3922800594468,47.1077199405532
"2019.063",42.75,39.9482356129039,45.5517643870961,39.2439103908927,46.2560896091073,37.9763569785379,47.5236430214621
"2019.076",42.75,39.7237485848661,45.7762514151339,38.9629903963322,46.5370096036678,37.5938762318566,47.9061237681434
