"","Point Forecast","Lo 75","Hi 75","Lo 85","Hi 85","Lo 95","Hi 95"
"2019.000",43.150002,41.9770124152692,44.3229915847308,41.6821388871854,44.6178651128146,41.1514636606639,45.1485403393361
"2019.013",43.150002,41.4911442207513,44.8088597792487,41.0741300781505,45.2258739218495,40.3236419755883,45.9763620244117
"2019.025",43.150002,41.1183244424971,45.1816795575029,40.607588510049,45.692415489951,39.6884320553956,46.6115719446044
"2019.038",43.150002,40.8040228305384,45.4959811694616,40.2142757743709,46.0857282256291,39.1529253213278,47.1470786786722
"2019.051",43.150002,40.5271175516427,45.7728864483573,39.8677602980822,46.4322437019178,38.681134417605,47.618869582395
"2019.063",43.150002,40.2767760438104,46.0232279561896,39.554486361351,46.745517638649,38.2546028372373,48.0454011627627
"2019.076",43.150002,40.0465632683334,46.2534407316666,39.2664012448075,47.0336027551925,37.8623665684887,48.4376374315113
