"","Point Forecast","Lo 75","Hi 75","Lo 85","Hi 85","Lo 95","Hi 95"
"2019.000",43.400002,42.2079846415772,44.5920193584228,41.9083277916011,44.8916762083989,41.3690441611809,45.4309598388191
"2019.013",43.400002,41.7142348851343,45.0857691148657,41.2904561038401,45.5095478961599,40.5277938797341,46.2722101202659
"2019.025",43.400002,41.3353673717076,45.4646366282924,40.816346482713,45.983657517287,39.8822798351351,46.9177241648649
"2019.038",43.400002,41.0159672831544,45.7840367168456,40.4166535832021,46.3833504167979,39.3380863223619,47.4619176776381
"2019.051",43.400002,40.7345701562068,46.0654338437932,40.0645170697368,46.7354869302632,38.8586422129645,47.9413617870355
"2019.063",43.400002,40.4801677073238,46.3198362926762,39.7461613269526,47.0538426730474,38.4251916057876,48.3748123942124
"2019.076",43.400002,40.2462205111411,46.5537834888589,39.4534030074473,47.3466009925527,38.0265926352275,48.7734113647725
