"","Point Forecast","Lo 75","Hi 75","Lo 85","Hi 85","Lo 95","Hi 95"
"2019.000",30.700001,30.1332330915328,31.2667689084672,29.990755396121,31.409246603879,29.7343424730003,31.6656595269997
"2019.008",30.700001,29.8984701371278,31.5015318628722,29.6969762479409,31.7030257520591,29.3343536144958,32.0656483855042
"2019.016",30.700001,29.7183301864352,31.6816718135648,29.4715515790368,31.9284504209632,29.0274313684744,32.3725706315256
"2019.024",30.700001,29.5664651830655,31.8335368169345,29.2815097922421,32.1184922077579,28.7686839460006,32.6313180539994
"2019.032",30.700001,29.4326694292019,31.9673325707981,29.1140796169838,32.2859223830162,28.5407228905764,32.8592791094236
"2019.040",30.700001,29.3117088216708,32.0882931783292,28.9627111681844,32.4372908318156,28.3346303430832,33.0653716569168
"2019.048",30.700001,29.2004740631035,32.1995279368965,28.8235135136705,32.5764884863295,28.1451086861499,33.2548933138501
