"","Point Forecast","Lo 75","Hi 75","Lo 85","Hi 85","Lo 95","Hi 95"
"2019.000",30.58,30.0156507626988,31.1443492373012,29.8737810881164,31.2862189118836,29.6184624022213,31.5415375977787
"2019.008",30.58,29.7818896546938,31.3781103453062,29.5812556368098,31.5787443631902,29.2201804884897,31.9398195115103
"2019.016",30.58,29.6025184477816,31.5574815522184,29.3567929633515,31.8032070366485,28.9145680272596,32.2454319727404
"2019.024",30.58,29.4513015253976,31.7086984746023,29.1675621762327,31.9924378237673,28.6569248044426,32.5030751955574
"2019.031",30.58,29.3180767423444,31.8419232576556,29.0008465060323,32.1591534939677,28.429936568445,32.730063431555
"2019.039",30.58,29.1976323318833,31.9623676681167,28.8501240191815,32.3098759808185,28.2247235169407,32.9352764830593
"2019.047",30.58,29.0868722655121,32.0731277344879,28.7115203879853,32.4484796120147,28.0360106400391,33.1239893599609
