"","Point Forecast","Lo 75","Hi 75","Lo 85","Hi 85","Lo 95","Hi 95"
"2019.000",151.111592477368,148.441310417963,153.781874536772,147.770038053668,154.453146901067,146.561968898412,155.661216056324
"2019.008",151.111592477368,147.660182404207,154.563002550529,146.79254514776,155.430639806976,145.231083864356,156.99210109038
"2019.016",151.111592477368,147.025756368386,155.197428586349,145.998633089279,156.224551865456,144.150149495828,158.073035458907
"2019.024",151.111592477368,146.477384678208,155.745800276528,145.312408261196,156.910776693539,143.215834424923,159.007350529812
"2019.031",151.111592477368,145.987365009531,156.235819945205,144.699204354216,157.52398060052,142.38093946283,159.842245491905
"2019.039",151.111592477368,145.540279135033,156.682905819702,144.13972720968,158.083457745056,141.619195051123,160.603989903612
"2019.047",151.111592477368,145.126497860337,157.096687094399,143.621926985529,158.601257969207,140.914194979217,161.308989975518
