"","Point Forecast","Lo 75","Hi 75","Lo 85","Hi 85","Lo 95","Hi 95"
"2019.000",151.937409368729,149.258382450123,154.616436287336,148.584911747907,155.289906989552,147.372886308469,156.501932428989
"2019.008",151.937409368729,148.470115152455,155.404703585003,147.59848483982,156.276333897639,146.02983737049,157.844981366969
"2019.016",151.937409368729,147.830455128201,156.044363609258,146.798023039845,157.076795697614,144.939985338337,158.934833399122
"2019.024",151.937409368729,147.277793817486,156.597024919972,146.106430239331,157.768388498127,143.998361616773,159.876457120686
"2019.032",151.937409368729,146.784064723067,157.090754014392,145.488584407744,158.386234329715,143.157146539259,160.7176721982
"2019.040",151.937409368729,146.333669100965,157.541149636494,144.924965490353,158.949853247106,142.389762983294,161.485055754165
"2019.048",151.937409368729,145.916873766297,157.957944971162,144.403393512804,159.471425224655,141.679627559388,162.195191178071
