"","Point Forecast","Lo 75","Hi 75","Lo 85","Hi 85","Lo 95","Hi 95"
"2019.000",79.7072709063923,78.5177859548019,80.8967558579828,78.2187657172449,81.1957760955397,77.680627779495,81.7339140332897
"2019.008",80.0317206164093,78.3422494032873,81.7211918295314,77.9175394623857,82.145901770433,77.1532014576873,82.9102397751314
"2019.016",80.6211161312577,78.5917889067155,82.6504433558,78.081643815807,83.1605884467085,77.1635506813164,84.0786815811991
"2019.024",80.8224523361314,78.2676210134017,83.3772836588612,77.6253713842499,84.019533288013,76.469533592881,85.1753710793818
"2019.032",81.0237885410052,78.0344479463365,84.0131291356738,77.2829686329066,84.7646084491037,75.9305533873869,86.1170236946235
"2019.040",81.2251247458789,77.8568683283438,84.593381163414,77.0101347628814,85.4401147288764,75.4862932380922,86.9639562536656
"2019.048",81.4264609507526,77.7178027840299,85.1351191174753,76.7854968775549,86.0674250239503,75.1076533243504,87.7452685771548
