"","Point Forecast","Lo 75","Hi 75","Lo 85","Hi 85","Lo 95","Hi 95"
"2019.000",77.6003035979698,76.3860276530898,78.8145795428498,76.080775299109,79.1198318968306,75.5314216045007,79.6691855914389
"2019.008",77.9512840588799,76.1986547612249,79.7039133565349,75.7580677422523,80.1445003755076,74.965156226542,80.9374118912179
"2019.016",77.2877258856507,75.1669080257983,79.4085437455032,74.6337634413123,79.9416883299891,73.6742787938452,80.9011729774563
"2019.024",77.3482389555886,74.6841982486559,80.0122796625212,74.0144948749536,80.6819830362236,72.8092493859764,81.8872285252008
"2019.031",77.5123335999147,74.3783555395026,80.6463116603267,73.590516346691,81.4341508531384,72.1726652943269,82.8520019055025
"2019.039",77.2838897328642,73.7636108886706,80.8041685770578,72.8786609657229,81.6891185000055,71.2860425849807,83.2817368807477
"2019.047",77.2860076752028,73.3569791856101,81.2150361647955,72.3692751959505,82.2027401544551,70.5917333397688,83.9802820106368
