"","Point Forecast","Lo 75","Hi 75","Lo 85","Hi 85","Lo 95","Hi 95"
"2019.000",104.44010806071,102.740782618045,106.139433503374,102.313595458701,106.566620662718,101.544799276741,107.335416844678
"2019.008",104.499375873515,102.233923496654,106.764828250377,101.664419774057,107.334331972973,100.63950065379,108.35925109324
"2019.016",104.962175472695,102.37939657603,107.54495436936,101.730121309281,108.194229636109,100.561639684308,109.362711261082
"2019.024",105.189360646068,102.25468521738,108.124036074756,101.516947978531,108.861773313604,100.189263940959,110.189457351177
"2019.032",105.278823543132,102.143550763004,108.41409632326,101.355386095375,109.202260990889,99.9369492955433,110.620697790721
"2019.040",105.43094384287,102.186120747258,108.675766938482,101.37041662962,109.49147105612,99.9024178905851,110.959469795155
"2019.048",105.500294034397,102.178370244761,108.822217824034,101.343284067845,109.65730400095,99.8404040060775,111.160184062717
