"","Point Forecast","Lo 75","Hi 75","Lo 85","Hi 85","Lo 95","Hi 95"
"2019.000",102.8499525671,101.148557759626,104.551347374574,100.720850390291,104.979054743909,99.95111800169,105.74878713251
"2019.008",103.529835788559,101.269880599619,105.789790977498,100.701758794832,106.357912782285,99.6793266714522,107.380344905665
"2019.016",103.559316051146,100.981903297259,106.136728805034,100.333977005363,106.78465509693,99.1679230908073,107.950709011486
"2019.024",103.924610714543,100.996402563623,106.852818865463,100.260291109894,107.588930319192,98.9355329500435,108.913688479043
"2019.031",104.327570512349,101.198247438446,107.456893586251,100.411578445535,108.243562579163,98.9958333675563,109.659307657141
"2019.039",104.515810075887,101.273890313155,107.757729838618,100.458916053669,108.572704098104,98.9922308189092,110.039389332864
"2019.047",104.733114882079,101.411522602936,108.054707161222,100.576519763221,108.889710000937,99.0737896809658,110.392440083192
