"","Point Forecast","Lo 75","Hi 75","Lo 85","Hi 85","Lo 95","Hi 95"
"2019.000",103.024381082221,101.321675944881,104.727086219561,100.89363917655,105.155122987892,100.123313978254,105.925448186189
"2019.008",103.538492190339,101.265219730419,105.811764650258,100.693750145968,106.38323423471,99.6652931218671,107.41169125881
"2019.016",103.725666670628,101.133487339521,106.317846001734,100.481848932208,106.969484409048,99.3091144325788,108.142218908677
"2019.024",104.081565230279,101.133053054486,107.030077406072,100.391837446784,107.771293013774,99.0578934909654,109.105236969593
"2019.032",104.463548497988,101.309996829159,107.617100166817,100.517237099075,108.409859896901,99.0905307003249,109.836566295651
"2019.040",104.699001088113,101.433176478004,107.964825698222,100.612192867049,108.785809309177,99.1346927789753,110.263309397251
"2019.048",104.918792841022,101.573424801435,108.264160880609,100.732445060938,109.105140621106,99.2189585259209,110.618627156123
