"","Point Forecast","Lo 75","Hi 75","Lo 85","Hi 85","Lo 95","Hi 95"
"2019.000",62.9055881479719,61.6121016915065,64.1990746044373,61.286936898987,64.5242393969568,60.7017473736726,65.1094289222712
"2019.008",62.7861883995115,60.9944956305237,64.5778811684994,60.5440885894801,65.028288209543,59.7335042685137,65.8388725305093
"2019.016",62.8091407237992,60.6716465965765,64.9466348510218,60.1343098267048,65.4839716208935,59.1672806263452,66.4510008212531
"2019.024",62.9075301584657,60.4246174207123,65.390442896219,59.8004471395469,66.0146131773844,58.6771462196646,67.1379140972667
"2019.032",62.8235954847711,60.0339826602867,65.6132083092555,59.3327121748099,66.3144787947323,58.0706562820627,67.5765346874796
"2019.040",62.7836446394321,59.7570547974652,65.810234481399,58.9962115330572,66.5710777458071,57.6269442600301,67.9403450188342
"2019.048",62.8882834013412,59.622098830598,66.1544679720845,58.8010247304654,66.9755420722172,57.3233617916779,68.4532050110045
