"","Point Forecast","Lo 75","Hi 75","Lo 85","Hi 85","Lo 95","Hi 95"
"2019.000",62.1645439307159,60.8771369553983,63.4519509060334,60.5535004612357,63.775587400196,59.9710613695801,64.3580264918516
"2019.008",61.9044247000739,60.1908238516826,63.6180255484653,59.7600480507121,64.0488013494358,58.9847934958336,64.8240559043142
"2019.016",62.0155299961107,59.9832266624904,64.0478333297309,59.4723334184907,64.5587265737306,58.552893854859,65.4781661373623
"2019.024",61.7214788534202,59.3168684729678,64.1260892338726,58.7123823327831,64.7305753740573,57.6245063831978,65.8184513236425
"2019.031",62.0419229871422,59.2435896090072,64.8402563652772,58.540126895692,65.5437190785924,57.2741257149011,66.8097202593832
"2019.039",61.7626093186451,58.7009110179043,64.8243076193859,57.9312419674543,65.5939766698358,56.5460911865469,66.9791274507433
"2019.047",61.9476478291364,58.5845989739964,65.3106966842763,57.7391745184496,66.1561211398232,56.2176889603199,67.6776066979528
