"","Point Forecast","Lo 75","Hi 75","Lo 85","Hi 85","Lo 95","Hi 95"
"2019.000",237.863169082796,231.313973596065,244.412364569528,229.66759548289,246.058742682702,226.704657155307,249.021681010286
"2019.008",236.817491531314,228.462850838099,245.172132224529,226.36260850931,247.272374553318,222.58286408524,251.052118977388
"2019.016",236.375634483344,226.048162793344,246.703106173343,223.451977752099,249.299291214589,218.77969979684,253.971569169847
"2019.024",237.129756784303,224.765030318509,249.494483250097,221.656707308466,252.60280626014,216.062749694922,258.196763873684
"2019.032",237.284710137116,223.497068170155,251.072352104078,220.031043677119,254.538376597114,213.793341212186,260.776079062046
"2019.040",236.769336655978,221.83067743817,251.707995873787,218.075302961076,255.463370350881,211.316865829549,262.221807482408
"2019.048",236.75865560818,220.559924461583,252.957386754778,216.487785146916,257.029526069445,209.159275642243,264.358035574118
