"","Point Forecast","Lo 75","Hi 75","Lo 85","Hi 85","Lo 95","Hi 95"
"2019.000",240.351731875948,233.814883766318,246.888579985579,232.17160961476,248.531854137136,229.21425739572,251.489206356177
"2019.008",240.215443671898,231.884997928085,248.54588941571,229.790837878444,250.640049465352,226.022039553489,254.408847790307
"2019.016",241.359040754984,230.997568220599,251.720513289369,228.39283583241,254.325245677558,223.705175467937,259.01290604203
"2019.024",241.346578593506,228.896413085754,253.796744101258,225.766611869881,256.926545317132,220.13400056023,262.559156626783
"2019.032",240.661805423263,226.733909082753,254.589701763774,223.232626559726,258.090984286801,216.931471253931,264.392139592596
"2019.040",240.725680136165,225.617858385546,255.833501886784,221.819958762859,259.631401509472,214.984990375994,266.466369896337
"2019.048",241.131068253221,224.769728753914,257.492407752529,220.656711924831,261.605424581612,213.254636358249,269.007500148194
