"","Point Forecast","Lo 75","Hi 75","Lo 85","Hi 85","Lo 95","Hi 95"
"2019.000",26.26,25.2766006264525,27.2433993735475,25.0293874827315,27.4906125172685,24.584485249914,27.935514750086
"2019.008",26.26,24.8692632687,27.6507367313,24.5196510880528,28.0003489119472,23.8904643164722,28.6295356835278
"2019.016",26.26,24.5567023208844,27.9632976791156,24.1285165956608,28.3914834043392,23.35792332402,29.16207667598
"2019.024",26.26,24.2932012529051,28.2267987470949,23.7987749654631,28.7212250345369,22.908970499828,29.611029500172
"2019.031",26.26,24.0610521517172,28.4589478482828,23.5082667574256,29.0117332425744,22.5134351215041,30.0065648784959
"2019.039",26.26,23.8511733214361,28.6688266785639,23.2456272616103,29.2743727383897,22.1558438057824,30.3641561942176
"2019.047",26.26,23.6581698181367,28.8618301818633,23.0041053190245,29.5158946809755,21.8270046532519,30.6929953467481
