"","Point Forecast","Lo 75","Hi 75","Lo 85","Hi 85","Lo 95","Hi 95"
"2019.000",25.790001,24.799944203475,26.780057796525,24.5510574747309,27.0289445252691,24.1031433401091,27.4768586598909
"2019.008",25.790001,24.3898492508347,27.1901527491653,24.0378702635501,27.5421317364499,23.4044240195893,28.1755779804107
"2019.016",25.790001,24.0751723260399,27.5048296739601,23.6440878665254,27.9359141334746,22.8682778279322,28.7117241720678
"2019.024",25.790001,23.8098874069501,27.7701145930499,23.3121139494618,28.2678880505382,22.4162856802182,29.1637163197818
"2019.032",25.790001,23.5761667013845,28.0038352986155,23.019639057215,28.560362942785,22.0180726041177,29.5619293958823
"2019.040",25.790001,23.3648670321393,28.2151349678607,22.7552215429656,28.8247804570344,21.658060464562,29.921941535438
"2019.048",25.790001,23.1705569325657,28.4094450674343,22.5120645436842,29.0679374563158,21.3269951347643,30.2530068652357
