"","Point Forecast","Lo 75","Hi 75","Lo 85","Hi 85","Lo 95","Hi 95"
"2019.000",15.2686743221492,14.9884417567852,15.5489068875133,14.9179951251113,15.6193535191872,14.7912143914721,15.7461342528264
"2019.008",15.2686743221492,14.9143520180358,15.6229966262626,14.8252802400314,15.7120684042671,14.6649803776586,15.8723682666398
"2019.016",15.2686743221492,14.8532729503485,15.68407569395,14.7488467306546,15.7885019136438,14.5609139306133,15.9764347136851
"2019.024",15.2686743221492,14.8000888932297,15.7372597510687,14.6822929294524,15.855055714846,14.4702989937231,16.0670496505753
"2019.031",15.2686743221492,14.7523543547866,15.7849942895119,14.6225585813388,15.9147900629596,14.3889689406425,16.1483797036559
"2019.039",15.2686743221492,14.7086740425073,15.8286746017912,14.5678976363606,15.9694510079379,14.3145464735544,16.2228021707441
"2019.047",15.2686743221492,14.6681626089406,15.8691860353579,14.5172021828341,16.0201464614644,14.2455231384639,16.2918255058345
