"","Point Forecast","Lo 75","Hi 75","Lo 85","Hi 85","Lo 95","Hi 95"
"2019.000",15.2290001702342,14.9476869083924,15.510313432076,14.8769686044143,15.581031736054,14.7496989501099,15.7083013903585
"2019.008",15.2290001702342,14.8728529185726,15.5851474218958,14.7833223737307,15.6746779667377,14.622196882157,15.8358034583114
"2019.016",15.2290001702342,14.8112148444457,15.6467854960227,14.7061893313461,15.7518110091223,14.5171780005668,15.9408223399016
"2019.024",15.2290001702342,14.7575679990555,15.7004323414129,14.6390564032347,15.8189439372337,14.4257745655386,16.0322257749298
"2019.032",15.2290001702342,14.7094311126487,15.7485692278197,14.5788185623859,15.8791817780825,14.3437589924486,16.1142413480198
"2019.040",15.2290001702342,14.6653906252668,15.7926097152016,14.5237068992137,15.9342934412547,14.2687228594245,16.1892774810439
"2019.048",15.2290001702342,14.6245504760856,15.8334498643828,14.4726000954659,15.9854002450025,14.1991394590385,16.2588608814299
