"","Point Forecast","Lo 75","Hi 75","Lo 85","Hi 85","Lo 95","Hi 95"
"2019.000",0.668576477073677,0.66400550624005,0.673147447907303,0.662856426730714,0.67429652741664,0.660788462092209,0.676364492055145
"2019.008",0.670613739393628,0.664443076193482,0.676784402593774,0.662891855916568,0.678335622870688,0.660100170351622,0.681127308435634
"2019.016",0.672461271161891,0.665235701257506,0.679686841066276,0.663419291872583,0.681503250451199,0.660150353259939,0.684772189063844
"2019.024",0.674136742013786,0.666147310513903,0.682126173513669,0.66413887677807,0.684134607249502,0.660524357581848,0.687749126445725
"2019.033",0.675656176008791,0.667089424797432,0.68422292722015,0.664935860787322,0.686376491230259,0.661060154899717,0.690252197117865
"2019.041",0.67703410488327,0.668020225461991,0.686047984304549,0.665754259539297,0.688313950227242,0.661676267231443,0.692391942535097
"2019.049",0.678283707030758,0.668918086798831,0.687649327262685,0.66656369805026,0.690003716011256,0.662326573780113,0.694240840281403
