"","Point Forecast","Lo 75","Hi 75","Lo 85","Hi 85","Lo 95","Hi 95"
"2019.000",0.88885,0.883527342061175,0.894172657938825,0.88218929870117,0.89551070129883,0.879781261371469,0.897918738628531
"2019.008",0.88885,0.881322624955041,0.896377375044959,0.879430345888279,0.898269654111721,0.876024866837915,0.901675133162085
"2019.016",0.88885,0.879630886018646,0.898069113981354,0.877313326936387,0.900386673063613,0.873142483934822,0.904557516065178
"2019.024",0.88885,0.878204684122351,0.899495315877649,0.875528597402341,0.902171402597659,0.870712522742938,0.906987477257062
"2019.033",0.88885,0.876948175027809,0.900751824972191,0.873956219117996,0.903743780882004,0.868571683956427,0.909128316043573
"2019.041",0.88885,0.875812203974506,0.901887796025494,0.872534680488774,0.905165319511226,0.866636217749432,0.911063782250568
"2019.049",0.88885,0.874767570780007,0.902932429219994,0.871227440806012,0.906472559193988,0.864856372883863,0.912843627116138
