"","Point Forecast","Lo 75","Hi 75","Lo 85","Hi 85","Lo 95","Hi 95"
"2019.000",0.674143026248499,0.669870430688886,0.678415621808112,0.668796358639877,0.679489693857121,0.666863382724363,0.681422669772635
"2019.008",0.675722028059688,0.669956954028068,0.681487102091308,0.668507693317233,0.682936362802142,0.665899501388278,0.685544554731097
"2019.016",0.677152440666431,0.670404831846625,0.683900049486236,0.668708575336998,0.685596305995864,0.665655872324506,0.688649009008355
"2019.024",0.678448246795994,0.67099040511284,0.685906088479147,0.669115605781602,0.687780887810385,0.665741584497792,0.691154909094195
"2019.033",0.679622113355543,0.671628423630811,0.687615803080274,0.669618919435529,0.689625307275556,0.666002473764881,0.693241752946204
"2019.041",0.680685515255094,0.672277555931619,0.689093474578569,0.670163910028901,0.691207120481287,0.666360043586563,0.695010986923625
"2019.049",0.681648847578321,0.672915586621157,0.690382108535485,0.670720164339803,0.69257753081684,0.666769127351032,0.696528567805611
