"","Point Forecast","Lo 75","Hi 75","Lo 85","Hi 85","Lo 95","Hi 95"
"2019.000",0.672657645851383,0.668312416760688,0.677002874942078,0.667220085636027,0.67809520606674,0.665254249398426,0.680061042304341
"2019.008",0.674359164589035,0.668495206460214,0.680223122717856,0.66702108764067,0.6816972415374,0.664368159303681,0.684350169874389
"2019.016",0.675901077305135,0.669036776982011,0.68276537762826,0.667311185825487,0.684490968784784,0.664205690110687,0.687596464499584
"2019.024",0.677298355378813,0.669710564307906,0.684886146449719,0.667803097479073,0.686793613278552,0.664370285459455,0.690226425298171
"2019.033",0.678564565842474,0.670430627860615,0.686698503824333,0.668385867172927,0.688743264512021,0.664705971428563,0.692423160256386
"2019.041",0.679712003112471,0.671155600174811,0.688268406050131,0.669004637579083,0.690419368645858,0.665133613380523,0.694290392844419
"2019.049",0.680751808363147,0.671863482100043,0.689640134626252,0.669629078522996,0.691874538203298,0.665607888041452,0.695895728684843
