"","Point Forecast","Lo 75","Hi 75","Lo 85","Hi 85","Lo 95","Hi 95"
"2019.000",0.67269432567327,0.668350954381776,0.677037696964764,0.667259090282407,0.678129561064132,0.665294094536508,0.680094556810032
"2019.008",0.674392822418232,0.668531392044356,0.680254252792109,0.66705790866781,0.681727736168654,0.664406123918919,0.684379520917545
"2019.016",0.675931984600018,0.669070665658429,0.682793303541607,0.66734582398042,0.684518145219616,0.664241677080088,0.687622292119948
"2019.024",0.677326759261121,0.669742286705802,0.684911231816441,0.66783565410637,0.686817864415872,0.6644043434249,0.690249175097343
"2019.033",0.678590691274445,0.670460333255221,0.686721049293669,0.668416472521144,0.688764910027746,0.664738196396856,0.692443186152033
"2019.041",0.679736054879659,0.671183439616494,0.688288670142825,0.669033429190296,0.690438680569023,0.665164118583269,0.69430799117605
"2019.049",0.68077397288025,0.671889601860708,0.689658343899792,0.669656192577761,0.691891753182739,0.665636791498101,0.695911154262399
