"","Point Forecast","Lo 75","Hi 75","Lo 85","Hi 85","Lo 95","Hi 95"
"2019.000",0.8887,0.883369115626643,0.894030884373357,0.882029004253584,0.895370995746417,0.879617245181537,0.897782754818464
"2019.008",0.8887,0.881160991019756,0.896239008980244,0.879265787340885,0.898134212659115,0.875855044952019,0.901544955047981
"2019.016",0.8887,0.879466637416071,0.897933362583929,0.877145496430131,0.900254503569869,0.87296820718173,0.90443179281827
"2019.024",0.8887,0.878038231253286,0.899361768746714,0.875358008507167,0.902041991492833,0.870534490363073,0.906865509636927
"2019.033",0.8887,0.876779780160983,0.900620219839017,0.873783200033401,0.903616799966599,0.868390342802952,0.909009657197048
"2019.041",0.8887,0.875642053407499,0.901757946592501,0.872359464345003,0.905040535654997,0.866451885235959,0.910948114764041
"2019.049",0.8887,0.874595805680058,0.902804194319943,0.871050204257812,0.906349795742188,0.864669289530972,0.912730710469028
