"","Point Forecast","Lo 75","Hi 75","Lo 85","Hi 85","Lo 95","Hi 95"
"2019.000",0.89169,0.886516658350545,0.896863341649455,0.885216151062147,0.898163848937853,0.882875666297888,0.900504333702112
"2019.008",0.89169,0.884373790076552,0.899006209923448,0.882534595031334,0.900845404968666,0.879224649735191,0.904155350264809
"2019.016",0.89169,0.882729509418232,0.900650490581767,0.880476964719114,0.902903035280886,0.876423126193075,0.906956873806925
"2019.024",0.89169,0.881343316701091,0.902036683298909,0.878742302124295,0.904637697875705,0.874061332595776,0.909318667404224
"2019.033",0.89169,0.880122056400989,0.903257943599011,0.877214033698897,0.906165966301103,0.87198055066571,0.91139944933429
"2019.041",0.89169,0.879017952693748,0.904362047306252,0.875832373430403,0.907547626569597,0.870099380007208,0.913280619992792
"2019.049",0.89169,0.878002624548371,0.905377375451629,0.874561805685043,0.908818194314957,0.868369465051476,0.915010534948524
