"","Point Forecast","Lo 75","Hi 75","Lo 85","Hi 85","Lo 95","Hi 95"
"2019.000",0.88841,0.883063117649217,0.893756882350783,0.88171898460358,0.89510101539642,0.879299987845534,0.897520012154466
"2019.008",0.88841,0.880848366463109,0.895971633536891,0.878947475280336,0.897872524719664,0.875526497257771,0.90129350274223
"2019.016",0.88841,0.87914892810635,0.89767107189365,0.876820821379175,0.899999178620825,0.872630996090895,0.904189003909105
"2019.024",0.88841,0.877716235298434,0.899103764701566,0.875027969207161,0.901792030792839,0.870189975691068,0.906630024308932
"2019.033",0.88841,0.876454007595955,0.900365992404045,0.873448434735108,0.903371565264892,0.868039393546765,0.908780606453235
"2019.041",0.88841,0.875312866525888,0.901507133474112,0.872020426417666,0.904799573582334,0.866095118671006,0.910724881328995
"2019.049",0.88841,0.874263479010307,0.902556520989693,0.870707237242569,0.906112762757431,0.864307173398507,0.912512826601493
