"","Point Forecast","Lo 75","Hi 75","Lo 85","Hi 85","Lo 95","Hi 95"
"2019.000",74.271004,73.676094938759,74.865913061241,73.5265429426793,75.0154650573207,73.2573986084556,75.2846093915444
"2019.008",74.271004,73.4296755372143,75.1123324627857,73.2181770760785,75.3238309239215,72.8375495083834,75.7044584916166
"2019.016",74.271004,73.2405912800475,75.3014167199526,72.9815596244642,75.5604483755359,72.5153879630193,76.0266200369807
"2019.024",74.271004,73.081185877518,75.460822122482,72.7820818853587,75.7599261146413,72.2437932169111,76.2982147830889
"2019.033",74.271004,72.9407468986345,75.6012611013655,72.6063384692296,75.9356695307704,72.0045134421463,76.5374945578537
"2019.041",74.271004,72.8137803566014,75.7282276433987,72.4474542761915,76.0945537238085,71.7881879901822,76.7538200098179
"2019.049",74.271004,72.6970225712574,75.8449854287426,72.3013451815573,76.2406628184427,71.5892562064192,76.9527517935809
