"","Point Forecast","Lo 75","Hi 75","Lo 85","Hi 85","Lo 95","Hi 95"
"2019.000",74.690002,74.1094721855766,75.2705318144234,73.9635349353528,75.4164690646473,73.7008959530617,75.6791080469383
"2019.008",74.690002,73.8690088630805,75.5109951369195,73.6626224245585,75.7173815754415,73.2911948137947,76.0888091862053
"2019.016",74.690002,73.6844948661101,75.6955091338899,73.4317241340055,75.9482798659945,72.9768200726293,76.4031839273707
"2019.024",74.690002,73.5289423711532,75.8510616288468,73.2370678707055,76.1429361292945,72.7117899061235,76.6682140938765
"2019.033",74.690002,73.3918978719839,75.9881061280161,73.065572260034,76.314431739966,72.47829364209,76.90171035791
"2019.041",74.690002,73.2680001741901,76.1120038258099,72.9105283766768,76.4694756233233,72.2671968834999,77.1128071165001
"2019.049",74.690002,73.1540644823772,76.2259395176228,72.7679508112643,76.6120531887357,72.0730733795312,77.3069306204688
