"","Point Forecast","Lo 75","Hi 75","Lo 85","Hi 85","Lo 95","Hi 95"
"2019.000",74.672997,74.091940478211,75.2540535217889,73.945870820964,75.400123179036,73.6829935496428,75.6630004503571
"2019.008",74.672997,73.8512589863807,75.4947350136193,73.6446852960508,75.7013087039492,73.2729206937088,76.0730733062912
"2019.016",74.672997,73.6665775821923,75.6794164178077,73.4135775143962,75.9324164856038,72.9582607243129,76.3877332756871
"2019.024",74.672997,73.5108839564221,75.8351100435779,73.218744641928,76.127249358072,72.6929900992857,76.6530039007143
"2019.033",74.672997,73.3737151185103,75.9722788814897,73.0470934354558,76.2989005645442,72.4592819870421,76.8867120129579
"2019.041",74.672997,73.2497050099007,76.0962889900993,72.8919088827422,76.4540851172578,72.2479937030302,77.0980002969698
"2019.049",74.672997,73.1356659456742,76.2103280543257,72.7492019585061,76.5967920414939,72.0536940732591,77.2922999267409
