"","Point Forecast","Lo 75","Hi 75","Lo 85","Hi 85","Lo 95","Hi 95"
"2019.000",75.253998,74.6880674677978,75.8199285322022,74.5458002773188,75.9621957226812,74.2897661937419,76.2182298062581
"2019.008",75.253998,74.4536513659986,76.0543446340014,74.2524551757425,76.2555408242575,73.8903683023183,76.6176276976817
"2019.016",75.253998,74.2737775646713,76.2342184353287,74.0273635625116,76.4806324374884,73.583899521287,76.924096478713
"2019.024",75.253998,74.1221369355956,76.3858590644044,73.8376025546376,76.6703934453624,73.3255343874838,77.1824616125162
"2019.033",75.253998,73.9885388594533,76.5194571405467,73.6704197505743,76.8375762494257,73.0979101351394,77.4100858648606
"2019.041",75.253998,73.8677569662429,76.6402390337571,73.51927494243,76.9887210575699,72.8921220809054,77.6158739190946
"2019.049",75.253998,73.7566865524546,76.7513094475454,73.3802829467233,77.1277130532767,72.7028804344224,77.8051155655776
