"","Point Forecast","Lo 75","Hi 75","Lo 85","Hi 85","Lo 95","Hi 95"
"2019.000",0.669784169815221,0.665370832882115,0.674197506748327,0.664261380377995,0.675306959252448,0.662264731296725,0.677303608333717
"2019.008",0.670759432038854,0.664604305403429,0.676914558674279,0.663056990806253,0.678461873271455,0.6602723341784,0.681246529899308
"2019.015",0.669210008746387,0.661840864729491,0.676579152763284,0.659988362777636,0.678431654715139,0.656654469432509,0.681765548060265
"2019.023",0.669033957046721,0.660121312123024,0.677946601970417,0.65788079516753,0.680187118925911,0.653848602618374,0.684219311475067
"2019.030",0.669333202277823,0.659127027900926,0.67953937665472,0.656561335344121,0.682105069211525,0.651943933817387,0.686722470738259
"2019.038",0.669001801449333,0.657693166662086,0.680310436236579,0.654850330646376,0.68315327225229,0.649734162177796,0.688269440720869
"2019.045",0.66895682298614,0.656558893961419,0.681354752010861,0.653442224282471,0.684471421689808,0.647833245414085,0.690080400558194
