"","Point Forecast","Lo 75","Hi 75","Lo 85","Hi 85","Lo 95","Hi 95"
"2019.000",0.674985593419597,0.670584891015039,0.679386295824155,0.669478614658479,0.680492572180714,0.667487681596675,0.682483505242519
"2019.007",0.67584542425152,0.669755650216965,0.681935198286074,0.668224764369233,0.683466084133807,0.665469674079157,0.686221174423883
"2019.015",0.676163728172804,0.66888475950681,0.683442696838799,0.667054926404033,0.685272529941576,0.663761829520691,0.688565626824918
"2019.022",0.675769499660438,0.66699428682945,0.684544712491425,0.664788318421169,0.686750680899706,0.660818301877563,0.690720697443312
"2019.030",0.675944679045562,0.665926021765097,0.685963336326027,0.663407468439979,0.688481889651146,0.658874902003788,0.693014456087337
"2019.037",0.676022391170357,0.664937283654828,0.687107498685885,0.662150639336036,0.689894143004677,0.657135597413759,0.694909184926954
"2019.045",0.675929731882593,0.663794848842443,0.688064614922744,0.660744305323973,0.691115158441213,0.655254331764129,0.696605132001057
