"","Point Forecast","Lo 75","Hi 75","Lo 85","Hi 85","Lo 95","Hi 95"
"2019.000",0.676178,0.671695156887639,0.680660843112361,0.670568231481314,0.681787768518686,0.668540136931217,0.683815863068783
"2019.008",0.676178,0.669838302472508,0.682517697527492,0.668244589279101,0.684111410720899,0.665376430460579,0.686979569539421
"2019.015",0.676178,0.668413487967031,0.683942512032969,0.666461595906935,0.685894404093064,0.662948833103615,0.689407166896385
"2019.023",0.676178,0.667212313775278,0.685143686224722,0.664958462962628,0.687397537037372,0.660902273862435,0.691453726137565
"2019.030",0.676178,0.666154058068294,0.686201941931706,0.66363417625418,0.68872182374582,0.659099218975367,0.693256781024633
"2019.038",0.676178,0.665197321777766,0.687158678222234,0.662436929554091,0.689919070445909,0.657469132756234,0.694886867243765
"2019.045",0.676178,0.664317511958174,0.688038488041826,0.661335947586918,0.691020052413082,0.655970113772037,0.696385886227963
