"","Point Forecast","Lo 75","Hi 75","Lo 85","Hi 85","Lo 95","Hi 95"
"2019.000",0.678288,0.67384917419827,0.68272682580173,0.672733314141417,0.683842685858583,0.670725133575719,0.685850866424281
"2019.008",0.678288,0.672010552350182,0.684565447649818,0.67043248792407,0.68614351207593,0.667592491732366,0.688983508267634
"2019.015",0.678288,0.670599728185456,0.685976271814544,0.66866700187285,0.68790899812715,0.665188731102289,0.691387268897711
"2019.023",0.678288,0.66941034839654,0.68716565160346,0.667178628282835,0.689397371717165,0.663162267151438,0.693413732848562
"2019.031",0.678288,0.668362483767052,0.688213516232948,0.665867344826552,0.690708655173448,0.661376916570557,0.695199083429443
"2019.038",0.678288,0.667415141728661,0.689160858271339,0.664681853965019,0.691894146034981,0.659762836267685,0.696813163732315
"2019.046",0.678288,0.666543970815485,0.690032029184515,0.663591682607103,0.692984317392897,0.658278536242553,0.698297463757447
