"","Point Forecast","Lo 75","Hi 75","Lo 85","Hi 85","Lo 95","Hi 95"
"2019.000",0.676938750407678,0.672537878582669,0.681339622232687,0.671431559636126,0.68244594117923,0.669440549926381,0.684436950888975
"2019.008",0.676079042196835,0.670053615817558,0.682104468576111,0.668538906089702,0.683619178303967,0.665812927487389,0.68634515690628
"2019.015",0.677119557840027,0.669856436793152,0.684382678886902,0.668030587564932,0.686208528115123,0.664744660343601,0.689494455336453
"2019.023",0.677400021529224,0.668928226632621,0.685871816425826,0.666798533340471,0.688001509717976,0.662965786882769,0.691834256175679
"2019.030",0.676253632393434,0.6667716947889,0.685735569997968,0.664388065444773,0.688119199342094,0.660098317733754,0.692408947053114
"2019.038",0.676585014276665,0.66628655467203,0.686883473881299,0.663697662871986,0.689472365681343,0.659038510348678,0.694131518204651
"2019.045",0.677512456289866,0.666374234334884,0.688650678244849,0.663574237772938,0.691450674806795,0.65853516621088,0.696489746368853
