"","Point Forecast","Lo 75","Hi 75","Lo 85","Hi 85","Lo 95","Hi 95"
"2019.000",16.6637934218033,16.2764453309979,17.0511415126088,16.1790713222094,17.1485155213973,16.0038301789745,17.3237566646322
"2019.008",16.5841517572717,16.062193267687,17.1061102468564,15.9309800469213,17.237323467622,15.6948394679248,17.4734640466185
"2019.016",16.5338488127079,15.9483146699879,17.1193829554279,15.8011194001194,17.2665782252963,15.5362163968286,17.5314812285872
"2019.024",16.4928652523576,15.8429370576023,17.1427934471128,15.6795540043481,17.306176500367,15.3855183228177,17.6002121818975
"2019.031",16.4443037875221,15.728615797295,17.1599917777493,15.5487016314468,17.3399059435975,15.2249153921856,17.6636921828587
"2019.039",16.394355113487,15.6205710474523,17.1681391795217,15.4260523232481,17.3626579037259,15.0759826893255,17.7127275376485
"2019.047",16.3462650314414,15.5196805311633,17.1728495317196,15.3118885004162,17.3806415624667,14.9379312866146,17.7545987762683
