"","Point Forecast","Lo 75","Hi 75","Lo 85","Hi 85","Lo 95","Hi 95"
"2019.000",16.5057436473548,16.117282797868,16.8942044968416,16.0196290567763,16.9918582379333,15.8438844875323,17.1676028071773
"2019.008",16.4963424447707,15.9724679930007,17.0202168965407,15.8407731255635,17.151911763978,15.6037657412007,17.3889191483408
"2019.016",16.4557924029882,15.8685919844846,17.0429928214919,15.7209778356888,17.1906069702877,15.455320988297,17.4562638176795
"2019.024",16.3962913126535,15.7448843222952,17.0476983030117,15.5811295200653,17.2114531052416,15.2864248128233,17.5061578124837
"2019.032",16.3457907510532,15.6284822714605,17.0630992306459,15.4481607367638,17.2434207653426,15.1236413677525,17.5679401343539
"2019.040",16.2988120092243,15.5233180908142,17.0743059276345,15.3283695331238,17.2692544853248,14.9775263405026,17.620097677946
"2019.048",16.2494185422639,15.4211174262158,17.077719658312,15.2128938617577,17.2859432227701,14.8381600294128,17.660677055115
