"","Point Forecast","Lo 75","Hi 75","Lo 85","Hi 85","Lo 95","Hi 95"
"2019.000",16.7316302440892,16.3417710578644,17.121489430314,16.2437657940543,17.219494694124,16.0673885997003,17.395871888478
"2019.008",16.6167832675637,16.0903754496925,17.1431910854348,15.958043728689,17.2755228064383,15.7198902176708,17.5136763174565
"2019.016",16.5810926195452,15.9907968844248,17.1713883546657,15.842404615394,17.3197806236965,15.5753474078727,17.5868378312178
"2019.024",16.5464812487302,15.8916484875487,17.2013140099117,15.7270324934188,17.3659300040416,15.4307779244122,17.6621845730482
"2019.032",16.4935036766893,15.7724107440847,17.2145966092938,15.5911378496948,17.3958695036837,15.26490634659,17.7221010067885
"2019.040",16.441979749922,15.6623266236834,17.2216328761606,15.4663324980678,17.4176270017762,15.1136076275654,17.7703518722787
"2019.048",16.3945592494387,15.5617736347076,17.2273448641699,15.3524227286554,17.4366957702221,14.9756600527594,17.8134584461181
