"","Point Forecast","Lo 75","Hi 75","Lo 85","Hi 85","Lo 95","Hi 95"
"2019.000",69.4299014107339,68.5193448609893,70.3404579604784,68.2904434062466,70.5693594152211,67.8784961821737,70.9813066392941
"2019.008",69.5451354817569,68.3612479365932,70.7290230269206,68.063634810406,71.0266361531079,67.5280292096538,71.5622417538601
"2019.016",69.66036955278,68.2553548877658,71.0653842177941,67.9021534299906,71.4185856755694,67.2665071417982,72.0542319637618
"2019.024",69.775603623803,68.1798145718868,71.3713926757193,67.7786550441796,71.7725522034264,67.0567000263091,72.4945072212969
"2019.031",69.8908376948261,68.1247631812432,71.6569122084089,67.6807962189974,72.1008791706548,66.8818019186647,72.8998734709874
"2019.039",70.0060717658491,68.0847452249306,71.9273983067677,67.6017500277894,72.4103935039088,66.7325177595781,73.2796257721201
"2019.047",70.1213058368722,68.0563670566298,72.1862446171146,67.5372697079975,72.7053419657469,66.6030654582558,73.6395462154886
