"","Point Forecast","Lo 75","Hi 75","Lo 85","Hi 85","Lo 95","Hi 95"
"2019.000",69.9874839727568,69.0758727332604,70.8990952122533,68.8467061439485,71.1282618015652,68.4342817649798,71.5406861805339
"2019.008",70.1090224217499,68.924589572452,71.2934552710478,68.6268393642684,71.5912054792314,68.0909870610743,72.1270577824256
"2019.016",70.230560870743,68.8253109652046,71.6358107762814,68.472050371181,71.989071370305,67.8362976572196,72.6248240842664
"2019.024",70.3520993197361,68.756300642103,71.9478979973692,68.3551386946224,72.3490599448498,67.6331793219566,73.0710193175155
"2019.032",70.4736377687291,68.7077330311922,72.2395425062661,68.2638087483207,72.6834667891376,67.4648912568045,73.4823842806538
"2019.040",70.5951762177222,68.6741697980101,72.5161826374343,68.1912550749591,72.9990973604854,67.3221676336038,73.8681848018406
"2019.048",70.7167146667153,68.6522264039502,72.7812029294804,68.1332423092459,73.3001870241847,67.1992418792717,74.234187454159
