"","Point Forecast","Lo 75","Hi 75","Lo 85","Hi 85","Lo 95","Hi 95"
"2019.000",75.2785985951791,74.0790566117513,76.478140578607,73.7775081740309,76.7796890163274,73.234820308713,77.3223768816453
"2019.008",75.2785985951791,73.7039235751294,76.8532736152289,73.3080718260672,77.2491253642911,72.5956690615068,77.9615281288515
"2019.016",75.2785985951791,73.402351845007,77.1548453453513,72.9306890902981,77.6265081000601,72.0818514858395,78.4753457045188
"2019.024",75.2785985951791,73.142948268863,77.4142489214953,72.6060750053049,77.9511221850534,71.6398799636424,78.9173172267159
"2019.031",75.2785985951791,72.9118069345007,77.6453902558576,72.3168279028807,78.2403692874776,71.2460616173062,79.3111355730521
"2019.039",75.2785985951791,72.7013125781023,77.855884612256,72.0534181461063,78.503779044252,70.8874215688759,79.6697756214824
"2019.047",75.2785985951791,72.5067573907479,78.0504397996103,71.8099544473304,78.7472427430279,70.5559386587922,80.0012585315661
