"","Point Forecast","Lo 75","Hi 75","Lo 85","Hi 85","Lo 95","Hi 95"
"2019.000",75.6133047758321,74.4096217450682,76.8169878065959,74.1070323047218,77.1195772469424,73.5624709775577,77.6641385741065
"2019.008",75.6133047758321,74.0348555043034,77.1917540473608,73.6380549600737,77.5885545915904,72.9239446767216,78.3026648749426
"2019.016",75.6133047758321,73.7333709027849,77.4932386488793,73.2607812558472,77.965828295817,72.4102755506719,78.8163340009923
"2019.024",75.6133047758321,73.4739589339284,77.7526506177358,72.9361566683284,78.2904528833358,71.9682897289806,79.2583198226835
"2019.032",75.6133047758321,73.2427668842321,77.9838426674321,72.6468461014293,78.5797634502349,71.5743849739152,79.652224577749
"2019.040",75.6133047758321,73.0322005238206,78.1944090278436,72.3833462398183,78.8432633118459,71.2156222451281,80.0109873065361
"2019.048",75.6133047758321,72.8375619159849,78.3890476356793,72.1397781497938,79.0868314018704,70.8839972033219,80.3426123483423
