"","Point Forecast","Lo 75","Hi 75","Lo 85","Hi 85","Lo 95","Hi 95"
"2019.000",8.26906279498364,6.99169281686598,9.5464327731013,6.67057948643324,9.86754610353404,6.09268125842386,10.4454443315434
"2019.005",8.42043255861454,6.7180211704216,10.1228439468075,6.2900582466062,10.5508068706229,5.5198659441149,11.3209991731142
"2019.011",8.49362735083049,6.38646482703174,10.6007898746292,5.85675300714291,11.1305016945181,4.90344620528309,12.0838084963779
"2019.016",8.44763764892269,6.06943276878426,10.8258425290611,5.47158460999319,11.4236906878522,4.39565484053004,12.4996204573153
"2019.022",8.3359892865798,5.75906370810531,10.9129148650543,5.11125988544101,11.5607186877186,3.94542637516314,12.7265521979965
"2019.027",8.30992429915556,5.5350241062195,11.0848244920916,4.8374521749571,11.782396423354,3.58205246158373,13.0377961367274
"2019.032",8.39775423269182,5.38880795279983,11.4067005125838,4.63240003842789,12.1631084269558,3.27111493457144,13.5243935308122
