"","Point Forecast","Lo 75","Hi 75","Lo 85","Hi 85","Lo 95","Hi 95"
"2019.000",8.46345556811567,7.18399659082824,9.74291454540309,6.86235811459423,10.0645530216371,6.28351479711257,10.6433963391188
"2019.005",8.40442335635655,6.69757124411983,10.1112754685933,6.2684919830555,10.5403547296576,5.49629064120994,11.3125560715032
"2019.011",8.43117589479291,6.3176253604165,10.5447264291693,5.78630768209466,11.0760441074912,4.83011086398539,12.0322409256004
"2019.016",8.51807173538844,6.1299469514618,10.9061965193151,5.52960506462202,11.5065384061549,4.44918740604339,12.5869560647335
"2019.022",8.54578189506085,5.95647999391276,11.1350837962089,5.30556493311047,11.7859988570112,4.13413221894894,12.9574315711728
"2019.027",8.48221768908034,5.69381339891094,11.2706219792497,4.99284672242096,11.9715886557397,3.73133758578283,13.2330977923779
"2019.033",8.41446907388234,5.39150351853073,11.437434629234,4.63157135017583,12.1973667975889,3.26394374995193,13.5649943978128
