"","Point Forecast","Lo 75","Hi 75","Lo 85","Hi 85","Lo 95","Hi 95"
"2019.000",8.13610911459024,6.85921034450385,9.41300788467663,6.53821546932123,9.73400275985925,5.96053042174583,10.3116878074347
"2019.005",8.27479063786549,6.57271764010546,9.97686363562553,6.14483978301369,10.4047414927173,5.37480057260604,11.1747807031249
"2019.011",8.36560380628603,6.25855782233473,10.4726497902373,5.72887529896858,11.0023323136035,4.77562122120005,11.955586391372
"2019.016",8.33235567708949,5.95391335675273,10.7107979974262,5.35600550874541,11.3087058454336,4.27996831835315,12.3847430358258
"2019.022",8.2150538154826,5.63772443701416,10.792383193951,4.98981910455777,11.4402885264074,3.82380291008896,12.6063047208762
"2019.027",8.17262992674019,5.39732457755125,10.9479352759291,4.69965079555184,11.6456090579285,3.44406778439896,12.9011920690814
"2019.032",8.25536332783516,5.24603847091494,11.2646881847554,4.48953538745931,12.021191268211,3.12807901059853,13.3826476450718
