"","Point Forecast","Lo 75","Hi 75","Lo 85","Hi 85","Lo 95","Hi 95"
"2019.000",7.75451775095112,6.47825450713919,9.03078099476305,6.15741939456417,9.35161610733807,5.5800218670606,9.92901363484164
"2019.005",7.85657465688409,6.15451061185494,9.55863870191324,5.72663500535718,9.986514308411,4.95659984527748,10.7565494684907
"2019.011",7.99730830100811,5.88939879140196,10.1052178106143,5.35949918950438,10.6351174125118,4.40585444187957,11.5887621601367
"2019.016",8.0008282143232,5.62036341720934,10.3812930114371,5.02194714621984,10.9797092824266,3.94499496192159,12.0566614667248
"2019.022",7.86777247213699,5.28784246726108,10.4477024770129,4.63928337291799,11.096261571356,3.47209062238608,12.2634543218879
"2019.027",7.77858766932797,5.00057216693579,10.5566031717201,4.3022170895122,11.2549582491437,3.04540797099762,12.5117673676583
"2019.032",7.8464401136867,4.83434835041881,10.8585318769546,4.0771497045752,11.6157305227982,2.71444154451709,12.9784386828563
