"","Point Forecast","Lo 75","Hi 75","Lo 85","Hi 85","Lo 95","Hi 95"
"2019.000",7.79973076098313,6.51691687169741,9.08254465026885,6.19443501650231,9.40502650546395,5.61407389467879,9.98538762728747
"2019.005",7.66264875177461,5.95202285056173,9.37327465298749,5.52199491059682,9.80330259295241,4.74808625920152,10.5772112443477
"2019.011",7.64896752435432,5.53180143596964,9.76613361273899,4.99957485685254,10.2983601918561,4.04174231668118,11.2561927320275
"2019.016",7.75316787508617,5.3637196344366,10.1426161157357,4.76304504868949,10.7432907014828,3.68202864166043,11.8243071085119
"2019.022",7.83815851377626,5.24905082636627,10.4272662011863,4.59818458823973,11.0781324393128,3.42683973881358,12.2494772887389
"2019.027",7.7939439697437,5.00582787505995,10.5820600644274,4.30493364697082,11.2829542925166,3.04355489359153,12.5443330458959
"2019.033",7.68500638024739,4.66163770779984,10.7083750526949,3.90160420132407,11.4684085591707,2.53379422586088,12.8362185346339
