"","Point Forecast","Lo 75","Hi 75","Lo 85","Hi 85","Lo 95","Hi 95"
"2019.000",44.060001,43.0749616037757,45.0450403962243,42.8273361807991,45.2926658192009,42.381691981116,45.738310018884
"2019.008",44.060001,42.6669449263878,45.4530570736122,42.3167496948259,45.8032523051741,41.6865136236412,46.4334883763588
"2019.016",44.060001,42.3538627182826,45.7661392817174,41.9249629044413,46.1950390955587,41.1530845084918,46.9669174915082
"2019.024",44.060001,42.0899222075514,46.0300797924486,41.5946713615982,46.5253306384018,40.703382962232,47.416619037768
"2019.032",44.060001,41.8573859495271,46.2626160504729,41.3036786707943,46.8163233292057,40.3071879465244,47.8128140534756
"2019.040",44.060001,41.6471571027113,46.4728448972887,41.0406011690777,47.0794008309223,39.9490002730231,48.1710017269769
"2019.048",44.060001,41.4538317259893,46.6661702740107,40.798676438496,47.321325561504,39.6196127129161,48.5003892870839
