"","Point Forecast","Lo 75","Hi 75","Lo 85","Hi 85","Lo 95","Hi 95"
"2019.000",44.720001,43.7382803064991,45.7017216935009,43.4914891599674,45.9485128400326,43.0473463830953,46.3926556169047
"2019.008",44.720001,43.3316382807887,46.1083637192113,42.98262289429,46.45737910571,42.3545101556074,47.0854918443926
"2019.016",44.720001,43.0196108800147,46.4203911199853,42.5921560753637,46.8478459246363,41.8228782200064,47.6171237799937
"2019.024",44.720001,42.7565596129982,46.6834423870018,42.2629773199349,47.1770246800651,41.3746917661905,48.0653102338095
"2019.031",44.720001,42.5248067944138,46.9151952055862,41.9729650145238,47.4670369854762,40.9798315737222,48.4601704262779
"2019.039",44.720001,42.3152862309916,47.1247157690084,41.7107738489525,47.7292281510475,40.6228506726729,48.8171513273271
"2019.047",44.720001,42.1226121880708,47.3173898119292,41.4696641885755,47.9703378114245,40.2945728543661,49.1454291456339
