"","Point Forecast","Lo 75","Hi 75","Lo 85","Hi 85","Lo 95","Hi 95"
"2019.000",44.950001,43.9646453778596,45.9353566221404,43.7169404600155,46.1830615399845,43.2711531957547,46.6288488042453
"2019.008",44.950001,43.5564977154085,46.3435042845915,43.2061900611269,46.6938119388731,42.5757516660759,47.3242503339241
"2019.016",44.950001,43.2433149989292,46.6566870010708,42.8142774959386,47.0857245040614,42.0421513048716,47.8578506951284
"2019.024",44.950001,42.9792897557192,46.9207122442808,42.483879920031,47.416122079969,41.5923053915093,48.3076966084907
"2019.032",44.950001,42.7466788468825,47.1533231531175,42.1927938122221,47.7072081877779,41.1959831858311,48.7040188141689
"2019.040",44.950001,42.5363825105733,47.3636194894267,41.9296318550773,47.9703701449227,40.837680523807,49.062321476193
"2019.048",44.950001,42.3429950708572,47.5570069291428,41.687629459714,48.212372540286,40.50818722084,49.39181477916
