"","Point Forecast","Lo 75","Hi 75","Lo 85","Hi 85","Lo 95","Hi 95"
"2019.000",276.779999,271.16722761694,282.39277038306,269.756253707542,283.803744292458,267.216965410449,286.343032589551
"2019.008",276.779999,268.842341587577,284.717656412423,266.846923148752,286.713074851248,263.255827200228,290.304170799772
"2019.016",276.779999,267.058393793271,286.501604206729,264.61451529404,288.94548270596,260.21633894841,293.34365905159
"2019.024",276.779999,265.55445623388,288.00554176612,262.732508415084,290.827489584916,257.653931820898,295.906066179102
"2019.031",276.779999,264.229460645312,289.330537354688,261.07442706942,292.48557093058,255.39640582265,298.16359217735
"2019.039",276.779999,263.031573068607,290.528424931393,259.575406950203,293.984591049797,253.355446312504,300.204551687496
"2019.047",276.779999,261.930001754563,291.629996245437,258.196915683896,295.363082316104,251.478590342691,302.081407657309
