"","Point Forecast","Lo 75","Hi 75","Lo 85","Hi 85","Lo 95","Hi 95"
"2019.000",274.519989,268.889610993766,280.150367006234,267.474211020267,281.565766979733,264.926957265626,284.113020734374
"2019.008",274.519989,266.557432062297,282.482545937703,264.555754223592,284.484223776408,260.953393416973,288.086584583027
"2019.016",274.519989,264.767888227385,284.272089772615,262.316343560252,286.723634439748,257.904370637444,291.135607362556
"2019.024",274.519989,263.259232987533,285.780745012467,260.428433040534,288.611544959466,255.333925531252,293.706052468748
"2019.032",274.519989,261.930081039042,287.109896960958,258.765150482946,290.274827517055,253.069317931627,295.970660068373
"2019.040",274.519989,260.728435825739,288.311542174261,257.261428108716,291.778549891284,251.021956164458,298.018021835542
"2019.048",274.519989,259.623409008218,289.416568991782,255.878612672651,293.161365327349,249.139212711696,299.900765288304
