"","Point Forecast","Lo 75","Hi 75","Lo 85","Hi 85","Lo 95","Hi 95"
"2019.000",83.860001,82.6122123237943,85.1077896762057,82.298535327813,85.421466672187,81.734020052472,85.985981947528
"2019.008",83.860001,82.0953613311344,85.6246406688656,81.6517550692132,86.0682469307868,80.8534099106591,86.8665920893409
"2019.016",83.860001,81.6987676157027,86.0212343842973,81.1554631214975,86.5645388785025,80.1776939829581,87.5423080170419
"2019.024",83.860001,81.3644236475887,86.3555783524113,80.737069655626,86.982932344374,79.608039104944,88.111962895056
"2019.031",83.860001,81.0698606984496,86.6501413015504,80.3684576124575,87.3515443875425,79.106163082458,88.613838917542
"2019.039",83.860001,80.8035554364732,86.9164465635268,80.0352068522699,87.6847951477301,78.6524324756777,89.0675695243223
"2019.047",83.860001,80.5586624739973,87.1613395260027,79.7287511506289,87.9912508493711,78.2351841207795,89.4848178792205
