"","Point Forecast","Lo 75","Hi 75","Lo 85","Hi 85","Lo 95","Hi 95"
"2019.000",83.68,82.4355858219498,84.9244141780502,82.1227571286215,85.2372428713786,81.5597685186459,85.8002314813541
"2019.008",83.68,81.920132592192,85.439867407808,81.4777260113876,85.8822739886124,80.6815398836986,86.6784601163014
"2019.016",83.68,81.524611417958,85.835388582042,80.9827762270479,86.3772237729521,80.0076513504877,87.3523486495124
"2019.024",83.68,81.1911716438996,86.1688283561004,80.5655142572429,86.7944857427571,79.4395370372918,87.9204629627082
"2019.032",83.68,80.8974053057152,86.4625946942848,80.1978990821206,87.1621009178794,78.9390182796571,88.4209817203429
"2019.040",83.68,80.6318202350921,86.7281797649079,79.865549559536,87.494450440464,78.4865147340971,88.8734852659029
"2019.048",83.68,80.3875895569163,86.9724104430837,79.5599226314042,87.8000773685958,78.070394778447,89.2896052215531
