"","Point Forecast","Lo 75","Hi 75","Lo 85","Hi 85","Lo 95","Hi 95"
"2019.000",82.519997,81.2748370557846,83.7651569442154,80.9618208870489,84.0781731129511,80.3984948830898,84.6414991169102
"2019.008",82.519997,80.7590749195669,84.2809190804331,80.3164032084987,84.7235907915013,79.5197399336623,85.5202540663377
"2019.016",82.519997,80.3633167130693,84.6766772869307,79.8211568052285,85.2188371947715,78.8454475451466,86.1945464548534
"2019.024",82.519997,80.0296771115692,85.0103168884308,79.4036447740978,85.6363492259023,78.2769927661796,86.7630012338204
"2019.032",82.519997,79.7357347218746,85.3042592781255,79.0358092905249,86.0041847094751,77.776174052179,87.263819947821
"2019.040",82.519997,79.4699904885199,85.5700035114801,78.7032605938765,86.3367334061235,77.3233993253356,87.7165946746644
"2019.048",82.519997,79.225613445107,85.814380554893,78.39745050629,86.64254349371,76.9070299927585,88.1329640072415
