"","Point Forecast","Lo 75","Hi 75","Lo 85","Hi 85","Lo 95","Hi 95"
"2019.000",68.040001,67.0704817953223,69.0095202046777,66.8267579360914,69.2532440639086,66.3881352660723,69.6918667339278
"2019.008",68.040001,66.6688937917637,69.4111082082363,66.3242162045654,69.7557857954346,65.70391007586,70.37609192414
"2019.016",68.040001,66.3607444785845,69.7192575214155,65.9386023713798,70.1413996286202,65.1788856215551,70.9011163784449
"2019.024",68.040001,66.1009625906447,69.9790394093554,65.6135148721828,70.4664871278172,64.7362695321445,71.3437324678555
"2019.032",68.040001,65.8720901528492,70.2079118471508,65.3271070358703,70.7528949641297,64.346316929235,71.733685070765
"2019.040",68.040001,65.6651736527107,70.4148283472893,65.0681745594531,71.0118274405469,63.993772828289,72.0862291717111
"2019.048",68.040001,65.4748942931217,70.6051077068783,64.8300615730238,71.2499404269762,63.669575068758,72.410426931242
