"","Point Forecast","Lo 75","Hi 75","Lo 85","Hi 85","Lo 95","Hi 95"
"2019.000",68.349998,67.3771042079071,69.3228917920929,67.1325320235846,69.5674639764154,66.6923826478178,70.0076133521822
"2019.008",68.349998,66.9741184044737,69.7258775955263,66.6282411044255,70.0717548955745,66.005775887746,70.694220112254
"2019.016",68.349998,66.6648965217268,70.0350994782732,66.2412850723621,70.4587109276379,65.4789239906142,71.2210720093858
"2019.024",68.349998,66.4042104158143,70.2957855841857,65.9150660471692,70.7849299528308,65.0347672956355,71.6652287043645
"2019.032",68.349998,66.1745413459928,70.5254546540072,65.627661316442,71.072334683558,64.6434573919732,72.0565386080268
"2019.040",68.349998,65.9669046354511,70.7330913645489,65.367827578583,71.332168421417,64.2896861973497,72.4103098026503
"2019.048",68.349998,65.7759629740437,70.9240330259563,65.1288857967224,71.5711102032776,63.964360008723,72.735635991277
