"","Point Forecast","Lo 75","Hi 75","Lo 85","Hi 85","Lo 95","Hi 95"
"2019.000",67.779999,66.8139672186042,68.7460307813958,66.5711200498575,68.9888779501425,66.1340751339499,69.4259228660501
"2019.008",67.779999,66.4138237530666,69.1461742469334,66.0703859934412,69.4896120065588,65.4523111459984,70.1076868540016
"2019.016",67.779999,66.1067828728962,69.4532151271038,65.6861592381527,69.8738387618473,64.929175238611,70.630822761389
"2019.024",67.779999,65.8479354372084,69.7120625627916,65.3622410997151,70.1977569002849,64.4881512678998,71.0718467321002
"2019.031",67.779999,65.6198862683738,69.9401117316262,65.0768634909129,70.4831345090871,64.0996013497227,71.4603966502773
"2019.039",67.779999,65.4137140602685,70.1462839397315,64.8188624113595,70.7411355886405,63.7483253727083,71.8116726272918
"2019.047",67.779999,65.224119147842,70.335878852158,64.5816059327422,70.9783920672578,63.4252937734854,72.1347042265146
