"","Point Forecast","Lo 75","Hi 75","Lo 85","Hi 85","Lo 95","Hi 95"
"2019.000",18.09,17.8337456458632,18.3462543541368,17.7693268083264,18.4106731916736,17.6533941187281,18.5266058812719
"2019.008",18.09,17.7276016169626,18.4523983830374,17.6364996232457,18.5435003767543,17.4725460412934,18.7074539587066
"2019.016",18.09,17.6461544389743,18.5338455610257,17.534577739396,18.645422260604,17.3337764307536,18.8462235692464
"2019.024",18.09,17.5774912917264,18.6025087082736,17.4486536166528,18.7313463833472,17.2167882374561,18.9632117625439
"2019.032",18.09,17.5169978446198,18.6630021553802,17.372952944856,18.807047055144,17.1137195700997,19.0662804299003
"2019.040",18.09,17.4623075879984,18.7176924120016,17.30451430621,18.87548569379,17.0205383721856,19.1594616278144
"2019.048",18.09,17.4120147065766,18.7679852934234,17.2415784827063,18.9384215172937,16.9348494172062,19.2451505827938
