"","Point Forecast","Lo 75","Hi 75","Lo 85","Hi 85","Lo 95","Hi 95"
"2019.000",18.209999,17.9544732562732,18.4655247437268,17.8902375814218,18.5297604185782,17.7746345243278,18.6453634756722
"2019.008",18.209999,17.8486310276862,18.5713669723138,17.757788065123,18.662209934877,17.5943006539289,18.8256973460711
"2019.016",18.209999,17.7674154292234,18.6525825707766,17.6561559767222,18.7638420232778,17.4559256083252,18.9640723916748
"2019.024",18.209999,17.6989475125465,18.7210504874535,17.5704761628436,18.8495218371564,17.3392700486556,19.0807279513444
"2019.032",18.209999,17.6386260670258,18.7813719329742,17.4949907314773,18.9250072685227,17.2364944374084,19.1835035625916
"2019.040",18.209999,17.5840913117243,18.8359066882757,17.4267466850548,18.9932513149452,17.1435781824688,19.2764198175312
"2019.048",18.209999,17.5339414285242,18.8860565714758,17.3639898075688,19.0560081924312,17.0581328676993,19.3618651323007
