"","Point Forecast","Lo 75","Hi 75","Lo 85","Hi 85","Lo 95","Hi 95"
"2019.000",8.57,8.2272872043945,8.9127127956055,8.14113389794138,8.99886610205862,7.98608632308886,9.15391367691115
"2019.008",8.57,8.08533091645591,9.05466908354409,7.96349174202661,9.17650825797339,7.74422135885712,9.39577864114288
"2019.016",8.57,7.97640402560731,9.16359597439269,7.82718212159044,9.31281787840956,7.55863184435554,9.58136815564446
"2019.024",8.57,7.88457440878901,9.255425591211,7.71226779588275,9.42773220411725,7.40217264617771,9.73782735382229
"2019.032",8.57,7.80367089226712,9.33632910773288,7.61102624255155,9.52897375744845,7.26432932543483,9.87567067456517
"2019.040",8.57,7.73052852244379,9.40947147755621,7.51949688198,9.62050311802,7.13970943773534,10.0002905622647
"2019.048",8.57,7.66326717170814,9.47673282829186,7.43532694820723,9.70467305179277,7.02510962376379,10.1148903762362
