"","Point Forecast","Lo 75","Hi 75","Lo 85","Hi 85","Lo 95","Hi 95"
"2019.000",8.86,8.51923892010013,9.20076107989987,8.43357624826425,9.28642375173575,8.27941165411989,9.44058834588011
"2019.008",8.86,8.3780910592767,9.3419089407233,8.25694574697728,9.46305425302272,8.03892408710058,9.68107591289942
"2019.016",8.86,8.26978449637139,9.45021550362861,8.12141239643954,9.59858760356046,7.85439148665327,9.86560851334673
"2019.024",8.86,8.17847784020026,9.54152215979974,8.00715249652849,9.71284750347151,7.69882330823977,10.0211766917602
"2019.031",8.86,8.09803506125765,9.62196493874235,7.90648750389836,9.81351249610164,7.5617649916679,10.1582350083321
"2019.039",8.86,8.02530923004555,9.69469076995445,7.81547939404415,9.90452060595585,7.43785480198721,10.2821451980128
"2019.047",8.86,7.95843092609513,9.76156907390487,7.73178879977605,9.98821120022395,7.32390762269886,10.3960923773011
