"","Point Forecast","Lo 75","Hi 75","Lo 85","Hi 85","Lo 95","Hi 95"
"2019.000",8.86,8.4197477015363,9.3002522984637,8.30907429898877,9.41092570101123,8.10989862747804,9.61010137252196
"2019.013",8.86,8.23738922864671,9.48261077135329,8.08087340177002,9.63912659822998,7.79919646582477,9.92080353417523
"2019.025",8.86,8.0974606509119,9.6225393490881,7.90576869465305,9.81423130534695,7.56078631196482,10.1592136880352
"2019.038",8.86,7.9794954030726,9.7405045969274,7.75814859797754,9.96185140202246,7.35979725495608,10.3602027450439
"2019.051",8.86,7.87556593338464,9.84443406661535,7.62809268198717,10.0919073180128,7.18272234102501,10.537277658975
"2019.063",8.86,7.78160651067645,9.93839348932355,7.51051314633736,10.2094868536626,7.02263438195988,10.6973656180401
"2019.076",8.86,7.69520190414047,10.0247980958595,7.40238760425036,10.3176123957496,6.87541831021868,10.8445816897813
