"","Point Forecast","Lo 75","Hi 75","Lo 85","Hi 85","Lo 95","Hi 95"
"2019.000",10.1243811548318,9.64223412159604,10.6065281880676,9.52102895609752,10.7277333535661,9.30289958017659,10.9458627294871
"2019.008",10.1303771256034,9.44494907417231,10.8158051770346,9.27264184280039,10.9881124084065,8.96254558006085,11.298208671146
"2019.016",10.1992651808535,9.36666617890054,11.0318641828064,9.15736218474682,11.2411681769601,8.78068393481643,11.6178464268905
"2019.024",10.2426201324802,9.24607657450801,11.2391636904524,8.99555916271374,11.4896811022467,8.54471033570831,11.9405299292521
"2019.032",10.2448570523148,9.08941318567997,11.4003009189497,8.79895041099512,11.6907636936345,8.27621308779878,12.2135010168309
"2019.040",10.2448570523148,8.86714484101632,11.6225692636133,8.52080684644419,11.9689072581854,7.89751253136286,12.5922015732668
"2019.048",10.2448570523148,8.67605771990231,11.8136563847273,8.28168303829755,12.2080310663321,7.57193850865119,12.9177755959784
