"","Point Forecast","Lo 75","Hi 75","Lo 85","Hi 85","Lo 95","Hi 95"
"2019.000",10.2265868293366,9.74633693799993,10.7068367206734,9.62560868801057,10.8275649706627,9.40833760292201,11.0448360557513
"2019.008",10.2927432746578,9.6100896411555,10.9753969081602,9.43847986048023,11.1470066888354,9.12963877927171,11.455847770044
"2019.016",10.3510058506352,9.52173413272875,11.1802775685417,9.31326657224715,11.3887451290233,8.93809362742607,11.7639180738444
"2019.024",10.360563805413,9.36773374541317,11.3533938654128,9.11814985618628,11.6029777546397,8.66898106232294,12.0521465485031
"2019.031",10.3932515860513,9.24219028953205,11.5443128825706,8.95282923299446,11.8336739391082,8.43207463958457,12.3544285325181
"2019.039",10.3932515860513,9.02072714019495,11.7657760319077,8.6756932788553,12.1108098932473,8.05474597404328,12.7317571980593
"2019.047",10.3932515860513,8.83033616908147,11.9561670030212,8.43744062329182,12.3490625488108,7.73035805092199,13.0561451211806
