"","Point Forecast","Lo 75","Hi 75","Lo 85","Hi 85","Lo 95","Hi 95"
"2019.000",61.8075475272592,60.5327935676266,63.0823014868919,60.2123378684382,63.4027571860803,59.6356231600612,63.9794718944573
"2019.008",61.8805661903092,60.1038144439173,63.6573179367011,59.6571633714717,64.1039690091467,58.8533385568588,64.9077938237595
"2019.016",61.8352674841214,59.7032471603819,63.967287807861,59.1672864297914,64.5032485384515,58.2027336469048,65.4678013213381
"2019.024",61.8352674841214,59.2275448179492,64.4429901502937,58.5719990289261,65.0985359393168,57.3922325292143,66.2783024390286
"2019.032",61.8352674841214,58.8261273500468,64.8444076181961,58.0696707033865,65.6008642648564,56.7082978974621,66.9622370707808
"2019.040",61.8352674841214,58.4722879734303,65.1982469948126,57.6268809501288,66.043654018114,56.1054267642992,67.5651082039437
"2019.048",61.8352674841214,58.1522879794054,65.5182469888375,57.2264373371211,66.4440976311218,55.560211133256,68.1103238349869
