"","Point Forecast","Lo 75","Hi 75","Lo 85","Hi 85","Lo 95","Hi 95"
"2019.000",60.9605954577524,59.6873179522831,62.2338729632218,59.3672334134646,62.5539575020402,58.7911866715024,63.1300042440024
"2019.008",60.9581737342202,59.1813152287621,62.7350322396783,58.7346373185483,63.1817101498921,57.9307642047925,63.9855832636479
"2019.016",60.7140881587983,58.5821221874483,62.8460541301482,58.0461751203047,63.3820011972918,57.0816469271222,64.3465293904744
"2019.024",60.7140881587983,58.1026406907701,63.3255356268264,57.4461585375381,63.9820177800585,56.2647068906652,65.1634694269313
"2019.032",60.7140881587983,57.6984560768713,63.7297202407252,56.9403674433696,64.4878088742269,55.5760575986667,65.8521187189298
"2019.040",60.7140881587983,57.3423800117572,64.0857963058394,56.4947787287373,64.9333975888592,54.9693755981493,66.4588007194473
"2019.048",60.7140881587983,57.0204727478358,64.4077035697608,56.091948384284,65.3362279333126,54.4209103627948,67.0072659548017
