"","Point Forecast","Lo 75","Hi 75","Lo 85","Hi 85","Lo 95","Hi 95"
"2019.000",59.9782741211585,58.7059471996728,61.2506010426442,58.3861016246581,61.5704466176589,57.810484938834,62.1460633034829
"2019.008",59.781295345592,58.0017790413754,61.5608116498087,57.5544329969283,62.0081576942557,56.7493574616194,62.8132332295646
"2019.016",59.5247784974888,57.3863318980976,61.6632250968799,56.8487556897582,62.2008013052193,55.881295579022,63.1682614159555
"2019.024",59.5247784974888,56.9049077856983,62.1446492092792,56.2463081442648,62.8032488507127,55.0610457160774,63.9885112789001
"2019.031",59.5247784974888,56.4991395179429,62.5504174770346,55.7385352873341,63.3110217076435,54.3696981964136,64.6798587985639
"2019.039",59.5247784974888,56.1416941174301,62.9078628775474,55.2912330051246,63.7583239898529,53.7606831237792,65.2888738711983
"2019.047",59.5247784974888,55.818563634499,63.2309933604786,54.8868719411434,64.1626850538341,53.2101337692474,65.8394232257301
