"","Point Forecast","Lo 75","Hi 75","Lo 85","Hi 85","Lo 95","Hi 95"
"2019.000",42.5497414220844,41.7314345552705,43.3680482888984,41.5257234082887,43.5737594358801,41.1555110998732,43.9439717442957
"2019.008",42.640522787276,41.5553378130743,43.7257077614778,41.282537162385,43.9985084121671,40.7915858449149,44.4894597296371
"2019.016",42.6320955749564,41.3928566581207,43.8713344917921,41.0813289546332,44.1828621952797,40.5206816978572,44.7435094520557
"2019.024",42.6481510421595,41.2100242361895,44.0862778481295,40.8484988393501,44.4478032449688,40.1978722025416,45.0984298817773
"2019.032",42.6896274792389,41.1068530763649,44.2724018821128,40.7089652533087,44.670289705169,39.9928982261915,45.3863567322862
"2019.040",42.7055727867821,41.017809219073,44.3933363544911,40.5935285568574,44.8176170167067,39.8299631124,45.5811824611641
"2019.048",42.7244145651527,40.9394530928759,44.5093760374295,40.490738207701,44.9580909226044,39.6831992099442,45.7656299203612
