"","Point Forecast","Lo 75","Hi 75","Lo 85","Hi 85","Lo 95","Hi 95"
"2019.000",43.7720682487954,42.9505966085104,44.5935398890804,42.7440898807911,44.8000466167997,42.3724457890924,45.1716907084984
"2019.008",43.9448029758492,42.8542427504516,45.0353632012469,42.5800908351773,45.3095151165212,42.0867076865271,45.8028982651713
"2019.016",43.9386698422201,42.691632424317,45.1857072601232,42.3781442843912,45.499195400049,41.8139688877457,46.0633707966945
"2019.024",43.8307371835072,42.383645864628,45.2778285023865,42.0198669119315,45.641607455083,41.3651846168454,46.296289750169
"2019.031",43.8216908632285,42.2291915241805,45.4141902022765,41.8288589852655,45.8145227411915,41.1083922748312,46.5349894516258
"2019.039",43.7819897919629,42.083719283669,45.4802603002568,41.6567973203881,45.9071822635376,40.8884784039925,46.6755011799332
"2019.047",43.7191885073,41.9235371199993,45.5148398946008,41.4721349364893,45.9662420781107,40.6597596868589,46.7786173277411
