"","Point Forecast","Lo 75","Hi 75","Lo 85","Hi 85","Lo 95","Hi 95"
"2019.000",43.6806185132652,42.8562708126852,44.5049662138452,42.6490410827694,44.7121959437609,42.2760958252562,45.0851412012742
"2019.008",43.5179883849487,42.4264406135728,44.6095361563246,42.1520404427551,44.8839363271423,41.6582105158961,45.3777662540013
"2019.016",43.7275562087123,42.4802208919616,44.9748915254629,42.1666578643426,45.2884545530819,41.6023476945154,45.8527647229091
"2019.024",43.6735314133291,42.226686158504,45.1203766681541,41.8629690629431,45.484093763715,41.2083980903269,46.1386647363312
"2019.032",43.5891998320284,41.9979343762625,45.1804652877944,41.5979120187178,45.5804876453391,40.8780035325838,46.3003961314731
"2019.040",43.6049307758909,41.9083653457419,45.3014962060398,41.4818720157711,45.7279895360107,40.7143244981522,46.4955370536295
"2019.048",43.5660230821377,41.7723863856447,45.3596597786306,41.3214906678309,45.8105554964445,40.5100268896361,46.6220192746392
