"","Point Forecast","Lo 75","Hi 75","Lo 85","Hi 85","Lo 95","Hi 95"
"2019.000",22.3567999920002,21.4031241622715,23.3104758217289,21.1633831106706,23.5502168733298,20.7319281825473,23.9816718014531
"2019.008",22.2335999840004,20.8848986914907,23.5823012765101,20.545853644859,23.9213463231417,19.9356842339544,24.5315157340463
"2019.016",22.1103999760006,20.4585849849601,23.762214967041,20.0433413029273,24.1774586490738,19.2960394462418,24.9247605057593
"2019.024",21.9871999680007,20.0798483085434,23.8945516274581,19.6003662053415,24.3740337306599,18.737456349095,25.2369435869065
"2019.032",21.8639999600009,19.7315159762291,23.9964839437728,19.1954386878521,24.5325612321497,18.2306761393412,25.4973237806606
"2019.040",21.7407999520011,19.4047807891405,24.0768191148617,18.81753754232,24.6640623616823,17.7606931214087,25.7209067825935
"2019.048",21.6175999440013,19.094410867166,24.1407890208366,18.4601156655769,24.7750842224257,17.3185932238295,25.9166066641731
