"","Point Forecast","Lo 75","Hi 75","Lo 85","Hi 85","Lo 95","Hi 95"
"2019.000",22.5473387016129,21.5898192591719,23.504858144054,21.3491119759387,23.7455654272872,20.91591814913,24.1787592540958
"2019.008",22.4246774032259,21.0705404214898,23.778814384962,20.7301289169794,24.1192258894723,20.1175003319703,24.7318544744814
"2019.016",22.3020161048388,20.6435437812958,23.9604884283818,20.2266265369841,24.3774056726936,19.4763128194263,25.1277193902513
"2019.024",22.1793548064517,20.2643159215696,24.0943936913339,19.7829013551032,24.5758082578003,18.9165137014859,25.4421959114175
"2019.032",22.0566935080647,19.9156149449887,24.1977720711406,19.377377097,24.7360099191294,18.4087262528226,25.7046607633067
"2019.040",21.9340322096776,19.5885981569027,24.2794662624525,18.9989881356098,24.8690762837454,17.9378843002051,25.9301801191502
"2019.048",21.8113709112905,19.2780125910822,24.3447292314989,18.6411609808852,24.9815808416959,17.4950378456612,26.1277039769199
