"","Point Forecast","Lo 75","Hi 75","Lo 85","Hi 85","Lo 95","Hi 95"
"2019.000",54.1332299331879,53.4922218662104,54.7742380001654,53.3310812109989,54.9353786553769,53.0410811073548,55.225378759021
"2019.008",54.1323135278778,53.1624848925746,55.102142163181,52.9186832467192,55.3459438090363,52.4799205863971,55.7847064693585
"2019.016",54.1321894637024,52.9125654870977,55.351813440307,52.6059687111345,55.6584102162703,52.054195499777,56.2101834276277
"2019.024",54.1321726677285,52.7050242039887,55.5593211314683,52.3462586121367,55.9180867233204,51.7005987152938,56.5637466201632
"2019.032",54.1321703938671,52.5239595722195,55.7403812155148,52.119677381606,56.1446634061282,51.3921025990319,56.8722381887024
"2019.040",54.1321700860288,52.3613017738162,55.9030383982413,51.9161297162027,56.3482104558548,51.1149666411368,57.1493735309207
"2019.048",54.1321700443532,52.2123750127798,56.0519650759265,51.7297648161278,56.5345752725786,50.8612254219874,57.403114666719
