"","Point Forecast","Lo 75","Hi 75","Lo 85","Hi 85","Lo 95","Hi 95"
"2019.000",53.8901525579163,53.251354748047,54.5289503677856,53.090769721223,54.6895353946096,52.8017695656661,54.9785355501665
"2019.008",53.8861037108058,52.9194853143838,54.8527221072277,52.676490678648,55.0957167429635,52.2391803707318,55.5330270508797
"2019.016",53.8855544422481,52.6698919944627,55.1012168900336,52.3642910926272,55.4068177918691,51.8143101266834,55.9567987578129
"2019.024",53.8854799282099,52.4629212111073,55.3080386453125,52.1053094187447,55.6656504376752,51.4617259809498,56.30923387547
"2019.032",53.8854698195994,52.282400524705,55.4885391144939,51.8794108435505,55.8915287956484,51.1541621522818,56.6167774869171
"2019.040",53.8854684482604,52.1202397354028,55.6506971611181,51.6764853958837,56.0944515006372,50.8778737464264,56.8930631500945
"2019.048",53.8854682622239,51.9717703919305,55.7991661325173,51.4906929381787,56.2802435862692,50.624911976411,57.1460245480369
