"","Point Forecast","Lo 75","Hi 75","Lo 85","Hi 85","Lo 95","Hi 95"
"2019.000",109.529999,108.176187628834,110.883810371166,107.835857978365,111.224140021635,107.223376703669,111.836621296331
"2019.008",109.529999,107.615420598002,111.444577401998,107.134121790631,111.925876209369,106.267942465256,112.792055534744
"2019.016",109.529999,107.185128921276,111.874869078724,106.595660675341,112.464337324659,105.534811988883,113.525186011117
"2019.024",109.529999,106.822376257668,112.237621742332,106.141716956729,112.918281043271,104.916754407337,114.143243592663
"2019.032",109.529999,106.502784745361,112.55721325464,105.741784512152,113.318213487848,104.372234746986,114.687763253014
"2019.040",109.529999,106.213851932666,112.846146067334,105.380217944676,113.679780055324,103.879951344661,115.180046655339
"2019.048",109.529999,105.948150789803,113.111847210197,105.04772317088,114.01227482912,103.427250035351,115.632747964649
