"","Point Forecast","Lo 75","Hi 75","Lo 85","Hi 85","Lo 95","Hi 95"
"2019.000",108.870003,107.512454719257,110.227551280743,107.171185660863,110.568820339137,106.557013761321,111.182992238679
"2019.008",108.870003,106.950139809797,110.789866190203,106.467512478998,111.272493521002,105.598942249038,112.141063750962
"2019.016",108.870003,106.518660404026,111.221345595974,105.927565055836,111.812440944164,104.863788121249,112.876217878751
"2019.024",108.870003,106.154906438514,111.585099561486,105.472368321727,112.267637678273,104.244024522643,113.495981477357
"2019.032",108.870003,105.834432761521,111.905573238479,105.071331948335,112.668674051665,103.698001831089,114.042004168911
"2019.040",108.870003,105.544702410987,112.195303589013,104.708767352923,113.031238647077,103.204359584689,114.535646415311
"2019.048",108.870003,105.278267856391,112.461738143609,104.37535479772,113.36465120228,102.750408689288,114.989597310712
