"","Point Forecast","Lo 75","Hi 75","Lo 85","Hi 85","Lo 95","Hi 95"
"2019.000",36.2480066378513,35.7770839740939,36.7189293016087,35.6587004614657,36.8373128142369,35.4456491313289,37.0503641443737
"2019.008",36.2623121624919,35.5816767665017,36.9429475584822,35.4105743431154,37.1140499818685,35.1026463379161,37.4219779870677
"2019.016",36.2195523523186,35.4608529974164,36.9782517072208,35.2701263631417,37.1689783414955,34.926881242072,37.5122234625652
"2019.024",36.2154786640456,35.3974323664866,37.0335249616046,35.1917867230494,37.2391706050417,34.8216922994387,37.6092650286524
"2019.031",36.1950627516066,35.3459048474489,37.0442206557642,35.1324381719058,37.2576873313073,34.7482684665586,37.6418570366546
"2019.039",36.1881683162333,35.3168780357526,37.059458596714,35.0978475837052,37.2784890487613,34.7036649132203,37.6726717192462
"2019.047",36.1771974820381,35.2928165524438,37.0615784116324,35.0704952903678,37.2838996737085,34.6703902457424,37.6840047183338
