"","Point Forecast","Lo 75","Hi 75","Lo 85","Hi 85","Lo 95","Hi 95"
"2019.000",36.1544017998626,35.6799804271928,36.6288231725324,35.5607173870273,36.7480862126979,35.3460831970179,36.9627204027074
"2019.008",36.2055163752174,35.5192087444614,36.8918240059735,35.3466803988851,37.0643523515498,35.0361862034072,37.3748465470276
"2019.016",36.1610246556116,35.3962928121032,36.92575649912,35.2040496927535,37.1179996184697,34.8580753980412,37.463973913182
"2019.024",36.1733113816837,35.3488317289325,36.997791034435,35.1415688280468,37.2050539353207,34.7685638737133,37.5780588896541
"2019.032",36.156120644143,35.3004468019663,37.0117944863197,35.0853421087822,37.2268991795037,34.6982245112037,37.6140167770823
"2019.040",36.1574781099216,35.2795958250595,37.0353603947838,35.0589082333287,37.2560479865146,34.6617432572344,37.6532129626089
"2019.048",36.1500030961303,35.259025698128,37.0409804941327,35.0350461741732,37.2649600180874,34.6319568043567,37.6680493879039
