"","Point Forecast","Lo 75","Hi 75","Lo 85","Hi 85","Lo 95","Hi 95"
"2019.000",36.3888595604566,35.9160308484381,36.861688272475,35.7971681813632,36.9805509395499,35.5832545310439,37.1944645898692
"2019.008",36.2885214950152,35.605019525697,36.9720234643335,35.4331964850079,37.1438465050226,35.1239716060171,37.4530713840134
"2019.016",36.2905055170588,35.5286241496632,37.0523868844543,35.3370976009967,37.2439134331208,34.9924128974936,37.5885981366239
"2019.024",36.2454105677778,35.4238995957925,37.0669215397632,35.217382980622,37.2734381549337,34.8457210947679,37.6451000407878
"2019.032",36.2351860697421,35.3824289660015,37.0879431734826,35.1680575009419,37.3023146385423,34.7822594724801,37.6881126670041
"2019.040",36.2121764502771,35.3371783981703,37.0871745023839,35.1172158630807,37.3071370374735,34.7213557501247,37.7029971504295
"2019.048",36.2018544237692,35.3137050501893,37.0900037973491,35.0904364528701,37.3132723946683,34.6886265168359,37.7150823307024
