"","Point Forecast","Lo 75","Hi 75","Lo 85","Hi 85","Lo 95","Hi 95"
"2019.000",53.2534356237018,52.0688283370839,54.4380429103197,51.7710342777454,54.7358369696582,51.2351030569159,55.2717681904877
"2019.008",53.1922383430184,51.4765833437215,54.9078933423152,51.0452911573265,55.3391855287103,50.2691072787683,56.1153694072684
"2019.016",53.2692082640939,51.2265918587364,55.3118246694513,50.7131060496465,55.8253104785412,49.7890007227791,56.7494158054086
"2019.024",53.2850892651281,50.8310863062921,55.7390922239641,50.2141835478878,56.3559949823683,49.1039617752336,57.4662167550226
"2019.031",53.2634051766339,50.4382409309576,56.0885694223102,49.7280333047494,56.7987770485184,48.4498935023581,58.0769168509096
"2019.039",53.2777343221967,50.1494317981093,56.406036846284,49.3630193574544,57.1924492869389,47.9477359890356,58.6077326553577
"2019.047",53.2844355581976,49.860282479535,56.7085886368603,48.999497258466,57.5693738579292,47.4503673818519,59.1185037345434
