"","Point Forecast","Lo 75","Hi 75","Lo 85","Hi 85","Lo 95","Hi 95"
"2019.000",52.5450246027212,51.3515057679551,53.7385434374874,51.0514714673755,54.038577738067,50.5115085501919,54.5785406552506
"2019.008",52.6159008858534,50.8868532832355,54.3449484884712,50.4521943796565,54.7796073920502,49.6699515190805,55.5618502526263
"2019.016",52.6613724740757,50.6031407075056,54.7196042406457,50.0857294103185,55.2370155378329,49.1545594978345,56.1681854503168
"2019.024",52.5639338196394,50.0897409108496,55.0381267284291,49.4677626753463,55.6601049639324,48.3484067156501,56.7794609236286
"2019.032",52.5700180476891,49.7203304851311,55.4197056102471,49.0039580326845,56.1360780626937,47.7147235736052,57.425312521773
"2019.040",52.5917884556118,49.4359356613826,55.7476412498409,48.6425974598666,56.5409794513569,47.2148500030718,57.9687269081518
"2019.048",52.5701278333228,49.115063021236,56.0251926454095,48.2465070134418,56.8937486532037,46.6833922802266,58.456863386419
