"","Point Forecast","Lo 75","Hi 75","Lo 85","Hi 85","Lo 95","Hi 95"
"2019.000",78.059998,77.0300624712796,79.0899335287204,76.7711507750413,79.3488452249587,76.3051950009056,79.8148009990943
"2019.008",78.059998,76.6034492069137,79.5165467930862,76.2372927746364,79.8827032253636,75.5783317993878,80.5416642006122
"2019.016",78.059998,76.276097335736,79.843898664264,75.8276491231773,80.2923468768227,75.0205900482943,81.0994059517057
"2019.024",78.059998,76.0001269425592,80.1198690574407,75.4823035500825,80.6376924499175,74.5503920018113,81.5696039981887
"2019.032",78.059998,75.756992145339,80.3630038546609,75.1780479923803,80.9419480076197,74.1361392069045,81.9838567930955
"2019.040",78.059998,75.5371814866715,80.5828145133285,74.902979942449,81.217016057551,73.7616260531132,82.3583699468868
"2019.048",78.059998,75.3350447245761,80.7849512754239,74.6500287648035,81.4699672351965,73.417225664486,82.702770335514
