"","Point Forecast","Lo 75","Hi 75","Lo 85","Hi 85","Lo 95","Hi 95"
"2019.000",77.900002,76.8779762505628,78.9220277494372,76.6210529645831,79.1789510354169,76.15867567398,79.64132832602
"2019.008",77.900002,76.4546393240514,79.3453646759486,76.0912949285294,79.7087090714706,75.4373946932252,80.3626093067748
"2019.016",77.900002,76.1298014753311,79.6702025246689,75.6847972903667,80.1152067096333,74.8839363307762,80.9160676692238
"2019.024",77.900002,75.8559505011256,79.9440534988744,75.3421039291662,80.4579000708338,74.4173493479601,81.3826546520399
"2019.031",77.900002,75.6146829495032,80.1853210504968,75.04018501705,80.75981898295,74.0062779640094,81.7937260359906
"2019.039",77.900002,75.3965604098933,80.4034435901067,74.7672294562039,81.0327745437962,73.6346410255758,82.1653629744242
"2019.047",77.900002,75.1959760334847,80.6040279665153,74.5162209127609,81.2837830872391,73.2928855899414,82.5071184100586
