"","Point Forecast","Lo 75","Hi 75","Lo 85","Hi 85","Lo 95","Hi 95"
"2019.000",59.740002,58.85517574915,60.62482825085,58.6327425394049,60.8472614605951,58.2324360258481,61.2475679741518
"2019.008",59.740002,58.4886687157042,60.9913352842958,58.1741006537605,61.3059033462395,57.6079817531822,61.8720222468177
"2019.016",59.740002,58.2074379776572,61.2725660223428,57.822172357088,61.657831642912,57.1288211370069,62.3511828629931
"2019.024",59.740002,57.9703494983001,61.5096545016999,57.5254830788099,61.9545209211901,56.7248700516963,62.7551339483037
"2019.032",59.740002,57.7614703548232,61.7185336451768,57.2640945773797,62.2159094226203,56.3689820012308,63.1110219987692
"2019.040",59.740002,57.5726291743977,61.9073748256023,57.0277813086727,62.4522226913273,56.0472346097461,63.4327693902539
"2019.048",59.740002,57.3989717867493,62.0810322132507,56.8104688304419,62.6695351695581,55.7513573473714,63.7286466526286
