"","Point Forecast","Lo 75","Hi 75","Lo 85","Hi 85","Lo 95","Hi 95"
"2019.000",59.150002,58.2637083184374,60.0362956815626,58.0409062166944,60.2590977833056,57.6399358190452,60.6600681809548
"2019.008",59.150002,57.8965934552886,60.4034105447114,57.5815037012784,60.7185002987217,57.0144459268128,61.2855580731872
"2019.016",59.150002,57.6148963131063,60.6851076868937,57.2289917528542,61.0710122471458,56.5344906517948,61.7655133482052
"2019.024",59.150002,57.3774146368748,60.9225893631252,56.9318104333887,61.3681935666113,56.1298696380904,62.1701343619096
"2019.032",59.150002,57.1681890799974,61.1318149200026,56.6699884349702,61.6300155650298,55.7733913688615,62.5266126311385
"2019.040",59.150002,56.9790347179188,61.3209692820812,56.4332832550288,61.8667207449712,55.4511103788274,62.8488936211726
"2019.048",59.150002,56.8050893300175,61.4949146699825,56.2156103772229,62.0843936227771,55.1547424219445,63.1452615780555
