"","Point Forecast","Lo 75","Hi 75","Lo 85","Hi 85","Lo 95","Hi 95"
"2019.000",157.008673423252,153.70216117252,160.315185673984,152.870949245563,161.146397600942,151.375041557639,162.642305288866
"2019.008",157.133096466328,152.672144212302,161.594048720354,151.550721868165,162.715471064492,149.532531017433,164.733661915224
"2019.016",157.313103203505,151.68910905825,162.937097348761,150.275313900031,164.35089250698,147.730948284309,166.895258122702
"2019.024",157.35746556828,150.387995642465,164.326935494094,148.635966287175,166.078964849385,145.482890522683,169.232040613877
"2019.031",157.40407516177,149.353041029094,165.455109294446,147.32912123447,167.479029089071,143.686732233146,171.121418090394
"2019.039",157.446972041391,148.355742914126,166.538201168657,146.070332333955,168.823611748828,141.957346047229,172.936598035554
"2019.047",157.458905074905,147.378309431663,167.539500718146,144.84418564983,170.073624499979,140.283597520075,174.634212629734
