"","Point Forecast","Lo 75","Hi 75","Lo 85","Hi 85","Lo 95","Hi 95"
"2019.000",156.392793707488,153.073031861929,159.712555553047,152.238489168165,160.54709824681,150.736587197063,162.049000217912
"2019.008",156.630309803851,152.151655923935,161.108963683766,151.025783633313,162.234835974388,148.999584344612,164.26103526309
"2019.016",156.70024682055,151.05485745587,162.345636185231,149.635683832302,163.764809808799,147.081638750485,166.318854890616
"2019.024",156.792725045981,149.797869783432,163.78758030853,148.03945890191,165.545991190052,144.874898492117,168.710551599845
"2019.032",156.847655412673,148.768056466119,164.927254359228,146.736955868223,166.958354957124,143.08164378619,170.613667039157
"2019.040",156.869897269403,147.747316025491,165.992478513315,145.45402395228,168.285770586526,141.326853574049,172.412940964757
"2019.048",156.895930735976,146.781392397027,167.010469074924,144.238735886033,169.553125585919,139.662791654257,174.129069817695
