"","Point Forecast","Lo 75","Hi 75","Lo 85","Hi 85","Lo 95","Hi 95"
"2019.000",28.85,28.1961989335109,29.5038010664891,28.031842293307,29.668157706693,27.7360544759423,29.9639455240577
"2019.008",28.85,27.9253856646772,29.7746143353228,27.6929502750347,30.0070497249653,27.2746431321327,30.4253568678673
"2019.016",28.85,27.7175833347982,29.9824166652018,27.4329092834037,30.2670907165963,26.9205897554681,30.7794102445319
"2019.024",28.85,27.5423978670219,30.1576021329781,27.213684586614,30.486315413386,26.6221089518845,31.0778910481155
"2019.031",28.85,27.3880563715686,30.3119436284314,27.0205437515191,30.6794562484809,26.3591420849753,31.3408579150247
"2019.039",28.85,27.2485209938143,30.4514790061857,26.8459310894765,30.8540689105235,26.1214018648014,31.5785981351986
"2019.047",28.85,27.1202049711611,30.5797950288389,26.6853581748594,31.0146418251406,25.9027771692697,31.7972228307303
