"","Point Forecast","Lo 75","Hi 75","Lo 85","Hi 85","Lo 95","Hi 95"
"2019.000",28.75,28.0910672736925,29.4089327263075,27.925420604442,29.574579395558,27.6273111596971,29.8726888403029
"2019.008",28.75,27.8181284017645,29.6818715982355,27.5838686355485,29.9161313644515,27.1622782157187,30.3377217842813
"2019.016",28.75,27.6086950392655,29.8913049607345,27.3217865920192,30.1782134079808,26.8054458875048,30.6945541124952
"2019.024",28.75,27.432134547385,30.067865452615,27.1008412088841,30.3991587911159,26.5046223193942,30.9953776806058
"2019.032",28.75,27.2765816313772,30.2234183686228,26.9061844186867,30.5938155813133,26.2395914355024,31.2604085644976
"2019.040",28.75,27.1359510457256,30.3640489542744,26.7302012284704,30.7697987715296,25.9999852013409,31.5000147986591
"2019.048",28.75,27.0066278754686,30.4933721245314,26.5683679831257,30.9316320168743,25.7796445288511,31.7203554711489
