"","Point Forecast","Lo 75","Hi 75","Lo 85","Hi 85","Lo 95","Hi 95"
"2019.000",28.870001,28.2135931647152,29.5264088352848,28.0485812185122,29.6914207814878,27.7516140661907,29.9883879338093
"2019.008",28.870001,27.9417001368923,29.7983018631077,27.7083380046184,30.0316639953815,27.2883630302261,30.4516389697739
"2019.016",28.870001,27.7330692788004,30.0069327211996,27.4472602041211,30.2927417958789,26.9328980081212,30.8071039918788
"2019.024",28.870001,27.5571853294304,30.1828166705696,27.2271614370245,30.5128405629755,26.6332271323815,31.1067748676185
"2019.032",28.870001,27.4022284593397,30.3377735406603,27.0332505305303,30.7067514694697,26.3692117908549,31.3707902091451
"2019.040",28.870001,27.2621367403874,30.4778652596126,26.8579416707265,30.8820603292735,26.1305236771715,31.6094783228285
"2019.048",28.870001,27.1333091092022,30.6066928907978,26.6967285361943,31.0432734638057,25.9110273035966,31.8289746964034
