"","Point Forecast","Lo 75","Hi 75","Lo 85","Hi 85","Lo 95","Hi 95"
"2019.000",73.150002,71.9467971171031,74.3532068828969,71.6443278765865,74.6556761234135,71.0999828695252,75.2000211304748
"2019.008",73.150002,71.4484133362937,74.8515906637063,71.0206572341544,75.2793467658456,70.2508371425583,76.0491668574417
"2019.016",73.150002,71.0659900109076,75.2340139890924,70.5420979186061,75.7579060813939,69.5992647095295,76.7007392904705
"2019.024",73.150002,70.7435922342062,75.5564117657938,70.138653753173,76.161350246827,69.0499637390504,77.2500402609496
"2019.031",73.150002,70.4595540909829,75.8404499090171,69.783212308085,76.516791691915,68.5660198690834,77.7339841309166
"2019.039",73.150002,70.2027639808774,76.0972400191226,69.4618686787246,76.8381353212754,68.1285011673927,78.1715028326073
"2019.047",73.150002,69.9666211035962,76.3333828964038,69.1663627139427,77.1336412860573,67.7261611978388,78.5738428021612
