"","Point Forecast","Lo 75","Hi 75","Lo 85","Hi 85","Lo 95","Hi 95"
"2019.000",73.150002,71.8035592880139,74.4964447119861,71.4650820176151,74.8349219823849,70.855934416918,75.444069583082
"2019.013",73.150002,71.2458444557509,75.0541595442491,70.7671653093978,75.5328386906022,69.9057005110049,76.3943034889951
"2019.025",73.150002,70.8178948133593,75.4821091866407,70.2316349838213,76.0683690161787,69.1765603901052,77.1234436098948
"2019.038",73.150002,70.4571165760279,75.8428874239721,69.7801620352302,76.5198419647698,68.5618668338359,77.7381371661641
"2019.051",73.150002,70.13926456819,76.16073943181,69.3824063827396,76.9175976172604,68.0203109392499,78.2796930607501
"2019.063",73.150002,69.851904387745,76.448099612255,69.0228077857377,77.2771962142623,67.5307069859892,78.7692970140108
"2019.076",73.150002,69.5876494294895,76.7123545705105,68.6921227475662,77.6078812524338,67.08046968439,79.21953431561
