"","Point Forecast","Lo 75","Hi 75","Lo 85","Hi 85","Lo 95","Hi 95"
"2019.000",73.230003,71.8833889286681,74.5766170713319,71.5448685808749,74.9151374191251,70.9356434550566,75.5243625449434
"2019.013",73.230003,71.32560311704,75.13440288296,70.8468630500516,75.6131429499484,69.9852886145809,76.4747173854191
"2019.025",73.230003,70.8975990102659,75.562406989734,70.3112645684923,76.1487414315077,69.2560556973275,77.2039503026725
"2019.038",73.230003,70.5367748573362,75.9232311426638,69.8597341617498,76.6002718382502,68.6412839101133,77.8187220898867
"2019.051",73.230003,70.2188823970441,76.2411236029559,69.4619278876117,76.9980781123883,68.0996590926811,78.3603469073189
"2019.063",73.230003,69.931485644785,76.528520355215,69.1022835251422,77.3577224748578,67.6099928284045,78.8500131715955
"2019.076",73.230003,69.6671970552756,76.7928089447244,68.7715564012797,77.6884495987203,67.1596982259125,79.3003077740875
