"","Point Forecast","Lo 75","Hi 75","Lo 85","Hi 85","Lo 95","Hi 95"
"2019.000",64.9849527978632,64.0695838994907,65.9003216962357,63.8394726861646,66.1304329095618,63.4253482951061,66.5445573006203
"2019.008",64.92956627299,63.7023983505551,66.1567341954248,63.3939051298564,66.4652274161235,62.8387189426171,67.0204136033628
"2019.016",64.8824078163401,63.4525456583356,66.3122699743446,63.0930978808849,66.6717177517952,62.4462102746597,67.3186053580204
"2019.024",64.842255088963,63.2662438451224,66.4182663328035,62.8700561876868,66.8144539902392,62.1570488986941,67.5274612792319
"2019.031",64.8080673391859,63.120890537898,66.4952441404738,62.6967573807302,66.9193772976416,61.9334573967744,67.6826772815974
"2019.039",64.7789584265125,63.0041591668611,66.5537576861639,62.5579989228604,66.9999179301646,61.7550574377816,67.8028594152434
"2019.047",64.7541738530161,62.9084052309402,66.599942475092,62.4444042605115,67.0639434455206,61.6093553441554,67.8989923618767
