"","Point Forecast","Lo 75","Hi 75","Lo 85","Hi 85","Lo 95","Hi 95"
"2019.000",65.5570108770327,64.6420973798761,66.4719243741893,64.4121006481832,66.7019211058823,63.9981822863568,67.1158394677087
"2019.008",65.443179173215,64.2136719567643,66.6726863896656,63.9045906695657,66.9817676768643,63.3483461563209,67.538012190109
"2019.016",65.3457466791887,63.9100684408304,66.781424917547,63.5491585803776,67.1423347779998,62.8996397063225,67.791853652055
"2019.024",65.2623508362575,63.6768748514525,66.8478268210625,63.2783078876727,67.2463937848423,62.561018630945,67.96368304157
"2019.032",65.1909694486854,63.4907339014949,66.891204995876,63.0633179543289,67.3186209430419,62.2941100296461,68.0878288677247
"2019.040",65.1298716491713,63.3385825364814,66.9211607618613,62.8882769691066,67.371466329236,62.0778752673213,68.1818680310214
"2019.048",65.0775759285019,63.2120977075162,66.9430541494876,62.7431420136669,67.412009843337,61.8991762271166,68.2559756298872
