"","Point Forecast","Lo 75","Hi 75","Lo 85","Hi 85","Lo 95","Hi 95"
"2019.000",81.120003,78.8888605224163,83.3511454775837,78.3279818389337,83.9120241610663,77.3185849481972,84.9214210518028
"2019.008",81.120003,77.9646910486144,84.2753149513856,77.1714888075874,85.0685171924126,75.7439860348906,86.4960199651094
"2019.016",81.120003,77.2555508698999,84.9844551301,76.2840804932257,85.9559255067743,74.5357537934681,87.7042522065319
"2019.024",81.120003,76.6577180448326,85.5822879551674,75.5359606778674,86.7040453221326,73.5171668963945,88.7228391036055
"2019.031",81.120003,76.1310167526356,86.1089892473644,74.8768538892379,87.3631521107621,72.6197738252742,89.6202321747258
"2019.039",81.120003,75.6548423864709,86.5851636135291,74.2809758043345,87.9590301956655,71.8084684740783,90.4315375259217
"2019.047",81.120003,75.2169548647611,87.0230511352389,73.7330093525888,88.5069966474112,71.0623962055382,91.1776097944618
