"","Point Forecast","Lo 75","Hi 75","Lo 85","Hi 85","Lo 95","Hi 95"
"2019.000",80.239998,78.0017793991711,82.4782166008289,77.4391218751484,83.0408741248516,76.4265236573456,84.0534723426544
"2019.008",80.239998,77.0746788991521,83.4053171008479,76.2789609977078,84.2010350022922,74.8469308648564,85.6330651351436
"2019.016",80.239998,76.3632896649186,84.1167063350814,75.3887382460504,85.0912577539496,73.6348666851623,86.8451293148377
"2019.024",80.239998,75.7635607983422,84.7164352016578,74.6382457502967,85.8417502497033,72.6130493146913,87.8669466853087
"2019.032",80.239998,75.2351890600421,85.2448069399579,73.9770485882756,86.5029474117244,71.7128101393735,88.7671858606265
"2019.040",80.239998,74.7575044951631,85.7224915048369,73.3792806613696,87.1007153386304,70.8989317133013,89.5810642866987
"2019.048",80.239998,74.3182282024078,86.1617677975922,72.8295763205443,87.6504196794557,70.150493258211,90.329502741789
