"","Point Forecast","Lo 75","Hi 75","Lo 85","Hi 85","Lo 95","Hi 95"
"2019.000",134.613952724763,132.057386489411,137.170518960114,131.414700726971,137.813204722555,130.258078039333,138.969827410192
"2019.008",134.613952724763,131.272806195152,137.955099254374,130.432887684488,138.795017765037,128.921311013626,140.306594435899
"2019.016",134.613952724763,130.640227853949,138.587677595576,129.641287805764,139.586617643761,127.843524745117,141.384380704409
"2019.024",134.613952724763,130.095355756066,139.13254969346,128.959442319584,140.268463129941,126.915172275641,142.312733173884
"2019.031",134.613952724763,129.609459965041,139.618445484485,128.351398976658,140.876506472867,126.087303571667,143.140601877858
"2019.039",134.613952724763,129.16673536186,140.061170087665,127.797379467361,141.430525982165,125.332989889141,143.894915560384
"2019.047",134.613952724763,128.757383232705,140.47052221682,127.285121815323,141.942783634202,124.635536190443,144.592369259082
