"","Point Forecast","Lo 75","Hi 75","Lo 85","Hi 85","Lo 95","Hi 95"
"2019.000",135.802994393002,133.240286569345,138.365702216659,132.596056895657,139.009931890346,131.436655676302,140.169333109702
"2019.008",135.802994393002,132.451525798258,139.154462987746,131.609012461687,139.996976324317,130.092765958864,141.513222827139
"2019.016",135.802994393002,131.815863583299,139.790125202704,130.813553465552,140.792435320452,129.009725389708,142.596263396296
"2019.024",135.802994393002,131.268451147448,140.337537638556,130.128529035205,141.477459750799,128.07704469525,143.528944090754
"2019.032",135.802994393002,130.780350388304,140.825638397699,129.517726425353,142.088262360651,127.245419169068,144.360569616935
"2019.040",135.802994393002,130.335652886379,141.270335899625,128.961238057566,142.644750728438,126.487744063872,145.118244722132
"2019.048",135.802994393002,129.924500240401,141.681488545603,128.446727263418,143.159261522586,125.787222646629,145.818766139375
