"","Point Forecast","Lo 75","Hi 75","Lo 85","Hi 85","Lo 95","Hi 95"
"2019.000",136.351745134603,133.159606442242,139.543883826964,132.357146462544,140.346343806662,130.912982809509,141.790507459697
"2019.013",135.646204844923,131.482111237742,139.810298452104,130.435315094618,140.857094595228,128.551426825691,142.740982864155
"2019.025",134.940664555243,129.91608049959,139.965248610896,128.65296883438,141.228360276106,126.379783874667,143.501545235819
"2019.038",134.235124265563,128.408623839729,140.061624691397,126.94392137407,141.526327157055,124.307939372562,144.162309158564
"2019.051",133.529583975883,126.935441719208,140.123726232557,125.277764603211,141.781403348554,122.294491792158,144.764676159608
"2019.063",132.824043686203,125.483177981704,140.164909390701,123.637784810569,142.010302561836,120.316684929283,145.331402443122
"2019.076",132.118503396523,124.043669127322,140.193337665723,122.013766304104,142.223240488941,118.360609821973,145.876396971072
