"","Point Forecast","Lo 75","Hi 75","Lo 85","Hi 85","Lo 95","Hi 95"
"2019.000",80.6850319059141,79.7017854604661,81.668278351362,79.4546107607763,81.9154530510518,79.0097777145526,82.3602860972756
"2019.008",80.6603885801535,79.1137567415889,82.2070204187181,78.7249546645535,82.5958224957535,78.0252389876542,83.2955381726528
"2019.016",80.5635647153107,78.6239960858873,82.5031333447342,78.1364150773569,82.9907143532646,77.2589298590976,83.8681995715238
"2019.024",80.5703032301522,78.3837459335955,82.7568605267088,77.834075354431,83.3065311058733,76.8448493597954,84.2957571005089
"2019.032",80.6437830291083,78.2362465347147,83.0513195235019,77.6310248095319,83.6565412486846,76.5418250492336,84.7457410089829
"2019.040",80.6476470806228,77.9889245344115,83.3063696268341,77.3205580735302,83.9747360877154,76.1177185872849,85.1775755739606
"2019.048",80.5929731192351,77.6985080554406,83.4874381830296,76.9708791520074,84.2150670864628,75.661386788748,85.5245594497222
