"","Point Forecast","Lo 75","Hi 75","Lo 85","Hi 85","Lo 95","Hi 95"
"2019.000",81.5948904062563,80.6128192842037,82.5769615283089,80.3659400447301,82.8238407677825,79.9216387295781,83.2681420829345
"2019.008",81.2902187706517,79.7839628234958,82.7964747178075,79.4053106929768,83.1751268483266,78.7238615766662,83.8565759646372
"2019.016",81.0199511087405,79.2046810112109,82.8352212062701,78.7483469524508,83.2915552650301,77.9270959518076,84.1128062656734
"2019.024",80.7802024727049,78.7546440177105,82.8057609276994,78.245446343887,83.3149586015229,77.3290582480937,84.2313466973162
"2019.031",80.567526608806,78.3907265846827,82.7443266329293,77.84350885027,83.291544367342,76.8586971682815,84.2763560493305
"2019.039",80.3788664193964,78.0900687737173,82.6676640650754,77.5146963700433,83.2430364687494,76.4792155568343,84.2785172819584
"2019.047",80.2115100188366,77.8382936195342,82.5847264181389,77.2416994965531,83.18132054112,76.1680265784995,84.2549934591736
