"","Point Forecast","Lo 75","Hi 75","Lo 85","Hi 85","Lo 95","Hi 95"
"2019.000",81.4285777956494,80.4432357783451,82.4139198129538,80.1955342805706,82.6616213107283,79.7497531713085,83.1074024199904
"2019.008",81.1313173824314,79.6231470683709,82.6394876964919,79.244013692212,83.0186210726508,78.5616984922601,83.7009362726027
"2019.016",80.8683933023762,79.0533239589569,82.6834626457956,78.5970403670326,83.1397462377198,77.7758801900713,83.9609064146812
"2019.024",80.6358393907251,78.6128791696787,82.6587996117715,78.1043346563104,83.1673441251398,77.1891220342016,84.0825567472487
"2019.032",80.4301476115132,78.2583793276959,82.6019158953304,77.7124265039319,83.1478687190945,76.7298912444807,84.1304039785456
"2019.040",80.2482151394468,77.9667876479697,82.5296426309239,77.3932680001943,83.1031622786994,76.3611215373509,84.1353087415428
"2019.048",80.0872975543154,77.7236252689383,82.4509698396925,77.1294304055774,83.0451647030534,76.0600753645835,84.1145197440473
