"","Point Forecast","Lo 75","Hi 75","Lo 85","Hi 85","Lo 95","Hi 95"
"2019.000",102.399921057772,100.673922581915,104.125919533629,100.240030187073,104.559811928471,99.4591667897557,105.340675325789
"2019.008",102.668627137486,100.421991543159,104.915262731812,99.8572181021664,105.480036172805,98.8408119307476,106.496442344224
"2019.016",102.849170161844,100.280746741087,105.417593582602,99.6350802445118,106.063260079177,98.4730932172129,107.225247106476
"2019.024",102.970476623088,100.170545742307,105.770407503869,99.4666814386902,106.474271807486,98.1999575276301,107.740995718546
"2019.031",103.051982167773,100.069469394374,106.034494941171,99.3197065017665,106.784257833779,97.9703802483797,108.133584087166
"2019.039",103.106745564102,99.9708182260453,106.242672902159,99.1824890115116,107.031002116692,97.7637560814488,108.449735046755
"2019.047",103.143540969729,99.8727800765069,106.414301862951,99.0505555515347,107.236526387923,97.5708222269574,108.7162597125
