"","Point Forecast","Lo 75","Hi 75","Lo 85","Hi 85","Lo 95","Hi 95"
"2019.000",29.040001,28.6064417842274,29.4735602157726,28.497450931067,29.582551068933,28.301303294263,29.778698705737
"2019.008",29.040001,28.4268556769626,29.6531463230374,28.2727193342485,29.8072826657515,27.9953246860529,30.0846773139471
"2019.016",29.040001,28.2890544101922,29.7909475898078,28.100276714958,29.979725285042,27.760539042229,30.319462957771
"2019.024",29.040001,28.1728825684548,29.9071194315452,27.954900862134,30.125101137866,27.5626055885261,30.5173964114739
"2019.031",29.040001,28.070533121261,30.009468878739,27.8268221646686,30.2531798353314,27.388222715149,30.691779284851
"2019.039",29.040001,27.9780021480759,30.1019998519241,27.7110301712023,30.3689718287977,27.2305685467798,30.8494334532202
"2019.047",29.040001,27.8929111364455,30.1870908635545,27.6045484438023,30.4754535561977,27.085590576566,30.994411423434
