"","Point Forecast","Lo 75","Hi 75","Lo 85","Hi 85","Lo 95","Hi 95"
"2019.000",73.940002,72.0297742599077,75.8502297400923,71.5495691493962,76.3304348506038,70.685358118133,77.194645881867
"2019.013",73.940002,71.2385320227401,76.6414719772599,70.5594194427339,77.3205845572661,69.337240481569,78.542763518431
"2019.025",73.940002,70.6313905001326,77.2486134998674,69.7996508506725,78.0803531493275,68.3027934360631,79.5772105639369
"2019.038",73.940002,70.1195465198154,77.7604574801847,69.1591362987924,78.7208677012076,67.430714236266,80.4492897637341
"2019.051",73.940002,69.6686029206478,78.2114010793522,68.5948316504013,79.2851723495987,66.6623970375915,81.2176069624085
"2019.063",73.940002,69.260918744264,78.6190852557361,68.084661251634,79.795342748366,65.9677851949547,81.9122188050453
"2019.076",73.940002,68.8860144522188,78.9939895477812,67.6155111515031,80.2644928484969,65.329023682502,82.550980317498
