"","Point Forecast","Lo 75","Hi 75","Lo 85","Hi 85","Lo 95","Hi 95"
"2019.000",73.739998,71.8179941089638,75.6620018910362,71.3348286352732,76.1451673647268,70.4652899253579,77.0147060746421
"2019.013",73.739998,71.0218740303627,76.4581219696373,70.3385748645991,77.1414211354009,69.1088614280285,78.3711345719715
"2019.025",73.739998,70.4109896083802,77.0690063916198,69.5741224594851,77.9058735405149,68.0680372347638,79.4119587652362
"2019.038",73.739998,69.8959902179276,77.5840057820724,68.9296592705464,78.5503367294536,67.1905818507158,80.2894141492842
"2019.051",73.739998,69.4422666466239,78.0377293533761,68.3618758030709,79.1181201969291,66.4175281386328,81.0624678613672
"2019.063",73.739998,69.0320691833174,78.4479268166826,67.8485603114454,79.6314356885546,65.718634160555,81.761361839445
"2019.076",73.739998,68.6548536854197,78.8251423145803,67.3765179999417,80.1034780000583,65.0759348181619,82.4040611818381
