"","Point Forecast","Lo 75","Hi 75","Lo 85","Hi 85","Lo 95","Hi 95"
"2019.000",72.910004,70.9362049814092,74.8838030185908,70.4400189215187,75.3799890784813,69.5470474451018,76.2729605548982
"2019.013",72.910004,70.1186306585101,75.7013773414899,69.4169176031526,76.4030903968474,68.1540652303915,77.6659427696085
"2019.025",72.910004,69.4912838158711,76.3287241841289,68.6318643501334,77.1881436498666,67.0851923832696,78.7348156167304
"2019.038",72.910004,68.9624059628183,76.8576020371817,67.9700338430374,77.8499741569626,66.1840908902037,79.6359171097963
"2019.051",72.910004,68.4964552205085,77.3235527794915,67.3869494611057,78.4330585388943,65.3902045378692,80.4298034621308
"2019.063",72.910004,68.0752035496463,77.7448044503537,66.8598008854326,78.9602071145674,64.6724764133515,81.1475315866485
"2019.076",72.910004,67.6878226587853,78.1321853412147,66.3750377402982,79.4449702597018,64.012457285825,81.8075507141751
