"","Point Forecast","Lo 75","Hi 75","Lo 85","Hi 85","Lo 95","Hi 95"
"2019.000",94.4758140653364,92.3882837537511,96.5633443769217,91.8635072033266,97.0881209273463,90.9190822609471,98.0325458697257
"2019.008",94.2105159508467,91.275843678889,97.1451882228044,90.5381072335988,97.8829246680947,89.2104246241705,99.210607277523
"2019.016",94.4280212915901,91.0125919134251,97.843450669755,90.1539997112688,98.7020428719113,88.6088165463715,100.247226036809
"2019.024",94.2732998984265,90.2960764208967,98.2505233759563,89.2962568708656,99.2503429259874,87.4969109965804,101.049688800273
"2019.032",94.3786989776777,90.0028287574354,98.7545691979201,88.9027948721596,99.8546030831959,86.9230962025513,101.834301752804
"2019.040",94.3079602111701,89.5085031770315,99.1074172453086,88.3019853639449,100.313935058395,86.1306506974428,102.485269724897
"2019.048",94.3551844461726,89.2033174636771,99.5070514286681,87.9082086126507,100.802160279695,85.5774392575484,103.132929634797
