"","Point Forecast","Lo 75","Hi 75","Lo 85","Hi 85","Lo 95","Hi 95"
"2019.000",93.7450718653894,91.6655474907411,95.8245962400376,91.1427835232934,96.3473602074853,90.2019805673773,97.2881631634014
"2019.008",94.0237192236659,91.1011969993081,96.9462414480238,90.3665149096991,97.6809235376328,89.044329134468,99.0031093128639
"2019.016",93.8080373727654,90.4048276966454,97.2112470488855,89.5493073603445,98.0667673851863,88.0096525421905,99.6064222033404
"2019.024",93.9606958884126,89.9973493097977,97.9240424670274,89.0010182222348,98.9203735545903,87.2079504313793,100.713441345446
"2019.031",93.8556053624776,89.4952405882265,98.2159701367287,88.3991045598656,99.3121061650896,86.4264207488467,101.284789976109
"2019.039",93.9272790886709,89.1437543774515,98.7108037998904,87.9412417322972,99.9133164450447,85.7771150488703,102.077443128472
"2019.047",93.8785525637359,88.7443977001189,99.0127074273529,87.4537414333708,100.303363694101,85.1309852633986,102.626119864073
