"","Point Forecast","Lo 75","Hi 75","Lo 85","Hi 85","Lo 95","Hi 95"
"2019.000",230.012000207364,227.386919987777,232.637080426951,226.727010747381,233.296989667348,225.53939147241,234.484608942318
"2019.008",230.583998414728,226.810168109963,234.357828719494,225.861478819929,235.306518009527,224.154150572599,237.013846256858
"2019.016",231.155996622093,226.458435877729,235.853557366456,225.277533397341,237.034459846845,223.15229789264,239.159695351545
"2019.024",231.727994829457,226.216033163223,237.239956495691,224.830401436955,238.625588221959,222.336720722409,241.119268936505
"2019.031",232.299993036821,226.038958100359,238.561027973283,224.465019605761,240.134966467881,221.632448731802,242.96753734184
"2019.039",232.871991244185,225.905039395566,239.838943092805,224.15364305042,241.590339437951,221.001706495689,244.742275992681
"2019.047",233.443989451549,225.801337419468,241.086641483631,223.880079295822,243.007899607277,220.42244748805,246.465531415049
