"","Point Forecast","Lo 75","Hi 75","Lo 85","Hi 85","Lo 95","Hi 95"
"2019.000",226.860001,224.255146262548,229.464855737452,223.600321431555,230.119680568445,222.421852418831,231.298149581169
"2019.008",226.860001,223.176180102284,230.543821897716,222.250117945315,231.469884054685,220.583511084684,233.136490915316
"2019.016",226.860001,222.348260248397,231.371741751603,221.214070371059,232.505931628941,219.172902165876,234.547099834124
"2019.024",226.860001,221.650291525096,232.069710474904,220.34064186311,233.37936013689,217.983703837663,235.736298162337
"2019.032",226.860001,221.035368735545,232.684633264455,219.57113590009,234.14886609991,216.935999078263,236.784002921737
"2019.040",226.860001,220.479436039172,233.240565960828,218.875449332334,234.844552667666,215.98880157348,237.73120042652
"2019.048",226.860001,219.968203163254,233.751798836746,218.235699508136,235.484302491864,215.117763572674,238.602238427326
