"","Point Forecast","Lo 75","Hi 75","Lo 85","Hi 85","Lo 95","Hi 95"
"2019.000",110.921840218558,109.343136838602,112.500543598514,108.946272414992,112.897408022125,108.232047169794,113.611633267323
"2019.008",110.707068656692,108.592573362754,112.82156395063,108.061018184808,113.353119128576,107.104393945602,114.309743367782
"2019.016",110.257557873685,107.71838627122,112.796729476151,107.080073281423,113.435042465947,105.931320144263,114.583795603108
"2019.024",110.36072233972,107.301251777297,113.420192902144,106.532142749771,114.189301929669,105.147999825669,115.573444853771
"2019.031",110.423176942877,106.735791360769,114.110562524986,105.80883309093,115.037520794825,104.140613522291,116.705740363464
"2019.039",110.273331499814,106.092395543686,114.454267455942,105.041365464541,115.505297535087,103.14985750533,117.396805494298
"2019.047",110.189710882847,105.540908648436,114.838513117258,104.372263390141,116.007158375552,102.269086847984,118.110334917709
