"","Point Forecast","Lo 75","Hi 75","Lo 85","Hi 85","Lo 95","Hi 95"
"2019.000",112.320536526443,110.7395837468,113.901489306086,110.342153854894,114.298919197992,109.626910953014,115.014162099871
"2019.008",112.486895515872,110.368442762213,114.605348269531,109.835892733056,115.137898298688,108.877478089348,116.096312942396
"2019.016",112.851967960077,110.300805257287,115.403130662867,109.65947786898,116.044458051174,108.505299807367,117.198636112787
"2019.024",112.965553908209,109.8871059936,116.044001822818,109.113226319458,116.81788149696,107.720497802781,118.210610013637
"2019.032",112.98621303757,109.271718523681,116.70070755146,108.337945439405,117.634480635736,106.65746144941,119.314964625731
"2019.040",113.09747854027,108.880904297917,117.314052782623,107.82091524136,118.37404183918,105.913284073673,120.281673006868
"2019.048",113.204257966757,108.509856626448,117.898659307067,107.329748376999,119.078767556515,105.20594222639,121.202573707124
