"","Point Forecast","Lo 75","Hi 75","Lo 85","Hi 85","Lo 95","Hi 95"
"2019.000",33.3507777019202,32.7584519271817,33.9431034766587,32.6095493339739,34.0920060698664,32.3415737110224,34.359981692818
"2019.008",33.2886093446787,32.3748443360873,34.2023743532701,32.1451363187014,34.432082370656,31.7317375475325,34.8454811418249
"2019.016",33.3173638394304,32.2064345550976,34.4282931237632,31.9271621371776,34.7075655416832,31.4245637703319,35.2101639085289
"2019.024",33.3202341783582,31.9877179056758,34.6527504510406,31.6527415515208,34.9877268051955,31.0498944469477,35.5905739097686
"2019.032",33.3031609075216,31.7563710372662,34.849950777777,31.3675292332265,35.2387925818167,30.6677420608047,35.9385797542385
"2019.040",33.3060680167395,31.580109788138,35.0320262453411,31.1462275109055,35.4659085225735,30.3653823219518,36.2467537115272
"2019.048",33.3095679363263,31.416295962045,35.2028399106076,30.940353299002,35.6787825736506,30.0838132692377,36.5353226034149
