"","Point Forecast","Lo 75","Hi 75","Lo 85","Hi 85","Lo 95","Hi 95"
"2019.000",33.6760036659396,33.0879856067956,34.2640217250835,32.940165914333,34.4118414175461,32.6741391560421,34.677868175837
"2019.008",33.7026130156011,32.794947556118,34.6102784750841,32.5667728818996,34.8384531493025,32.1561336233869,35.2490924078152
"2019.016",33.7231037088081,32.6193162861203,34.8268911314958,32.3418392344744,35.1043681831417,31.8424719355731,35.6037354820431
"2019.024",33.7286269695015,32.4055808925646,35.0516730464384,32.0729852160111,35.384268722992,31.4744225469844,35.9828313920186
"2019.031",33.7324973345787,32.1974628320332,35.2675318371242,31.811576166552,35.6534185026054,31.1171072701861,36.3478873989713
"2019.039",33.7368326810325,32.0242878795968,35.4493774824682,31.5937775543779,35.879887807687,30.8190007684112,36.6546645936537
"2019.047",33.7382500195255,31.8601594977898,35.6163405412613,31.3880332441436,36.0884667949074,30.5383614942629,36.9381385447881
