"","Point Forecast","Lo 75","Hi 75","Lo 85","Hi 85","Lo 95","Hi 95"
"2019.000",157.318833586095,154.730658798101,159.907008374088,154.08002707812,160.557640094069,152.909104284111,161.728562888078
"2019.008",157.600174495786,153.784061277636,161.416287713936,152.824742641861,162.375606349712,151.098285073238,164.102063918334
"2019.016",157.398068094794,152.972224854547,161.82391133504,151.859628435972,162.936507753615,149.857321344212,164.938814845375
"2019.024",157.342621503544,152.207657646649,162.477585360438,150.916798010063,163.768444997025,148.593675841367,166.091567165721
"2019.031",157.433064209733,151.585064472891,163.281063946575,150.114957374684,164.751171044782,147.469248814741,167.396879604725
"2019.039",157.417327609169,151.003501577968,163.831153640371,149.391153493249,165.44350172509,146.489458008238,168.345197210101
"2019.047",157.385922889211,150.449778485633,164.322067292789,148.70612671054,166.065719067882,145.568127831037,169.203717947385
