"","Point Forecast","Lo 75","Hi 75","Lo 85","Hi 85","Lo 95","Hi 95"
"2019.000",158.260825843201,155.653381625725,160.868270060677,154.997905834893,161.523745851509,153.81826530887,162.703386377532
"2019.008",158.146782754459,154.30143352423,161.992131984689,153.334765355141,162.958800153778,151.595081047309,164.69848446161
"2019.016",158.374787782385,153.91185176767,162.837723797101,152.789930733244,163.959644831526,150.770842404251,165.978733160519
"2019.024",158.439039091418,153.256503308367,163.621574874469,151.953684740613,164.924393442222,149.609040434792,167.269037748043
"2019.032",158.373418287295,152.468879747563,164.277956827028,150.984559568098,165.762277006492,148.313272143328,168.433564431262
"2019.040",158.394301305176,151.91683099151,164.871771618842,150.288483605214,166.500119005138,147.357994647139,169.430607963213
"2019.048",158.422098219779,151.415100068869,165.429096370688,149.653636631401,167.190559808157,146.48358262634,170.360613813217
