"","Point Forecast","Lo 75","Hi 75","Lo 85","Hi 85","Lo 95","Hi 95"
"2019.000",83.269997,81.6221963182773,84.9177976817227,81.2079617786672,85.3320322213328,80.462476045956,86.077517954044
"2019.008",83.269997,80.9396549278201,85.6003390721799,80.3538388239001,86.1861551760999,79.2995627901444,87.2404312098556
"2019.016",83.269997,80.4159224985096,86.1240715014904,79.698447229655,86.841546770345,78.4072280642816,88.1327659357184
"2019.024",83.269997,79.9743956365545,86.5655983634455,79.1459265573343,87.3940674426657,77.6549550919121,88.8850389080879
"2019.031",83.269997,79.5854026622975,86.9545913377026,78.659146073101,87.8808479268991,76.9921892985027,89.5478047014974
"2019.039",83.269997,79.233726131969,87.306267868031,78.2190628760876,88.3209311239124,76.3930032204205,90.1469907795795
"2019.047",83.269997,78.9103261859589,87.6296678140411,77.8143646096973,88.7256293903027,75.8419947549969,90.6979992450031
