"","Point Forecast","Lo 75","Hi 75","Lo 85","Hi 85","Lo 95","Hi 95"
"2019.000",83.889999,82.2368506056941,85.5431473943059,81.8212717243293,85.9587262756707,81.0733666192526,86.7066313807474
"2019.008",83.889999,81.5520941201573,86.2279038798427,80.9643768298953,86.8156211701047,79.9066792869278,87.8733187130723
"2019.016",83.889999,81.0266619886112,86.7533360113888,80.3068582515348,87.4731397484652,79.0114486103017,88.7685493896983
"2019.024",83.889999,80.5837022113882,87.1962957886118,79.7525444486586,88.0274535513414,78.2567342385051,89.5232637614949
"2019.032",83.889999,80.1934468134373,87.5865511865627,79.2641841846924,88.5158138153077,77.5918175290217,90.1881804709784
"2019.040",83.889999,79.8406289648492,87.9393690351508,78.8226727576288,88.9573252423712,76.9906868741682,90.7893111258318
"2019.048",83.889999,79.5161794683808,88.2638185316192,78.4166610981592,89.3633369018409,76.4378901858505,91.3421078141495
