"","Point Forecast","Lo 75","Hi 75","Lo 85","Hi 85","Lo 95","Hi 95"
"2019.000",55.330002,54.0100573040661,56.6499466959339,53.6782412722512,56.9817627277488,53.0810817069586,57.5789222930414
"2019.008",55.330002,53.4633183094278,57.1966856905722,52.9940595770225,57.6659444229775,52.1495484208848,58.5104555791152
"2019.016",55.330002,53.0437907234614,57.6162132765386,52.4690684975922,58.1909355024078,51.4347577902796,59.2252462097204
"2019.024",55.330002,52.6901126081321,57.9698913918679,52.0264805445025,58.6335234554975,50.8321614139172,59.8278425860828
"2019.031",55.330002,52.3785159333514,58.2814880666486,51.6365527301893,59.0234512698107,50.3012633487807,60.3587406512193
"2019.039",55.330002,52.0968110062688,58.5631929937312,51.2840310398474,59.3759729601526,49.8212948098582,60.8387091901418
"2019.047",55.330002,51.8377565902,58.8222474098,50.9598538889937,59.7001501110063,49.379918186206,61.280085813794
