"","Point Forecast","Lo 75","Hi 75","Lo 85","Hi 85","Lo 95","Hi 95"
"2019.000",56.18,54.8576750123543,57.5023249876457,54.5252606077797,57.8347393922202,53.9270241686088,58.4329758313912
"2019.008",56.18,54.3099500686066,58.0500499313934,53.8398451093291,58.5201548906709,52.9938110235477,59.3661889764523
"2019.016",56.18,53.8896659372797,58.4703340627203,53.3139072993889,59.0460927006111,52.2777313918057,60.0822686081943
"2019.024",56.18,53.5353500247085,58.8246499752915,52.8705212155595,59.4894787844405,51.6740483372176,60.6859516627824
"2019.032",56.18,53.2231914392776,59.1368085607224,52.4798902339488,59.8801097660512,51.1421928893451,61.2178071106549
"2019.040",56.18,52.9409785061359,59.4190214938641,52.1267328317772,60.2332671682228,50.6613588102688,61.6986411897312
"2019.048",56.18,52.6814569302828,59.6785430697172,51.801971083563,60.558028916437,50.2191862402998,62.1408137597002
