"","Point Forecast","Lo 75","Hi 75","Lo 85","Hi 85","Lo 95","Hi 95"
"2019.000",12.07,11.710801601212,12.429198398788,11.6205040397405,12.5194959602595,11.4579981708697,12.6820018291303
"2019.008",12.07,11.5620167528513,12.5779832471487,11.4343167167691,12.7056832832309,11.2044987130468,12.9355012869532
"2019.017",12.07,11.4478501233018,12.6921498766982,11.2914501590335,12.8485498409665,11.0099817376213,13.1300182623787
"2019.025",12.07,11.351603202424,12.788396797576,11.171008079481,12.968991920519,10.8459963417395,13.2940036582605
"2019.034",12.07,11.2668079629009,12.8731920370991,11.0648964772482,13.0751035227518,10.7015223077105,13.4384776922895
"2019.042",12.07,11.1901472065446,12.9498527934554,10.9689642559218,13.1710357440782,10.5709077969809,13.5690922030191
"2019.050",12.07,11.1196503654743,13.0203496345257,10.8807454738251,13.2592545261749,10.4507953582047,13.6892046417953
