"","Point Forecast","Lo 75","Hi 75","Lo 85","Hi 85","Lo 95","Hi 95"
"2019.000",11.91,11.5496713844446,12.2703286155554,11.459089701946,12.360910298054,11.2960725088087,12.5239274911913
"2019.008",11.91,11.4004183849705,12.4195816150295,11.2723165410783,12.5476834589217,11.0417754156436,12.7782245843564
"2019.017",11.91,11.2858925304372,12.5341074695628,11.1290004541144,12.6909995458856,10.8466463930934,12.9733536069066
"2019.025",11.91,11.1893427688893,12.6306572311107,11.0081794038919,12.8118205961081,10.6821450176175,13.1378549823825
"2019.034",11.91,11.1042807213798,12.7157192786202,10.9017339217965,12.9182660782035,10.5372163964404,13.2827836035596
"2019.042",11.91,11.0273787521659,12.7926212478341,10.8054998500014,13.0145001499986,10.4061909075144,13.4138090924856
"2019.051",11.91,10.9566600929803,12.8633399070197,10.717003487751,13.102996512249,10.2857005352821,13.5342994647179
