"","Point Forecast","Lo 75","Hi 75","Lo 85","Hi 85","Lo 95","Hi 95"
"2019.000",71.940002,70.1594658474899,73.7205381525101,69.7118634271395,74.1681405728605,68.9063264996484,74.9736775003516
"2019.008",71.940002,69.4219436248246,74.4580603751754,68.788938211414,75.091065788586,67.6497369635638,76.2302670364362
"2019.016",71.940002,68.8560229191393,75.0239810808607,68.0807527855016,75.7992512144984,66.6855218997141,77.1944821002859
"2019.024",71.940002,68.3789296949798,75.5010743050202,67.483724854279,76.396279145721,65.8726509992969,78.0073530007031
"2019.031",71.940002,67.9586021265915,75.9214018734085,66.9577326877946,76.9222713122055,65.1564973595382,78.7235066404618
"2019.039",71.940002,67.5785969577719,76.3014070422281,66.4821994202787,77.3978045797214,64.5090449789562,79.3709590210438
"2019.047",71.940002,67.2291461400985,76.6508578599015,66.0449014496208,77.8351025503793,63.9136510676003,79.9663529323997
