"","Point Forecast","Lo 75","Hi 75","Lo 85","Hi 85","Lo 95","Hi 95"
"2019.000",72.809998,71.024596457642,74.595399542358,70.5757709448715,75.0442250551285,69.7680328538805,75.8519631461195
"2019.008",72.809998,70.2850589245155,75.3349370754845,69.6503237972163,75.9696722027837,68.5080096340916,77.1119863659084
"2019.016",72.809998,69.7175918167241,75.9024041832759,68.9402032248724,76.6797927751276,67.5411598120674,78.0788361879326
"2019.024",72.809998,69.239194915284,76.380801084716,68.341543889743,77.278452110257,66.726067707761,78.893928292239
"2019.032",72.809998,68.8177187841545,76.8022772158455,67.8141144275635,77.8058815724365,66.0079571480918,79.6120388519082
"2019.040",72.809998,68.4366752352448,77.1833207647552,67.337281745414,78.282714254586,65.3587355766764,80.2612604233236
"2019.048",72.809998,68.0862695285296,77.5337264714704,66.8987888396777,78.7212071603223,64.7617147264416,80.8582812735584
