"","Point Forecast","Lo 75","Hi 75","Lo 85","Hi 85","Lo 95","Hi 95"
"2019.000",15.5713137587685,15.074998416931,16.0676291006059,14.9502315325573,16.1923959849797,14.7256922358029,16.4169352817341
"2019.008",15.4980484149502,14.7610189599314,16.2350778699691,14.5757398419135,16.4203569879869,14.2422984558292,16.7537983740713
"2019.016",15.5533204681054,14.6654803012144,16.4411606349963,14.4422894342251,16.6643515019857,14.0406193871821,17.0660215490287
"2019.024",15.5155309721378,14.4738936414551,16.5571683028205,14.2120402723541,16.8190216719215,13.7407904559798,17.2902714882958
"2019.032",15.5367423237201,14.3828660475939,16.6906185998463,14.0927973437089,16.9806873037313,13.5707692181551,17.5027154292851
"2019.040",15.5308764145699,14.2559312314541,16.8058215976858,13.9354274612991,17.1263253678408,13.3586262410156,17.7031265881242
"2019.048",15.5228910699792,14.1534815290578,16.8923006109006,13.8092307121882,17.2365514277702,13.189692629507,17.8560895104514
