"","Point Forecast","Lo 75","Hi 75","Lo 85","Hi 85","Lo 95","Hi 95"
"2019.000",15.38,14.8724479838705,15.8875520161295,14.7448563533647,16.0151436466354,14.5152334439738,16.2447665560262
"2019.008",15.38,14.6622130551798,16.0977869448202,14.4817712408732,16.2782287591268,14.1570354081811,16.6029645918189
"2019.016",15.38,14.5008941205796,16.2591058794204,14.279898933923,16.480101066077,13.8821803882763,16.8778196117237
"2019.024",15.38,14.3648959677409,16.3951040322591,14.1097127067293,16.6502872932707,13.6504668879477,17.1095331120523
"2019.031",15.38,14.2450791898173,16.5149208101827,13.9597756306463,16.8002243693537,13.4463231960571,17.3136768039429
"2019.039",15.38,14.1367565425618,16.6232434574382,13.8242221523728,16.9357778476272,13.261763191112,17.498236808888
"2019.047",15.38,14.0371435878918,16.7228564121082,13.6995678642002,17.0604321357998,13.092042750629,17.667957249371
