"","Point Forecast","Lo 75","Hi 75","Lo 85","Hi 85","Lo 95","Hi 95"
"2019.000",17.9965794234576,17.6558666598038,18.3372921871114,17.5702161340109,18.4229427129043,17.4160733987433,18.5770854481719
"2019.008",18.0047175542968,17.5468990405539,18.4625360680398,17.4318097318961,18.5776253766975,17.2246868838769,18.7847482247167
"2019.016",18.0994804458773,17.5861167795358,18.6128441122188,17.4570641797049,18.7418967120498,17.2248120067359,18.9741488850187
"2019.024",18.1142539141108,17.5384725328999,18.6900352953217,17.3937289737987,18.8347788544229,17.1332382423562,19.0952695858654
"2019.032",18.1850053950798,17.5758494952393,18.7941612949204,17.4227160389177,18.9472947512419,17.1471262559027,19.2228845342569
"2019.040",18.2047141786587,17.5591196755897,18.8503086817278,17.3968260531146,19.0126023042028,17.104750988155,19.3046773691624
"2019.048",18.2581820756525,17.5903816923754,18.9259824589296,17.4225058155254,19.0938583357796,17.120384531347,19.395979619958
