"","Point Forecast","Lo 75","Hi 75","Lo 85","Hi 85","Lo 95","Hi 95"
"2019.000",17.8519811914394,17.5098865577171,18.1940758251618,17.4238886487012,18.2800737341777,17.2691207380517,18.4348416448272
"2019.008",17.961757104846,17.5018743174547,18.4216398922374,17.3862660786533,18.5372481310388,17.1782093272984,18.7453048823937
"2019.016",17.9774046163342,17.4615846004222,18.4932246322462,17.3319145079268,18.6228947247416,17.0985510515486,18.8562581811198
"2019.024",18.0685823395942,17.4898966700866,18.6472680091018,17.3444230126556,18.7927416665327,17.0826183446958,19.0545463344925
"2019.032",18.0897371335925,17.4773688440319,18.702105423153,17.3234278368994,18.8560464302855,17.0463847284121,19.1330895387728
"2019.040",18.1585172641762,17.5093781830383,18.8076563453141,17.3461935021478,18.9708410262045,17.0525148255329,19.2645197028195
"2019.048",18.1826587681823,17.5110637208141,18.8542538155506,17.3422339173453,19.0230836190194,17.0383958794528,19.3269216569119
