"","Point Forecast","Lo 75","Hi 75","Lo 85","Hi 85","Lo 95","Hi 95"
"2019.000",65.220001,64.1549331498434,66.2850688501566,63.8871896688164,66.5528123311836,63.4053395910321,67.0346624089679
"2019.008",65.220001,63.713767601461,66.726234398539,63.3351211393556,67.1048808606444,62.6536822243225,67.7863197756775
"2019.016",65.220001,63.3752493700206,67.0647526299794,62.9115040574864,67.5284979425136,62.0769152411331,68.3630867588669
"2019.024",65.220001,63.0898652996868,67.3501367003132,62.5543783376327,67.8856236623673,61.5906781820642,68.8493238179358
"2019.031",65.220001,62.8384368864002,67.6015651135997,62.2397442622914,68.2002577377086,61.1622947334022,69.2777072665978
"2019.039",65.220001,62.6111282256732,67.8288737743268,61.9552933152005,68.4847086847995,60.7750064921087,69.6649955078913
"2019.047",65.220001,62.4020963390754,68.0379056609246,61.6937136731192,68.7462883268808,60.4188581980849,70.0211438019151
