"","Point Forecast","Lo 75","Hi 75","Lo 85","Hi 85","Lo 95","Hi 95"
"2019.000",65.099998,64.0272473296255,66.1727486703745,63.7575724927427,66.4424235072573,63.2722466105587,66.9277493894413
"2019.008",65.099998,63.5828994529116,66.6170965470884,63.2015216411612,66.9984743588388,62.5151671964059,67.6848288035941
"2019.016",65.099998,63.2419393350579,66.9580566649421,62.774848816054,67.425147183946,61.9342397298831,68.2657562701169
"2019.024",65.099998,62.9544966592511,67.2454993407489,62.4151469854854,67.7848490145146,61.4444952211175,68.7555007788825
"2019.032",65.099998,62.7012545781342,67.4987414218658,62.0982433110431,68.1017526889569,61.0130216472396,69.1869743527604
"2019.040",65.099998,62.472306236354,67.727689763646,61.8117404895228,68.3882555104772,60.6229397192059,69.5770562807941
"2019.048",65.099998,62.2617665074113,67.9382294925887,61.5482739541675,68.6517220458325,60.2642223650856,69.9357736349144
