"","Point Forecast","Lo 75","Hi 75","Lo 85","Hi 85","Lo 95","Hi 95"
"2019.000",65.449997,64.380939247119,66.519054752881,64.1121927591528,66.7878012408472,63.6285375992436,67.2714564007564
"2019.008",65.449997,63.9381210269155,66.9618729730845,63.5580560987936,67.3419379012064,62.8740644121384,68.0259295878616
"2019.016",65.449997,63.5983346557846,67.3016593442154,63.1328520842715,67.7671419157285,62.295136773966,68.604857226034
"2019.024",65.449997,63.3118814942379,67.5881125057621,62.7743885183055,68.1256054816944,61.8070781984872,69.0929158015128
"2019.032",65.449997,63.0595111926848,67.8404828073152,62.4585757768781,68.4414182231219,61.3770899616527,69.5229040383473
"2019.040",65.449997,62.8313509998751,68.0686430001249,62.1730592341929,68.7269347658071,60.9883508809513,69.9116431190487
"2019.048",65.449997,62.6215360487112,68.2784579512888,61.9104996758307,68.9894943241693,60.6308684023979,70.2691255976021
