"","Point Forecast","Lo 75","Hi 75","Lo 85","Hi 85","Lo 95","Hi 95"
"2019.000",136.977069327664,133.331780850821,140.622357804506,132.415405217105,141.538733438222,130.76623090783,143.187907747497
"2019.008",136.896128066717,131.570738285144,142.22151784829,130.23200817726,143.560247956174,127.822734927574,145.96952120586
"2019.016",137.398479797707,130.727851868318,144.069107727096,129.050947300982,145.746012294433,126.033071410565,148.76388818485
"2019.024",137.398479797707,129.078420132071,145.718539463344,126.986871000339,147.810088595075,123.22277146765,151.574188127764
"2019.032",137.398479797707,127.705724322242,147.091235273172,125.269098250614,149.5278613448,120.883973885899,153.912985709515
"2019.040",137.398479797707,126.504645551926,148.292314043488,123.766084715386,151.030874880028,118.837577223655,155.959382371759
"2019.048",137.398479797707,125.423433224021,149.373526371394,122.413070405701,152.383889189714,116.9954088716,157.801550723814
