"","Point Forecast","Lo 75","Hi 75","Lo 85","Hi 85","Lo 95","Hi 95"
"2019.000",135.074898080128,131.44004472383,138.709751436427,130.526292336604,139.623503823653,128.881839006978,141.267957153279
"2019.008",135.50695665555,130.199048400571,140.81486491053,128.86471290922,142.14920040188,126.463348521817,144.550564789283
"2019.016",135.064033245554,128.411037219803,141.717029271305,126.738565071732,143.389501419377,123.728666076062,146.399400415046
"2019.024",135.064033245554,126.769624409407,143.358442081702,124.684523545153,145.443542945956,120.932028770022,149.196037721086
"2019.031",135.064033245554,125.403180293374,144.724886197735,122.974574079482,147.153492411627,118.603882817149,151.524183673959
"2019.039",135.064033245554,124.207378991772,145.920687499336,121.478164696376,148.649901794732,116.566477900185,153.561588590923
"2019.047",135.064033245554,123.130810570658,146.997255920451,120.130961708093,149.997104783016,114.732221831314,155.395844659795
