"","Point Forecast","Lo 75","Hi 75","Lo 85","Hi 85","Lo 95","Hi 95"
"2019.000",13.03,12.6676648566385,13.3923351433615,12.5765787605107,13.4834212394893,12.4126537889823,13.6473462110177
"2019.008",13.03,12.5175807261338,13.5424192738662,12.3887655336462,13.6712344663538,12.1569406156991,13.9030593843009
"2019.016",13.03,12.4024171223301,13.6575828776698,12.2446513759736,13.8153486240264,11.9607249966572,14.0992750033428
"2019.024",13.03,12.305329713277,13.754670286723,12.1231575210214,13.9368424789786,11.7953075779646,14.2646924220354
"2019.032",13.03,12.2197939888066,13.8402060111934,12.0161192860597,14.0438807139403,11.6495719065125,14.4104280934875
"2019.040",13.03,12.1424637828862,13.9175362171138,11.9193493247109,14.1406506752891,11.5178167883661,14.5421832116339
"2019.048",13.03,12.0713513194066,13.9886486805934,11.8303601611566,14.2296398388434,11.3966554528192,14.6633445471808
