"","Point Forecast","Lo 75","Hi 75","Lo 85","Hi 85","Lo 95","Hi 95"
"2019.000",13.44,13.0786807643879,13.8013192356121,12.9878500535645,13.8921499464355,12.8243846914666,14.0556153085334
"2019.008",13.44,12.929017436651,13.950982563349,12.8005634135247,14.0794365864753,12.5693884814676,14.3106115185324
"2019.016",13.44,12.8141767261678,14.0658232738322,12.6568533201342,14.2231466798658,12.373723007703,14.506276992297
"2019.024",13.44,12.7173615287757,14.1626384712243,12.535700107129,14.344299892871,12.2087693829333,14.6712306170667
"2019.032",13.44,12.632065627593,14.247934372407,12.4289619837474,14.4510380162526,12.0634423221299,14.8165576778701
"2019.040",13.44,12.5549522384978,14.3250477615022,12.3324633440063,14.5475366559937,11.9320566162472,14.9479433837528
"2019.048",13.44,12.4840391586663,14.3959608413337,12.2437236864205,14.6362763135795,11.8112349903364,15.0687650096636
