"","Point Forecast","Lo 75","Hi 75","Lo 85","Hi 85","Lo 95","Hi 95"
"2019.000",13.08,12.719069184249,13.440930815751,12.6283361168629,13.5316638831371,12.4650464807906,13.6949535192094
"2019.008",13.08,12.5695667452866,13.5904332547134,12.4412508108334,13.7187491891666,12.210324392905,13.949675607095
"2019.016",13.08,12.454849489102,13.705150510898,12.2976952064627,13.8623047935373,12.0148692604361,14.1451307395639
"2019.024",13.08,12.3581383684981,13.8018616315019,12.1766722337258,13.9833277662742,11.8500929615812,14.3099070384188
"2019.031",13.08,12.2729341608064,13.8870658391936,12.0700488543239,14.0899511456761,11.7049221280451,14.4550778719549
"2019.039",13.08,12.1959036689636,13.9640963310364,11.97365395107,14.18634604893,11.5736776624082,14.5863223375918
"2019.047",13.08,12.1250668210233,14.0349331789767,11.8850096890294,14.2749903109706,11.452985920308,14.707014079692
