"","Point Forecast","Lo 75","Hi 75","Lo 85","Hi 85","Lo 95","Hi 95"
"2019.000",124.589996,121.834268283798,127.345723716202,121.141516050792,128.038475949208,119.894790206792,129.285201793208
"2019.008",124.589996,120.692808489539,128.487183510461,119.713108886259,129.466883113741,117.949972289112,131.230019710888
"2019.016",124.589996,119.816935583712,129.363056416288,118.617053519089,130.562938480911,116.457661014171,132.722330985829
"2019.024",124.589996,119.078540567596,130.101451432404,117.693036101584,131.486955898416,115.199584413583,133.980407586417
"2019.031",124.589996,118.428001499092,130.751990500908,116.878960414526,132.301031585474,114.091196678035,135.088795321965
"2019.039",124.589996,117.839869225259,131.340122774741,116.142979736222,133.037012263778,113.08913756928,136.09085443072
"2019.047",124.589996,117.299025781921,131.880966218079,115.466175653203,133.713816346797,112.167649116901,137.012342883099
