"","Point Forecast","Lo 75","Hi 75","Lo 85","Hi 85","Lo 95","Hi 95"
"2019.000",125.82,123.056167296247,128.583832703753,122.361377580295,129.278622419705,121.110984938089,130.529015061911
"2019.008",125.82,121.911350306222,129.728649693778,120.928769266926,130.711230733074,119.160447034027,132.479552965973
"2019.016",125.82,121.032901333479,130.607098666521,119.829490244875,131.810509755125,117.663746659163,133.976253340837
"2019.024",125.82,120.292334592493,131.347665407507,118.902755160591,132.737244839409,116.401969876178,135.238030123822
"2019.032",125.82,119.639882195971,132.000117804029,118.086285161036,133.553714838964,115.290322214497,136.349677785503
"2019.040",125.82,119.050020141388,132.589979858612,117.348139858774,134.291860141226,114.285315907238,137.354684092762
"2019.048",125.82,118.507586000482,133.132413999518,116.669345198589,134.970654801411,113.361117226126,138.278882773874
