"","Point Forecast","Lo 75","Hi 75","Lo 85","Hi 85","Lo 95","Hi 95"
"2019.000",125.720001,122.945065416586,128.494936583414,122.247484588642,129.192517411358,120.992068864172,130.447933135828
"2019.008",125.720001,121.795649463225,129.644352536775,120.809121195495,130.630880804505,119.033695251533,132.406306748467
"2019.016",125.720001,120.913671581797,130.526330418203,119.705426145412,131.734575854588,117.530982326009,133.909019673991
"2019.024",125.720001,120.170129833173,131.269872166827,118.774968177285,132.665033822715,116.264136728345,135.175865271655
"2019.032",125.720001,119.515056402304,131.924945597696,117.955218251221,133.484783748779,115.148023351284,136.291978648716
"2019.040",125.720001,118.922824751545,132.517177248455,117.214107668733,134.225894331267,114.138979728715,137.301022271285
"2019.048",125.720001,118.378211542064,133.061790457936,116.532586151957,134.907415848043,113.21106835301,138.22893364699
