"","Point Forecast","Lo 75","Hi 75","Lo 85","Hi 85","Lo 95","Hi 95"
"2019.000",167.690002,164.494366134158,170.885637865842,163.691027012909,171.688976987091,162.245281194649,173.134722805351
"2019.008",167.690002,163.17069041812,172.20931358188,162.034597337665,173.345406662335,159.990003993738,175.390000006262
"2019.016",167.690002,162.154998317872,173.225005682128,160.763574144161,174.616429855839,158.259468932105,177.120535067895
"2019.024",167.690002,161.298730268315,174.081273731685,159.692052025817,175.687951974183,156.800560389299,178.579443610701
"2019.032",167.690002,160.54434297264,174.83566102736,158.748022088542,176.631981911458,155.515236160728,179.864767839272
"2019.040",167.690002,159.862324724949,175.517679275051,157.894553787473,177.485450212527,154.353214234975,181.026789765025
"2019.048",167.690002,159.235144218262,176.144859781738,157.109708684988,178.270295315012,153.284624790863,182.095379209137
