"","Point Forecast","Lo 75","Hi 75","Lo 85","Hi 85","Lo 95","Hi 95"
"2019.000",167.119995,163.936529501231,170.303460498769,163.136249843701,171.103740156299,161.696010052424,172.543979947576
"2019.008",167.119995,162.617894916294,171.622095083706,161.486128570923,172.753861429077,159.44932192503,174.79066807497
"2019.016",167.119995,161.606071011989,172.633918988011,160.219945984883,174.020044015117,157.725377491309,176.514612508691
"2019.024",167.119995,160.753064002462,173.486925997538,159.152504687401,175.087485312599,156.272025104847,177.967964895153
"2019.031",167.119995,160.001549740727,174.238440259273,158.212070025479,176.027919974521,154.991595948284,179.248394051716
"2019.039",167.119995,159.322128914261,174.917861085739,157.361852101783,176.878137898217,153.833999505902,180.405990494098
"2019.047",167.119995,158.697336982903,175.542653017097,156.579996029774,177.659993970226,152.769479713755,181.470510286244
