"","Point Forecast","Lo 75","Hi 75","Lo 85","Hi 85","Lo 95","Hi 95"
"2019.000",274.702578846431,270.516523843924,278.888633848938,269.464206906579,279.940950786283,267.570383026466,281.834774666396
"2019.008",274.788776072593,269.320899930267,280.256652214918,267.946350701355,281.63120144383,265.472614831751,284.104937313434
"2019.016",274.861212024762,268.645385325879,281.077038723644,267.08281156349,282.639612486034,264.270693464244,285.451730585279
"2019.024",274.922083672265,268.22822228843,281.6159450561,266.545477148618,283.298690195911,263.517090151486,286.327077193044
"2019.032",274.97323724116,267.961398855667,281.985075626653,266.198718649467,283.747755832852,263.026474861465,286.919999620855
"2019.040",275.016224209938,267.788256049843,282.244192370033,265.971243776257,284.061204643618,262.701220162596,287.33122825728
"2019.048",275.052348365586,267.675565347825,282.429131383348,265.821143055699,284.283553675473,262.483793730599,287.620903000573
