"","Point Forecast","Lo 75","Hi 75","Lo 85","Hi 85","Lo 95","Hi 95"
"2019.000",273.225389503275,269.051884938206,277.398894068345,268.002723009067,278.448055997484,266.114577104544,280.336201902006
"2019.008",273.532643497897,268.079795075794,278.98549192,266.709023610078,280.356263385716,264.242086469924,282.82320052587
"2019.016",273.791001061541,267.590911262703,279.99109086038,266.032293541609,281.549708581474,263.227295013675,284.354707109408
"2019.024",274.008243577052,267.330088754633,280.686398399472,265.651292029401,282.365195124703,262.630010878003,285.386476276101
"2019.031",274.19091409724,267.194431089748,281.187397104732,265.435611015424,282.946217179056,262.270314193366,286.111514001114
"2019.039",274.344514412847,267.131431923675,281.557596902019,265.318161704034,283.37086712166,262.054872554934,286.63415627076
"2019.047",274.473670759094,267.111287157069,281.83605436112,265.260484680989,283.6868568372,261.929649832494,287.017691685695
