"","Point Forecast","Lo 75","Hi 75","Lo 85","Hi 85","Lo 95","Hi 95"
"2019.000",84.6668262560424,83.1631772130581,86.1704752990268,82.7851804225697,86.5484720895152,82.1049107024615,87.2287418096233
"2019.008",84.698642552492,82.6705860246056,86.7266990803783,82.1607603694457,87.2365247355382,81.2432421140883,88.1540429908956
"2019.016",84.6735627079589,82.3980847499109,86.9490406660068,81.8260607334143,87.5210646825034,80.796605914249,88.5505195016687
"2019.024",84.6686951085858,82.1431793704612,87.1942108467103,81.5082992780665,87.829090939105,80.3657242255178,88.9716659916537
"2019.032",84.6748710127237,81.893792331149,87.4559496942985,81.1946672124016,88.1550748130459,79.9364722731366,89.4132697523109
"2019.040",84.6753936672252,81.6684109609765,87.682376373474,80.912496662145,88.4382906723055,79.5520999036766,89.7986874307738
"2019.048",84.673937027233,81.4617179572117,87.8861560972542,80.6542100453896,88.6936640090764,79.200961777195,90.146912277271
