"","Point Forecast","Lo 75","Hi 75","Lo 85","Hi 85","Lo 95","Hi 95"
"2019.000",84.7309498102909,83.2212430161115,86.2406566044703,82.8417233898789,86.6201762307028,82.1587130670156,87.3031865535661
"2019.008",84.8124403562183,82.7764500953648,86.8484306170719,82.2646300083179,87.3602507041188,81.3435224324803,88.2813582799563
"2019.016",84.8090218885535,82.5245988174476,87.0934449596595,81.9503261219509,87.6677176551562,80.9168244212445,88.7012193558626
"2019.024",84.7907957685614,82.2552722358322,87.3263193012905,81.6178763208405,87.9637152162822,80.4707736162666,89.1108179208562
"2019.032",84.793308526961,82.0012104588631,87.5854065950589,81.2993152171549,88.2873018367671,80.0361349689703,89.5504820849517
"2019.040",84.7972185975761,81.7783278423881,87.8161093527641,81.0194200230267,88.5750171721255,79.6536359135959,89.9408012815563
"2019.048",84.7962744516121,81.5713210672811,88.0212278359432,80.7606119231231,88.8319369801012,79.3016024911305,90.2909464120938
