"","Point Forecast","Lo 75","Hi 75","Lo 85","Hi 85","Lo 95","Hi 95"
"2019.000",85.1448756353655,83.646441259741,86.64331001099,83.269755365259,87.019995905472,82.5918448261857,87.6979064445453
"2019.008",85.0114182300334,82.9908597029535,87.0319767571132,82.4829189425788,87.5399175174879,81.5687928769972,88.4540435830695
"2019.016",85.02760857555,82.7612465635331,87.2939705875668,82.1915141711081,87.8637029799919,81.1661835204673,88.8890336306327
"2019.024",85.0565782482963,82.5414696516917,87.5716868449008,81.9092057722432,88.2039507243493,80.7713390412818,89.3418174553107
"2019.031",85.050112830963,82.2805186662939,87.8197069956321,81.5842805979196,88.5159450640064,80.3312813984034,89.7689442635226
"2019.039",85.0441058797181,82.0496579581072,88.0385538013291,81.2968947325828,88.7913170268535,79.9421688681817,90.1460428912545
"2019.047",85.0461571964711,81.8474680730678,88.2448463198743,81.0433614046548,89.0489529882873,79.5962342543114,90.4960801386307
