"","Point Forecast","Lo 75","Hi 75","Lo 85","Hi 85","Lo 95","Hi 95"
"2019.000",16.73,16.2290212856918,17.2309787143082,16.1030820933018,17.3569179066982,15.8764330282472,17.5835669717528
"2019.008",16.73,16.0215091077651,17.4384908922349,15.8434041938528,17.6165958061472,15.5228740121535,17.9371259878465
"2019.016",16.73,15.8622794133077,17.5977205866923,15.644146333424,17.815853666576,15.2515786372615,18.2084213627385
"2019.024",16.73,15.7280425713836,17.7319574286164,15.4761641866036,17.9838358133964,15.0228660564945,18.4371339435055
"2019.032",16.73,15.6097775395265,17.8502224604735,15.3281689443109,18.1318310556891,14.8213662278122,18.6386337721878
"2019.040",16.73,15.5028577779494,17.9571422220506,15.1943710179756,18.2656289820244,14.6391964579131,18.8208035420869
"2019.048",16.73,15.4045349098037,18.0554650901963,15.0713311264233,18.3886688735767,14.4716740654037,18.9883259345963
