"","Point Forecast","Lo 75","Hi 75","Lo 85","Hi 85","Lo 95","Hi 95"
"2019.000",16.84,16.3428853783744,17.3371146216256,16.2179175660009,17.4620824339991,15.9930166650275,17.6869833349725
"2019.008",16.84,16.1369737600431,17.5430262399569,15.9602425849244,17.7197574150756,15.6421846805779,18.0378153194221
"2019.016",16.84,15.9789722181591,17.7010277818409,15.7625216178174,17.9174783821826,15.3729818306635,18.3070181693365
"2019.024",16.84,15.8457707567488,17.8342292432512,15.5958351320018,18.0841648679982,15.146033330055,18.533966669945
"2019.031",16.84,15.7284179134361,17.9515820865639,15.4489813899694,18.2310186100306,14.9460876871921,18.7339123128079
"2019.039",16.84,15.6223228333406,18.0576771666594,15.3162154587536,18.3637845412464,14.7653230086766,18.9146769913234
"2019.047",16.84,15.5247583380847,18.1552416619153,15.1941245846566,18.4858754153434,14.5990927310467,19.0809072689533
