"","Point Forecast","Lo 75","Hi 75","Lo 85","Hi 85","Lo 95","Hi 95"
"2019.000",5.94274861423735,5.67837513625315,6.20712209222156,5.6119152620993,6.2735819663754,5.49230937885717,6.39318784961754
"2019.008",5.94989842580047,5.53320073580491,6.36659611579602,5.42844863945826,6.47134821214267,5.23992936877766,6.65986748282327
"2019.016",5.9514594019388,5.41699044023245,6.48592836364515,5.28263225799353,6.62028654588407,5.0408317842175,6.86208701966009
"2019.024",5.95180020064139,5.31971921694571,6.58388118433706,5.16082270829532,6.74277769298745,4.87486132929498,7.02873907198779
"2019.032",5.95187460520968,5.23507518730254,6.66867402311681,5.05488162374659,6.84886758667276,4.73059256063809,7.17315664978126
"2019.040",5.95189084951971,5.15932216535144,6.74445953368797,4.96008124523446,6.94370045380495,4.60151321404313,7.30226848499629
"2019.048",5.95189439604399,5.0901820322789,6.81360675980909,4.87355933741063,7.03022945467736,4.4837098367926,7.42007895529538
