"","Point Forecast","Lo 75","Hi 75","Lo 85","Hi 85","Lo 95","Hi 95"
"2019.000",6.05643082509369,5.79296541638488,6.3198962338025,5.72673381841905,6.38612783176833,5.60753875712682,6.50532289306056
"2019.008",6.06225239605313,5.64659224280199,6.47791254930427,5.54210096899317,6.58240382311309,5.3540510929722,6.77045369913407
"2019.016",6.06353463708479,5.53013565475183,6.59693361941776,5.39604645068366,6.73102282348593,5.15473004902024,6.97233922514934
"2019.024",6.06381705948843,5.43282923362466,6.69480488535219,5.27420752989227,6.85342658908458,4.9887407092304,7.13889340974645
"2019.031",6.0638792649647,5.34820110740754,6.77955742252186,5.16828941335802,6.95946911657138,4.84450762252028,7.28325090740912
"2019.039",6.06389296614856,5.27247836005697,6.85530757224014,5.07352755937378,7.05425837292334,4.7154816476051,7.41230428469201
"2019.047",6.06389598392851,5.20337331762806,6.92441865022897,4.98704969642021,7.14074227143681,4.59773842988351,7.53005353797351
