"","Point Forecast","Lo 75","Hi 75","Lo 85","Hi 85","Lo 95","Hi 95"
"2019.000",5.77302628512141,5.5079599782037,6.03809259203911,5.44132593633803,6.10472663390479,5.32140660858111,6.2246459616617
"2019.008",5.77585435352248,5.35831442397579,6.19339428306917,5.25335060013286,6.29835810691209,5.06445028969675,6.48725841734821
"2019.016",5.7764683406114,5.24108395219687,6.31185272902592,5.10649564421204,6.44644103701075,4.86428101989108,6.68865566133172
"2019.024",5.77660164012608,5.14354668376449,6.40965659648767,4.98440533171567,6.5687979485365,4.69800331524348,6.85519996500868
"2019.032",5.77663058008416,5.05880125907634,6.49445990109199,4.87834879197611,6.67491236819221,4.55359378776433,6.999667372404
"2019.040",5.77663686308659,4.98298338837186,6.57029033780131,4.78346976675793,6.76980395941524,4.42441096269318,7.12886276347999
"2019.048",5.77663822715627,4.91378740809862,6.63948904621391,4.69687852115068,6.85639793316185,4.30651396905384,7.2467624852587
