"","Point Forecast","Lo 75","Hi 75","Lo 85","Hi 85","Lo 95","Hi 95"
"2019.000",68.360001,67.5228375883458,69.1971644116542,67.3123861640616,69.4076158359383,66.9336429178315,69.7863590821685
"2019.009",68.360001,67.1760731493161,69.5439288506839,66.8784498908727,69.8415521091273,66.3428260553968,70.3771759446032
"2019.017",68.360001,66.9099914367773,69.8100105632227,66.5454788773918,70.1745231226082,65.8894763318976,70.8305256681024
"2019.026",68.360001,66.6856741766916,70.0343278233083,66.2647713281233,70.4552306718767,65.507284835663,71.212717164337
"2019.034",68.360001,66.4880467032656,70.2319552967344,66.0174630126046,70.7025389873954,65.170567368015,71.549434631985
"2019.043",68.360001,66.3093778101197,70.4106241898803,65.7938792049815,70.9261227950185,64.8661515081923,71.8538504918076
"2019.051",68.360001,66.1450748060407,70.5749271939593,65.5882726743254,71.1317293256746,64.5862122340551,72.1337897659449
