"","Point Forecast","Lo 75","Hi 75","Lo 85","Hi 85","Lo 95","Hi 95"
"2019.000",68.940002,68.1041447966957,69.7758592033043,67.894021735314,69.985982264686,67.5158694341536,70.3641345658464
"2019.008",68.940002,67.7579214068799,70.1220825931201,67.4607625237065,70.4192414762935,66.9259744107628,70.9540295892372
"2019.017",68.940002,67.4922548560046,70.3877491439954,67.1283110378495,70.7516929621505,66.4733320392406,71.4066719607594
"2019.025",68.940002,67.2682875933915,70.6117164066085,66.848041470628,71.031962529372,66.0917368683072,71.7882671316928
"2019.034",68.940002,67.0709684739288,70.8090355260712,66.6011190250389,71.2788849749611,65.7555447737962,72.1244592262038
"2019.042",68.940002,66.8925783540748,70.9874256459252,66.377884070498,71.502119929502,65.4516038875957,72.4284001124043
"2019.051",68.940002,66.728531708495,71.151472291505,66.1725983433593,71.7074056566407,65.1721013967821,72.7079026032179
