"","Point Forecast","Lo 75","Hi 75","Lo 85","Hi 85","Lo 95","Hi 95"
"2019.000",195.158411752244,191.847075645866,198.469747858622,191.014651067618,199.30217243687,189.516561006789,200.800262497699
"2019.008",195.527682185968,190.780307643839,200.275056728097,189.586882656443,201.468481715492,187.439110763733,203.616253608203
"2019.016",195.645477526746,189.700978503074,201.589976550417,188.206612804846,203.084342248645,185.517246755047,205.773708298445
"2019.024",195.645477526746,188.291817931829,202.999137121662,186.44320855174,204.847746501751,183.116320553677,208.174634499815
"2019.031",195.645477526746,187.11227471459,204.178680338902,184.967144312897,206.323810740594,181.10661614262,210.184338910872
"2019.039",195.645477526746,186.077050747548,205.213904305943,183.671679208601,207.619275844891,179.342802708243,211.948152345248
"2019.047",195.645477526746,185.143380982515,206.147574070977,182.503297642829,208.787657410663,177.752017209388,213.538937844103
