"","Point Forecast","Lo 75","Hi 75","Lo 85","Hi 85","Lo 95","Hi 95"
"2019.000",192.880588954677,189.546203419038,196.214974490315,188.707984529728,197.053193379625,187.19946661749,198.561711291863
"2019.008",192.96012314188,188.181879058764,197.738367224997,186.980693891244,198.939552392517,184.818956230321,201.10129005344
"2019.016",192.994252298917,187.011856621715,198.976647976118,185.507964223443,200.480540374391,182.801453251421,203.187051346412
"2019.024",192.994252298917,185.590283966852,200.398220630982,183.729027658768,202.259476939065,180.379379355899,205.609125241935
"2019.032",192.994252298917,184.400741020874,201.587763576959,182.240449896239,203.748054701595,178.35263741823,207.635867179603
"2019.040",192.994252298917,183.356922528204,202.631582069629,180.934229720195,205.054274877638,176.574180640723,209.41432395711
"2019.048",192.994252298917,182.415603324067,203.572901273766,179.756275751019,206.232228846815,174.9703620361,211.018142561734
