"","Point Forecast","Lo 75","Hi 75","Lo 85","Hi 85","Lo 95","Hi 95"
"2019.000",5.43513591512626,5.2615428192113,5.60872901104122,5.21790389069074,5.65236793956178,5.13936819293483,5.73090363731769
"2019.008",5.43092395309144,5.20129259692091,5.66055530926197,5.14356641671088,5.718281489472,5.03967830590535,5.82216960027752
"2019.016",5.42727668445956,5.16331861191048,5.69123475700863,5.0969631649978,5.75759020392132,4.977545216394,5.87700815252511
"2019.024",5.42411840136889,5.13710172421364,5.71113507852415,5.06494965968268,5.78328714305511,4.9350997086281,5.91313709410969
"2019.032",5.42138354603261,5.11822512525889,5.72454196680633,5.0420152472979,5.80075184476732,4.90486256861242,5.9379045234528
"2019.040",5.41901534992868,5.10429593147864,5.73373476837872,5.02517977692546,5.8128509229319,4.88279675762948,5.95523394222788
"2019.048",5.41696465543225,5.09384763639134,5.74008167447315,5.01262043997906,5.82130887088543,4.86643824066154,5.96749107020295
