"","Point Forecast","Lo 75","Hi 75","Lo 85","Hi 85","Lo 95","Hi 95"
"2019.000",5.4264410972335,5.25354870089047,5.59933349357652,5.21008591865253,5.64279627581446,5.13186722618713,5.72101496827987
"2019.008",5.42335924441309,5.19465196972793,5.65206651909825,5.13715809095635,5.70956039786982,5.03368804622571,5.81303044260046
"2019.016",5.42069049580437,5.15779175779484,5.68358923381389,5.09170261308737,5.74967837852137,4.9727639207396,5.86861707086914
"2019.024",5.41837947722185,5.13251190383796,5.70424705060575,5.0606487082685,5.77611024617521,4.93131862619835,5.90544032824536
"2019.032",5.41637823706335,5.11443098286485,5.71832549126185,5.03852557560486,5.79423089852184,4.90192084389608,5.93083563023062
"2019.040",5.41464525135639,5.10118087940186,5.72810962331092,5.02238022636111,5.80691027635167,4.88056500586913,5.94872549684366
"2019.048",5.41314456217236,5.09131403954603,5.73497508479869,5.01041025072539,5.81587887361932,4.86481007855041,5.96147904579431
