"","Point Forecast","Lo 75","Hi 75","Lo 85","Hi 85","Lo 95","Hi 95"
"2019.000",5.40900350791517,5.23679568779103,5.5812113280393,5.19350499864543,5.6245020171849,5.11559601706301,5.70241099876732
"2019.008",5.4081406182666,5.18034215072442,5.63593908580879,5.12307673363067,5.69320450290254,5.0200178446705,5.79626339186271
"2019.016",5.407393418608,5.14554266352474,5.66924417369125,5.07971696738225,5.73506986983374,4.96125239567803,5.85353444153796
"2019.024",5.406746398064,5.12202154758159,5.6914712485464,5.05044561691027,5.76304717921772,4.92163251703886,5.89186027908914
"2019.031",5.40618612534501,5.10544881146178,5.70692343922823,5.02984756663783,5.78252468405218,4.89379022713035,5.91858202355966
"2019.039",5.40570096993138,5.09349533759765,5.71790660226512,5.01501111447047,5.7963908253923,4.87376536359875,5.93763657626402
"2019.047",5.40528086063927,5.08474501159355,5.72581670968499,5.0041666859922,5.80639503528634,4.8591522404124,5.95140948086614
