"","Point Forecast","Lo 75","Hi 75","Lo 85","Hi 85","Lo 95","Hi 95"
"2019.000",48.77,47.7906313326303,49.7493686673697,47.5444314532782,49.9955685467218,47.1013527625806,50.4386472374194
"2019.008",48.77,47.3849635480425,50.1550364519575,47.0367843396082,50.5032156603918,46.4101764460251,51.1298235539749
"2019.016",48.77,47.0736837087747,50.4663162912253,46.6472530089195,50.8927469910805,45.8798182048801,51.6601817951199
"2019.024",48.77,46.8112626652606,50.7287373347394,46.3188629065565,51.2211370934435,45.4327055251612,52.1072944748388
"2019.031",48.77,46.580065084728,50.959934915272,46.0295454184445,51.5104545815555,45.038791346663,52.5012086533371
"2019.039",48.77,46.3710464948747,51.1689535051253,45.7679824157273,51.7720175842727,44.6826657076177,52.8573342923824
"2019.047",48.77,46.1788340642911,51.3611659357089,45.5274504107114,52.0125495892887,44.3551743838933,53.1848256161067
