"","Point Forecast","Lo 75","Hi 75","Lo 85","Hi 85","Lo 95","Hi 95"
"2019.000",49.060001,48.0771754988804,50.0428265011196,47.8301066188337,50.2898953811663,47.3854640131132,50.7345379868868
"2019.008",49.060001,47.6700758468705,50.4499261531295,47.3206676858682,50.7993343141318,46.6918480824492,51.4281539175508
"2019.016",49.060001,47.3576972970865,50.7623047029135,46.9297614438765,51.1902405561235,46.1596178595587,51.9603841404413
"2019.024",49.060001,47.0943499977608,51.0256520022392,46.6002122376675,51.5197897623325,45.7109270262263,52.4090749737737
"2019.032",49.060001,46.8623363694762,51.2576656305238,46.3098735585672,51.8101284414328,45.3156224664833,52.8043795335167
"2019.040",49.060001,46.6525800160617,51.4674219839383,46.0473873286265,52.0726146713735,44.9582398267096,53.1617621732904
"2019.048",49.060001,46.459689141865,51.660312858135,45.8060063285584,52.3139956714416,44.629592571518,53.490409428482
