"","Point Forecast","Lo 75","Hi 75","Lo 85","Hi 85","Lo 95","Hi 95"
"2019.000",48.849998,47.8634559520023,49.8365400479977,47.6154527829351,50.0845432170649,47.1691287647092,50.5308672352908
"2019.008",48.849998,47.4548168558703,50.2451791441297,47.104087410664,50.595908589336,46.472889930876,51.227106069124
"2019.016",48.849998,47.1412570490649,50.5587389509351,46.7117029598024,50.9882930401976,45.9386470835969,51.7613489164031
"2019.024",48.849998,46.8769139040046,50.8230820959954,46.3809075658702,51.3190884341298,45.4882595294184,52.2117364705816
"2019.032",48.849998,46.6440229180153,51.0559730819847,46.0894709733457,51.6105250266543,45.0914601286016,52.6085358713984
"2019.040",48.849998,46.4334733726053,51.2665226273947,45.8259921537975,51.8740038462025,44.7327260491953,52.9672699508047
"2019.048",48.849998,46.2398530830897,51.4601429169103,45.583698373382,52.116297626618,44.4028360170012,53.2971599829988
