"","Point Forecast","Lo 75","Hi 75","Lo 85","Hi 85","Lo 95","Hi 95"
"2019.000",38.6697522212703,37.3606970655022,39.9788073770385,37.0316185150509,40.3078859274897,36.4393855145543,40.9001189279864
"2019.008",38.6697522212703,37.0764733853801,40.2630310571605,36.6759448916272,40.6635595509135,35.9551255270273,41.3843789155134
"2019.016",38.6697522212703,36.8357812572287,40.503723185312,36.3747460565672,40.9647583859734,35.5450345489411,41.7944698935996
"2019.024",38.6697522212703,36.6232035301808,40.7163009123599,36.1087291982751,41.2307752442656,35.1828448559341,42.1566595866066
"2019.032",38.6697522212703,36.4307181453678,40.9087862971729,35.8678556220721,41.4716488204685,34.8548884730998,42.4846159694409
"2019.040",38.6697522212703,36.253518449239,41.0859859933017,35.6461103474888,41.6933940950519,34.5529758295076,42.7865286130331
"2019.048",38.6697522212703,36.0884545458448,41.2510498966959,35.4395516378434,41.8999528046973,34.2717401359703,43.0677643065703
