"","Point Forecast","Lo 75","Hi 75","Lo 85","Hi 85","Lo 95","Hi 95"
"2019.000",38.3955256588292,37.0818034426818,39.7092478749767,36.7515516571245,40.039499660534,36.1572072198715,40.633844097787
"2019.008",38.3955256588292,36.798512588745,39.9925387289135,36.3970453596224,40.3940059580361,35.6745365805531,41.1165147371054
"2019.016",38.3955256588292,36.5583987087138,40.2326526089446,36.0965701363463,40.6944811813122,35.265430820966,41.5256204966925
"2019.024",38.3955256588292,36.3462281900218,40.4448231276367,35.8310628530175,40.959988464641,34.9039349290991,41.8871163885594
"2019.032",38.3955256588292,36.1540518578489,40.6369994598096,35.5905760210587,41.2004752965997,34.5765051098065,42.2145462078519
"2019.040",38.3955256588292,35.977098590402,40.8139527272565,35.3691391239554,41.4219121937031,34.2750123311263,42.5160389865322
"2019.048",38.3955256588292,35.8122381854493,40.9788131322092,35.1628350694745,41.628216248184,33.9941233580054,42.7969279596531
