"","Point Forecast","Lo 75","Hi 75","Lo 85","Hi 85","Lo 95","Hi 95"
"2019.000",49.8374937425097,48.7914895545973,50.883497930422,48.5285384173536,51.1464490676658,48.0553129798999,51.6196745051195
"2019.008",50.2411369132522,48.7189561523015,51.763317674203,48.3363007415411,52.1459730849634,47.6476470393775,52.834626787127
"2019.016",49.847997730081,48.0551515530414,51.6408439071206,47.6044545609991,52.091540899163,46.7933484237378,52.9026470364243
"2019.024",49.847997730081,47.6559305492761,52.0400649108859,47.1048748606198,52.5911205995423,46.1131561251197,53.5828393350424
"2019.031",49.847997730081,47.3189624128507,52.3770330473114,46.6831975464378,53.0127979137243,45.5390301920787,54.1569652680833
"2019.039",49.847997730081,47.0218907352143,52.6741047249478,46.311446114762,53.3845493454,45.0328798007916,54.6631156593705
"2019.047",49.847997730081,46.7532050299037,52.9427904302584,45.9752165003648,53.7207789597973,44.5750933973274,55.1209020628346
