"","Point Forecast","Lo 75","Hi 75","Lo 85","Hi 85","Lo 95","Hi 95"
"2019.000",50.5281778697224,49.4862809135709,51.5700748258738,49.2243622781803,51.8319934612644,48.7529950039819,52.3033607354629
"2019.008",50.7989197578974,49.2627589289848,52.33508058681,48.8765891204699,52.7212503953249,48.1816106599034,53.4162288558913
"2019.016",50.5375182807914,48.7311977801882,52.3438387813946,48.2771135276114,52.7979230339714,47.4599114370676,53.6151251245152
"2019.024",50.5375182807914,48.3173498243003,52.7576867372825,47.7592298595301,53.3158067020528,46.7547977538224,54.3202388077605
"2019.032",50.5375182807914,47.969347297485,53.1056892640978,47.3237442602307,53.7512923013521,46.1618714388067,54.9131651227761
"2019.040",50.5375182807914,47.663173760071,53.4118628015119,46.9406028857971,54.1344336757857,45.6402133090352,55.4348232525477
"2019.048",50.5375182807914,47.3866119590969,53.6884246024859,46.5945172330788,54.4805193285041,45.1690076226101,55.9060289389727
