"","Point Forecast","Lo 75","Hi 75","Lo 85","Hi 85","Lo 95","Hi 95"
"2019.000",51.6021694186961,50.5613874645289,52.6429513728633,50.2997491253773,52.9045897120149,49.8288862920863,53.3754525453059
"2019.008",51.2348327169571,49.7065537188079,52.7631117151063,49.3223652946763,53.147300139238,48.6309526733809,53.8387127605334
"2019.016",51.4663745451095,49.668244935083,53.264504155136,49.2162197602968,53.7165293299222,48.4027233315668,54.5300257586521
"2019.024",51.4663745451095,49.2622412884158,53.6705078018032,48.7081523534171,54.2245967368019,47.710974773577,55.221774316642
"2019.032",51.4663745451095,48.9201740950128,54.0125749952061,48.2800941491191,54.6526549410999,47.1281610729747,55.8045880172443
"2019.040",51.4663745451095,48.6189072404892,54.3138418497298,47.9030929305018,55.0296561597172,46.6148629440106,56.3178861462084
"2019.048",51.4663745451095,48.3465983720979,54.5861507181211,47.5623293394119,55.370419750807,46.1509033993518,56.7818456908672
