"","Point Forecast","Lo 75","Hi 75","Lo 85","Hi 85","Lo 95","Hi 95"
"2019.000",14.6998610810678,14.2045606501838,15.1951615119517,14.0800489005337,15.3196732616018,13.8559687622469,15.5437533998887
"2019.008",14.7227789141498,14.1106691965023,15.3348886317973,13.95679319081,15.4887646374897,13.679867063505,15.7656907647947
"2019.016",14.8189413197345,14.0232901387521,15.6145925007169,13.8232743211231,15.8146083183459,13.4633117296421,16.1745709098269
"2019.024",14.7839451564434,13.8132657989367,15.7546245139502,13.5692502931624,15.9986400197245,13.1301027554262,16.4377875574606
"2019.031",14.7344899190682,13.6616295197286,15.8073503184077,13.3919270984857,16.0770527396506,12.9065515735392,16.5624282645971
"2019.039",14.7663005616714,13.6026675285184,15.9299335948245,13.3101461094476,16.2224550138953,12.7837039044231,16.7488972189198
"2019.047",14.7886671115706,13.517800331328,16.0595338918131,13.1983218158384,16.3790124073027,12.6233657162592,16.953968506882
