"","Point Forecast","Lo 75","Hi 75","Lo 85","Hi 85","Lo 95","Hi 95"
"2019.000",14.6259731458656,14.1292950272112,15.12265126452,14.0044369457107,15.2475093460205,13.7797335241661,15.4722127675651
"2019.008",14.5231521823123,13.9082479312047,15.1380564334199,13.7536694180465,15.2926349465782,13.4754790086913,15.5708253559333
"2019.016",14.4762614373551,13.6774150496189,15.2751078250913,13.4765960007415,15.4759268739687,13.1151878575779,15.8373350171323
"2019.024",14.548614096391,13.5742710773471,15.5229571154349,13.3293345772032,15.7678936155788,12.8885295529544,16.2086986398276
"2019.032",14.5607105713366,13.4839170086486,15.6375041340245,13.2132258439692,15.908195298704,12.7260709065044,16.3953502361687
"2019.040",14.5144574351357,13.3467415037687,15.6821733665027,13.0531936999654,15.9757211703059,12.5249043404881,16.5040105297832
"2019.048",14.517487915885,13.2420180497723,15.7929577819978,12.9213823814927,16.1135934502774,12.3443437880289,16.6906320437412
