"","Point Forecast","Lo 75","Hi 75","Lo 85","Hi 85","Lo 95","Hi 95"
"2019.000",42.450001,41.814083773192,43.085918226808,41.6542228855259,43.2457791144741,41.3665259419399,43.5334760580601
"2019.008",42.450001,41.5506782333014,43.3493237666986,41.3246007978711,43.5754012021289,40.9177358783985,43.9822661216015
"2019.016",42.450001,41.3485600537602,43.5514419462398,41.0716728741796,43.8283291258204,40.5733671507063,44.3266348492937
"2019.024",42.450001,41.178166546384,43.721835453616,40.8584447710519,44.0415572289481,40.2830508838798,44.6169511161202
"2019.031",42.450001,41.0280468527942,43.8719551472058,40.6705870410294,44.2294149589706,40.0272771182521,44.8727248817479
"2019.039",42.450001,40.8923282756747,44.0076737243253,40.5007506710644,44.3992513289356,39.7960399587204,45.1039620412796
"2019.047",42.450001,40.7675221634442,44.1324798365558,40.3445700103137,44.5554319896863,39.5833954446317,45.3166065553683
