"","Point Forecast","Lo 75","Hi 75","Lo 85","Hi 85","Lo 95","Hi 95"
"2019.000",42.2125806200923,41.5549240660219,42.8702371741628,41.3895982090061,43.0355630311785,41.0920661206161,43.3330951195686
"2019.013",42.1834300832992,41.2461276510881,43.1207325155103,41.010502647537,43.3563575190614,40.5864552501793,43.7804049164191
"2019.025",42.0509763147772,40.906483011985,43.1954696175694,40.6187730591809,43.4831795703734,40.1009899086587,44.0009627208956
"2019.038",41.8486890530627,40.4689822300857,43.2283958760397,40.1221428174358,43.5752352886896,39.4979461149692,44.1994319911562
"2019.051",41.6799483735984,40.0045071836809,43.3553895635159,39.5833241985982,43.7765725485986,38.8253335526821,44.5345631945148
"2019.063",41.6086747795445,39.6061423398542,43.6112072192348,39.1027330911445,44.1146164679445,38.1967622539922,45.0205873050967
"2019.076",41.6313382153959,39.3202293898451,43.9424470409468,38.7392482609018,44.5234281698901,37.6936735895831,45.5690028412088
