"","Point Forecast","Lo 75","Hi 75","Lo 85","Hi 85","Lo 95","Hi 95"
"2019.000",12.4924,12.3871205586112,12.5976794413888,12.3606547478988,12.6241452521012,12.3130250057985,12.6717749942015
"2019.008",12.4924,12.3435123861488,12.6412876138512,12.3060840777003,12.6787159222997,12.2387254504497,12.7460745495503
"2019.016",12.4924,12.3100506585221,12.6747493414779,12.2642105297048,12.7205894702952,12.1817133964357,12.8030866035643
"2019.025",12.4924,12.2818411172223,12.7029588827777,12.2289094957977,12.7558905042023,12.133650011597,12.851149988403
"2019.033",12.4924,12.2569880124213,12.7278119875787,12.1978086605889,12.7869913394111,12.0913053195018,12.8934946804982
"2019.041",12.4924,12.2345190881921,12.7502809118079,12.1696913563178,12.8151086436822,12.0530227915917,12.9317772084083
"2019.049",12.4924,12.2138567799173,12.7709432200827,12.1438348265268,12.8409651734732,12.0178183739192,12.9669816260808
