"","Point Forecast","Lo 75","Hi 75","Lo 85","Hi 85","Lo 95","Hi 95"
"2019.000",80.849998,80.4131999850798,81.2867960149202,80.3033949421398,81.3966010578602,80.1057820319065,81.5942139680935
"2019.008",80.849998,80.2322723232822,81.4677236767178,80.0769845423395,81.6230114576605,79.7975176845876,81.9024783154124
"2019.016",80.849998,80.0934416455129,81.6065543544871,79.9032537322136,81.7967422677864,79.5609781314581,82.1390178685419
"2019.024",80.849998,79.9764019701595,81.7235940298405,79.7567918842796,81.9432041157204,79.3615660638131,82.3384299361869
"2019.033",80.849998,79.8732879462014,81.8267080537986,79.6277564059153,82.0722395940847,79.1858805054022,82.5141154945978
"2019.041",80.849998,79.7800657427848,81.9199302572152,79.5110994163975,82.1888965836025,79.0270486197396,82.6729473802604
"2019.049",80.849998,79.6943390793544,82.0056569206456,79.4038222430344,82.2961737569656,78.8809876267015,82.8190083732985
