"","Point Forecast","Lo 75","Hi 75","Lo 85","Hi 85","Lo 95","Hi 95"
"2019.000",81.000999,80.5664257521321,81.4355722478678,80.457179985181,81.544818014819,80.260573587516,81.741424412484
"2019.008",81.000999,80.3864196190208,81.6155783809792,80.2319227737666,81.7700752262334,79.9538793397395,82.0481186602605
"2019.016",81.000999,80.2482960550826,81.7537019449173,80.0590768362115,81.9429211637885,79.7185445663626,82.2834534336374
"2019.024",81.000999,80.1318525042643,81.8701454957357,79.913360970362,82.088637029638,79.520148175032,82.4818498249679
"2019.033",81.000999,80.0292636765646,81.9727343234354,79.7849827154078,82.2170152845922,79.3453574454175,82.6566405545825
"2019.041",81.000999,79.9365162868597,82.0654817131403,79.6689199012704,82.3330780987296,79.1873345468245,82.8146634531755
"2019.049",81.000999,79.8512262597,82.1507717403,79.5621891285608,82.4398088714392,79.042017494175,82.959980505825
