"","Point Forecast","Lo 75","Hi 75","Lo 85","Hi 85","Lo 95","Hi 95"
"2019.000",81.355003,80.9234381629681,81.7865678370319,80.8149486693281,81.8950573306719,80.6197033145254,82.0903026854746
"2019.008",81.355003,80.7446781544262,81.9653278455738,80.5912508411455,82.1187551588545,80.3151322123932,82.3948737876068
"2019.016",81.355003,80.6075107755006,82.1024952244994,80.4196014604287,82.2904045395713,80.0814265859686,82.6285794140314
"2019.024",81.355003,80.4918733259362,82.2181326740638,80.2748943386562,82.4351116613438,79.8844036290508,82.8256023709492
"2019.033",81.355003,80.3899946876981,82.3200113123019,80.1474048050745,82.5626011949255,79.7108229194446,82.9991830805554
"2019.041",81.355003,80.2978893583445,82.4121166416555,80.0321454564735,82.6778605435265,79.5538939625583,83.1561120374417
"2019.049",81.355003,80.2131897666135,82.4968162333865,79.9261535465787,82.7838524534213,79.4095828931302,83.3004231068698
