"","Point Forecast","Lo 75","Hi 75","Lo 85","Hi 85","Lo 95","Hi 95"
"2019.000",80.943001,80.5076390850579,81.3783629149421,80.398195057998,81.487806942002,80.2012318574392,81.6847701425608
"2019.008",80.943001,80.3273062753482,81.5586957246518,80.1725290479594,81.7134729520406,79.8939810184407,81.9920209815593
"2019.016",80.943001,80.1889320436399,81.6970699563601,79.9993694281872,81.8866325718128,79.6582191575979,82.2277828424021
"2019.024",80.943001,80.0722771701159,81.8137248298841,79.8533891159961,82.0326128840039,79.4594627148784,82.4265392851216
"2019.033",80.943001,79.9695021633751,81.9164998366249,79.7247778791378,82.1612241208622,79.2843547736223,82.6016472263777
"2019.041",80.943001,79.876586454951,82.009415545049,79.6085044332588,82.2774975667412,79.1260450937843,82.7599569062157
"2019.049",80.943001,79.7911416427544,82.0948603572456,79.5015799646725,82.3844220353275,78.9804643185625,82.9055376814375
