"","Point Forecast","Lo 75","Hi 75","Lo 85","Hi 85","Lo 95","Hi 95"
"2019.000",2.41294516688338,2.22920101443094,2.59668931933582,2.18301024922406,2.6428800845427,2.09988208594452,2.72600824782224
"2019.008",2.44403058428771,2.17266523717132,2.7153959314041,2.10444770280826,2.78361346576715,1.98167861011923,2.90638255845619
"2019.016",2.47172871127337,2.13989159096635,2.80356583158038,2.05647228043894,2.8869851421078,1.90634499774222,3.03711242480451
"2019.024",2.49742609764582,2.12026121955657,2.87459097573508,2.0254471310777,2.96940506421395,1.85481300122571,3.14003919406593
"2019.032",2.52142907123482,2.10863525029196,2.93422289217768,2.00486453319687,3.03799360927278,1.81811142192708,3.22474672054257
"2019.040",2.54387407046806,2.10225873125775,2.98548940967837,1.99124267892108,3.09650546201505,1.79145035065023,3.29629779028589
"2019.048",2.56486596886311,2.09949911140691,3.03023282631931,1.98251225244614,3.14721968528008,1.77197443888759,3.35775749883864
