"","Point Forecast","Lo 75","Hi 75","Lo 85","Hi 85","Lo 95","Hi 95"
"2019.000",2.30165228770548,2.11906975508322,2.48423482032774,2.07317100520374,2.53013357020722,1.9905683733309,2.61273620208006
"2019.008",2.33349614236605,2.06391630648566,2.60307597824643,1.99614762521086,2.67084465952124,1.8741863202396,2.7928059644925
"2019.016",2.3650837145097,2.03520740135307,2.69496002766634,1.95228101090768,2.77788641811173,1.80304082200296,2.92712660701644
"2019.024",2.39497907488641,2.01966301912879,2.77029513064403,1.92531369928114,2.86464445049168,1.75551599988208,3.03444214989073
"2019.031",2.42307177591431,2.01183904184753,2.83430450998109,1.90846076062807,2.93768279120055,1.72241390467577,3.12372964715285
"2019.039",2.44944103909466,2.0089908372769,2.88989124091243,1.89826768453466,3.00061439365466,1.69900247905993,3.19987959912939
"2019.047",2.47418824274113,2.00952461610597,2.93885186937629,1.8927145397492,3.05566194573306,1.68249487665003,3.26588160883223
