"","Point Forecast","Lo 75","Hi 75","Lo 85","Hi 85","Lo 95","Hi 95"
"2019.000",406.743570270914,400.322879243132,413.164261298696,398.708805392227,414.778335149601,395.804004096506,417.683136445321
"2019.008",406.743570270914,398.553097787065,414.934042754763,396.494125099307,416.993015442521,392.788652435896,420.698488105931
"2019.016",406.743570270914,397.102906095498,416.384234446329,394.679375063782,418.807765478046,390.317817457726,423.169323084102
"2019.024",406.743570270914,395.84398440825,417.643156133578,393.103977693942,420.383162847886,388.172868098465,425.314272443363
"2019.032",406.743570270914,394.716120906562,418.771019635265,391.692584743853,421.794555797975,386.251215528824,427.235925013003
"2019.040",406.743570270914,393.68531217703,419.801828364798,390.402644807348,423.084495734479,384.494924771165,428.992215770663
"2019.048",406.743570270914,392.73012420362,420.757016338207,389.207335650112,424.279804891716,382.867476573005,430.619663968823
