"","Point Forecast","Lo 75","Hi 75","Lo 85","Hi 85","Lo 95","Hi 95"
"2019.000",406.893941883852,400.524797806102,413.263085961602,398.923682152964,414.864201614739,396.042201345115,417.745682422588
"2019.008",406.893941883852,398.769047099992,415.018836667712,396.726559748516,417.061324019188,393.050755260552,420.737128507152
"2019.016",406.893941883852,397.33037381464,416.457509953064,394.926223688887,418.861660078817,390.599545329975,423.188338437728
"2019.024",406.893941883852,396.081460522938,417.706423244766,393.363350688259,420.424533079444,388.471648263826,425.316235503878
"2019.031",406.893941883852,394.962568444647,418.825315323057,391.963184454626,421.824699313078,386.565281195309,427.222602572395
"2019.039",406.893941883852,393.939962143578,419.847921624125,390.683508924843,423.104374842861,384.82296572607,428.964918041633
"2019.047",406.893941883852,392.99237686127,420.795506906434,389.4977136712,424.290170096504,383.208470984483,430.57941278322
