"","Point Forecast","Lo 75","Hi 75","Lo 85","Hi 85","Lo 95","Hi 95"
"2019.000",105.240450190986,103.254241589913,107.22665879206,102.754935930823,107.72596445115,101.856350203367,108.624550178606
"2019.008",105.785170358976,102.800919441495,108.769421276458,102.050719603253,109.5196211147,100.700606991643,110.869733726309
"2019.016",105.83273190535,102.348411644114,109.317052166585,101.472501216794,110.192962593905,99.8961509507945,111.769312859905
"2019.024",105.71290010177,101.839956790084,109.585843413455,100.866351846569,110.55944835697,99.1141836295717,112.311616573967
"2019.032",105.687389466318,101.426355847995,109.94842308464,100.35519031279,111.019588619845,98.4274451647902,112.947333767845
"2019.040",105.711924708128,101.081638780608,110.342210635648,99.9176482684523,111.506201147804,97.822848736187,113.601000680069
"2019.048",105.720784850489,100.754223775312,110.687345925666,99.5056982932916,111.935871407686,97.2587636589935,114.182806041984
