"","Point Forecast","Lo 75","Hi 75","Lo 85","Hi 85","Lo 95","Hi 95"
"2019.000",108.075578322736,106.086342864928,110.064813780544,105.586276295482,110.564880349991,104.686321180007,111.464835465465
"2019.008",107.655819178512,104.683882105722,110.627756251303,103.936777799508,111.374860557517,102.592236125958,112.719402231067
"2019.016",107.422972207118,103.969307343755,110.876637070481,103.10110326391,111.744841150326,101.538621885088,113.307322529148
"2019.024",107.497111866012,103.666069024907,111.328154707116,102.702997286247,112.291226445776,100.969785368612,114.024438363411
"2019.031",107.560598476913,103.347324980992,111.773871972834,102.288165686914,112.833031266912,100.382027818385,114.739169135441
"2019.039",107.549962879904,102.972962920798,112.126962839009,101.822367771831,113.277557987977,99.7516754812041,115.348250278603
"2019.047",107.533706538182,102.626669732898,112.440743343465,101.393107837681,113.674305238682,99.1731027309935,115.89431034537
