"","Point Forecast","Lo 75","Hi 75","Lo 85","Hi 85","Lo 95","Hi 95"
"2019.000",107.537249958492,105.558247754784,109.5162521622,105.060753685365,110.013746231618,104.165428222624,110.909071694359
"2019.008",107.913900483072,104.953943112954,110.873857853191,104.209850340037,111.617950626108,102.870728434498,112.957072531646
"2019.016",107.942673809584,104.4993145474,111.386033071768,103.63370115465,112.251646464518,102.075882159289,113.809465459879
"2019.024",107.857084276491,104.035600256087,111.678568296896,103.074931474129,112.639237078853,101.346044087084,114.368124465899
"2019.032",107.840693141694,103.63751263204,112.043873651347,102.580890576578,113.100495706809,100.679318901853,115.002067381534
"2019.040",107.859036578841,103.292694336527,112.425378821154,102.144778391699,113.573294765982,100.078907786061,115.63916537162
"2019.048",107.864960563124,102.96880730214,112.761113824109,101.737981381007,113.991939745241,99.5229001265107,116.207020999738
