"","Point Forecast","Lo 75","Hi 75","Lo 85","Hi 85","Lo 95","Hi 95"
"2019.000",65.839996,64.556559608425,67.123432391575,64.2339212646739,67.4460707353261,63.6532785149931,68.0267134850069
"2019.008",65.839996,64.0249428485915,67.6550491514085,63.5686633271171,68.1113286728829,62.7475104756249,68.9324815243751
"2019.016",65.839996,63.6170189615092,68.0629730384908,63.0581929576625,68.6217990423375,62.0524902141689,69.6275017858311
"2019.024",65.839996,63.27312321685,68.40686878315,62.6278465293479,69.0521454706521,61.4665610299863,70.2134309700137
"2019.031",65.839996,62.9701449836413,68.7098470163587,62.2487037148659,69.4312882851341,60.9503470559373,70.7296449440627
"2019.039",65.839996,62.6962317233224,68.9837602766776,61.9059324096756,69.7740595903244,60.483653950111,71.196338049889
"2019.047",65.839996,62.4443424843224,69.2356495156776,61.5907216633433,70.0892703366567,60.0544853471152,71.6255066528848
