"","Point Forecast","Lo 75","Hi 75","Lo 85","Hi 85","Lo 95","Hi 95"
"2019.000",67.029999,65.7516438163418,68.3083541836582,65.4302828187196,68.6297151812804,64.8519388713448,69.2080591286552
"2019.008",67.029999,65.2221317617406,68.8378662382594,64.7676586804856,69.2923393195144,63.9497568263917,70.1102411736083
"2019.016",67.029999,64.8158228717849,69.2441751282151,64.2592092963324,69.8007887036676,63.2574881952292,70.8025098047708
"2019.024",67.029999,64.4732886326835,69.5867093673165,63.8305666374393,70.2294313625607,62.6738787426896,71.3861192573104
"2019.032",67.029999,64.171509909951,69.888488090049,63.4529248739507,70.6070731260493,62.159708493245,71.900289506755
"2019.040",67.029999,63.8986810899955,70.1613169100045,63.1115106225895,70.9484873774105,61.694863055694,72.365134944306
"2019.048",67.029999,63.64778909683,70.41220890317,62.7975478160463,71.2624501839538,61.2673935590329,72.7926044409671
