"","Point Forecast","Lo 75","Hi 75","Lo 85","Hi 85","Lo 95","Hi 95"
"2019.000",11.6602239759854,11.4767061836532,11.8437417683175,11.4305723222827,11.8898756296881,11.3475465671657,11.972901384805
"2019.008",11.6743204005191,11.4258909215392,11.922749879499,11.3634391505258,11.9852016505125,11.2510465327665,12.0975942682718
"2019.016",11.7057213206986,11.4280067704417,11.9834358709555,11.3581931333042,12.053249508093,11.2325515813378,12.1788910600594
"2019.024",11.6974923402549,11.3871693836463,12.0078152968635,11.3091584394302,12.0858262410797,11.168764434712,12.2262202457979
"2019.032",11.6758942445305,11.3486238340758,12.0031646549853,11.2663525319053,12.0854359571558,11.1182912861256,12.2334972029355
"2019.040",11.664466605877,11.3301530359848,11.9987801757692,11.2461111799243,12.0828220318296,11.0948635203191,12.2340696914348
"2019.048",11.6487847716308,11.3088806065723,11.9886889366894,11.2234333513998,12.0741361918619,11.0696564362966,12.2279131069651
