"","Point Forecast","Lo 75","Hi 75","Lo 85","Hi 85","Lo 95","Hi 95"
"2019.000",11.5636669360394,11.3804718109398,11.746862061139,11.3344190636954,11.7929148083834,11.2515392872887,11.8757945847901
"2019.008",11.6226606861164,11.375267054199,11.8700543180337,11.3130756809604,11.9322456912723,11.2011516934274,12.0441696788053
"2019.016",11.6055571354679,11.329204213243,11.8819100576928,11.2597328707575,11.9513814001783,11.1347073364215,12.0764069345143
"2019.024",11.6067337071898,11.2979282954972,11.9155391188824,11.2202988413038,11.9931685730757,11.0805913929733,12.1328760214063
"2019.031",11.618876546397,11.292937177955,11.944815914839,11.2110004815299,12.026752611264,11.0635414158811,12.1742116769129
"2019.039",11.6085010574705,11.2752096551541,11.9417924597869,11.1914247580328,12.0255773569082,11.0406395398822,12.1763625750587
"2019.047",11.6032101101581,11.2640075483746,11.9424126719417,11.1787366666633,12.027683553653,11.0252771656972,12.181143054619
