"","Point Forecast","Lo 75","Hi 75","Lo 85","Hi 85","Lo 95","Hi 95"
"2019.000",160.062791365894,157.506548407842,162.619034323945,156.86394391289,163.261638818898,155.707467479964,164.418115251823
"2019.008",160.002988264425,156.661311188377,163.344665340472,155.8212593056,164.184717223249,154.309442608864,165.696533919985
"2019.016",159.903316633562,156.073836719228,163.732796547896,155.111157878968,164.695475388155,153.378653049042,166.427980218081
"2019.024",159.903316633562,155.4396027056,164.367030561523,154.317486114431,165.489147152692,152.298045847712,167.508587419412
"2019.031",159.903316633562,154.884893808902,164.921739458222,153.62333099284,166.183302274283,151.352933451443,168.45369981568
"2019.039",159.903316633562,154.385672819083,165.420960448041,152.998612678512,166.808020588611,150.502361288704,169.304271978419
"2019.047",159.903316633562,153.928015898046,165.878617369077,152.425907071013,167.380726196111,149.722605939757,170.084027327366
