"","Point Forecast","Lo 75","Hi 75","Lo 85","Hi 85","Lo 95","Hi 95"
"2019.000",160.685404225144,158.119493836625,163.251314613663,157.474459081962,163.896349368326,156.313608982024,165.057199468264
"2019.008",160.573062792894,157.220446001032,163.925679584756,156.37764402342,164.768481562368,154.860878061795,166.285247523994
"2019.016",160.445745467997,156.605919250305,164.28557168569,155.64063949098,165.250851445015,153.903453863415,166.988037072579
"2019.024",160.445745467997,155.970120422877,164.921370513118,154.845009539869,166.046481396125,152.820180534086,168.071310401909
"2019.032",160.445745467997,155.414028692687,165.477462243308,154.149123959373,166.742366976622,151.872712067665,169.018778868329
"2019.040",160.445745467997,154.913555316766,165.977935619228,153.522838426217,167.368652509777,151.020006090891,169.871484845103
"2019.048",160.445745467997,154.454745381884,166.43674555411,152.948689952971,167.942800983023,150.238286238246,170.653204697749
