"","Point Forecast","Lo 75","Hi 75","Lo 85","Hi 85","Lo 95","Hi 95"
"2019.000",13.09,12.1804456045373,13.9995543954627,11.9517960776655,14.2282039223345,11.5403022407815,14.6396977592185
"2019.008",13.09,11.8036958382206,14.3763041617794,11.4803365762883,14.6996634237117,10.8983964113341,15.2816035886659
"2019.016",13.09,11.514605574811,14.665394425189,11.1185729771425,15.0614270228575,10.405844744658,15.774155255342
"2019.024",13.09,11.2708912090745,14.9091087909255,10.8135921553311,15.3664078446689,9.99060448156308,16.1893955184369
"2019.032",13.09,11.0561745425116,15.1238254574884,10.5448986574032,15.6351013425968,9.62477046580842,16.5552295341916
"2019.040",13.09,10.8620558378107,15.3179441621893,10.3019811670461,15.8780188329539,9.2940312343803,16.8859687656197
"2019.048",13.09,10.6835452657199,15.4964547342801,10.0785954802247,16.1014045197753,8.9898851217939,17.1901148782061
