"","Point Forecast","Lo 75","Hi 75","Lo 85","Hi 85","Lo 95","Hi 95"
"2019.000",13.15,12.2476722145438,14.0523277854562,12.0208393585244,14.2791606414756,11.6126149308083,14.6873850691917
"2019.008",13.15,11.8739158081017,14.4260841918983,11.5531257067273,14.7468742932727,10.9758091845592,15.3241908154408
"2019.016",13.15,11.5871224305087,14.7128775694913,11.1942363990572,15.1057636009428,10.4871709493622,15.8128290506378
"2019.024",13.15,11.3453444290875,14.9546555709125,10.8916787170488,15.4083212829512,10.0752298616166,16.2247701383834
"2019.031",13.15,11.132333733733,15.167666266267,10.6251200481433,15.6748799518567,9.71230247769415,16.5876975223058
"2019.039",13.15,10.9397573448967,15.3602426551033,10.384132590751,15.915867409249,9.38419104230694,16.9158089576931
"2019.047",13.15,10.7626650786192,15.5373349213808,10.1625217524134,16.1374782475866,9.08246143757495,17.2175385624251
