"","Point Forecast","Lo 75","Hi 75","Lo 85","Hi 85","Lo 95","Hi 95"
"2019.000",13.15,12.0677852868776,14.2322147131224,11.7957313191727,14.5042686808273,11.3061237851356,14.9938762148644
"2019.013",13.15,11.6195172753026,14.6804827246974,11.2347748644769,15.0652251355231,10.5423652496016,15.7576347503984
"2019.025",13.15,11.2755491321734,15.0244508678266,10.8043378377078,15.4956621622922,9.95631271298713,16.3436872870129
"2019.038",13.15,10.9855705737552,15.3144294262448,10.4414626383453,15.8585373616547,9.46224757027127,16.8377524297287
"2019.051",13.15,10.7300943352078,15.5699056647922,10.1217631698711,16.1782368301289,9.02696744146827,17.2730325585317
"2019.063",13.15,10.4991261607176,15.8008738392824,9.83273275734095,16.467267242659,8.63344412472786,17.6665558752721
"2019.076",13.15,10.286729003903,16.013270996097,9.56694186216738,16.7330581378326,8.27156208708179,18.0284379129182
