"","Point Forecast","Lo 75","Hi 75","Lo 85","Hi 85","Lo 95","Hi 95"
"2019.000",46.8125313792792,46.2717336104049,47.3533291481536,46.1357844526599,47.4892783058986,45.8911207470008,47.7339420115577
"2019.008",46.6136121643388,45.8262360750408,47.4009882536369,45.6283005022085,47.5989238264692,45.2720816661804,47.9551426624973
"2019.016",46.435574821674,45.4962614630239,47.3748881803241,45.2601309400875,47.6110187032604,44.8351737743419,48.035975869006
"2019.024",46.276227242343,45.2310151856942,47.3214392989918,44.968263179409,47.584191305277,44.4953961120919,48.0570583725941
"2019.031",46.1336074376516,45.0107453058203,47.2564695694829,44.7284731333519,47.5387417419513,44.2204761963639,48.0467386789392
"2019.039",46.0059593819007,44.8245704267407,47.1873483370606,44.5275854118848,47.4843333519166,43.9931102046446,48.0188085591567
"2019.047",45.8917113910817,44.6654519854851,47.1179707966782,44.3571871534857,47.4262356286776,43.8024119906794,47.9810107914839
