"","Point Forecast","Lo 75","Hi 75","Lo 85","Hi 85","Lo 95","Hi 95"
"2019.000",46.7996445336894,46.2569603556225,47.3423287117564,46.1205369804238,47.4787520869551,45.8750198395436,47.7242692278353
"2019.008",46.5935883625534,45.8056866833803,47.3814900417265,45.6076189844465,47.5795577406602,45.251162364955,47.9360143601517
"2019.016",46.409815405429,45.4715626079732,47.3480682028847,45.2356986956063,47.5839321152516,44.8112213410708,48.0084094697872
"2019.024",46.2459159231468,45.2034424656323,47.2883893806613,44.941378905689,47.5504529406046,44.4697508150302,48.0220810312633
"2019.032",46.0997407692356,44.9812820949988,47.2181994434725,44.700116891504,47.4993646469673,44.1941121340604,48.0053694044109
"2019.040",45.9693732090492,44.7939773082536,47.1447691098448,44.498498865244,47.4402475528545,43.9667349910998,47.9720114269986
"2019.048",45.8531037864133,44.6343171623482,47.0718904104784,44.3279308853534,47.3782766874732,43.776536502806,47.9296710700206
