"","Point Forecast","Lo 75","Hi 75","Lo 85","Hi 85","Lo 95","Hi 95"
"2019.000",46.1526834313909,45.6130106897948,46.6923561729869,45.4773443485105,46.8280225142713,45.2331896193278,47.0721772434539
"2019.008",45.9916641807919,45.2098943022311,46.7734340593527,45.0133680540515,46.9699603075323,44.6596855382019,47.3236428233819
"2019.016",45.8499909933859,44.9232627795465,46.7767192072252,44.6902959897755,47.0096859969962,44.2710325016722,47.4289494850995
"2019.024",45.7253394877112,44.7003762707058,46.7503027047166,44.4427145455816,47.0079644298408,43.979008307742,47.4716706676804
"2019.032",45.615664550968,44.5206891133375,46.7106399885985,44.2454272741343,46.9859018278016,43.7500466279938,47.4812824739422
"2019.040",45.5191667855818,44.3729249374394,46.6654086337242,44.0847754242648,46.9535581468987,43.5662012098561,47.4721323613075
"2019.048",45.4342629871293,44.2498566128993,46.6186693613594,43.9521130601854,46.9164129140733,43.4162727346446,47.452253239614
