"","Point Forecast","Lo 75","Hi 75","Lo 85","Hi 85","Lo 95","Hi 95"
"2019.000",171.149994,168.926501764211,173.373486235789,168.367546246814,173.932441753186,167.36161042159,174.93837757841
"2019.008",171.149994,168.005501124316,174.294486875684,167.21501865085,175.08496934915,165.79241056394,176.50757743606
"2019.016",171.149994,167.298792477378,175.001195522622,166.330653122077,175.969334877923,164.588321163634,177.711666836366
"2019.024",171.149994,166.703009528422,175.596978471578,165.585098493629,176.714889506371,163.573226843179,178.726761156821
"2019.031",171.149994,166.178114213333,176.121873786667,164.928251680035,177.371736319965,162.67891079383,179.62107720617
"2019.039",171.149994,165.703572575277,176.596415424723,164.334416768742,177.965571231258,161.870387282955,180.429600717045
"2019.047",171.149994,165.267186502019,177.032801497981,163.78832920904,178.51165879096,161.126873180605,181.173114819395
