"","Point Forecast","Lo 75","Hi 75","Lo 85","Hi 85","Lo 95","Hi 95"
"2019.000",169.679993,167.452754167364,171.907231832636,166.892856806796,172.467129193204,165.885225974082,173.474760025918
"2019.008",169.679993,166.530201636242,172.829784363758,165.73838719539,173.62159880461,164.313382005901,175.046603994099
"2019.016",169.679993,165.822302181284,173.537683818716,164.852531505757,174.507454494243,163.107263708224,176.252722291776
"2019.024",169.679993,165.225515334728,174.134470665272,164.105720613592,175.254265386408,162.090458948165,177.269527051835
"2019.032",169.679993,164.699735568099,174.660250431901,163.447767009446,175.912218990554,161.194635971274,178.165350028726
"2019.040",169.679993,164.22439432473,175.13559167527,162.852931483007,176.507054516993,160.384750093763,178.975235906237
"2019.048",169.679993,163.787272938499,175.572713061501,162.305923762715,177.054062237285,159.639983165994,179.720002834006
