"","Point Forecast","Lo 75","Hi 75","Lo 85","Hi 85","Lo 95","Hi 95"
"2019.000",203.128432448523,200.243625811318,206.013239085729,199.518424904144,206.738439992903,198.213302134429,208.043562762617
"2019.008",203.838764957002,200.010331602056,207.667198311948,199.047915852503,208.629614061501,197.315884499194,210.361645414811
"2019.016",204.088190315806,199.933379438088,208.243001193524,198.888916846108,209.287463785504,197.009228200626,211.167152430986
"2019.024",204.371639010979,199.561456913129,209.18182110883,198.352242965808,210.391035056151,196.176056145724,212.567221876235
"2019.032",204.655087706153,199.268692789387,210.041482622919,197.914626825431,211.395548586875,195.477754086067,213.83242132624
"2019.040",204.938536401327,199.031875027569,210.845197775084,197.547021196684,212.330051605969,194.874773375128,215.002299427525
"2019.048",205.2219850965,198.837312280364,211.606657912637,197.232292914922,213.211677278079,194.343786710711,216.100183482289
