"","Point Forecast","Lo 75","Hi 75","Lo 85","Hi 85","Lo 95","Hi 95"
"2019.000",204.885408433283,202.009785730924,207.761031135641,201.28689353928,208.483923327285,199.985925697085,209.78489116948
"2019.008",204.773924387591,200.95696677164,208.590882003542,199.997435865813,209.550412909368,198.270596281016,211.277252494165
"2019.016",205.389208688166,201.244881460506,209.533535915825,200.203054314672,210.57536306166,198.328108604202,212.45030877213
"2019.024",205.680429967071,200.886244509359,210.474615424783,199.681051898439,211.679808035703,197.512102159348,213.848757774793
"2019.032",205.971651245976,200.605742167734,211.337560324218,199.256826063213,212.686476428738,196.829221374598,215.114081117354
"2019.040",206.262872524881,200.380547621496,212.145197428266,198.901811646194,213.623933403568,196.240573949618,216.285171100144
"2019.048",206.554093803786,200.197167478744,212.911020128827,198.599123201426,214.509064406146,195.723169858416,217.385017749155
