"","Point Forecast","Lo 75","Hi 75","Lo 85","Hi 85","Lo 95","Hi 95"
"2019.000",202.888499382543,200.015967808163,205.761030956923,199.293852683787,206.483146081299,197.994283306728,207.782715458358
"2019.008",204.151034020358,200.348298033709,207.953770007006,199.392342250853,208.909725789863,197.671936709844,210.630131330871
"2019.016",203.842853435717,199.717360042914,207.968346828519,198.680267465403,209.00543940603,196.813842418466,210.871864452968
"2019.024",204.119598346884,199.35175091583,208.887445777939,198.15317932435,210.086017369419,195.996145239451,212.243051454317
"2019.031",204.396343258052,199.062953855657,209.729732660446,197.722212752581,211.070473763522,195.309320373923,213.483366142181
"2019.039",204.673088169219,198.828627893939,210.517548444499,197.359410567928,211.986765770511,194.715303304868,214.630873033571
"2019.047",204.949833080387,198.635532699419,211.264133461354,197.048204001063,212.851462159711,194.191535170739,215.708130990034
