"","Point Forecast","Lo 75","Hi 75","Lo 85","Hi 85","Lo 95","Hi 95"
"2019.000",65.290001,63.4315288482396,67.1484731517604,62.9643343843085,67.6156676156915,62.1235382315057,68.4564637684943
"2019.008",65.290001,62.6617244776877,67.9182775223123,62.0010117305308,68.5789902694692,60.8119464080459,69.7680555919541
"2019.016",65.290001,62.0710328086991,68.5089691913009,61.2618282601556,69.3181737398444,59.8055266046927,70.7744753953073
"2019.024",65.290001,61.5730566964791,69.0069453035209,60.638667768617,69.941334231383,58.9570754630114,71.6229265369886
"2019.032",65.290001,61.1343309343734,69.4456710656267,60.089652354312,70.490349645688,58.2095750014246,72.3704269985755
"2019.040",65.290001,60.7376925270146,69.8423094729854,59.5933044797304,70.9866975202696,57.5337829276684,73.0462190723316
"2019.048",65.290001,60.3729458679028,70.2070561320972,59.1368655024351,71.4431364975649,56.912327978819,73.667674021181
