"","Point Forecast","Lo 75","Hi 75","Lo 85","Hi 85","Lo 95","Hi 95"
"2019.000",65.089996,63.2388582775941,66.941133722406,62.7735075888238,67.4064844111762,61.9360296240167,68.2439623759833
"2019.008",65.089996,62.4720919271531,67.7079000728469,61.8139866718346,68.3660053281654,60.6296139758157,69.5503780241843
"2019.016",65.089996,61.8837314129856,68.2962605870144,61.0777203766984,69.1022716233016,59.627165991433,70.552826008567
"2019.024",65.089996,61.3877205551881,68.7922714448119,60.4570191776477,69.7229728223523,58.7820632480334,71.3979287519666
"2019.032",65.089996,60.9507262169862,69.2292657830138,59.9101704435196,70.2698215564804,58.0375127845527,72.1424792154473
"2019.040",65.089996,60.5556531364876,69.6243388635124,59.4157813975479,70.7642106024521,57.3643877129459,72.8156042870541
"2019.048",65.089996,60.1923459439833,69.9876460560167,58.9611437490648,71.2188482509353,56.7453853256885,73.4346066743115
