"","Point Forecast","Lo 75","Hi 75","Lo 85","Hi 85","Lo 95","Hi 95"
"2019.000",64.989998,63.1461922159702,66.8338037840298,62.682684676163,67.297311323837,61.8485237724016,68.1314722275984
"2019.008",64.989998,62.3824628538431,67.5975331461569,61.7269642047855,68.2530317952145,60.5472825414848,69.4327134585152
"2019.016",64.989998,61.796432702771,68.183563297229,60.9936140941336,68.9863819058664,59.5488050271314,70.4311909728686
"2019.024",64.989998,61.3023864319404,68.6776095680596,60.3753713523259,69.6046246476741,58.7070495448032,71.2729464551968
"2019.031",64.989998,60.8671229296021,69.1128730703979,59.8306885625094,70.1493074374906,57.9654480775263,72.0145479224737
"2019.039",64.989998,60.4736146443347,69.5063813556653,59.3382576798742,70.6417383201258,57.29498910228,72.68500689772
"2019.047",64.989998,60.1117464295547,69.8682495704453,58.8854207484214,71.0945752515786,56.6784384436559,73.3015575563441
