"","Point Forecast","Lo 75","Hi 75","Lo 85","Hi 85","Lo 95","Hi 95"
"2019.000",115.313440476379,113.242309369142,117.384571583615,112.721655354252,117.905225598505,111.784649617973,118.842231334784
"2019.008",115.283495410912,112.31585360476,118.251137217064,111.569829069794,118.997161752031,110.22723062884,120.339760192984
"2019.016",115.314999614938,111.905366345671,118.724632884205,111.048231205966,119.581768023909,109.505670273562,121.124328956314
"2019.024",115.344772775378,111.679910720993,119.009634829763,110.758614557766,119.930930992989,109.100584916073,121.588960634682
"2019.032",115.358885792323,111.500569972264,119.217201612382,110.530642179953,120.187129404693,108.78509162396,121.932679960686
"2019.040",115.362095682262,111.325667366516,119.398523998008,110.310964530434,120.413226834091,108.484833643443,122.239357721082
"2019.048",115.36110417276,111.149176035385,119.573032310136,110.090354946033,120.631853399487,108.184825734615,122.537382610906
