"","Point Forecast","Lo 75","Hi 75","Lo 85","Hi 85","Lo 95","Hi 95"
"2019.000",116.15046764354,114.071752000236,118.229183286844,113.549191336781,118.7517439503,112.608754261086,119.692181025994
"2019.008",115.943359859998,112.962035570742,118.924684149255,112.212571446782,119.674148273215,110.863782878554,121.022936841443
"2019.016",115.784879753002,112.358810060668,119.210949445335,111.497543029153,120.072216476851,109.947546052432,121.622213453572
"2019.024",115.719844004468,112.036866024903,119.402821984034,111.111015766021,120.328672242916,109.444790252154,121.994897756783
"2019.032",115.710513664547,111.832167836687,119.588859492407,110.857204774545,120.56382255455,109.102592391349,122.318434937746
"2019.040",115.719166447384,111.660262774687,119.778070120081,110.639909941465,120.798422953304,108.80361092059,122.634721974178
"2019.048",115.727592142257,111.490418585692,119.964765698821,110.425251143465,121.029933141049,108.508300587201,122.946883697312
