"","Point Forecast","Lo 75","Hi 75","Lo 85","Hi 85","Lo 95","Hi 95"
"2019.000",67.2143002673311,66.1035824726581,68.3250180620041,65.8243632203441,68.6042373143181,65.3218605340778,69.1067400005844
"2019.008",67.4018122087396,65.9560109299874,68.8476134874917,65.5925562757234,69.2110681417557,64.9384576109999,69.8651668064792
"2019.016",67.7424300604813,66.122805014764,69.3620551061985,65.7156534444344,69.7692066765281,64.9829147234737,70.5019453974889
"2019.024",67.7765848517041,65.9162989664992,69.6368707369091,65.4486485548029,70.1045211486053,64.6070318462006,70.9461378572076
"2019.032",67.9096035064961,65.9399598338415,69.8792471791506,65.4448183710495,70.3743886419426,64.5537268253453,71.2654801876468
"2019.040",67.9786780543428,65.9207627087207,70.0365933999649,65.4034309554294,70.5539251532562,64.472404195758,71.4849519129275
"2019.048",68.0545960915405,65.9411553671603,70.1680368159207,65.4098652935687,70.6993268895124,64.4537181548814,71.6554740281996
