"","Point Forecast","Lo 75","Hi 75","Lo 85","Hi 85","Lo 95","Hi 95"
"2019.000",66.286809006597,65.1741243953122,67.3994936178817,64.8944107122198,67.6792073009741,64.3910182134057,68.1825997997882
"2019.008",66.5806983633732,65.1329005326221,68.0284961941242,64.7689439725103,68.392452754236,64.1139420425763,69.0474546841701
"2019.016",66.8792647673113,65.2572957916525,68.5012337429701,64.8495549894145,68.9089745452081,64.1157558450972,69.6427736895254
"2019.024",67.0891589742243,65.2237732972338,68.9545446512148,64.7548408676783,69.4234770807703,63.9109169491943,70.2674009992543
"2019.032",67.2859083814396,65.3066651315032,69.2651516313761,64.8091104663621,69.7627062965172,63.9136759512787,70.6581408116006
"2019.040",67.4459361442626,65.3738538361612,69.5180184523641,64.8529607023913,70.0389115861339,63.9155246308891,70.9763476576361
"2019.048",67.5851728013316,65.4532921338831,69.71705346878,64.9173665109729,70.2529790916902,63.9528769103472,71.2174686923159
