"","Point Forecast","Lo 75","Hi 75","Lo 85","Hi 85","Lo 95","Hi 95"
"2019.000",66.4829342050016,65.3539044349343,67.6119639750689,65.0700818026236,67.8957866073796,64.5592945486025,68.4065738614007
"2019.008",66.7005066703327,65.199491653227,68.2015216874383,64.8221570207953,68.5788563198701,64.1430789670907,69.2579343735747
"2019.016",66.5232917861358,64.823619317841,68.2229642544305,64.3963449210032,68.6502386512683,63.6273917402878,69.4191918319837
"2019.024",66.6279393267254,64.6466422049812,68.6092364484696,64.1485712245769,69.1073074288739,63.2522075120812,70.0036711413696
"2019.031",66.5801109107614,64.418197178191,68.7420246433317,63.8747216537412,69.2855001677815,62.8966447170947,70.2635771044281
"2019.039",66.5951918813117,64.2353366662648,68.9550470963586,63.6421013621445,69.5482824004789,62.5744732117287,70.6159105508947
"2019.047",66.5946872407318,64.0641546500231,69.1252198314405,63.4280133895494,69.7613610919142,62.2831686498558,70.9062058316079
