"","Point Forecast","Lo 75","Hi 75","Lo 85","Hi 85","Lo 95","Hi 95"
"2019.000",92.919998,90.9223395875433,94.9176564124567,90.4201556025743,95.4198403974257,89.5163898365838,96.3236061634162
"2019.008",92.919998,90.0948823801151,95.7451136198849,89.3846869777653,96.4553090222347,88.1065691742931,97.7334268257069
"2019.016",92.919998,89.4599521334577,96.3800438665423,88.5901439567439,97.2498520432561,87.024775731907,98.815220268093
"2019.024",92.919998,88.9246811750867,96.9153148249133,87.9203132051486,97.9196827948514,86.1127816731677,99.7272143268323
"2019.031",92.919998,88.4530979939226,97.3868980060774,87.3301804663201,98.5098155336799,85.3092987778282,100.530697222172
"2019.039",92.919998,88.0267542091029,97.8132417908971,86.7966596889313,99.0433363110687,84.582894715259,101.257101284741
"2019.047",92.919998,87.6346906361836,98.2053053638164,86.3060366995561,99.5339593004439,83.9148972392915,101.925098760708
