"","Point Forecast","Lo 75","Hi 75","Lo 85","Hi 85","Lo 95","Hi 95"
"2019.000",93.089996,91.0817974645817,95.0981945354183,90.5769638369521,95.6030281630479,89.6684295868991,96.5115624131009
"2019.008",93.089996,90.2499743952736,95.9300176047264,89.5360318323378,96.6439601676622,88.2511703740325,97.9288216259675
"2019.016",93.089996,89.6116941049701,96.5682978950299,88.7372966125463,97.4426953874537,87.1636691310381,99.0163228689619
"2019.024",93.089996,89.0735989291634,97.1063930708366,88.0639316739041,98.1160603260959,86.2468631737982,99.9331288262018
"2019.032",93.089996,88.5995275624891,97.5804644375109,87.4706852537815,98.7093067462185,85.4391409107763,100.740851089224
"2019.040",93.089996,88.1709342860207,98.0090577139793,86.9343494933299,99.2456425066701,84.7089041668579,101.471087833142
"2019.048",93.089996,87.776802092039,98.403189907961,86.4411378598684,99.7388541401316,84.0373821766437,102.142609823356
