"","Point Forecast","Lo 75","Hi 75","Lo 85","Hi 85","Lo 95","Hi 95"
"2019.000",56.470001,55.0893961551789,57.8506058448211,54.7423309921278,58.1976710078722,54.1177280132954,58.8222739867046
"2019.008",56.470001,54.517530904176,58.422471095824,54.0267066435619,58.9132953564381,53.1433846397985,59.7966173602015
"2019.016",56.470001,54.0787232635942,58.8612787364058,53.4775887676524,59.4624132323476,52.3957446737559,60.5442573262441
"2019.024",56.470001,53.7087913103579,59.2312106896421,53.0146609842555,59.9253410157445,51.7654550265909,61.1745469734091
"2019.032",56.470001,53.3828747169145,59.5571272830855,52.6068134197101,60.3331885802899,51.2101587000922,61.7298432999079
"2019.040",56.470001,53.088223593774,59.851778406226,52.2380910368028,60.7019109631972,50.7081324468412,62.2318695531588
"2019.048",56.470001,52.8172639217525,60.1227380782475,51.8990158115851,61.0409861884149,50.2464716614446,62.6935303385554
