"","Point Forecast","Lo 75","Hi 75","Lo 85","Hi 85","Lo 95","Hi 95"
"2019.000",56.900002,55.523499967718,58.276504032282,55.1774661955881,58.6225378044119,54.5547193806995,59.2452846193005
"2019.008",56.900002,54.9533341573126,58.8466698426874,54.4639685037274,59.3360354962726,53.5832715121873,60.2167324878127
"2019.016",56.900002,54.5158305433657,59.2841734566343,53.916482468902,59.883521531098,52.8378533452633,60.9621506547367
"2019.024",56.900002,54.1469979354359,59.6530060645641,53.4549303911762,60.3450736088238,52.2094367613989,61.5905672386011
"2019.031",56.900002,53.8220498846508,59.9779541153492,53.0482948476577,60.7517091523423,51.6557906367953,62.1442133632047
"2019.039",56.900002,53.5282743910049,60.2717296089951,52.6806682155162,61.1193357844838,51.1552562800957,62.6447477199043
"2019.047",56.900002,53.2581199434067,60.5418840565933,52.3426006371215,61.4574033628785,50.6949674351686,63.1050365648314
