"","Point Forecast","Lo 75","Hi 75","Lo 85","Hi 85","Lo 95","Hi 95"
"2019.000",215.910004,212.791566812621,219.028441187379,212.007634382597,219.812373617402,210.596814216462,221.223193783538
"2019.008",215.910004,211.4998678362,220.3201401638,210.391219961677,221.428788038323,208.396018948658,223.423989051342
"2019.016",215.910004,210.508712351247,221.311295648753,209.150901552746,222.669106447254,206.707289344655,225.112718655344
"2019.024",215.910004,209.673129625242,222.146878374758,208.105264765195,223.714743234805,205.283624432923,226.536383567077
"2019.032",215.910004,208.936966465457,222.883041534543,207.184040262158,224.635967737842,204.029350466651,227.790657533349
"2019.040",215.910004,208.271424096001,223.548583903999,206.351189649624,225.468818350376,202.895400123762,228.924607876238
"2019.048",215.910004,207.659394723019,224.160613276981,205.585304468499,226.234703531501,201.852625164268,229.967382835732
