"","Point Forecast","Lo 75","Hi 75","Lo 85","Hi 85","Lo 95","Hi 95"
"2019.000",214.990005,211.882536585588,218.097473414412,211.10136155497,218.87864844503,209.695503799544,220.284506200455
"2019.008",214.990005,210.595381023692,219.384628976308,209.490632700805,220.489377299195,207.502449596315,222.477560403685
"2019.016",214.990005,209.607711823322,220.372298176678,208.254676980688,221.725333019312,205.819659920077,224.160350079923
"2019.024",214.990005,208.775068171175,221.204941828825,207.212718109939,222.767291890061,204.401002599089,225.579007400911
"2019.031",214.990005,208.04149438744,221.93851561256,206.294733916653,223.685276083347,203.151140408827,226.828869591173
"2019.039",214.990005,207.378292992874,222.601717007126,205.464812768057,224.515197231943,202.021178616331,227.958831383669
"2019.047",214.990005,206.768416368477,223.211593631523,204.701621507048,225.278388492952,200.982071507462,228.997938492538
