"","Point Forecast","Lo 75","Hi 75","Lo 85","Hi 85","Lo 95","Hi 95"
"2019.000",25.1693633316446,24.7084408459637,25.6302858173255,24.5925712412417,25.7461554220475,24.384044117317,25.9546825459722
"2019.008",25.1664748541035,24.4669322881686,25.8660174200383,24.2910768610215,26.0418728471854,23.9745950145743,26.3583546936326
"2019.016",25.1446738515049,24.3025363260304,25.9868113769793,24.0908344776074,26.1985132254023,23.7098408797862,26.5795068232235
"2019.024",25.1604571592895,24.2047613308991,26.11615298768,23.9645124792803,26.3564018392988,23.5321436783815,26.7887706401976
"2019.031",25.1682201760012,24.0857012273762,26.2507391246262,23.8135707790297,26.5228695729727,23.3238256050286,27.0126147469738
"2019.039",25.1507492632733,23.9636658317975,26.337832694749,23.6652493035303,26.6362492230163,23.1281978436549,27.1733006828917
"2019.047",25.155303445947,23.8840643224141,26.4265425694799,23.5644922049172,26.7461146869768,22.989367652555,27.321239239339
