"","Point Forecast","Lo 75","Hi 75","Lo 85","Hi 85","Lo 95","Hi 95"
"2019.000",24.5004658749738,24.0495072711213,24.9514244788264,23.9361424499253,25.0647893000223,23.732123111334,25.2688086386137
"2019.008",24.4811818376847,23.7994225049737,25.1629411703956,23.628037539278,25.3343261360914,23.3196010509841,25.6427626243852
"2019.016",24.407536129194,23.5734182336505,25.2416540247375,23.3637324104357,25.4513398479523,22.9863669939604,25.8287052644277
"2019.024",24.4112505276184,23.4329106964771,25.3895903587598,23.1869694524721,25.6355316027648,22.7443562202113,26.0781448350256
"2019.032",24.4767040370371,23.3511459811771,25.6022620928971,23.0681960903043,25.8852119837699,22.558979483412,26.3944285906622
"2019.040",24.4675029030959,23.2242623820063,25.7107434241856,22.9117287299752,26.0232770762167,22.3492710971554,26.5857347090365
"2019.048",24.4057796609018,23.0702379456409,25.7413213761627,22.7345010366279,26.0770582851757,22.1302851838182,26.6812741379854
