"","Point Forecast","Lo 75","Hi 75","Lo 85","Hi 85","Lo 95","Hi 95"
"2019.000",132.460007,129.791306173049,135.128707826951,129.120431308953,135.799582691047,127.913077523126,137.006936476874
"2019.008",132.460007,128.68589409661,136.23411990339,127.73713376515,137.18288023485,126.029677666651,138.890336333349
"2019.016",132.460007,127.837681577521,137.082332422479,126.675692227385,138.244321772615,124.584494127622,140.335519872378
"2019.024",132.460007,127.122605346099,137.797408653901,125.780855617906,139.139158382094,123.366148046252,141.553865953748
"2019.032",132.460007,126.492610539329,138.427403460671,124.992488738813,139.927525261187,122.292763600812,142.627250399188
"2019.040",132.460007,125.923051697828,138.996962302172,124.279750599532,140.640263400468,121.322349885239,143.597664114761
"2019.048",132.460007,125.399288288256,139.520725711743,123.624320237013,141.295693762987,120.429962375243,144.490051624757
