"","Point Forecast","Lo 75","Hi 75","Lo 85","Hi 85","Lo 95","Hi 95"
"2019.000",131.839996,129.181147029317,134.498844970683,128.512748787053,135.167243212947,127.309852104788,136.370139895212
"2019.008",131.839996,128.079815725358,135.600176274642,127.134557866083,136.545434133917,125.43340506389,138.24658693611
"2019.016",131.839996,127.234734493124,136.445257506876,126.077034777834,137.602957222166,123.993556607896,139.686435392104
"2019.024",131.839996,126.522298058633,137.157693941367,125.185501574107,138.494490425893,122.779708209577,140.900283790423
"2019.031",131.839996,125.894628959647,137.785363040353,124.400045053904,139.279946946096,121.710286302451,141.969705697549
"2019.039",131.839996,125.327172718701,138.352819281299,123.689938080183,139.990053919817,120.743454995347,142.936537004653
"2019.047",131.839996,124.805342849892,138.874649150108,123.03692732411,140.64306467589,119.854361849933,143.825630150067
