"","Point Forecast","Lo 75","Hi 75","Lo 85","Hi 85","Lo 95","Hi 95"
"2019.000",5.31805481849357,5.14252767834781,5.49358195863933,5.09840255757693,5.53770707941021,5.01899187391011,5.61711776307702
"2019.008",5.33610963698714,5.08264017175621,5.58957910221807,5.01892141717639,5.65329785679788,4.90424864631066,5.76797062766361
"2019.016",5.3541644554807,5.03727575712091,5.6710531538405,4.95761427528715,5.75071463567426,4.81424984650341,5.894079064458
"2019.024",5.37221927397427,4.99881295710624,5.7456255908423,4.90494371947878,5.83949482846976,4.73601000994888,6.00842853799967
"2019.032",5.39027409246784,4.96436831731464,5.81617986762104,4.85730143438108,5.92324675055461,4.66461631027733,6.11593187465835
"2019.040",5.40832891096141,4.93249672293509,5.88416109898773,4.81287902309734,6.00377879882548,4.59760656249398,6.21905125942884
"2019.048",5.42638372945498,4.9023595205159,5.95040793839405,4.77062700617596,6.082140452734,4.53355186978817,6.31921558912179
