"","Point Forecast","Lo 75","Hi 75","Lo 85","Hi 85","Lo 95","Hi 95"
"2019.000",5.2547486306231,5.07975892488936,5.42973833635683,5.03576890777435,5.47372835347185,4.95660136618829,5.5528958950579
"2019.008",5.26949726124619,5.01687655832867,5.52211796416372,4.95337117097829,5.58562335151409,4.83908239084769,5.6999121316447
"2019.016",5.28424589186929,4.96850651665058,5.599985267088,4.88913395892487,5.67935782481371,4.74628949837119,5.8222022853674
"2019.024",5.29899452249239,4.9270433382627,5.67094570672208,4.83353990106559,5.76444914391919,4.66526451182473,5.93272453316004
"2019.032",5.31374315311548,4.88960862672574,5.73787767950523,4.78298701149002,5.84449929474095,4.59110322258227,6.0363830836487
"2019.040",5.32849178373858,4.85475928758104,5.80222427989612,4.73566942154275,5.92131414593441,4.52134688792306,6.1356366795541
"2019.048",5.34324041436168,4.82165752205836,5.864823306665,4.69053872130882,5.99594210741454,4.45456806724172,6.23191276148164
