"","Point Forecast","Lo 75","Hi 75","Lo 85","Hi 85","Lo 95","Hi 95"
"2019.000",33.380001,32.6999477987275,34.0600542012725,32.5289917311253,34.2310102688747,32.2213271181314,34.5386748818686
"2019.008",33.380001,32.4182605396251,34.3417414603749,32.1764921502522,34.5835098497478,31.741388681894,35.018613318106
"2019.016",33.380001,32.2021143035461,34.5578876964539,31.9060097085969,34.8539922914031,31.3731189672006,35.3868830327994
"2019.024",33.380001,32.0198945974549,34.7401074025451,31.6779824622505,35.0820195377495,31.0626532362629,35.6973487637371
"2019.032",33.380001,31.8593558136382,34.9006461863618,31.4770864253137,35.2829155746863,30.7891274363883,35.9708745636117
"2019.040",33.380001,31.714217658936,35.045784341064,31.2954625248779,35.4645394751221,30.5418412111322,36.2181607888678
"2019.048",33.380001,31.5807493511395,35.1792526488605,31.1284421111466,35.6315598888534,30.3144380579499,36.4455639420501
