"","Point Forecast","Lo 75","Hi 75","Lo 85","Hi 85","Lo 95","Hi 95"
"2019.000",33.84,33.1610208718471,34.5189791281529,32.9903348115275,34.6896651884725,32.6831561227085,34.9968438772915
"2019.008",33.84,32.879778508398,34.800221491602,32.6383919669859,35.0416080330141,32.2039756991861,35.4760243008139
"2019.016",33.84,32.6639736527604,35.0160263472396,32.3683367241431,35.3116632758569,31.8362876281062,35.8437123718938
"2019.024",33.84,32.4820417436943,35.1979582563057,32.140669623055,35.539330376945,31.5263122454171,36.1536877545829
"2019.032",33.84,32.3217565141467,35.3582434858533,31.9400908804603,35.7399091195397,31.2532184510219,36.4267815489781
"2019.040",33.84,32.1768475900257,35.5031524099743,31.7587538360367,35.9212461639633,31.0063227885731,36.673677211427
"2019.048",33.84,32.0435900815041,35.6364099184959,31.591997213633,36.088002786367,30.7792787949591,36.9007212050409
