"","Point Forecast","Lo 75","Hi 75","Lo 85","Hi 85","Lo 95","Hi 95"
"2019.000",33.5,32.8228235794933,34.1771764205067,32.6525906952041,34.3474093047959,32.346227573975,34.653772426025
"2019.008",33.5,32.5423279220002,34.4576720779998,32.3015822682765,34.6984177317235,31.8683193872233,35.1316806127767
"2019.016",33.5,32.3270960339948,34.6729039660052,32.0322440292869,34.9677559707131,31.5016075377527,35.4983924622473
"2019.024",33.5,32.1456471589867,34.8543528410133,31.8051813904083,35.1948186095917,31.1924551479499,35.8075448520501
"2019.031",33.5,31.9857874909871,35.0142125090129,31.6051351897106,35.3948648102894,30.9200864248432,36.0799135751568
"2019.039",33.5,31.8412633039143,35.1587366960857,31.4242795999635,35.5757204000365,30.6738462769456,36.3261537230544
"2019.047",33.5,31.7083595976225,35.2916404023775,31.257965720828,35.742034279172,30.4474050911741,36.5525949088259
