"","Point Forecast","Lo 75","Hi 75","Lo 85","Hi 85","Lo 95","Hi 95"
"2019.000",169.960007,167.30087937624,172.61913462376,166.632411084407,173.287602915593,165.429388335989,174.490625664011
"2019.008",169.960007,166.199432650398,173.720581349602,165.254075726071,174.665938273929,163.552744639415,176.367269360585
"2019.016",169.960007,165.354262851838,174.565751148162,164.196441807135,175.723572192865,162.112745284214,177.807268715786
"2019.024",169.960007,164.641751752481,175.278262247519,163.304815168814,176.615198831186,160.898769671979,179.021244328021
"2019.032",169.960007,164.014016872426,175.905997127574,162.519276331084,177.400737668916,159.829235687143,180.090778312857
"2019.040",169.960007,163.446501160849,176.473512839151,161.809094936628,178.110919063372,158.862303054044,181.057710945956
"2019.048",169.960007,162.92461660315,176.99539739685,161.156015743627,178.763998256373,157.97311672976,181.94689727024
