"","Point Forecast","Lo 75","Hi 75","Lo 85","Hi 85","Lo 95","Hi 95"
"2019.000",168.860001,166.192592039149,171.527409960851,165.522041932509,172.197960067491,164.315272603138,173.404729396862
"2019.008",168.860001,165.087715071169,172.632286928831,164.139414016108,173.580587983892,162.432784463855,175.287217536145
"2019.016",168.860001,164.239913155241,173.480088844759,163.07848630152,174.64151569848,160.988300510033,176.731701489967
"2019.024",168.860001,163.525183078297,174.194818921703,162.184082865018,175.535919134982,159.770544206275,177.949457793725
"2019.032",168.860001,162.895493239744,174.824508760256,161.396097618978,176.323904381022,158.697679365342,179.022322634658
"2019.040",168.860001,162.326210110587,175.393791889413,160.683704502351,177.036297497649,157.72773540815,179.99226659185
"2019.048",168.860001,161.802700244682,175.917301755318,160.028591420906,177.691410579094,156.835779885569,180.884222114431
