"","Point Forecast","Lo 75","Hi 75","Lo 85","Hi 85","Lo 95","Hi 95"
"2019.000",20.5625131059834,19.47521349232,21.6498127196468,19.2018812502109,21.9231449617559,18.7099732432784,22.4150529686885
"2019.008",20.5625131059834,19.1890767311981,21.9359494807688,18.8438136234063,22.2812125885605,18.2224537504886,22.9025724614782
"2019.016",20.5625131059834,18.9530304247177,22.1719957872492,18.5484285060029,22.5765977059639,17.8202783181569,23.30474789381
"2019.024",20.5625131059834,18.7474259105558,22.377600301411,18.291137830881,22.8338883810858,17.4699695774469,23.65505663452
"2019.032",20.5625131059834,18.5628509963469,22.56217521562,18.0601633093294,23.0648629026374,17.1554910455587,23.9695351664082
"2019.040",20.5625131059834,18.3939293334658,22.7310968785011,17.8487770522593,23.2762491597076,16.8676825057328,24.257343706234
"2019.048",20.5625131059834,18.2372469697879,22.887779242179,17.6527068867052,23.4723193252616,16.600727270167,24.5242989417998
