"","Point Forecast","Lo 75","Hi 75","Lo 85","Hi 85","Lo 95","Hi 95"
"2019.000",20.8158471039288,19.73241021397,21.8992839938876,19.4600490077351,22.1716452001225,18.9698885455409,22.6618056623167
"2019.008",20.8158471039288,19.4463337977878,22.1853604100698,19.1020568957622,22.5296373120954,18.4824718683918,23.1492223394658
"2019.016",20.8158471039288,19.2104506118214,22.4212435960362,18.8068759051375,22.8248183027201,18.0805743606089,23.5511198472487
"2019.024",20.8158471039288,19.0050381416017,22.6266560662559,18.5498255511765,23.0818686566811,17.7305928241521,23.9011013837055
"2019.032",20.8158471039288,18.8206628269213,22.8110313809363,18.3191008057432,23.3125934021144,17.416454369717,24.2152398381406
"2019.040",20.8158471039288,18.6519405670397,22.9797536408179,18.1079640788576,23.523730129,17.1289855724981,24.5027086353595
"2019.048",20.8158471039288,18.4954543135666,23.136239894291,17.9121393229299,23.7195548849277,16.8623644692793,24.7693297385783
