"","Point Forecast","Lo 75","Hi 75","Lo 85","Hi 85","Lo 95","Hi 95"
"2019.000",68.4797956176117,67.698498875343,69.2610923598804,67.502091567152,69.4574996680714,67.1486231041058,69.8109681311176
"2019.008",68.3709416828415,67.3575505407992,69.3843328248839,67.1027978769455,69.6390854887376,66.6443269912201,70.097556374463
"2019.016",68.4752539447765,67.3118629400937,69.6386449494593,67.019402363668,69.931105525885,66.4930696553645,70.4574382341885
"2019.024",68.4752539447765,67.0976633808932,69.8528445086598,66.7513559668164,70.1991519227366,66.1281166865542,70.8223912029989
"2019.031",68.4752539447765,66.9125534316827,70.0379544578704,66.5197119097863,70.4307959797668,65.8127265626301,71.1377813269229
"2019.039",68.4752539447765,66.7471596112555,70.2033482782975,66.312740346481,70.637767543072,65.5309287568221,71.419579132731
"2019.047",68.4752539447765,66.5962682722737,70.3542396172793,66.1239169899758,70.8265908995773,65.2738402626406,71.6766676269124
