"","Point Forecast","Lo 75","Hi 75","Lo 85","Hi 85","Lo 95","Hi 95"
"2019.000",68.0493990957561,67.2665668113263,68.8322313801859,67.0697734888514,69.0290247026608,66.7156103272378,69.3831878642744
"2019.008",68.0745399326537,67.0580280269732,69.0910518383342,66.8024908458516,69.3465890194559,66.3426080874445,69.806471777863
"2019.016",68.012190390672,66.844878361111,69.179502420233,66.551432092694,69.47294868865,66.0233254634686,70.0010553178754
"2019.024",68.012190390672,66.6299860361218,69.3943947452222,66.2825187782156,69.7418620031284,65.6571921610844,70.3671886202597
"2019.032",68.012190390672,66.4442744550693,69.5801063262747,66.0501218473323,69.9742589340117,65.3407769775024,70.6836038038416
"2019.040",68.012190390672,66.2783415262964,69.7460392550476,65.8424756512215,70.1819051301225,65.0580606394993,70.9663201418447
"2019.048",68.012190390672,66.1269574109382,69.8974233704058,65.6530356411029,70.3713451402411,64.8001325534803,71.2242482278637
