"","Point Forecast","Lo 75","Hi 75","Lo 85","Hi 85","Lo 95","Hi 95"
"2019.000",32.2219969682352,31.6378703239045,32.8061236125658,31.4910288798682,32.9529650566022,31.2267626465336,33.2172312899367
"2019.008",32.1983320362168,31.3979574907688,32.9987065816648,31.196754283957,33.1999097884766,30.8346547830436,33.56200928939
"2019.016",32.1970809650043,31.2951876935703,33.0989742364384,31.0684640684294,33.3256978615793,30.6604362203165,33.7337257096922
"2019.024",32.2025808795732,31.2023516362064,33.20281012294,30.9509076935461,33.4542540656002,30.4983914161583,33.9067703429881
"2019.032",32.2025194881102,31.1009393952937,33.3040995809268,30.8240172361679,33.5810217400526,30.325648561035,34.0793904151855
"2019.040",32.2012635447669,31.0090865852308,33.393440504303,30.7093896137191,33.6931374758147,30.17003377775,34.2324933117839
"2019.048",32.2013570676476,30.9272325357054,33.4754815995899,30.606935066024,33.7957790692713,30.0305051186428,34.3722090166525
