"","Point Forecast","Lo 75","Hi 75","Lo 85","Hi 85","Lo 95","Hi 95"
"2019.000",31.9146270273404,31.3314391789332,32.4978148757475,31.1848337353436,32.6444203193371,30.9209922250807,32.9082618296
"2019.008",31.8807253419801,31.0862458269364,32.6752048570237,30.886524550089,32.8749261338712,30.5270920350004,33.2343586489598
"2019.016",31.86317613564,30.9741166995054,32.7522355717747,30.7506193249151,32.975732946365,30.3483976651463,33.3779546061337
"2019.024",31.80459838064,30.8211899992897,32.7880067619904,30.5739745911303,33.0352221701498,30.1290682830696,33.4801284782105
"2019.032",31.7450612188717,30.6621840697741,32.8279383679692,30.3899635747312,33.1001588630122,29.9000563463356,33.5900660914077
"2019.040",31.6957097750246,30.524721245574,32.8666983044752,30.2303507554013,33.1610687946479,29.7005808314314,33.6908387186178
"2019.048",31.6458322749368,30.3955848037551,32.8960797461184,30.0812897003679,33.2103748495056,29.5156620352855,33.7760025145881
