"","Point Forecast","Lo 75","Hi 75","Lo 85","Hi 85","Lo 95","Hi 95"
"2019.000",67.690002,66.0300950142129,69.3499089857871,65.6128171154478,69.7671868845522,64.8618543386646,70.5181496613355
"2019.008",67.690002,65.3425390284221,70.0374649715779,64.7524189647098,70.6275850352902,63.6903972209457,71.6896067790543
"2019.016",67.690002,64.8149587647783,70.5650452352217,64.0922122432414,71.2877917567586,62.7915065592599,72.5884974407401
"2019.024",67.690002,64.3701880284259,71.0098159715741,63.5356322308955,71.8443717691045,62.0337066773291,73.3462973226709
"2019.031",67.690002,63.9783371434534,71.4016668565467,63.0452753963062,72.3347286036938,61.3660715788469,74.0139324211531
"2019.039",67.690002,63.6240768643405,71.7559271356596,62.6019589314251,72.778045068575,60.7624833124826,74.6175206875174
"2019.047",67.690002,63.2983009161086,72.0817030838914,62.1942873683724,73.1857166316276,60.2074266171375,75.1725773828625
