"","Point Forecast","Lo 75","Hi 75","Lo 85","Hi 85","Lo 95","Hi 95"
"2019.000",68.040001,66.367339467146,69.712662532854,65.9468552498067,70.1331467501933,65.190122155672,70.889879844328
"2019.008",68.040001,65.6745003749781,70.4055016250219,65.0798458920531,71.0001561079469,64.0096636872312,72.0703383127689
"2019.016",68.040001,65.1428662412308,70.9371357587692,64.4145662130184,71.6654357869816,63.1038660462082,72.9761359537918
"2019.024",68.040001,64.694677934292,71.385324065708,63.8537094996134,72.2262925003866,62.340243311344,73.7397586886561
"2019.032",68.040001,64.2998161091894,71.7801858908106,63.359584815753,72.720417184247,61.667478176444,74.412523823556
"2019.040",68.040001,63.9428337321261,72.1371682678739,62.9128619547514,73.1671400452486,61.0592520026437,75.0207499973563
"2019.048",68.040001,63.6145545564842,72.4654474435158,62.5020578871769,73.5779441128232,60.4999303112439,75.5800716887561
