"","Point Forecast","Lo 75","Hi 75","Lo 85","Hi 85","Lo 95","Hi 95"
"2019.000",67.690002,66.1872162323658,69.1927877676342,65.8094364574857,69.5705675425144,65.1295572939928,70.2504467060072
"2019.013",67.690002,65.5647419860704,69.8152620139296,65.0304807048447,70.3495232951553,64.0689863710582,71.3110176289418
"2019.025",67.690002,65.0871006975661,70.2929033024339,64.4327669334018,70.9472370665982,63.2551816792247,72.1248223207753
"2019.038",67.690002,64.6844304647316,70.6955735352684,63.9288709149713,71.4511330850287,62.5691125879856,72.8108914120145
"2019.051",67.690002,64.3296708679507,71.0503331320493,63.4849296107941,71.8950743892059,61.9646735847384,73.4153304152616
"2019.063",67.690002,64.0089436765794,71.3710603234206,63.0835759929796,72.2964280070204,61.4182189556718,73.9617850443282
"2019.076",67.690002,63.7140045850326,71.6659994149674,62.7144932503498,72.6655107496503,60.915702062173,74.464301937827
