"","Point Forecast","Lo 75","Hi 75","Lo 85","Hi 85","Lo 95","Hi 95"
"2019.000",40.9666319200098,40.1625273897565,41.7707364502631,39.9603865158132,41.9728773242064,39.5965995229073,42.3366643171123
"2019.008",40.9666319200098,39.6914480495779,42.2418157904417,39.3708842766983,42.5623795633213,38.793975071274,43.1392887687456
"2019.016",40.9666319200098,39.3524436685207,42.5808201714989,38.9466588338521,42.9866050061675,38.2163797869124,43.7168840531072
"2019.024",40.9666319200098,39.0731923199482,42.8600715200714,38.5972075180782,43.3360563219413,37.7405916523047,44.1926721877149
"2019.031",40.9666319200098,38.8301340082586,43.103129831761,38.2930476733222,43.6402161666974,37.3264691733592,44.6067946666604
"2019.039",40.9666319200098,38.6120336241739,43.3212302158456,38.0201198375972,43.9131440024224,36.9548699834847,44.9783938565348
"2019.047",40.9666319200098,38.4124896094505,43.520774230569,37.7704131885287,44.1628506514909,36.6148871149231,45.3183767250965
