"","Point Forecast","Lo 75","Hi 75","Lo 85","Hi 85","Lo 95","Hi 95"
"2019.000",41.199963859779,40.3928634873834,42.0070642321746,40.1899694997265,42.2099582198315,39.8248271501932,42.5751005693647
"2019.008",41.199963859779,39.9184109237581,42.4815167957999,39.5962460549564,42.8036816646016,39.0164554042335,43.3834723153245
"2019.016",41.199963859779,39.5772054536918,42.8227222658661,39.1692661994483,43.2306615201096,38.4351099068862,43.9648178126718
"2019.024",41.199963859779,39.2962013322485,43.1037263873094,38.8176214876923,43.5823062318657,37.9563353998262,44.4435923197317
"2019.032",41.199963859779,39.0516438934025,43.3482838261555,38.5115856557298,43.8883420638282,37.5396587097124,44.8602690098455
"2019.040",41.199963859779,38.8322126915532,43.5677150280047,38.2369924528677,44.1629352666903,37.1657920740227,45.2341356455353
"2019.048",41.199963859779,38.6314599155856,43.7684678039724,37.9857731765212,44.4141545430368,36.8237497194083,45.5761780001497
