"","Point Forecast","Lo 75","Hi 75","Lo 85","Hi 85","Lo 95","Hi 95"
"2019.000",40.1960579882442,39.3900922441116,41.0020237323769,39.1874834864715,41.2046324900169,38.8228544570208,41.5692615194677
"2019.008",40.1960579882442,38.9165853019632,41.4755306745252,38.5949433794759,41.7971725970126,38.0160938598733,42.3760221166152
"2019.016",40.1960579882442,38.5760209734934,41.8160950029951,38.1687658397869,42.2233501367015,37.435840738859,42.9562752376294
"2019.024",40.1960579882442,38.2955345068353,42.0965814696531,37.8177689141445,42.5743470623439,36.9579482114418,43.4341677650466
"2019.032",40.1960579882442,38.0514230361812,42.3406929403072,37.5122911606738,42.8798248158146,36.5420313614334,43.8500846150551
"2019.040",40.1960579882442,37.83238951491,42.5597264615784,37.2381956098445,43.153920366644,36.1688422934667,44.2232736830217
"2019.048",40.1960579882442,37.6319990524828,42.7601169240056,36.9874297277039,43.4046862487845,35.8274172482564,44.5646987282321
