"","Point Forecast","Lo 75","Hi 75","Lo 85","Hi 85","Lo 95","Hi 95"
"2019.000",89.690002,88.0972992762199,91.2827047237801,87.6969156091668,91.6830883908332,86.9763568849242,92.4036471150758
"2019.008",89.690002,87.4375802072016,91.9424237927984,86.8713521951024,92.5086518048976,85.8523282747923,93.5276757252077
"2019.016",89.690002,86.9313599610595,92.4486440389405,86.2378751072028,93.1421288927972,84.9898307869776,94.3901732130224
"2019.024",89.690002,86.5045965524398,92.8754074475602,85.7038292183336,93.6761747816664,84.2627117698484,95.1172922301516
"2019.031",89.690002,86.1286104416786,93.2513935583214,85.2333253450672,94.1466786549328,83.6221070558803,95.7578969441198
"2019.039",89.690002,85.7886930147978,93.5913109852022,84.8079573291733,94.5720466708267,83.0429561250681,96.3370478749319
"2019.047",89.690002,85.4761066804227,93.9038973195773,84.416791068388,94.963212931612,82.5103718790242,96.8696321209759
