"","Point Forecast","Lo 75","Hi 75","Lo 85","Hi 85","Lo 95","Hi 95"
"2019.000",90.9958830595777,88.9364819377835,93.0552841813719,88.4187766806968,93.5729894384586,87.4870777372167,94.5046883819386
"2019.013",92.1253015993713,89.4025258799432,94.8480773187994,88.7180573279459,95.5325458707966,87.4862393813216,96.764363817421
"2019.025",93.1021028391733,89.9737727399884,96.2304329383582,89.1873533673314,97.0168523110153,87.772057523592,98.4321481547546
"2019.038",93.9469098159149,90.5467019501414,97.3471176816883,89.691936227879,98.2018834039507,88.1536394664429,99.7401801653868
"2019.051",94.6775587943045,91.087420935855,98.2676966527541,90.1849094128128,99.1702081757963,88.5606859362561,100.794431652353
"2019.063",95.3094758408244,91.583594204449,99.0353574771997,90.6469585534235,99.9719931282252,88.9613228861387,101.65762879551
"2019.076",95.8560025116239,92.0317329692399,99.6802720540079,91.0703639451792,100.641641078069,89.3402163529909,102.371788670257
