"","Point Forecast","Lo 75","Hi 75","Lo 85","Hi 85","Lo 95","Hi 95"
"2019.000",91.7244427458438,89.7180644316175,93.7308210600701,89.213688382684,94.2351971090036,88.305977623569,95.1429078681185
"2019.013",92.788621302724,90.1396200151681,95.4376225902799,89.4736973456678,96.1035452597802,88.275255878984,97.3019867264639
"2019.025",93.7060183792124,90.6661988823759,96.745837876049,89.9020298637944,97.5100068946304,88.5267773286762,98.8852594297487
"2019.038",94.4968794527685,91.1964584003699,97.7973005051671,90.366777717309,98.6269811882279,88.8736257640459,100.120133141491
"2019.051",95.178657554853,91.69717877527,98.6601363344361,90.8219826575483,99.5353324521578,89.2469179135513,101.110397196155
"2019.063",95.7663984312524,92.1562406562723,99.3765562062325,91.2486964002066,100.284100462298,89.6154156618651,101.91738120064
"2019.076",96.2730725774806,92.5701803135696,99.9759648413915,91.6393238761494,100.906821278812,89.9640888898245,102.582056265137
