"","Point Forecast","Lo 75","Hi 75","Lo 85","Hi 85","Lo 95","Hi 95"
"2019.000",91.3331457603714,89.2987537415462,93.3675377791965,88.7873354306717,93.878956090071,87.8669509196094,94.7993406011333
"2019.013",92.4326349099837,89.7446161652763,95.1206536546912,89.0688850410404,95.796384778927,87.8527915864944,97.012478233473
"2019.025",93.3821526546975,90.2954859863871,96.468819323008,89.5195402300468,97.2447650793483,88.123093445928,98.641211863467
"2019.038",94.2021552421213,90.8488882232986,97.5554222609441,90.0059227875278,98.3983876967148,88.488862655055,99.9154478291876
"2019.051",94.9103086675049,91.3712606612008,98.4493566738091,90.481592427773,99.3390249072369,88.8804826422611,100.940134692749
"2019.063",95.5218692669149,91.8503800810761,99.1933584527537,90.9274179477012,100.116320586129,89.2663901084698,101.77734842536
"2019.076",96.0500123971243,92.2827781189892,99.8172466752594,91.3357469797769,100.764277814472,89.6314028577719,102.468621936477
