"","Point Forecast","Lo 75","Hi 75","Lo 85","Hi 85","Lo 95","Hi 95"
"2019.000",37.9854239360852,36.752979060844,39.2178688113264,36.4431592864301,39.5276885857402,35.8855857394374,40.085262132733
"2019.008",38.0748710373629,36.4146293173548,39.735112757371,35.9972672709876,40.1524748037382,35.2461530562369,40.9035890184889
"2019.016",37.9295684487123,35.916770413827,39.9423664835975,35.4107805349801,40.4483563624444,34.5001654135765,41.3589714838481
"2019.024",37.9295684487123,35.4578254048196,40.401311492605,34.8364630318226,41.022673865602,33.7182154217879,42.1409214756366
"2019.031",37.9295684487123,35.0716546255143,40.7874822719102,34.3532142037273,41.5059226936972,33.0602580809731,42.7988788164514
"2019.039",37.9295684487123,34.7317834079974,41.1273534894272,33.9279040135989,41.9312328838256,32.4811858816234,43.3779510158011
"2019.047",37.9295684487123,34.4247165385149,41.4344203589096,33.5436447356411,42.3154921617834,31.9580056936753,43.9011312037492
