"","Point Forecast","Lo 75","Hi 75","Lo 85","Hi 85","Lo 95","Hi 95"
"2019.000",37.8834449055077,36.6433049101784,39.1235849008369,36.3315506878897,39.4353391231256,35.7704957718814,39.9963940391339
"2019.008",38.04255308227,36.3712716559767,39.7138345085632,35.9511343785387,40.1339717860012,35.1950256619529,40.8900805025871
"2019.016",38.1419411347092,36.1160279097127,40.1678543597056,35.6067410515661,40.6771412178522,34.6901924533663,41.593689816052
"2019.024",38.1419411347092,35.6508157788115,40.6330664906068,35.0245809578425,41.2593013115758,33.8975645463218,42.3863177230965
"2019.032",38.1419411347092,35.259739427268,41.0241428421503,34.535193363786,41.7486889056324,33.2312490970276,43.0526331723908
"2019.040",38.1419411347092,34.9157254218411,41.3681568475773,34.1046989455651,42.1791833238532,32.6451184202815,43.6387638491369
"2019.048",38.1419411347092,34.6050146484025,41.6788676210158,33.715879736067,42.5680025333513,32.1157297528585,44.1681525165599
