"","Point Forecast","Lo 75","Hi 75","Lo 85","Hi 85","Lo 95","Hi 95"
"2019.000",38.4281447116489,37.192293053137,39.6639963701608,36.8816168600341,39.9746725632637,36.322502041484,40.5337873818138
"2019.008",38.5363090301965,36.8698626496519,40.2027554107411,36.4509408365427,40.6216772238502,35.697019555405,41.375598504988
"2019.016",38.6395447424662,36.6175422951656,40.6615471897668,36.1092385530089,41.1698509319236,35.1944592397769,42.0846302451556
"2019.024",38.6395447424662,36.1533336782832,41.1257558066493,35.5283342429942,41.7507552419382,34.4035411187923,42.8755483661401
"2019.032",38.6395447424662,35.7630891084536,41.5160003764788,35.0399875291908,42.2391019557416,33.7386428582497,43.5404466266827
"2019.040",38.6395447424662,35.4198011854078,41.8592882995247,34.6104017205245,42.6686877644079,33.1537492798506,44.1253402050819
"2019.048",38.6395447424662,35.1097430296223,42.1693464553101,34.2223991878257,43.0566902971067,32.6254725416531,44.6536169432793
