"","Point Forecast","Lo 75","Hi 75","Lo 85","Hi 85","Lo 95","Hi 95"
"2019.000",76.629997,75.1668047444322,78.0931892555678,74.7989782366094,78.4610157633906,74.1370116754602,79.1229823245398
"2019.008",76.629997,74.5607306678168,78.6992633321832,74.0405454318534,79.2194485681466,73.1043833432388,80.1556106567612
"2019.016",76.629997,74.0956736721153,79.1643203278847,73.4585794721955,79.8014145278045,72.3120197553736,80.9479742446265
"2019.024",76.629997,73.7036124888644,79.5563815111356,72.9679594732187,80.2920345267813,71.6440263509205,81.6159676490795
"2019.031",76.629997,73.3581996523992,79.9017943476008,72.535714576981,80.7242794230191,71.0555123474197,82.2044816525803
"2019.039",76.629997,73.0459225782669,80.2140714217331,72.1449353202311,81.1150586797689,70.5234550186309,82.7365389813691
"2019.047",76.629997,72.758754171492,80.501239828508,71.7855767061754,81.4744172938246,70.0341778091341,83.2258161908659
