"","Point Forecast","Lo 75","Hi 75","Lo 85","Hi 85","Lo 95","Hi 95"
"2019.000",76.120003,74.6481801423977,77.5918258576023,74.2781840193417,77.9618219806583,73.6123128653903,78.6276931346097
"2019.008",76.120003,74.0385311533682,78.2014748466318,73.5152776181169,78.7247283818831,72.5735936014058,79.6664123985942
"2019.016",76.120003,73.5707310308917,78.6692749691083,72.9298789471551,79.3101270528449,71.7765562772168,80.4634497227832
"2019.024",76.120003,73.1763572847955,79.0636487152045,72.4363650386834,79.8036409613166,71.1046227307807,81.1353832692193
"2019.032",76.120003,72.8289070395633,79.4110989604366,72.0015705569987,80.2384354430013,70.5126373925072,81.7273686074928
"2019.040",76.120003,72.5147880071094,79.7252179928906,71.6084862988142,80.6315197011858,69.9774417371951,82.2625642628049
"2019.048",76.120003,72.225925744844,80.014080255156,71.2470080171797,80.9929979828203,69.4852785386127,82.7547274613873
