"","Point Forecast","Lo 75","Hi 75","Lo 85","Hi 85","Lo 95","Hi 95"
"2019.000",33.7117741935483,32.7968856974306,34.626662689666,32.5668952506567,34.85665313644,32.1529881996144,35.2705601874823
"2019.008",33.8535483870967,32.5597006678279,35.1473961063654,32.2344450587839,35.4726517154094,31.6490920936381,36.0580046805552
"2019.016",33.995322580645,32.4106892221089,35.5799559391811,32.0123340830409,35.9783110782491,31.2954260410247,36.6952191202653
"2019.024",34.1370967741933,32.3073197819579,35.9668737664287,31.84733888841,36.4268546599767,31.0195247863255,37.2546687620612
"2019.032",34.2788709677416,32.2331180985899,36.3246238368934,31.7188438254278,36.8388981100555,30.7933195229308,37.7644224125525
"2019.040",34.42064516129,32.1796351742594,36.6616551483206,31.6162759339484,37.2250143886316,30.6024148579547,38.2388754646252
"2019.048",34.5624193548383,32.141851916757,36.9829867929196,31.5333543906724,37.5914843190042,30.4382592677185,38.6865794419581
