"","Point Forecast","Lo 75","Hi 75","Lo 85","Hi 85","Lo 95","Hi 95"
"2019.000",34.013038992,33.101701610414,34.924376373586,32.8726038652328,35.1534741187672,32.4603033830237,35.5657746009763
"2019.008",34.156078984,32.8672532990635,35.4449046689365,32.5432601607191,35.7688978072809,31.9601792270061,36.3519787409939
"2019.016",34.299118976,32.7206363282562,35.8776016237437,32.3238273937029,36.2744105582971,31.6097020105317,36.9885359414683
"2019.024",34.442158968,32.619484204828,36.264833731172,32.1612887144655,36.7230292215344,31.3366877500474,37.5476301859525
"2019.032",34.58519896,32.547386624337,36.6230112956629,32.0351084926199,37.1352894273801,31.1131765872445,38.0572213327554
"2019.040",34.728238952,32.4959273835902,36.9605505204098,31.934754806674,37.5217230973259,30.9248290045584,38.5316488994415
"2019.048",34.871278944,32.4601068718466,37.2824510161533,31.8539712121715,37.8885866758284,30.7631266708143,38.9794312171856
