"","Point Forecast","Lo 75","Hi 75","Lo 85","Hi 85","Lo 95","Hi 95"
"2019.000",131.059998,128.16518234404,133.95481365596,127.437465306535,134.682530693465,126.127814330975,135.992181669025
"2019.008",131.059998,126.966110438772,135.153885561228,125.936963134762,136.183032865238,124.08483696315,138.03515903685
"2019.016",131.059998,126.046030205332,136.073965794668,124.78558732284,137.33440867716,122.517205292987,139.602790707013
"2019.024",131.059998,125.270366688081,136.849629311919,123.81493261307,138.30506338693,121.19563066195,140.92436533805
"2019.032",131.059998,124.586993410944,137.533002589056,122.959768646697,139.160227353303,120.031300038546,142.088695961454
"2019.040",131.059998,123.969176743479,138.150819256521,122.186641324461,139.933354675539,118.978664693201,143.141331306799
"2019.048",131.059998,123.401035682955,138.718960317045,121.475677376891,140.644318623109,118.010666591266,144.109329408734
