"","Point Forecast","Lo 75","Hi 75","Lo 85","Hi 85","Lo 95","Hi 95"
"2019.000",132.050003,129.164913123126,134.935092876874,128.439641013376,135.660364986624,127.134390102477,136.965615897523
"2019.008",132.050003,127.96986976746,136.13013623254,126.94418011344,137.15582588656,125.098276572947,139.001729427053
"2019.016",132.050003,127.052880748852,137.047125251148,125.796672605452,138.303333394548,123.535911711149,140.564094288851
"2019.024",132.050003,126.279823246252,137.820182753748,124.829279026752,139.270726973248,122.218777204954,141.881228795046
"2019.031",132.050003,125.598745914113,138.501260085887,123.976988174528,140.123017825472,121.058358410064,143.041647589936
"2019.039",132.050003,124.98300493959,139.11700106041,123.20645834603,140.89354765397,120.009259628025,144.090746371975
"2019.047",132.050003,124.416772675722,139.683233324278,122.497883040472,141.602122959528,119.044513731692,145.055492268308
