"","Point Forecast","Lo 75","Hi 75","Lo 85","Hi 85","Lo 95","Hi 95"
"2019.000",95.3291128870968,94.0850843066473,96.5731414675464,93.7723525472785,96.8858732269152,93.2095383865024,97.4486873876913
"2019.008",95.4782257741937,93.7189036837422,97.2375478646452,93.276634188258,97.6798173601293,92.4806947689928,98.4757567793945
"2019.016",95.6273386612905,93.4726179538841,97.7820593686969,92.9309506575169,98.3237266650641,91.9561279358335,99.2985493867475
"2019.024",95.7764515483873,93.2883943874882,98.2645087092864,92.6629308687506,98.889972228024,91.5373025471984,100.015600549576
"2019.032",95.9255644354841,93.1438319636464,98.7072969073219,92.4445424909746,99.4065863799937,91.1860517687798,100.665077102188
"2019.040",96.0746773225809,93.0274420750407,99.1219125701212,92.2614088382242,99.8879458069377,90.8828013243101,101.266553320852
"2019.048",96.2237902096778,92.9323999619516,99.515180457404,92.1049894995899,100.342590919766,90.615923195831,101.831657223525
