"","Point Forecast","Lo 75","Hi 75","Lo 85","Hi 85","Lo 95","Hi 95"
"2019.000",95.055764016,93.816011644664,96.2955163873361,93.5043548657421,96.6071731662579,92.9434753156987,97.1680527163013
"2019.008",95.201524032,93.4482494144724,96.9547986495277,93.0075001709156,97.3955478930844,92.2142967043865,98.1887513596135
"2019.016",95.347284048,93.199969952042,97.4945981439581,92.6601645764261,98.0344035195739,91.6886926988246,99.0058753971754
"2019.024",95.493044064,93.0135393213279,97.9725488066721,92.3902257634842,98.5958623645158,91.2684666633975,99.7176214646025
"2019.032",95.63880408,92.866633502426,98.410974657574,92.1697477591082,99.1078604008918,90.9155829580217,100.362025201978
"2019.040",95.784564096,92.7478033788212,98.8213248131788,91.9844032955834,99.5847248964167,90.6105345908153,100.958593601185
"2019.048",95.930324112,92.6502476501422,99.2104005738578,91.8256813187076,100.034966905292,90.341733513831,101.518914710169
