"","Point Forecast","Lo 75","Hi 75","Lo 85","Hi 85","Lo 95","Hi 95"
"2019.000",121.349998,120.49623675512,122.20375924488,120.28161286272,122.41838313728,119.89536054819,122.80463545181
"2019.008",121.349998,120.142597268462,122.557398731538,119.839073249021,122.860922750979,119.292829987315,123.407166012685
"2019.016",121.349998,119.871240146334,122.828755853666,119.49950066018,123.20049533982,118.830492026873,123.869503973127
"2019.024",121.349998,119.64247551024,123.05752048976,119.213227725441,123.486768274559,118.440723096381,124.259272903619
"2019.032",121.349998,119.440929819893,123.259066180107,118.961016206893,123.738979793107,118.097329775136,124.602666224864
"2019.040",121.349998,119.25871858788,123.44127741212,118.732999564892,123.966996435108,117.786878482324,124.913117517676
"2019.048",121.349998,119.091158067022,123.608837932978,118.523316622321,124.176679377679,117.501389054751,125.198606945249
