"","Point Forecast","Lo 75","Hi 75","Lo 85","Hi 85","Lo 95","Hi 95"
"2019.000",121.720001,120.863656698889,122.576345301111,120.648383461505,122.791618538495,120.260962539881,123.179039460119
"2019.008",121.720001,120.508947275308,122.931054724692,120.204504943384,123.235497056616,119.656609021675,123.783392978325
"2019.016",121.720001,120.236769161704,123.203232838296,119.863904977045,123.576097022955,119.192872256876,124.247129743124
"2019.024",121.720001,120.007312397779,123.432689602221,119.57676592301,123.86323607699,118.801924079761,124.638077920239
"2019.032",121.720001,119.805156930572,123.634845069428,119.323791338045,124.116210661955,118.457491821387,124.982510178613
"2019.040",121.720001,119.622394418139,123.817607581861,119.09508483127,124.34491716873,118.146101257612,125.293900742388
"2019.048",121.720001,119.454326942614,123.985675057386,118.884767492568,124.555234507432,117.859748081246,125.580253918754
