"","Point Forecast","Lo 75","Hi 75","Lo 85","Hi 85","Lo 95","Hi 95"
"2019.000",81.910004,80.7028542856056,83.1171537143944,80.3993933684395,83.4206146315605,79.8532636700427,83.9667443299574
"2019.008",81.910004,80.2028365020887,83.6171714979113,79.7736779573821,84.0463300426179,79.0013339310946,84.8186740689054
"2019.016",81.910004,79.8191593623267,84.0008486376733,79.2935496356834,84.5264583643166,78.3476252505379,85.4723827494621
"2019.024",81.910004,79.4957045712113,84.3243034287887,78.8887827368789,84.9312252631211,77.7965233400853,86.0234846599147
"2019.032",81.910004,79.2107351795947,84.6092728204053,78.5321759402968,85.2878320597032,77.31099281015,86.50901518985
"2019.040",81.910004,78.9531031565873,84.8669048434127,78.2097787526533,85.6102292473467,76.872039658201,86.947968341799
"2019.048",81.910004,78.7161860604898,85.1038219395102,77.9133039410406,85.9067040589594,76.4683805754959,87.3516274245041
