"","Point Forecast","Lo 75","Hi 75","Lo 85","Hi 85","Lo 95","Hi 95"
"2019.000",81.410004,80.1990976539102,82.6209103460898,79.894692370949,82.925315629051,79.3468631251718,83.4731448748282
"2019.008",81.410004,79.6975238225962,83.1224841774038,79.2670297429744,83.5529782570256,78.4922821937317,84.3277258062683
"2019.016",81.410004,79.3126526853649,83.5073553146351,78.7854072691837,84.0346007308163,77.8365391816255,84.9834688183745
"2019.024",81.410004,78.9881913078204,83.8318166921796,78.379380741898,84.440627258102,77.2837222503437,85.5362857496563
"2019.032",81.410004,78.7023350957573,84.1176729042427,78.021664190346,84.798343809654,76.7966807567258,86.0233272432742
"2019.040",81.410004,78.443901325782,84.376106674218,77.6982637075195,85.1217442924805,76.3563615891917,86.4636464108083
"2019.048",81.410004,78.2062469472565,84.6137610527435,77.4008662707669,85.4191417292331,75.9514463255124,86.8685616744876
