"","Point Forecast","Lo 75","Hi 75","Lo 85","Hi 85","Lo 95","Hi 95"
"2019.000",82.080002,80.8775258949102,83.2824781050898,80.5752398591603,83.5847641408397,80.0312245603358,84.1287794396641
"2019.008",82.080002,80.3794439837524,83.7805600162475,79.9519469722789,84.2080570277211,79.1825931585429,84.9774108414571
"2019.016",82.080002,79.9972522910969,84.162751708903,79.4736775187595,84.6863264812405,78.5314153811008,85.6285886188992
"2019.024",82.080002,79.6750497898204,84.4849542101796,79.0704777183205,85.0895262816794,77.9824471206717,86.1775568793283
"2019.031",82.080002,79.3911836877,84.7688203123,78.7152515631143,85.4447524368857,77.498796374143,86.661207625857
"2019.039",82.080002,79.1345491146407,85.0254548853593,78.3941025706846,85.7659014293153,77.0615426762971,87.0984613237029
"2019.047",82.080002,78.8985492684348,85.2614547315652,78.0987755930329,86.0612284069671,76.659446402929,87.500557597071
