"","Point Forecast","Lo 75","Hi 75","Lo 85","Hi 85","Lo 95","Hi 95"
"2019.000",206.377957051429,203.058981320551,209.696932782307,202.22463624526,210.531277857599,200.723089922316,212.032824180542
"2019.008",206.813779213016,202.403128810864,211.224429615169,201.294351663857,212.333206762176,199.298918002946,214.328640423087
"2019.016",207.195223482571,202.1042759451,212.286171020042,200.824481408811,213.565965556331,198.521272776079,215.869174189063
"2019.024",207.529074634715,201.973062529757,213.085086739673,200.576357126068,214.481792143363,198.062747439558,216.995401829873
"2019.031",207.821270902124,201.933803967949,213.708737836299,200.453775356481,215.188766447767,197.790211340566,217.852330463682
"2019.039",208.077009599262,201.947751801971,214.206267396552,200.406940276661,215.747078921863,197.633987036218,218.520032162306
"2019.047",208.300839567365,201.992629344101,214.609049790629,200.406831628041,216.194847506688,197.552918061584,219.048761073145
