"","Point Forecast","Lo 75","Hi 75","Lo 85","Hi 85","Lo 95","Hi 95"
"2019.000",207.507076473532,204.167006640854,210.847146306209,203.327358797064,211.68679415,201.816269237423,213.197883709641
"2019.008",207.827346390116,203.39469287729,212.259999902941,202.280384449394,213.374308330837,200.27499630475,215.379696475481
"2019.016",208.106777373668,202.996683136326,213.216871611009,201.71207538173,214.501479365605,199.400204541403,216.813350205933
"2019.024",208.350576964343,202.779746138614,213.921407790072,201.379315511331,215.321838417355,198.85900164935,217.842152279336
"2019.032",208.563288667454,202.66581058647,214.460766748439,201.183265309706,215.943312025203,198.515172125186,218.611405209722
"2019.040",208.748876627283,202.614392855091,214.883360399475,201.072267591214,216.425485663353,198.296950054061,219.200803200505
"2019.048",208.910799503786,202.60186517759,215.219733829981,201.015885431964,216.805713575608,198.161644272242,219.659954735329
