"","Point Forecast","Lo 75","Hi 75","Lo 85","Hi 85","Lo 95","Hi 95"
"2019.000",1.17,1.12722687567238,1.21277312432762,1.11647429760875,1.22352570239125,1.09712319872682,1.24287680127318
"2019.008",1.17,1.10950966747081,1.23049033252919,1.09430322574274,1.24569677425726,1.0669366392571,1.2730633607429
"2019.016",1.17,1.09591477546611,1.24408522453389,1.07729076394754,1.26270923605246,1.04377367750176,1.29622632249824
"2019.024",1.17,1.08445375134476,1.25554624865524,1.06294859521749,1.27705140478251,1.02424639745365,1.31575360254635
"2019.031",1.17,1.0743563863934,1.2656436136066,1.05031289090973,1.28968710909027,1.00704251837043,1.33295748162957
"2019.039",1.17,1.06522767069271,1.27477232930729,1.03888934101736,1.30111065898264,0.991489022794504,1.3485109772055
"2019.047",1.17,1.05683295023188,1.28316704976812,1.02838430272269,1.31161569727731,0.977186107485298,1.3628138925147
