"","Point Forecast","Lo 75","Hi 75","Lo 85","Hi 85","Lo 95","Hi 95"
"2019.000",1.16,1.11983228456566,1.20016771543434,1.10973467064021,1.21026532935979,1.09156229147807,1.22843770852193
"2019.013",1.16,1.10319427206321,1.21680572793679,1.08891408950223,1.23108591049777,1.06321446443055,1.25678553556945
"2019.025",1.16,1.09042747604376,1.22957252395624,1.07293789568966,1.24706210431034,1.04146241168642,1.27853758831358
"2019.038",1.16,1.07966456913132,1.24033543086868,1.05946934128042,1.26053065871958,1.02312458295613,1.29687541704387
"2019.051",1.16,1.07018225778795,1.24981774221205,1.04760330664009,1.27239669335991,1.00696863152064,1.31303136847936
"2019.063",1.16,1.06160959305255,1.25839040694745,1.03687559131557,1.28312440868443,0.992362534955941,1.32763746504406
"2019.076",1.16,1.05372621422713,1.26627378577287,1.02701043894524,1.29298956105476,0.97893084295184,1.34106915704816
