"","Point Forecast","Lo 75","Hi 75","Lo 85","Hi 85","Lo 95","Hi 95"
"2019.000",46.450001,45.4295346609112,47.4704673390888,45.173003389351,47.726998610649,44.7113315955832,48.1886704044168
"2019.008",46.450001,45.0068436633153,47.8931583366847,44.6440536599021,48.2559483400979,43.9911511477906,48.9088508522094
"2019.016",46.450001,44.6825014532843,48.2175005467157,44.2381762572118,48.6618257427882,43.4385372539846,49.4614647460154
"2019.024",46.450001,44.4090683218223,48.4909336781777,43.896005778702,49.003996221298,42.9726621911664,49.9273398088336
"2019.031",46.450001,44.168168897047,48.731833102953,43.594547535484,49.305454464516,42.562218021325,50.337783978675
"2019.039",46.450001,43.9503791695464,48.9496228304536,43.3220084511566,49.5779935488434,42.1911481277902,50.7088538722098
"2019.047",46.450001,43.7501008454584,49.1499011545416,43.071382897399,49.828619102601,41.8499141437564,51.0500878562436
