"","Point Forecast","Lo 75","Hi 75","Lo 85","Hi 85","Lo 95","Hi 95"
"2019.000",46.709999,45.6819690498338,47.7380289501662,45.4235363899643,47.9964616100357,44.9584427235098,48.4615552764902
"2019.008",46.709999,45.2561451019492,48.1638528980508,44.8906661294016,48.5293318705984,44.2329243585278,49.1870736414722
"2019.016",46.709999,44.9293988946097,48.4905991053903,44.4817803973804,48.9382176026196,43.6762145368028,49.7437834631972
"2019.024",46.709999,44.6539390996676,48.7660589003324,44.1370737799285,49.2829242200715,43.2068864470196,50.2131115529804
"2019.032",46.709999,44.4112541485227,49.0087438514773,43.8333811534483,49.5866168465517,42.7934000993515,50.6265979006485
"2019.040",46.709999,44.191850181794,49.228147818206,43.5588220322434,49.8611759677566,42.4195798668297,51.0004181331703
"2019.048",46.709999,43.9900874115341,49.4299105884659,43.3063388628624,50.1136591371376,42.0758166850726,51.3441813149274
