"","Point Forecast","Lo 75","Hi 75","Lo 85","Hi 85","Lo 95","Hi 95"
"2019.000",56.4103988412696,54.9036977218772,57.9170999606621,54.5249336811505,58.2958640013888,53.8432831633266,58.9775145192127
"2019.008",56.5807956825393,54.4499985250518,58.7115928400268,53.9143452817169,59.2472460833617,52.9503458746116,60.2112454904669
"2019.016",56.7511925238089,54.1415096332004,59.3608754144175,53.4854710705816,60.0169139770362,52.304817740705,61.1975673069129
"2019.024",56.9215893650786,53.9081871262938,59.9349916038634,53.1506590448403,60.6925196853168,51.7873580091925,62.0558207209647
"2019.031",57.0919862063482,53.7229000816118,60.4610723310847,52.8759579391144,61.3080144735821,51.3517410443621,62.8322313683343
"2019.039",57.2623830476179,53.5717341102262,60.9530319850095,52.6439554775311,61.8808106177047,50.9742595259585,63.5505065692773
"2019.047",57.4327798888875,53.4464234268726,61.4191363509025,52.4443079695358,62.4212518082393,50.6408302183153,64.2247295594598
