"","Point Forecast","Lo 75","Hi 75","Lo 85","Hi 85","Lo 95","Hi 95"
"2019.000",55.709999,54.1850038782291,57.2349941217709,53.8016409756759,57.6183570243241,53.1117140213154,58.3082839786847
"2019.008",55.709999,53.5533302162388,57.8666677837612,53.0111732001374,58.4088247998626,52.0354691442339,59.3845288557661
"2019.016",55.709999,53.0686299677982,58.3513680322018,52.4046259428389,59.0153720571611,51.2096374043752,60.2103605956248
"2019.024",55.709999,52.6600087564583,58.7599892435417,51.8932829513518,59.5267150486482,50.5134290426307,60.9065689573693
"2019.032",55.709999,52.3000062423648,59.1199917576352,51.4427807322042,59.9772172677959,49.9000571627445,61.5199408372555
"2019.040",55.709999,51.9745390914279,59.4454589085721,51.0354955938602,60.3845024061398,49.3455265958843,62.0744714041157
"2019.048",55.709999,51.6752411572076,59.7447568427924,50.6609582551639,60.7590397448361,48.8355831111256,62.5844148888744
