"","Point Forecast","Lo 75","Hi 75","Lo 85","Hi 85","Lo 95","Hi 95"
"2019.000",56.2807210079995,54.7679624825231,57.7934795334759,54.3876756928084,58.1737663231905,53.703284728362,58.858157287637
"2019.008",56.451441015999,54.3120773926747,58.5908046393232,53.7742706570689,59.128611374929,52.8063956731831,60.0964863588148
"2019.016",56.6221610239985,54.0019863982904,59.2423356497066,53.3433103570573,59.9010116909396,52.157910434395,61.086411613602
"2019.024",56.792881031998,53.7673639810452,59.8183980829508,53.0067904016158,60.5789716623801,51.6380084727229,61.947753591273
"2019.032",56.9636010399974,53.5809701434899,60.346231936505,52.7306230307427,61.1965790492522,51.2002783110538,62.7269237689411
"2019.040",57.1343210479969,53.4288345565347,60.8398075394592,52.4973259658127,61.7713161301812,50.8209173183476,63.4477247776463
"2019.048",57.3050410559964,53.3026582038931,61.3074239080998,52.296513931425,62.3135681805678,50.48578563996,64.1242964720328
