"","Point Forecast","Lo 75","Hi 75","Lo 85","Hi 85","Lo 95","Hi 95"
"2019.000",115.073246094254,113.063073813002,117.083418375506,112.557744012683,117.588748175825,111.648316815215,118.498175373293
"2019.008",115.510913052469,112.566730022281,118.455096082658,111.826602702535,119.195223402403,110.494617306583,120.527208798356
"2019.016",115.626903235837,112.039058896796,119.214747574878,111.137123933145,120.11668253853,109.513938073586,121.739868398089
"2019.024",115.626903235837,111.141431302491,120.112375169184,110.013845046548,121.239961425127,107.984561184807,123.269245286868
"2019.032",115.626903235837,110.395623284573,120.858183187101,109.080551100043,122.173255371631,106.713854320062,124.539952151613
"2019.040",115.626903235837,109.743611521826,121.510194949848,108.264632503565,122.98917396811,105.602957409714,125.650849061961
"2019.048",115.626903235837,109.156976431321,122.096830040354,107.530525379985,123.72328109169,104.603449200231,126.650357271443
