"","Point Forecast","Lo 75","Hi 75","Lo 85","Hi 85","Lo 95","Hi 95"
"2019.000",115.742318721548,113.738517368849,117.746120074248,113.234789132775,118.249848310322,112.328244223434,119.156393219663
"2019.008",116.17220581403,113.256885211536,119.087526416525,112.524013511102,119.820398116959,111.205085840089,121.139325787972
"2019.016",115.814691515071,112.252471770537,119.376911259605,111.356978479246,120.272404550895,109.745385508211,121.883997521931
"2019.024",115.814691515071,111.38550381418,120.243879215962,110.272066643971,121.357316386171,108.268246476193,123.361136553948
"2019.031",115.814691515071,110.662410673434,120.966972356708,109.367197783883,122.262185246259,107.036241193705,124.593141836437
"2019.039",115.814691515071,110.028994318321,121.600388711821,108.574549226021,123.05483380412,105.957027118035,125.672355912106
"2019.047",115.814691515071,109.458388640454,122.170994389687,107.86050109004,123.768881940102,104.984829803836,126.644553226306
