"","Point Forecast","Lo 75","Hi 75","Lo 85","Hi 85","Lo 95","Hi 95"
"2019.000",122.389999,120.3624096379,124.4175883621,119.852701421826,124.927296578174,118.93539451814,125.84460348186
"2019.008",122.389999,119.522554625195,125.257443374805,118.80171835317,125.97827964683,117.504450489119,127.275547510881
"2019.016",122.389999,118.878111207957,125.901886792043,117.995270680681,126.784727319319,116.406448517364,128.373549482636
"2019.024",122.389999,118.334820275801,126.445177724199,117.315403843651,127.464594156349,115.48079003628,129.29920796372
"2019.032",122.389999,117.85617135589,126.92382664411,116.716429136057,128.063568863943,114.665268543186,130.114729456814
"2019.040",122.389999,117.423439654961,127.356558345039,116.174914607874,128.605083392127,113.927980756311,130.852017243688
"2019.048",122.389999,117.025501786925,127.754496213075,115.676940605984,129.103057394016,113.24997466291,131.53002333709
