"","Point Forecast","Lo 75","Hi 75","Lo 85","Hi 85","Lo 95","Hi 95"
"2019.000",122.339996,120.304253845154,124.375738154846,119.792496128562,124.887495871438,118.871500798999,125.808491201001
"2019.008",122.339996,119.461021835122,125.218970164878,118.737287131668,125.942704868332,117.434803045719,127.245188954281
"2019.016",122.339996,118.813987156697,125.866004843303,117.927596790394,126.752395209606,116.332386086058,128.347605913942
"2019.024",122.339996,118.268511690308,126.411480309692,117.244996257123,127.434995742877,115.403005597999,129.276986402001
"2019.032",122.339996,117.787938157102,126.892053842898,116.643613114792,128.036378885208,114.584204950931,130.095787049069
"2019.040",122.339996,117.353466472753,127.326525527247,116.09992119517,128.58007080483,113.843952582256,130.836039417744
"2019.048",122.339996,116.953928524826,127.726063475174,115.599944875205,129.080047124795,113.163220274531,131.516771725469
