"","Point Forecast","Lo 75","Hi 75","Lo 85","Hi 85","Lo 95","Hi 95"
"2019.000",0.0406843635500272,0.0254284121180106,0.0559403149820438,0.0215932747207203,0.0597754523793341,0.0146912906047701,0.0666774364952843
"2019.005",0.0393139943657324,0.0167378857595564,0.0618901029719084,0.0110625610322419,0.0675654276992229,0.000848845834330113,0.0777791428971347
"2019.011",0.039900298808334,0.0122589275257022,0.0675416700909658,0.00531026508463449,0.0744903325320335,-0.00719503859216063,0.0869956362088286
"2019.016",0.0390361608399952,0.00751022406480661,0.0705620976151837,-0.00041496497698576,0.0784872866569761,-0.0146776948914345,0.0927500165714248
"2019.022",0.038764080145111,0.00684414766975443,0.0706840126204675,-0.00118008649884103,0.078708246789063,-0.0156210650185262,0.0931492253087482
"2019.027",0.0396649873161876,0.00758158351322937,0.0717483911191459,-0.00048374510985906,0.0798137197422343,-0.0149986801121371,0.0943286547445124
"2019.032",0.039411389035075,0.00706579436899309,0.0717569837011569,-0.00106544544874448,0.0798882235188945,-0.0156989988918777,0.0945217769620277
