"","Point Forecast","Lo 75","Hi 75","Lo 85","Hi 85","Lo 95","Hi 95"
"2019.000",0.0385247040357349,0.0232699911270688,0.053779416944401,0.0194351650775984,0.0576142429938714,0.0125337412851738,0.064515666786296
"2019.005",0.0372441100645417,0.0146691068800118,0.0598191132490716,0.00899406004057033,0.065494160088513,-0.00121915505069935,0.0757073751797827
"2019.011",0.0379327195409049,0.0102933678996799,0.0655720711821298,0.00334521316882107,0.0725202259129887,-0.0091591767968252,0.0850246158786349
"2019.016",0.0383875348524082,0.00686442231682898,0.0699106473879873,-0.00106005674977809,0.0778351264545944,-0.0153215089427415,0.0920965786475578
"2019.022",0.0383443946139507,0.00642767468031582,0.0702611145475855,-0.0015957518992576,0.0782845411271589,-0.0160352770247029,0.0927240662526042
"2019.027",0.039131793320716,0.00705198263726873,0.0712116040041633,-0.00101244272475003,0.0792760293661821,-0.0155257521546145,0.0937893387960466
"2019.032",0.0387317972049904,0.00638999883725684,0.0710735955727239,-0.00174028664303202,0.0792038810530128,-0.0163721225930926,0.0938357170030734
