"","Point Forecast","Lo 75","Hi 75","Lo 85","Hi 85","Lo 95","Hi 95"
"2019.000",0.0393094116702629,0.0240121550162672,0.0546066683242586,0.020166634051474,0.0584521892890517,0.0132459629341083,0.0653728604064174
"2019.005",0.0393905927533849,0.0167519957276635,0.0620291897791063,0.0110609622668909,0.0677202232398789,0.000818976522821757,0.0779622089839481
"2019.011",0.0380655301002235,0.0103478270072226,0.0657832331932245,0.00337997579370404,0.072751084406743,-0.00915986135319667,0.0852909215536438
"2019.016",0.0380347257141423,0.00642076835789743,0.0696486830703872,-0.00152654785332418,0.0775959992816088,-0.0158290993846045,0.0918985508128891
"2019.022",0.0385354875320827,0.00652558725236843,0.070545387811797,-0.00152126359094457,0.07859223865511,-0.0160029446757494,0.0930739197399148
"2019.027",0.0385854548148825,0.00641127711430845,0.0707596325154565,-0.00167687082431041,0.0788477804540754,-0.0162328730784265,0.0934037827081915
"2019.033",0.0394385533910324,0.00700091144085536,0.0718761953412094,-0.00115346780434598,0.0800305745864107,-0.0158286645953603,0.094705771377425
