"","Point Forecast","Lo 75","Hi 75","Lo 85","Hi 85","Lo 95","Hi 95"
"2019.000",0.0405752957361801,0.0253194522797482,0.0558311391926119,0.0214843420260421,0.059666249446318,0.0145824067596032,0.0665681847127569
"2019.005",0.0392094500232244,0.0166334649343183,0.0617854351121304,0.010958171257555,0.0674607287888937,0.00074451194040813,0.0776743881060406
"2019.011",0.0398009195516869,0.0121597336821405,0.0674421054212334,0.00521111785138485,0.074390721251989,-0.00729410194220079,0.0868959410455746
"2019.016",0.0390033866851877,0.00747768914873367,0.0705290842216417,-0.000447439751715059,0.0784542131220904,-0.0147100614315543,0.0927168348019296
"2019.022",0.0387428603186749,0.00682318915596313,0.0706625314813867,-0.00120097932220975,0.0786866999595595,-0.0156418396207711,0.0931275602581209
"2019.027",0.039638049030552,0.00755492705613138,0.0717211710049725,-0.000510330719119781,0.0797864287802237,-0.0150251382186263,0.0943012362797302
"2019.032",0.0393770618929082,0.00703176089857697,0.0717223628872394,-0.00109940509410167,0.079853528879918,-0.0157328256764449,0.0944869494622612
