"","Point Forecast","Lo 75","Hi 75","Lo 85","Hi 85","Lo 95","Hi 95"
"2019.000",342.950012,332.395644546309,353.504379453691,329.742421015363,356.157602984637,324.96749256571,360.932531434291
"2019.008",342.950012,328.023882404721,357.876141595279,324.27165770325,361.62836629675,317.518889130389,368.381134869611
"2019.016",342.950012,324.669311328456,361.230712671544,320.073793369021,365.826230630979,311.803374691714,374.096649308286
"2019.024",342.950012,321.841277092618,364.058746907382,316.534830030727,369.365193969273,306.984973131419,378.915050868581
"2019.032",342.950012,319.349728914036,366.550295085964,313.416940739339,372.483083260661,302.739876138215,383.160147861785
"2019.040",342.950012,317.09719718062,368.80282681938,310.598153356257,375.301870643743,298.902015096306,386.998008903694
"2019.048",342.950012,315.02578047194,370.87424352806,308.006010836393,377.894013163607,295.372737630481,390.527286369519
