"","Point Forecast","Lo 75","Hi 75","Lo 85","Hi 85","Lo 95","Hi 95"
"2019.000",310.859985,300.069509032419,321.650460967581,297.356931052458,324.363038947542,292.475184144462,329.244785855538
"2019.008",310.859985,295.599947542186,326.120022457814,291.763782973931,329.956187026069,284.85995028857,336.86001971143
"2019.016",310.859985,292.170332386298,329.549637613702,287.472009505514,334.247960494486,279.016575831172,342.703394168828
"2019.024",310.859985,289.279033064837,332.440936935163,283.853877104917,337.866092895083,274.090383288924,347.629586711076
"2019.031",310.859985,286.73174722691,334.98822277309,280.66623846945,341.05373153055,269.750320534221,351.969649465779
"2019.039",310.859985,284.428824797661,337.291145202339,277.784392859249,343.935577140751,265.826603881248,355.893366118752
"2019.047",310.859985,282.311069061761,339.408900938239,275.134262314916,346.585707685084,262.218374032799,359.501595967201
