"","Point Forecast","Lo 75","Hi 75","Lo 85","Hi 85","Lo 95","Hi 95"
"2019.000",66.419998,65.2881463481225,67.5518496518775,65.003614333345,67.836381666655,64.4915504245365,68.3484455754635
"2019.008",66.419998,64.8193180433205,68.0206779566795,64.4169290090927,68.4230669909073,63.692761284454,69.147234715546
"2019.016",66.419998,64.4595734323175,68.3804225676826,63.9667495263428,68.8732464736572,63.0798288195642,69.7601671804358
"2019.024",66.419998,64.156294696245,68.683701303755,63.5872306666899,69.2527653333101,62.563102849073,70.276893150927
"2019.032",66.419998,63.8891007659565,68.9508952340435,63.252867839139,69.5871281608611,62.107858130219,70.732137869781
"2019.040",66.419998,63.6475389883739,69.1924570116261,62.9505807366829,69.8894152633171,61.6962854444071,71.1437105555929
"2019.048",66.419998,63.4254000081145,69.4145959918855,62.672599056977,70.167396943023,61.3178052988982,71.5221907011018
