"","Point Forecast","Lo 75","Hi 75","Lo 85","Hi 85","Lo 95","Hi 95"
"2019.000",68.849998,67.7416643036261,69.9583316963739,67.4630443809958,70.2369516190042,66.9616202907557,70.7383757092443
"2019.008",68.849998,67.2825774549529,70.4174185450471,66.8885493816218,70.8114466183782,66.1794286327037,71.5205673672963
"2019.016",68.849998,66.9303077261398,70.7696882738602,66.4477238641431,71.2522721358569,65.5792318637084,72.1207641362916
"2019.024",68.849998,66.6333306072522,71.0666653927478,66.0760907619915,71.6239052380085,65.0732425815115,72.6267534184885
"2019.032",68.849998,66.3716885131543,71.3283074868457,65.7486754262672,71.9513205737328,64.6274570749345,73.0725389250655
"2019.040",68.849998,66.1351459791512,71.5648500208488,65.4526693365331,72.2473266634669,64.2244361707058,73.4755598292942
"2019.048",68.849998,65.9176226697217,71.7823733302783,65.1804636441338,72.5195323558662,63.8538201999818,73.8461758000182
