"","Point Forecast","Lo 75","Hi 75","Lo 85","Hi 85","Lo 95","Hi 95"
"2019.000",84.519997,83.1458857381997,85.8941082618003,82.8004529730488,86.2395410269512,82.1787877727657,86.8612062272343
"2019.013",84.519997,82.5767102173524,86.4632837826477,82.088194515988,86.951799484012,81.2090271584922,87.8309668415078
"2019.025",84.519997,82.1399664793092,86.9000275206908,81.541659379469,87.498334620531,80.4649036672811,88.5750903327189
"2019.038",84.519997,81.7717744763993,87.2682195236007,81.0809089460977,87.9590850539023,79.8375785455314,89.2024154544686
"2019.051",84.519997,81.4473908099664,87.5926031900336,80.6749796654335,88.3650143345665,79.2848940183544,89.7550999816456
"2019.063",84.519997,81.1541255587772,87.8858684412228,80.307991543719,88.732002456281,78.7852290121803,90.2547649878197
"2019.076",84.519997,80.8844403275431,88.1555536724569,79.9705111362607,89.0694828637393,78.3257396175684,90.7142543824316
