"","Point Forecast","Lo 75","Hi 75","Lo 85","Hi 85","Lo 95","Hi 95"
"2019.000",84.68,83.3078854217679,86.0521145782321,82.9629545955395,86.3970454044605,82.3421927199906,87.0178072800094
"2019.013",84.68,82.7395369543343,86.6204630456657,82.2517311018016,87.1082688981984,81.3738412383962,87.9861587616039
"2019.025",84.68,82.303427836696,87.056572163304,81.7059901205718,87.6540098794282,80.6307990127193,88.7292009872807
"2019.038",84.68,81.9357708435357,87.4242291564643,81.245909191079,88.114090808921,80.0043854399812,89.3556145600188
"2019.051",84.68,81.6118585301545,87.7481414698455,80.8405697551727,88.5194302448273,79.4525040036051,89.9074959963949
"2019.063",84.68,81.3190194146971,88.0409805853029,80.474114893881,88.885885106119,78.9535650470131,90.4064349529869
"2019.076",84.68,81.0497260557115,88.3102739442885,80.1371248699912,89.2228751300088,78.4947433238988,90.8652566761012
