"","Point Forecast","Lo 75","Hi 75","Lo 85","Hi 85","Lo 95","Hi 95"
"2019.000",44.3453392835137,43.1257065386791,45.5649720283484,42.8191075585028,45.8715710085246,42.267330380288,46.4233481867395
"2019.008",44.2976392499981,42.6747616475738,45.9205168524224,42.2667924290025,46.3284860709938,41.5325822105197,47.0626962894766
"2019.016",44.450954253115,42.3486614161583,46.5532470900718,41.820173768895,47.0817347373351,40.8690700745492,48.0328384316809
"2019.024",44.604269256232,42.1131774008021,47.0953611116619,41.4869510013921,47.7215875110718,40.3599497459039,48.84858876656
"2019.031",44.7575842593489,41.9306703780893,47.5844981406086,41.2200229174408,48.295145601257,39.9410915579279,49.57407696077
"2019.039",44.9108992624658,41.784024536493,48.0377739884387,40.9979710247432,48.8238275001885,39.5833336101314,50.2384649148003
"2019.047",45.0642142655828,41.6637365032974,48.4646920278682,40.8089029327457,49.3195255984199,39.2704840667364,50.8579444644292
