"","Point Forecast","Lo 75","Hi 75","Lo 85","Hi 85","Lo 95","Hi 95"
"2019.000",43.8688122831717,42.6674606162573,45.0701639500862,42.3654572488756,45.3721673174679,41.8219506600101,45.9156739063334
"2019.008",43.9452499949252,42.2804768245314,45.6100231653189,41.8619756335547,46.0285243562956,41.1088113337128,46.7816886561376
"2019.016",44.0801083303966,41.9737404028079,46.1864762579853,41.4442283335315,46.7159883272617,40.4912810169811,47.6689356438121
"2019.024",44.3284063022392,41.8916615534687,46.7651510510096,41.2790972728793,47.377715331599,40.1766833313048,48.4801292731735
"2019.032",44.3629412701303,41.6469863683544,47.0788961719062,40.9642324765654,47.7616500636953,39.7355003535491,48.9903821867116
"2019.040",44.6052932225594,41.5949683002613,47.6156181448576,40.8382138140565,48.3723726310624,39.4763049950531,49.7342814500658
"2019.048",44.7423597561132,41.5099130328704,47.9748064793561,40.6973201658637,48.7873993463628,39.2349206531951,50.2497988590314
