"","Point Forecast","Lo 75","Hi 75","Lo 85","Hi 85","Lo 95","Hi 95"
"2019.000",44.8267563448977,43.605942932826,46.0475697569694,43.299047149065,46.3544655407305,42.7467358221572,46.9067768676383
"2019.008",45.1730861158626,43.5449302168659,46.8012420148593,43.1356341067749,47.2105381249503,42.3990359206019,47.9471363111232
"2019.016",45.3345087393192,43.2276198661091,47.4413976125294,42.6979768382331,47.9710406404054,41.7447938393379,48.9242236393006
"2019.024",45.4959313627759,43.0005216135212,47.9913411120306,42.3732097546983,48.6186529708535,41.2442550297902,49.7476076957616
"2019.032",45.6573539862325,42.8262483878321,48.488459584633,42.1145471868622,49.2001607856028,40.8337194418466,50.4809885306185
"2019.040",45.8187766096892,42.6877627160897,48.9497905032887,41.9006686742471,49.7368845451313,40.4841586481932,51.1533945711852
"2019.048",45.9801992331459,42.5755939557999,49.3848045104919,41.719722784451,50.2406756818407,40.1794365787669,51.7809618875249
