"","Point Forecast","Lo 75","Hi 75","Lo 85","Hi 85","Lo 95","Hi 95"
"2019.000",98.5841040392151,97.7301595750881,99.438048503342,97.5154896238775,99.6527184545527,97.1291544186579,100.039053659772
"2019.009",98.566836182369,97.301841577613,99.8318307871251,96.9838392466742,100.149833118064,96.4115397930678,100.72213257167
"2019.017",98.6073738456422,97.1382606799221,100.076487011362,96.7689457363205,100.445801954964,96.1043004810234,101.110447210261
"2019.026",98.6150540470833,96.982599667341,100.247508426826,96.5722229780196,100.657885116147,95.8336801051478,101.396427989019
"2019.035",98.6065776348363,96.809783930013,100.40337133966,96.3580945835116,100.855060686161,95.545202535081,101.667952734592
"2019.043",98.6040491571266,96.6522289749017,100.555869339351,96.1615680936717,101.046530220582,95.2785401189866,101.929558195267
"2019.052",98.6057358752135,96.5131339071074,100.69833784332,95.9870824116442,101.224389338783,95.0403629881303,102.171108762297
