"","Point Forecast","Lo 75","Hi 75","Lo 85","Hi 85","Lo 95","Hi 95"
"2019.000",99.8061805009627,98.9907318221958,100.62162917973,98.785739184572,100.826621817353,98.4168199563414,101.195541045584
"2019.013",99.3683502600036,97.9795617165921,100.757138803415,97.6304392837173,101.10626123629,97.0021338968161,101.734566623191
"2019.025",98.9935205929328,97.2710806103832,100.715960575482,96.8380827720576,101.148958413808,96.058829281824,101.928211904042
"2019.038",99.6541319677209,97.7177985433095,101.590465392132,97.2310308210422,102.0772331144,96.3550092501801,102.953254685262
"2019.051",99.3391668135604,97.120511469597,101.557822157524,96.5627718806078,102.115561746513,95.5590243260196,103.119309301101
"2019.063",99.1323399766093,96.6968887261839,101.567791227035,96.0846496133757,102.180030339843,94.982820866705,103.281859086514
"2019.076",99.5512149071017,96.9449558377932,102.15747397641,96.2897779769909,102.812651837212,95.11067362689,103.991756187313
