"","Point Forecast","Lo 75","Hi 75","Lo 85","Hi 85","Lo 95","Hi 95"
"2019.000",110.959968079137,108.641543849368,113.278392308905,108.058723727923,113.861212430351,107.00983947582,114.910096682454
"2019.008",109.578637672892,106.399478413048,112.757796932737,105.600281285048,113.556994060737,104.161989690367,114.995285655418
"2019.016",110.335874044682,106.711594844674,113.960153244689,105.800500655622,114.871247433741,104.160831207166,116.510916882198
"2019.024",110.751663415059,106.629037257437,114.87428957268,105.59266546361,115.910661366508,103.727537589894,117.775789240223
"2019.032",110.415620727231,105.530116432831,115.30112502163,104.301967516156,116.529273938305,102.091703987945,118.739537466517
"2019.040",110.415620727231,105.103321318388,115.727920136074,103.767881951053,117.063359503408,101.364530950469,119.466710503993
"2019.048",110.415620727231,104.708353622233,116.122887832229,103.273624781607,117.557616672855,100.691585432588,120.139656021873
