"","Point Forecast","Lo 75","Hi 75","Lo 85","Hi 85","Lo 95","Hi 95"
"2019.000",109.789615948659,107.489067703383,112.090164193935,106.910741359789,112.668490537529,105.869944427678,113.70928746964
"2019.008",110.126680270684,106.976327720791,113.277032820578,106.184372205425,114.068988335944,104.759113128277,115.494247413092
"2019.016",109.608238106491,106.016502584345,113.199973628638,105.113589430515,114.102886782468,103.488643150827,115.727833062155
"2019.024",109.757478164982,105.667889512689,113.847066817274,104.639822895551,114.875133434412,102.789641604357,116.725314725607
"2019.031",109.762080901855,104.917134861392,114.607026942317,103.699181734678,115.824980069031,101.507267270154,118.016894533555
"2019.039",109.762080901855,104.491001696263,115.033160107447,103.165924523886,116.358237279823,100.781222061176,118.742939742533
"2019.047",109.762080901855,104.096831582693,115.427330221016,102.672665438372,116.851496365337,100.109635463611,119.414526340098
