"","Point Forecast","Lo 75","Hi 75","Lo 85","Hi 85","Lo 95","Hi 95"
"2019.000",108.932040580926,106.621914379914,111.242166781937,106.041180269332,111.82290089252,104.996050149701,112.86803101215
"2019.008",109.809104328483,106.645721813064,112.972486843902,105.850490742692,113.767717914273,104.419336745421,115.198871911544
"2019.016",110.141945745504,106.535228746263,113.748662744746,105.628549454127,114.655342036881,103.996825365963,116.287066125046
"2019.024",109.626617638088,105.519960665135,113.733274611041,104.487603305779,114.765631970396,102.629700091858,116.623535184318
"2019.032",109.781052590617,104.916239202915,114.645865978319,103.693291697008,115.868813484226,101.492388994964,118.06971618627
"2019.040",109.781052590617,104.488322903697,115.073782277538,103.157803096623,116.404302084612,100.763305684126,118.798799497109
"2019.048",109.781052590617,104.09250569528,115.469599485954,102.662482859158,116.899622322076,100.088912768206,119.473192413028
