"","Point Forecast","Lo 75","Hi 75","Lo 85","Hi 85","Lo 95","Hi 95"
"2019.000",66.139999,65.1566743187236,67.1233236812764,64.9094799516173,67.3705180483827,64.4646115105216,67.8153864894784
"2019.008",66.139999,64.7493678995227,67.5306301004773,64.3997822730187,67.8802157269813,63.7706432901495,68.5093547098505
"2019.016",66.139999,64.4368306916927,67.8431673083073,64.0086774885198,68.2713205114802,63.2381427458582,69.0418552541418
"2019.024",66.139999,64.1733496374471,68.1066483625529,63.6789609032345,68.6010370967655,62.7892240210433,69.4907739789567
"2019.032",66.139999,63.9412181687126,68.3387798312874,63.3884747602079,68.8915232397921,62.3937186848737,69.8862793151263
"2019.040",66.139999,63.7313552793878,68.5486427206122,63.1258552126872,69.1541427873128,62.0361545293355,70.2438434706645
"2019.048",66.139999,63.5383664353107,68.7416315646893,62.8843516144514,69.3956463855486,61.7073403531715,70.5726576468285
