"","Point Forecast","Lo 75","Hi 75","Lo 85","Hi 85","Lo 95","Hi 95"
"2019.000",65.910004,64.9230081961763,66.8969998038237,64.6748909591046,67.1451170408954,64.2283616560417,67.5916463439583
"2019.008",65.910004,64.5141811482273,67.3058268517727,64.1632903865019,67.6567176134981,63.5318025901133,68.2882054098868
"2019.016",65.910004,64.2004771209202,67.6195308790798,63.7707254600783,68.0492825399217,62.997314020105,68.822693979895
"2019.024",65.910004,63.9360123923527,67.8839956076473,63.4397779182092,68.3802300817908,62.5467193120833,69.2732886879167
"2019.032",65.910004,63.7030142891433,68.1169937108567,63.1482072806614,68.6718007193386,62.1497374050671,69.6702705949329
"2019.040",65.910004,63.4923679023639,68.3276400976361,62.884607275149,68.935400724851,61.7908383274442,70.0291696725558
"2019.048",65.910004,63.2986585580183,68.5213494419817,62.642202052738,69.177805947262,61.4607965637305,70.3592114362695
