"","Point Forecast","Lo 75","Hi 75","Lo 85","Hi 85","Lo 95","Hi 95"
"2019.000",65.940002,64.9603727408394,66.9196312591606,64.7141073522775,67.1658966477225,64.2709107665794,67.6090932334206
"2019.008",65.940002,64.5545970155976,67.3254069844024,64.2063251631503,67.6736788368497,63.5795505408585,68.3004534591415
"2019.016",65.940002,64.2432343505528,67.6367696494472,63.8166901854179,68.0633138145821,63.0490511812477,68.8309528187523
"2019.024",65.940002,63.9807434816788,67.8992605183212,63.488212704555,68.391791295445,62.6018195331587,69.2781844668413
"2019.031",65.940002,63.7494843837691,68.1305196162309,63.1988182344394,68.6811857655606,62.2078005414225,69.6722034585775
"2019.039",65.940002,63.5404101779558,68.3395938220442,62.937185634671,68.942818365329,61.8515801439668,70.0284238560332
"2019.047",65.940002,63.3481466032186,68.5318573967814,62.6965896285612,69.1834143714388,61.524001680891,70.3560023191091
