"","Point Forecast","Lo 75","Hi 75","Lo 85","Hi 85","Lo 95","Hi 95"
"2019.000",233.490778111888,229.125708264589,237.855847959187,228.028389445257,238.953166778519,226.053577000073,240.927979223703
"2019.013",232.85315937471,227.054771773059,238.651546976361,225.597136486648,240.109182262771,222.973873080032,242.732445669387
"2019.025",232.295637579071,225.605440104708,238.985835053434,223.923616021594,240.667659136548,220.896886623143,243.694388534999
"2019.038",231.808151038152,224.509261418651,239.107040657653,222.6744204608,240.941881615504,219.372311087789,244.243990988515
"2019.051",231.381902002803,223.649896814779,239.113907190826,221.706176530615,241.05762747499,218.20812023239,244.555683773216
"2019.063",231.009197887129,222.961765834659,239.056629939599,220.9387515537,241.079644220557,217.297992178722,244.720403595536
"2019.076",230.683312439138,222.402824072829,238.963800805448,220.321222624176,241.0454022541,216.575025644509,244.791599233768
