"","Point Forecast","Lo 75","Hi 75","Lo 85","Hi 85","Lo 95","Hi 95"
"2019.000",246.979996,243.072759851574,250.887232148426,242.090534158234,251.869457841766,240.322851431013,253.637140568987
"2019.008",246.979996,241.454329647502,252.505662352498,240.065252750669,253.894739249331,237.56537186386,256.39462013614
"2019.016",246.979996,240.212464473757,253.747527526243,238.511199668392,255.448792331608,235.449483373183,258.510508626817
"2019.024",246.979996,239.165523703148,254.794468296852,237.201072316468,256.758919683532,233.665706862026,260.294285137974
"2019.031",246.979996,238.243150367975,255.716841632025,236.04682694842,257.91316505158,232.094168207702,261.865823792298
"2019.039",246.979996,237.409261131799,256.550730868201,235.003309370865,258.956682629135,230.673388662042,263.286603337958
"2019.047",246.979996,236.642420837663,257.317571162337,234.043695921748,259.916296078252,229.366847028656,264.593144971344
