"","Point Forecast","Lo 75","Hi 75","Lo 85","Hi 85","Lo 95","Hi 95"
"2019.000",37.4518399920001,36.2346974088586,38.6689825751416,35.9287244212517,38.9749555627485,35.3780738234752,39.525606160525
"2019.008",37.3136799840002,35.5923804355797,39.0349795324207,35.1596692867861,39.4676906812142,34.3809317432818,40.2464282247186
"2019.016",37.1755199760003,35.0673671819436,39.283672770057,34.5374064216647,39.8136335303358,33.5836516090977,40.7673883429029
"2019.024",37.0373599680004,34.6030748017174,39.4716451342833,33.9911288265035,40.0835911094972,32.8898276309505,41.1848923050502
"2019.032",36.8991999600005,34.1775864057864,39.6208135142145,33.4934100062186,40.3049899137823,32.2621178377395,41.5362820822615
"2019.040",36.7610399520006,33.7796616790909,39.7424182249102,33.030183984379,40.4918959196222,31.681370993268,41.8407089107331
"2019.048",36.6228799440006,33.4026233589015,39.8431365290998,32.5930949257901,40.6526649622112,31.1362103847845,42.1095495032168
