"","Point Forecast","Lo 75","Hi 75","Lo 85","Hi 85","Lo 95","Hi 95"
"2019.000",36.8458891048387,35.6262289483693,38.0655492613082,35.3196230772831,38.3721551323943,34.7678334977002,38.9239447119772
"2019.008",36.7017762096775,34.9769162749123,38.4266361444427,34.5433100937191,38.8602423256359,33.7629617866968,39.6405906326582
"2019.016",36.5576633145162,34.4451499555437,38.6701766734888,33.9140930089236,39.2012336201089,32.958365421999,40.1569612070335
"2019.024",36.413550419355,33.974230106416,38.8528707322939,33.3610183642438,39.4660824744662,32.257439205078,40.569661633632
"2019.032",36.2694375241937,33.5421945048799,38.9966805435075,32.8566029348308,39.6822721135566,31.6227639256074,40.91611112278
"2019.040",36.1253246290325,33.1377795860792,39.1128696719858,32.3867516497766,39.8638976082884,31.0351487344136,41.2155005236513
"2019.048",35.9812117338712,32.7542942758389,39.2081291919036,31.9430913904326,40.0193320773098,30.4831933868194,41.479230080923
