"","Point Forecast","Lo 75","Hi 75","Lo 85","Hi 85","Lo 95","Hi 95"
"2019.000",37.412618031746,36.2003120592394,38.6249240042526,35.8955549293523,38.9296811341397,35.3470924749981,39.4781435884939
"2019.008",37.275237063492,35.5607775154272,38.9896966115567,35.129785849111,39.4206882778729,34.3541428077109,40.1963313192731
"2019.016",37.1378560952379,35.0380805565373,39.2376316339386,34.510225723604,39.7654864668719,33.5602608866186,40.7154513038573
"2019.024",37.0004751269839,34.5758631819707,39.4250870719971,33.9663489221965,40.0346013317713,32.8694240134881,41.1315262404797
"2019.031",36.8630941587299,34.1522955946762,39.5738927227837,33.4708379356209,40.255350381839,32.2444386045785,41.4817497128813
"2019.039",36.7257131904759,33.7561821457062,39.6952442352456,33.0096826820077,40.4417436989441,31.6662295257654,41.7851968551864
"2019.047",36.5883322222219,33.3808721060511,39.7957923383926,32.574560530096,40.6021039143477,31.1234652724187,42.053199172025
