"","Point Forecast","Lo 75","Hi 75","Lo 85","Hi 85","Lo 95","Hi 95"
"2019.000",141.467324745984,138.952620190892,143.982029301076,138.32045788195,144.614191610018,137.182773944446,145.751875547523
"2019.008",141.467324745984,138.162372453778,144.772277038191,137.331552679044,145.603096812925,135.836350735958,147.098298756011
"2019.016",141.467324745984,137.527568369237,145.407081122731,136.537167535569,146.3974819564,134.754772248445,148.179877243524
"2019.024",141.467324745984,136.981719885714,145.952929606254,135.854100213762,147.080549278206,133.824756214211,149.109893277758
"2019.031",141.467324745984,136.495441640275,146.439207851693,135.245578272616,147.689071219352,132.996235884835,149.938413607133
"2019.039",141.467324745984,136.052660188397,146.881989303572,134.691487623636,148.243161868333,132.241825343561,150.692824148407
"2019.047",141.467324745984,135.643446062018,147.29120342995,134.179402666384,148.755246825584,131.544606773839,151.39004271813
