"","Point Forecast","Lo 75","Hi 75","Lo 85","Hi 85","Lo 95","Hi 95"
"2019.000",142.850302179963,140.330990767456,145.369613592471,139.697670357609,146.002934002318,138.557902219925,147.142702140002
"2019.008",142.850302179963,139.531534226578,146.169070133348,138.697241383705,147.003362976222,137.19578906191,148.504815298016
"2019.016",142.850302179963,138.890313358813,146.810291001114,137.894826365522,147.805777994405,136.103277666333,149.597326693594
"2019.024",142.850302179963,138.339337516074,147.361266843853,137.205342736566,148.495261623361,135.164525643216,150.536078716711
"2019.032",142.850302179963,137.848693145454,147.851911214473,136.591357086124,149.109247273803,134.328566314653,151.372038045274
"2019.040",142.850302179963,137.402056254043,148.298548105884,136.032441792878,149.668162567049,133.567586879826,152.133017480101
"2019.048",142.850302179963,136.989357341072,148.711247018855,135.515996021376,150.18460833855,132.864430934613,152.836173425314
