"","Point Forecast","Lo 75","Hi 75","Lo 85","Hi 85","Lo 95","Hi 95"
"2019.000",141.524466268217,139.000017134323,144.048915402111,138.365405171634,144.683527364799,137.223312664241,145.825619872193
"2019.008",141.524466268217,138.203854915057,144.845077621376,137.369098666709,145.679833869724,135.866812367695,147.182120168739
"2019.016",141.524466268217,137.564658686043,145.484273850391,136.56921725375,146.479715282684,134.777750549351,148.271181987083
"2019.024",141.524466268217,137.015176699232,146.033755837202,135.881603015657,147.167329520777,133.841543756289,149.207388780145
"2019.032",141.524466268217,136.525735554718,146.523196981715,135.269123065897,147.779809470536,133.007634483017,150.041298053416
"2019.040",141.524466268217,136.080118274638,146.968814261796,134.711483700316,148.337448836118,132.248392260832,150.800540275602
"2019.048",141.524466268217,135.668312120288,147.380620416145,134.196155114736,148.852777421698,131.546757396758,151.502175139675
