"","Point Forecast","Lo 75","Hi 75","Lo 85","Hi 85","Lo 95","Hi 95"
"2019.000",105.203407301919,103.377060425439,107.029754178399,102.917941816048,107.488872787791,102.09167954143,108.315135062409
"2019.008",105.199103611982,102.474342867153,107.923864356811,101.789375306937,108.608831917027,100.55665930988,109.841547914084
"2019.016",105.05790233263,101.573322313429,108.542482351831,100.69734658651,109.418458078749,99.1208788027437,110.994925862516
"2019.024",104.862815128511,100.462596736667,109.263033520354,99.3564420542794,110.369188202742,97.3657279659087,112.359902291113
"2019.032",104.830788597745,99.6127282832739,110.048848912216,98.3009793345098,111.36059786098,95.9402632843153,113.721313911175
"2019.040",104.776079981073,98.8094605763305,110.742699385816,97.3095341170403,112.242625845106,94.6101605289053,114.941999433241
"2019.048",104.71615375366,98.0160667358553,111.416240771464,96.331756556868,113.100550950451,93.300553004704,116.131754502615
