"","Point Forecast","Lo 75","Hi 75","Lo 85","Hi 85","Lo 95","Hi 95"
"2019.000",105.772577026507,103.938738257339,107.606415795675,103.477736288659,108.067417764355,102.648084587655,108.897069465359
"2019.008",105.084269912344,102.348706851081,107.819832973607,101.661023736354,108.507516088335,100.423420635613,109.745119189076
"2019.016",105.071040118503,101.571955365352,108.570124871654,100.692333346831,109.449746890176,99.1093034391762,111.03277679783
"2019.024",104.898891560937,100.479561299438,109.318221822437,99.3686021545837,110.429180967291,97.3692416162437,112.428541505631
"2019.032",104.696617081119,99.4554410902384,109.937793072,98.1378811767857,111.255352985452,95.7667073041396,113.626526858098
"2019.040",104.659182707389,98.6654650147746,110.652900400004,97.1587264167802,112.159638997998,94.4470932227273,114.871272192051
"2019.048",104.594981485621,97.8638101430785,111.326152828163,96.1716857902718,113.01827718097,93.1264192990279,116.063543672214
