"","Point Forecast","Lo 75","Hi 75","Lo 85","Hi 85","Lo 95","Hi 95"
"2019.000",105.813485911146,103.993629729127,107.633342093165,103.536142791491,108.0908290308,102.712816988602,108.91415483369
"2019.008",105.719099416562,103.004315917355,108.433882915769,102.32185650014,109.116342332984,101.093654334365,110.344544498759
"2019.016",105.681487064581,102.208417771355,109.154556357807,101.335335683411,110.02763844575,99.7640754967059,111.598898632456
"2019.024",105.684657718325,101.302671720358,110.066643716292,100.201100412263,111.168215024388,98.2186348879685,113.150680548682
"2019.031",105.657623300134,100.463967714991,110.851278885277,99.1583537811777,112.156892819091,96.8086787371721,114.506567863097
"2019.039",105.645129275811,99.708210479203,111.58204807242,98.2157503463158,113.074508205307,95.5298136864834,115.760444865139
"2019.047",105.642678186094,98.9789455101293,112.306410862058,97.3037743151356,113.981582057052,94.2890179240054,116.996338448182
