"","Point Forecast","Lo 75","Hi 75","Lo 85","Hi 85","Lo 95","Hi 95"
"2019.000",45.099998,44.1780066801939,46.0219893198061,43.9462306807538,46.2537653192461,43.5291102230294,46.6708857769706
"2019.008",45.099998,43.79610537114,46.40389062886,43.4683246092992,46.7316713907008,42.878427200842,47.321568799158
"2019.016",45.099998,43.5030621899584,46.6969338100416,43.1016143829531,47.0983816170469,42.3791405572979,47.8208554427021
"2019.024",45.099998,43.2560153603879,46.9439806396121,42.7924633615077,47.4075326384923,41.9582224460587,48.2417735539413
"2019.032",45.099998,43.0383627342489,47.1616332657511,42.5200958439479,47.6799001560521,41.5873861456701,48.6126098543299
"2019.040",45.099998,42.8415897191999,47.3584062808001,42.2738567859481,47.9261392140519,41.2521245032469,48.9478714967531
"2019.048",45.099998,42.660638256833,47.539357743167,42.047416602441,48.152579397559,40.9438196045446,49.2561763954554
