"","Point Forecast","Lo 75","Hi 75","Lo 85","Hi 85","Lo 95","Hi 95"
"2019.000",44.549999,43.6260427392002,45.4739552607998,43.3937727804864,45.7062252195136,42.9757633587672,46.1242346412328
"2019.008",44.549999,43.2433275249374,45.8566704750626,42.9148481991925,46.1851498008075,42.3236936057975,46.7763043942025
"2019.016",44.549999,42.9496598123234,46.1503381876766,42.5473564427592,46.5526415572408,41.8233428862991,47.2766551137009
"2019.024",44.549999,42.7020864784004,46.3979115215996,42.2375465609728,46.8624514390272,41.4015277175345,47.6984702824655
"2019.032",44.549999,42.4839699926151,46.6160280073849,41.9645985758,47.1353994242,41.0299010936006,48.0700969063994
"2019.040",44.549999,42.2867776163906,46.8132203836094,41.7178347349645,47.3821632650355,40.6939249440767,48.4060730559233
"2019.048",44.549999,42.1054405116226,46.9945574883774,41.4909119638347,47.6090860361653,40.3849629882838,48.7150350117162
