"","Point Forecast","Lo 75","Hi 75","Lo 85","Hi 85","Lo 95","Hi 95"
"2019.000",46.400002,45.4720630984343,47.3279409015657,45.2387919583383,47.5612120416617,44.8189807398956,47.9810232601044
"2019.008",46.400002,45.0876982203522,47.7123057796478,44.7578030103183,48.0422009896817,44.1641002915601,48.6359037084399
"2019.016",46.400002,44.7927646761686,48.0072393238314,44.3887272095828,48.4112767904172,43.6615928496526,49.1384111503474
"2019.024",46.400002,44.5441241968686,48.2558798031314,44.0775819166767,48.7224220833233,43.2379594797911,49.5620445202089
"2019.031",46.400002,44.3250675371326,48.4749364628674,43.8034574106892,48.9965465893108,42.8647309885341,49.9352730114659
"2019.039",46.400002,44.1270251786853,48.6729788213147,43.555629913733,49.2443740862671,42.5273066402521,50.2726973597479
"2019.047",46.400002,43.9449064345947,48.8550975654053,43.3277290098523,49.4722749901477,42.2170129282577,50.5829910717423
