"","Point Forecast","Lo 75","Hi 75","Lo 85","Hi 85","Lo 95","Hi 95"
"2019.000",87.0671877120197,85.9918320091977,88.1425434148418,85.72150230281,88.4128731212295,85.234997871215,88.8993775528244
"2019.013",86.9408302674211,85.3845929993198,88.4970675355224,84.9933762487586,88.8882842860836,84.2893149548466,89.5923455799956
"2019.025",86.7853019113045,84.9780147620367,88.5925890605724,84.5236875072151,89.046916315394,83.7060480926696,89.8645557299395
"2019.038",86.8349620377692,84.6673841628594,89.002539912679,84.1224847505448,89.5474393249935,83.1418452847351,90.5280787908033
"2019.051",86.832493199093,84.3237398759795,89.3412465222065,83.6930736253085,89.9719127728775,82.5580820999273,91.1069042982587
"2019.063",86.779820582724,84.0177584464466,89.5418827190013,83.3234138269267,90.2362273385212,82.0738222116935,91.4858189537544
"2019.076",86.7915806961594,83.7743570297056,89.8088043626132,83.0158682936362,90.5672930986826,81.6508383960955,91.9323229962234
