"","Point Forecast","Lo 75","Hi 75","Lo 85","Hi 85","Lo 95","Hi 95"
"2019.000",87.4239446986014,86.3491065674945,88.4987828297084,86.0789069715525,88.7689824256504,85.5926366959045,89.2552527012983
"2019.013",87.2348893888125,85.6828434214029,88.7869353562222,85.2926803064735,89.1770984711516,84.5905152096572,89.8792635679678
"2019.025",87.1683201749701,85.3677220519399,88.9689182980004,84.9150763267685,89.4215640231718,84.1004631117393,90.236177238201
"2019.038",87.2387323995682,85.0813440765997,89.3961207225366,84.5390061781892,89.9384586209472,83.5629765937074,90.9144882054289
"2019.051",87.2030869356288,84.7086436582025,89.697530213055,84.0815747571702,90.3245991140873,82.9530572762609,91.4531165949967
"2019.063",87.1697991261023,84.425109080519,89.9144891716857,83.7351315668455,90.6044666853592,82.4933993037192,91.8461989484855
"2019.076",87.1945125564978,84.1976716224152,90.1913534905803,83.4443068263062,90.9447182866893,82.0884983329953,92.3005267800002
