"","Point Forecast","Lo 75","Hi 75","Lo 85","Hi 85","Lo 95","Hi 95"
"2019.000",87.0722114675444,86.1248917608857,88.0195311742032,85.8867485516348,88.2576743834541,85.4581692134518,88.686253721637
"2019.008",87.2648159855518,85.9367089561467,88.5929230149568,85.6028410254069,88.9267909456967,85.0019887178938,89.5276432532098
"2019.016",87.2805466501063,85.728125642337,88.8329676578757,85.337868247394,89.2232250528186,84.6355334776067,89.9255598226059
"2019.024",87.2805466501063,85.4126766734256,89.1484166267871,84.943119724928,89.6179735752846,84.0980718780494,90.4630214221633
"2019.032",87.2805466501063,85.1432901109405,89.4178031892722,84.6060130674546,89.9550802327581,83.6390913549171,90.9220019452955
"2019.040",87.2805466501063,84.9042485251588,89.6568447750538,84.3068796985269,90.2542136016857,83.2318125690702,91.3292807311425
"2019.048",87.2805466501063,84.687147328164,89.8739459720486,84.0352022318513,90.5258910683613,82.8619157930391,91.6991775071735
