"","Point Forecast","Lo 75","Hi 75","Lo 85","Hi 85","Lo 95","Hi 95"
"2019.000",86.9565374835348,86.015086523503,87.8979884435667,85.7784186368345,88.1346563302352,85.3524943933652,88.5605805737045
"2019.008",87.0674877664218,85.7503958585708,88.3845796742729,85.4192969786368,88.7156785542068,84.8234280505176,89.311547482326
"2019.016",86.946666926881,85.4054809956623,88.4878528580997,85.0180479452011,88.875285908561,84.3207960652119,89.5725377885502
"2019.024",86.946666926881,85.0968309017255,88.7965029520366,84.631807441829,89.2615264119331,83.7949183812135,90.0984154725486
"2019.031",86.946666926881,84.8327765405695,89.0605573131925,84.3013734281224,89.5919604256397,83.3450228567275,90.5483109970345
"2019.039",86.946666926881,84.5982266336828,89.2951072200793,84.0078608846908,89.8854729690713,82.9453969883457,90.9479368654164
"2019.047",86.946666926881,84.3850637070021,89.5082701467599,83.7411117155872,90.1522221381749,82.5822102328604,91.3111236209016
