"","Point Forecast","Lo 75","Hi 75","Lo 85","Hi 85","Lo 95","Hi 95"
"2019.000",50.3524524788358,49.6030692138355,51.1018357438361,49.4146845170624,51.2902204406092,49.0756541121191,51.6292508455525
"2019.008",50.3524524788358,49.3598452790957,51.3450596785759,49.110317413888,51.5945875437836,48.6612494448064,52.0436555128653
"2019.016",50.3524524788358,49.1654550786325,51.5394498790391,48.8670601774497,51.8378447802219,48.3300476392029,52.3748573184687
"2019.024",50.3524524788358,48.9986960002907,51.7062089573809,48.658380149075,52.0465248085966,48.0459237084905,52.6589812491811
"2019.032",50.3524524788358,48.8503371775636,51.8545677801081,48.4727259487508,52.2321790089208,47.7931501126644,52.9117548450072
"2019.040",50.3524524788358,48.7153684390169,51.9895365186547,48.3038279165137,52.4010770411579,47.5631905272524,53.1417144304192
"2019.048",50.3524524788358,48.5907096120862,52.1141953455854,48.1478315665714,52.5570733911002,47.3507969576924,53.3541079999792
