"","Point Forecast","Lo 75","Hi 75","Lo 85","Hi 85","Lo 95","Hi 95"
"2019.000",50.0213446885196,49.2739356215273,50.7687537555119,49.0860472111146,50.9566421659246,48.7479099581556,51.2947794188836
"2019.008",50.0213446885196,49.0330347461428,51.0096546308964,48.7845871526241,51.2581022244151,48.3374633167679,51.7052260602713
"2019.016",50.0213446885196,48.8402889019543,51.2024004750849,48.5433876411233,51.4993017359159,48.0090631635416,52.0336262134976
"2019.024",50.0213446885196,48.6748570354913,51.367832341548,48.3363684675294,51.7063209095098,47.7272005349401,52.3154888420991
"2019.031",50.0213446885196,48.5276361397939,51.5150532372453,48.1521382535166,51.8905511235226,47.4763657379115,52.5663236391277
"2019.039",50.0213446885196,48.393677198731,51.6490121783082,47.9845038680305,52.0581855090087,47.2481266443201,52.7945627327191
"2019.047",50.0213446885196,48.2699344892535,51.7727548877857,47.8296539349313,52.2130354421079,47.0372939546498,53.0053954223894
