"","Point Forecast","Lo 75","Hi 75","Lo 85","Hi 85","Lo 95","Hi 95"
"2019.000",0.99254,0.987795226341815,0.997284773658185,0.986602455181047,0.998477544818953,0.984455859960913,1.00062414003909
"2019.008",0.99254,0.985829876742204,0.999250123257796,0.984143043589839,1.00093695641016,0.981107299516599,1.0039727004834
"2019.015",0.99254,0.984321810953609,1.00075818904639,0.982255870701356,1.00282412929864,0.978537858716799,1.0065421412832
"2019.023",0.99254,0.98305045268363,1.00202954731637,0.980664910362094,1.00441508963791,0.976371719921825,1.00870828007817
"2019.030",0.99254,0.981930363562448,1.00314963643755,0.97926324616537,1.00581675383463,0.974463313332973,1.01061668666703
"2019.038",0.99254,0.980917725592448,1.00416227440755,0.97799604486866,1.00708395513134,0.972737981895033,1.01234201810497
"2019.045",0.99254,0.979986508873152,1.00509349112685,0.976830733010751,1.00824926698925,0.971151375892755,1.01392862410724
