"","Point Forecast","Lo 75","Hi 75","Lo 85","Hi 85","Lo 95","Hi 95"
"2019.000",1.32048178000386,1.31391187197079,1.32705168803692,1.31226028700693,1.32870327300078,1.30928797806314,1.33167558194457
"2019.008",1.31993172483448,1.30994686257445,1.32991658709451,1.30743680485495,1.33242664481401,1.30291952771063,1.33694392195832
"2019.015",1.32031873996388,1.30820939086498,1.33242808906279,1.30516526622988,1.33547221369789,1.29968684454588,1.34095063538188
"2019.023",1.32004643871352,1.30589606265071,1.33419681477634,1.30233885177035,1.3377540256567,1.29593704384277,1.34415583358428
"2019.030",1.32023802804767,1.30445514376442,1.33602091233092,1.30048754265993,1.33998851343542,1.29334716750127,1.34712888859407
"2019.038",1.32010322707665,1.30274605847423,1.33746039567907,1.29838270383753,1.34182375031577,1.2905301026723,1.349676351481
"2019.045",1.32019807213611,1.30146024650673,1.33893589776548,1.2967498135891,1.34364633068311,1.28827258583719,1.35212355843502
