"","Point Forecast","Lo 75","Hi 75","Lo 85","Hi 85","Lo 95","Hi 95"
"2019.000",1.31337952388349,1.30682325403242,1.31993579373456,1.30517509752087,1.32158395024611,1.30220895866198,1.32455008910501
"2019.008",1.31418164930184,1.30423330610046,1.32412999250322,1.30173242877251,1.32663086983117,1.29723167330918,1.3311316252945
"2019.015",1.31361250398567,1.30154795156744,1.32567705640389,1.29851508820478,1.32870991976655,1.29305693310199,1.33416807486934
"2019.023",1.31401633907618,1.2999195747551,1.32811310339726,1.29637584113289,1.33165683701948,1.28999828783089,1.33803439032148
"2019.030",1.3137297992845,1.29800817515057,1.32945142341843,1.29405597400921,1.3334036245598,1.28694331371182,1.34051628485718
"2019.038",1.3139331126026,1.29664314819682,1.33122307700838,1.29229668777539,1.33556953742981,1.28447449063313,1.34339173457207
"2019.045",1.31378885234097,1.29512478776515,1.33245291691679,1.29043289736689,1.33714480731505,1.2819890400424,1.34558866463954
