"","Point Forecast","Lo 75","Hi 75","Lo 85","Hi 85","Lo 95","Hi 95"
"2019.000",0.99383,0.989098338501648,0.998561661498352,0.98790886355841,0.99975113644159,0.985768200444135,1.00189179955586
"2019.007",0.99383,0.987138420136472,1.00052157986353,0.985456248539641,1.00220375146036,0.982428893730963,1.00523110626904
"2019.015",0.99383,0.985634521880637,1.00202547811936,0.983574290844618,1.00408570915538,0.979866553568806,1.00779344643119
"2019.022",0.99383,0.984366677003296,1.0032933229967,0.981987727116819,1.00567227288318,0.977706400888271,1.00995359911173
"2019.030",0.99383,0.983249683243167,1.00441031675683,0.980589936412553,1.00707006358745,0.975803268172109,1.01185673182789
"2019.037",0.99383,0.982239843693465,1.00542015630653,0.979326237020705,1.0083337629793,0.974082704679536,1.01357729532046
"2019.045",0.99383,0.981311200387222,1.00634879961278,0.97816414549667,1.00949585450333,0.972500483255532,1.01515951674447
