"","Point Forecast","Lo 75","Hi 75","Lo 85","Hi 85","Lo 95","Hi 95"
"2019.000",1.31115597239173,1.30458195990043,1.31772998488303,1.30292934313195,1.3193826016515,1.29995517727968,1.32235676750378
"2019.008",1.31214851482971,1.30217981717486,1.32211721248456,1.29967382301587,1.32462320664354,1.29516385894204,1.32913317071737
"2019.015",1.31144182832985,1.29935275249474,1.32353090416497,1.2963137242807,1.32656993237901,1.29084447447597,1.33203918218374
"2019.023",1.31194498647198,1.29782012324525,1.32606984969871,1.29426932594271,1.32962064700125,1.28787906034274,1.33601091260122
"2019.030",1.31158673975856,1.29583436098907,1.32733911852806,1.29187442855324,1.33129905096389,1.2847478544723,1.33842562504483
"2019.038",1.31184181007728,1.29451796497316,1.32916565518139,1.29016298740786,1.33352063274669,1.28232546221196,1.34135815794259
"2019.045",1.31166020096531,1.29296005767673,1.33036034425389,1.28825909758386,1.33506130434676,1.27979891779639,1.34352148413423
