"","Point Forecast","Lo 75","Hi 75","Lo 85","Hi 85","Lo 95","Hi 95"
"2019.000",0.99175,0.987001429752548,0.996498570247452,0.985807704181198,0.997692295818802,0.983659391336376,0.999840608663624
"2019.008",0.99175,0.985034507554172,0.998465492445828,0.983346324661418,1.00015367533858,0.980308151500049,1.00319184849995
"2019.015",0.99175,0.983525235068103,0.999974764931897,0.981457641728231,1.00204235827177,0.977736654730446,1.00576334526955
"2019.023",0.99175,0.982252859505096,1.0012471404949,0.979865408362397,1.0036345916376,0.975568782672752,1.00793121732725
"2019.031",0.99175,0.981131874130764,1.00236812586924,0.978462622606747,1.00503737739325,0.973658849048788,1.00984115095121
"2019.038",0.99175,0.98011842588598,1.00338157411402,0.977194407343262,1.00630559265674,0.97193213706558,1.01156786293442
"2019.046",0.99175,0.979186464042121,1.00431353595788,0.976028163046672,1.00747183695333,0.970344261520906,1.01315573847909
