"","Point Forecast","Lo 75","Hi 75","Lo 85","Hi 85","Lo 95","Hi 95"
"2019.000",1.31513982278881,1.30856932240323,1.3217103231744,1.30691758853006,1.32336205704757,1.30394501159855,1.32633463397908
"2019.008",1.31516098289619,1.30517362254935,1.32514834324304,1.30266293684501,1.32765902894738,1.29814452953483,1.33217743625756
"2019.015",1.31514614553626,1.30303274050503,1.32725955056748,1.29998759626406,1.33030469480845,1.29450733962532,1.33578495144719
"2019.023",1.31515654941777,1.30100196988167,1.32931112895386,1.29744370230566,1.33286939652988,1.29103999267395,1.33927310616158
"2019.031",1.31514925426883,1.29936081911345,1.33093768942422,1.29539182259567,1.334906685942,1.28824893615271,1.34204957238496
"2019.038",1.31515436959025,1.29779156998803,1.33251716919248,1.29342679979504,1.33688193938547,1.28557165109474,1.34473708808577
"2019.046",1.31515078275283,1.29640631006451,1.33389525544114,1.29169420616724,1.33860735933842,1.28321397120233,1.34708759430332
