"","Point Forecast","Lo 75","Hi 75","Lo 85","Hi 85","Lo 95","Hi 95"
"2019.000",1.31538171369053,1.30884670195177,1.32191672542929,1.30720388943871,1.32355953794235,1.30424736801692,1.32651605936413
"2019.007",1.31466101566556,1.30475344528249,1.32456858604862,1.30226281768305,1.32705921364807,1.29778050835503,1.33154152297609
"2019.015",1.31517440759458,1.30315930486806,1.3271895103211,1.30013887248112,1.33020994270804,1.29470308904018,1.33564572614898
"2019.022",1.31480869093704,1.30077056885646,1.32884681301762,1.29724157709093,1.33237580478315,1.29089055427536,1.33872682759872
"2019.030",1.31506921056355,1.2994135903109,1.33072483081619,1.29547798164197,1.33466043948513,1.2883951823298,1.34174323879729
"2019.037",1.31488362843488,1.29766627787293,1.33210097899683,1.29333807157805,1.33642918529171,1.28554872585111,1.34421853101865
"2019.045",1.31501582855716,1.29643069194543,1.33360096516889,1.29175864295713,1.33827301415719,1.28335049363531,1.34668116347901
