"","Point Forecast","Lo 75","Hi 75","Lo 85","Hi 85","Lo 95","Hi 95"
"2019.000",0.99076,0.986009024933562,0.995510975066438,0.984814694823631,0.996705305176369,0.982665294008483,0.998854705991517
"2019.008",0.99076,0.984041106626546,0.997478893373454,0.982352068787132,0.999167931212868,0.979312357003374,1.00220764299663
"2019.015",0.99076,0.982531069799436,0.998988930200564,0.980462429368027,1.00105757063197,0.976739557950361,1.00478044204964
"2019.023",0.99076,0.981258049867123,1.00026195013288,0.978869389647262,1.00265061035274,0.974570588016967,1.00694941198303
"2019.030",0.99076,0.980136496792037,1.00138350320796,0.977465893478658,1.00405410652134,0.972659687145094,1.00886031285491
"2019.038",0.99076,0.97912253530654,1.00239746469346,0.976197035952769,1.00532296404723,0.970932100702934,1.01058789929707
"2019.045",0.99076,0.978190101489135,1.00332989851086,0.975030201034943,1.00648979896506,0.969343421010262,1.01217657898974
