"","Point Forecast","Lo 75","Hi 75","Lo 85","Hi 85","Lo 95","Hi 95"
"2019.000",7.8419559999075,7.83975161521164,7.84416038460336,7.83919746306827,7.84471453674673,7.83820017173419,7.84571182808081
"2019.008",7.841811999815,7.83863783305812,7.84498616657188,7.83783989097703,7.84578410865296,7.83640385805342,7.84722014157657
"2019.015",7.84166799972249,7.83771063970382,7.84562535974117,7.83671581355549,7.8466201858895,7.83492545415957,7.84841054528542
"2019.023",7.84152399962999,7.83687340469856,7.84617459456142,7.83570430878077,7.84734369047921,7.83360032119996,7.84944767806002
"2019.030",7.84137999953749,7.83608944479579,7.84667055427919,7.83475947174018,7.8480005273348,7.83236595830023,7.85039404077475
"2019.038",7.84123599944499,7.8353403114214,7.84713168746858,7.83385821614056,7.84861378274941,7.8311909328005,7.85128106608947
"2019.045",7.84109199935248,7.83461525890809,7.84756873979688,7.83298709500094,7.84919690370403,7.83005693624489,7.85212706246008
