"","Point Forecast","Lo 75","Hi 75","Lo 85","Hi 85","Lo 95","Hi 95"
"2019.000",7.84624732824427,7.84422734974549,7.84826730674304,7.8437195547963,7.84877510169224,7.84280569114281,7.84968896534572
"2019.008",7.84649465648853,7.84363797549987,7.8493513374772,7.84291984499581,7.85006946798126,7.84162744662289,7.85136186635418
"2019.015",7.8467419847328,7.84324327934273,7.85024069012287,7.84236375269089,7.85112021677471,7.84078089441186,7.85270307505374
"2019.023",7.84698931297707,7.84294935597952,7.85102926997461,7.84193376608113,7.85204485987301,7.84010603877415,7.85387258717998
"2019.030",7.84723664122133,7.84271983198499,7.85175345045768,7.84158436795995,7.85288891448271,7.83954090670859,7.85493237573408
"2019.038",7.8474839694656,7.84253605285221,7.85243188607899,7.84129221433272,7.85367572459848,7.8390537146872,7.855914224244
"2019.045",7.84773129770987,7.84238693694842,7.85307565847132,7.84104343779583,7.85441915762391,7.83862558183648,7.85683701358325
