"","Point Forecast","Lo 75","Hi 75","Lo 85","Hi 85","Lo 95","Hi 95"
"2019.000",7.84338393939394,7.8413511386666,7.84541674012127,7.84084012038463,7.84592775840324,7.83992045579383,7.84684742299404
"2019.008",7.84360787878787,7.84073306442967,7.84648269314607,7.84001037544469,7.84720538213106,7.83870977330755,7.8485059842682
"2019.015",7.84383181818181,7.8403109040404,7.84735273232322,7.83942579441243,7.84823784195119,7.83783288861525,7.84983074774837
"2019.023",7.84405575757575,7.83999015612108,7.84812135903042,7.83896811955713,7.84914339559436,7.83712879037554,7.85098272477596
"2019.030",7.84427969696968,7.83973421635865,7.84882517758071,7.83859154474241,7.84996784919695,7.83653511220089,7.85202428173847
"2019.038",7.84450363636362,7.83952431183289,7.84948296089435,7.83827257779282,7.85073469493441,7.83601986881086,7.85298740391637
"2019.045",7.84472757575756,7.83934929056808,7.85010586094703,7.83799726327857,7.85145788823654,7.83556405948173,7.85389109203338
