"","Point Forecast","Lo 75","Hi 75","Lo 85","Hi 85","Lo 95","Hi 95"
"2019.000",7.84698603757674,7.84496474616008,7.84900732899339,7.8444566211613,7.84951545399217,7.84354216352727,7.8504299116262
"2019.008",7.84720652520442,7.8445294464896,7.84988360391924,7.84385646553915,7.85055658486969,7.84264532149158,7.85176772891726
"2019.015",7.84746590344252,7.84424534826016,7.85068645862489,7.84343574476378,7.85149606212126,7.84197872513362,7.85295308175142
"2019.023",7.84772016417144,7.84403767428251,7.85140265406037,7.84311194672293,7.85232838161995,7.8414459420274,7.85399438631548
"2019.031",7.84797509829941,7.84388222002286,7.85206797657597,7.84285332643921,7.85309687015962,7.84100165688066,7.85494853971816
"2019.038",7.84822994381664,7.84376426486472,7.85269562276857,7.84264165429342,7.85381823333987,7.84062132502517,7.85583856260812
"2019.046",7.84848480099392,7.84367512721041,7.85329447477743,7.84246604104636,7.85450356094148,7.84029008419408,7.85667951779377
