"","Point Forecast","Lo 75","Hi 75","Lo 85","Hi 85","Lo 95","Hi 95"
"2019.000",110.486,109.915461683041,111.056538316959,109.772036158537,111.199963841463,109.51391745524,111.45808254476
"2019.008",110.486,109.679136974304,111.292863025696,109.476302652359,111.495697347641,109.111267681455,111.860732318546
"2019.015",110.486,109.497798647363,111.474201352637,109.249378351819,111.722621648181,108.802303643325,112.169696356675
"2019.023",110.486,109.344923366083,111.627076633917,109.058072317074,111.913927682926,108.54183491048,112.43016508952
"2019.031",110.486,109.210237539512,111.761762460488,108.889528317011,112.082471682989,108.312357350176,112.659642649824
"2019.038",110.486,109.088472244745,111.883527755255,108.737152893618,112.234847106382,108.104893777472,112.867106222528
"2019.046",110.486,108.976497499894,111.995502500106,108.597029230396,112.374970769604,107.914111332739,113.057888667261
