"","Point Forecast","Lo 75","Hi 75","Lo 85","Hi 85","Lo 95","Hi 95"
"2019.000",110.407997,109.841403752852,110.974590247148,109.698969964905,111.117024035095,109.44263606076,111.37335793924
"2019.008",110.407997,109.606713145534,111.209280854466,109.40528135088,111.41071264912,109.042770467141,111.773223532859
"2019.015",110.407997,109.426628708714,111.389365291286,109.179926151276,111.636067848724,108.735942805593,112.080051194407
"2019.023",110.407997,109.274810505703,111.541183494297,108.98994292981,111.82605107019,108.477275121519,112.33871887848
"2019.030",110.407997,109.141055983784,111.674938016216,108.822564351643,111.993429648357,108.249384317036,112.566609682964
"2019.038",110.407997,109.02013265278,111.79586134722,108.671242550179,112.144751449821,108.043355281247,112.772638718753
"2019.045",110.407997,108.908932173517,111.907061826483,108.532087792318,112.283906207682,107.853892029355,112.962101970645
