"","Point Forecast","Lo 75","Hi 75","Lo 85","Hi 85","Lo 95","Hi 95"
"2019.000",19.6618,19.4966206190602,19.8269793809398,19.4550967833344,19.8685032166656,19.38036755595,19.94323244405
"2019.008",19.6618,19.4282010792506,19.8953989207494,19.3694775076054,19.9541224923946,19.2637944207327,20.0598055792673
"2019.015",19.6618,19.3757009198495,19.9478990801505,19.3037795266473,20.0198204733527,19.1743447080071,20.1492552919929
"2019.023",19.6618,19.3314412381204,19.9921587618796,19.2483935666689,20.0752064333311,19.0989351119,20.2246648881
"2019.031",19.6618,19.2924476757373,20.0311523242627,19.1995975563679,20.1240024436321,19.0324979240303,20.2911020759697
"2019.038",19.6618,19.2571948006687,20.0664051993313,19.1554825909774,20.1681174090226,18.9724341150131,20.3511658849869
"2019.046",19.6618,19.2247764363177,20.0988235636823,19.1149146935058,20.2086853064942,18.9171997421786,20.4064002578214
