"","Point Forecast","Lo 75","Hi 75","Lo 85","Hi 85","Lo 95","Hi 95"
"2019.000",19.4526,19.2800367646528,19.6251632353472,19.2366567289844,19.6685432710157,19.1585869530893,19.7466130469107
"2019.008",19.4526,19.208558732205,19.696641267795,19.1472100974265,19.7579899025735,19.0368027615443,19.8683972384557
"2019.015",19.4526,19.1537117088602,19.7514882911398,19.0785752830483,19.8266247169517,18.9433544646626,19.9618455353374
"2019.023",19.4526,19.1074735293056,19.7977264706944,19.0207134579687,19.8844865420313,18.8645739061786,20.0406260938214
"2019.030",19.4526,19.0667368753464,19.8384631246536,18.9697361667253,19.9354638332747,18.7951668408359,20.1100331591641
"2019.038",19.4526,19.0299081250356,19.8752918749644,18.9236491726241,19.9815508273759,18.7324180573478,20.1727819426522
"2019.045",19.4526,18.9960405938387,19.9091594061613,18.8812678075948,20.0239321924052,18.6747145956659,20.2304854043341
