"","Point Forecast","Lo 75","Hi 75","Lo 85","Hi 85","Lo 95","Hi 95"
"2019.000",19.475,19.3030889203898,19.6469110796102,19.2598728277482,19.6901271722518,19.1820980953027,19.7679019046973
"2019.008",19.475,19.231881019693,19.718118980307,19.1707642353665,19.7792357646335,19.0607741539322,19.8892258460678
"2019.015",19.475,19.1772412757311,19.7727587242689,19.1023888075712,19.8476111924288,18.9676790194306,19.9823209805694
"2019.023",19.475,19.1311778407795,19.8188221592205,19.0447456554963,19.9052543445037,18.8891961906055,20.0608038093945
"2019.030",19.475,19.0905951399061,19.8594048600939,18.9939610190376,19.9560389809624,18.8200514303578,20.1299485696422
"2019.038",19.475,19.053905573824,19.896094426176,18.9480481981752,20.0019518018248,18.7575397888024,20.1924602111976
"2019.045",19.475,19.0201660357347,19.9298339642653,18.9058270019691,20.0441729980309,18.7000544016339,20.2499455983661
