"","Point Forecast","Lo 75","Hi 75","Lo 85","Hi 85","Lo 95","Hi 95"
"2019.000",19.4363,19.2654526805609,19.6071473194391,19.2225040026677,19.6500959973323,19.1452105286896,19.7273894713104
"2019.007",19.4363,19.1946854037541,19.6779145962459,19.1339468009915,19.7386531990084,19.0246373218088,19.8479626781912
"2019.015",19.4363,19.1403837623945,19.7322162376055,19.0659944701656,19.8066055298344,18.932118246142,19.940481753858
"2019.022",19.4363,19.0946053611217,19.7779946388783,19.0087080053354,19.8638919946646,18.8541210573792,20.0184789426208
"2019.030",19.4363,19.0542737799605,19.8183262200395,18.9582376166476,19.9143623833524,18.7854041546154,20.0871958453846
"2019.037",19.4363,19.0178112434518,19.8547887565482,18.9126088974864,19.9599911025136,18.723279325793,20.149320674207
"2019.045",19.4363,18.984280480602,19.888319519398,18.8706489597576,20.0019510402424,18.6661496496434,20.2064503503566
