"","Point Forecast","Lo 75","Hi 75","Lo 85","Hi 85","Lo 95","Hi 95"
"2019.000",20.0292,19.8629772912679,20.1954227087321,19.8211911772141,20.2372088227858,19.7459899352273,20.3124100647727
"2019.008",20.0292,19.7941255909367,20.2642744090633,19.735031101723,20.323368898277,19.6286804853979,20.4297195146021
"2019.015",20.0292,19.7412938231043,20.3171061768957,19.6689181505123,20.3894818494877,19.5386657785988,20.5197342214012
"2019.023",20.0292,19.6967545825359,20.3616454174641,19.6131823544283,20.4452176455717,19.4627798704546,20.5956201295454
"2019.030",20.0292,19.6575147238709,20.400885276129,19.5640781323311,20.4943218676689,19.3959230432561,20.6624769567439
"2019.038",20.0292,19.6220391799432,20.4363608200568,19.5196845221777,20.5387154778223,19.3354798512863,20.7229201487137
"2019.045",20.0292,19.5894160504434,20.4689839495566,19.4788603844013,20.5795396155987,19.2798965998209,20.7785034001791
