"","Point Forecast","Lo 75","Hi 75","Lo 85","Hi 85","Lo 95","Hi 95"
"2019.000",8.12278,8.06875005345926,8.17680994654074,8.05516766435194,8.19039233564806,8.03072383766099,8.21483616233901
"2019.008",8.12278,8.0463701168278,8.19918988317221,8.0271617179428,8.2183982820572,7.99259292672016,8.25296707327984
"2019.015",8.12278,8.02919738746121,8.21636261253879,8.00567199943917,8.23988800056083,7.96333404967903,8.28222595032097
"2019.023",8.12278,8.01472010691852,8.23083989308148,7.98755532870389,8.25800467129611,7.93866767532198,8.30689232467802
"2019.030",8.12278,8.00196536671423,8.24359463328577,7.97159422137342,8.27396577862658,7.91693616326222,8.32862383673778
"2019.038",8.12278,7.99043420014534,8.25512579985466,7.95716427734448,8.28839572265552,7.89728937459062,8.34827062540938
"2019.045",8.12278,7.97983019810309,8.26572980189691,7.94389457431502,8.30166542568498,7.8792222878,8.36633771220001
