"","Point Forecast","Lo 75","Hi 75","Lo 85","Hi 85","Lo 95","Hi 95"
"2019.000",8.16944,8.11537748370701,8.22350251629299,8.10178690700972,8.23709309299028,8.07732834535362,8.26155165464638
"2019.008",8.16944,8.09298405624243,8.24589594375757,8.07376407835666,8.26511592164334,8.03917444874646,8.29970555125354
"2019.015",8.16944,8.07580097499551,8.26307902500448,8.05226140565166,8.28661859434834,8.00989793418323,8.32898206581677
"2019.023",8.16944,8.06131496741401,8.27756503258599,8.03413381401944,8.30474618598056,7.98521669070723,8.35366330929277
"2019.030",8.16944,8.04855253853418,8.29032746146582,8.01816308518562,8.32071691481438,7.9634720786907,8.3754079213093
"2019.038",8.16944,8.03701442087126,8.30186557912874,8.00372444265276,8.33515555734724,7.9438134467529,8.3950665532471
"2019.045",8.16944,8.02640402663836,8.31247597336164,7.9904467405234,8.3484332594766,7.925735468955,8.413144531045
