"","Point Forecast","Lo 75","Hi 75","Lo 85","Hi 85","Lo 95","Hi 95"
"2019.000",8.10382,8.0496021348677,8.1580378651323,8.03597250559832,8.17166749440168,8.01144366217538,8.19619633782462
"2019.008",8.10382,8.02714435980699,8.18049564019301,8.00786915324411,8.19977084675589,7.97318013020607,8.23445986979394
"2019.015",8.10382,8.00991190291294,8.19772809708706,7.98630469253004,8.22133530746996,7.94381948947061,8.26382051052939
"2019.023",8.10382,7.9953842697354,8.2122557302646,7.96812501119664,8.23951498880337,7.91906732435076,8.28857267564924
"2019.030",8.10382,7.98258516796927,8.22505483203074,7.9521083904148,8.2555316095852,7.89726022911167,8.31037977088833
"2019.038",8.10382,7.97101389548283,8.23662610451717,7.93762825838954,8.27001174161046,7.87754510802272,8.33009489197728
"2019.045",8.10382,7.9603730122431,8.2472669877569,7.9243124027343,8.2833275972657,7.85941518308917,8.34822481691083
