"","Point Forecast","Lo 75","Hi 75","Lo 85","Hi 85","Lo 95","Hi 95"
"2019.000",8.1621,8.10791460264848,8.21628539735153,8.09429313533482,8.22990686466518,8.06977898074386,8.25442101925614
"2019.008",8.1621,8.0854702761829,8.2387297238171,8.06620661236851,8.25799338763149,8.03153836247586,8.29266163752414
"2019.015",8.1621,8.06824813875885,8.25595186124115,8.04465506529797,8.27954493470203,8.00219530404182,8.32200469595818
"2019.023",8.1621,8.05372920529695,8.27047079470305,8.02648627066965,8.29771372933035,7.97745796148772,8.34674203851228
"2019.031",8.1621,8.04093776813415,8.28326223186585,8.01047924126754,8.31372075873246,7.95566392519121,8.36853607480879
"2019.038",8.1621,8.02937342497881,8.29482657502119,7.99600778051236,8.32819221948764,7.9359606102888,8.3882393897112
"2019.046",8.1621,8.01873891391665,8.30546108608335,7.98269989891293,8.34150010108707,7.91784154226425,8.40635845773575
