"","Point Forecast","Lo 75","Hi 75","Lo 85","Hi 85","Lo 95","Hi 95"
"2019.000",8.11418,8.06040281812883,8.16795718187116,8.04688397060011,8.18147602939989,8.02255449782161,8.20580550217838
"2019.007",8.11418,8.03812758005159,8.19023241994841,8.01900904252882,8.20935095747118,7.98460197216008,8.24375802783992
"2019.015",8.11418,8.02103518871127,8.20732481128873,7.99761985793175,8.23074014206825,7.95547997495802,8.27288002504197
"2019.022",8.11418,8.00662563625767,8.22173436374233,7.97958794120023,8.24877205879977,7.93092899564323,8.29743100435677
"2019.030",8.11418,7.9939305656977,8.2344294343023,7.96370150364603,8.26465849635397,7.90929914865658,8.31906085134342
"2019.037",8.11418,7.98245334461079,8.24590665538921,7.94933906625494,8.27902093374506,7.88974427223669,8.33861572776331
"2019.045",8.11418,7.971898950559,8.256461049441,7.93613144198581,8.29222855801419,7.87176170748459,8.35659829251541
