"","Point Forecast","Lo 75","Hi 75","Lo 85","Hi 85","Lo 95","Hi 95"
"2019.000",61.7533711606395,61.1634753638269,62.343266957452,61.0151836338131,62.4915586874658,60.7483073634075,62.7584349578715
"2019.012",61.7533711606395,60.8264695244796,62.6802727967994,60.5934591387106,62.9132831825683,60.1741171921705,63.3326251291084
"2019.024",61.7533711606395,60.5827660884078,62.9239762328712,60.2884919941319,63.2182503271471,59.7588955510259,63.7478467702531
"2019.036",61.7533711606395,60.3816985221599,63.125043799119,60.036878793537,63.4698635277419,59.4163168570851,64.0904254641939
"2019.048",61.7533711606395,60.2065500917462,63.3001922295327,59.817700444796,63.6890418764829,59.1178991577184,64.3888431635605
"2019.060",61.7533711606395,60.0493098321683,63.4574324891106,59.620932135948,63.8858101853309,58.8499933797437,64.6567489415353
"2019.071",61.7533711606395,59.9054007595752,63.6013415617037,59.4408462920424,64.0658960292366,58.604801263207,64.9019410580719
