"","Point Forecast","Lo 75","Hi 75","Lo 85","Hi 85","Lo 95","Hi 95"
"2019.000",1.37002003645111,1.36533085151275,1.37470922138948,1.36415205459536,1.37588801830687,1.36203060841053,1.37800946449169
"2019.008",1.36847604683553,1.36179588751893,1.37515620615213,1.36011658689129,1.37683550677977,1.35709439888154,1.37985769478952
"2019.015",1.36822344364502,1.36030354006856,1.37614334722148,1.35831258470112,1.37813430258893,1.35472952081105,1.38171736647899
"2019.023",1.36984388866325,1.36068791847442,1.37899985885209,1.35838623287741,1.38130154444909,1.35424395692097,1.38544382040553
"2019.030",1.36877919061021,1.35844843042397,1.37910995079644,1.35585141869977,1.38170696252064,1.3511776529875,1.38638072823291
"2019.038",1.36814266577146,1.35694497488835,1.37934035665456,1.35413002865177,1.38215530289115,1.34906405259941,1.3872212789435
"2019.045",1.36963006332795,1.35755566866933,1.38170445798657,1.35452033110214,1.38473979555376,1.34905772324612,1.39020240340978
