"","Point Forecast","Lo 75","Hi 75","Lo 85","Hi 85","Lo 95","Hi 95"
"2019.000",1.3648,1.36001990458508,1.36958009541492,1.35881825401808,1.37078174598192,1.35665567879139,1.37294432120861
"2019.008",1.3648,1.35803992423478,1.37156007576522,1.3563405337057,1.3732594662943,1.35328219049046,1.37631780950954
"2019.015",1.3648,1.35652063187633,1.37307936812367,1.35443931204135,1.37516068795865,1.35069362187353,1.37890637812647
"2019.023",1.3648,1.35523980917016,1.37436019082984,1.35283650803616,1.37676349196384,1.34851135758278,1.38108864241722
"2019.030",1.3648,1.3541113817133,1.3754886182867,1.3514244093603,1.3781755906397,1.34658874414695,1.38301125585305
"2019.038",1.3648,1.35309120531163,1.37650879468837,1.35014777457336,1.37945222542664,1.34485056873758,1.38474943126242
"2019.045",1.3648,1.35215305628896,1.37744694371104,1.34897378772589,1.38062621227411,1.34325215148459,1.38634784851541
