"","Point Forecast","Lo 75","Hi 75","Lo 85","Hi 85","Lo 95","Hi 95"
"2019.000",8.96945,8.89111660217772,9.04778339782228,8.87142465803488,9.06747534196512,8.83598564461595,9.10291435538405
"2019.012",8.96945,8.85866984641296,9.08023015358704,8.83082123193667,9.10807876806333,8.78070289852249,9.15819710147751
"2019.024",8.96945,8.8337725750423,9.1051274249577,8.7996651272871,9.1392348727129,8.7382829554754,9.2006170445246
"2019.036",8.96945,8.81278320435543,9.12611679564457,8.77339931606976,9.16550068393024,8.7025212892319,9.2363787107681
"2019.048",8.96945,8.79429119756084,9.14460880243916,8.75025867184833,9.18864132815167,8.67101462878807,9.26788537121193
"2019.060",8.96945,8.77757314551696,9.16132685448304,8.72933793032363,9.20956206967637,8.6425304304596,9.2963695695404
"2019.071",8.96945,8.76219931001155,9.17670068998845,8.71009932297823,9.22880067702177,8.61633650676226,9.32256349323774
