"","Point Forecast","Lo 75","Hi 75","Lo 85","Hi 85","Lo 95","Hi 95"
"2019.000",8.96373,8.88593373483397,9.04152626516603,8.86637681848973,9.06108318151027,8.83118081063346,9.09627918936654
"2019.012",8.96373,8.85370946670023,9.07375053329977,8.82605181036801,9.10140818963199,8.77627713871628,9.15118286128372
"2019.024",8.96373,8.82898291609334,9.09847708390666,8.79510934334574,9.13235065665426,8.73414806951509,9.19331193048491
"2019.036",8.96373,8.80813746966795,9.11932253033205,8.76902363697947,9.15843636302053,8.69863162126692,9.22882837873308
"2019.048",8.96373,8.78977226269317,9.13768773730683,8.74604166831717,9.18141833168283,8.66734100221393,9.26011899778607
"2019.060",8.96373,8.77316884644898,9.15429115355102,8.72526438046329,9.20219561953671,8.63905212023244,9.28840787976756
"2019.071",8.96373,8.75790042944106,9.16955957055894,8.7061576923829,9.2213023076171,8.61303780845293,9.31442219154707
