"","Point Forecast","Lo 75","Hi 75","Lo 85","Hi 85","Lo 95","Hi 95"
"2019.000",1.36222230492574,1.3575563329847,1.36688827686677,1.35638337149714,1.36806123835433,1.35427242716398,1.3701721826875
"2019.008",1.36380089100543,1.35710162822712,1.37050015378373,1.35541752525067,1.37218425676018,1.35238669459481,1.37521508741604
"2019.015",1.36300329452137,1.35505305452579,1.37095353451694,1.35305447299777,1.37295211604497,1.34945768453053,1.37654890451221
"2019.023",1.36220075115651,1.35302786261975,1.37137363969326,1.35072192398163,1.37367957833139,1.34657199395201,1.377829508361
"2019.031",1.36357724345428,1.35321511504431,1.37393937186424,1.35061021777798,1.37654426913057,1.34592226068715,1.3812322262214
"2019.038",1.36320316068882,1.35196368676722,1.37444263461043,1.34913823684659,1.37726808453105,1.34405335762262,1.38235296375502
"2019.046",1.36224448601049,1.35013560681711,1.37435336520387,1.34709160030983,1.37739737171115,1.341613391217,1.38287558080398
