"","Point Forecast","Lo 75","Hi 75","Lo 85","Hi 85","Lo 95","Hi 95"
"2019.000",8.79538,8.73173053379429,8.85902946620571,8.7157299290958,8.8750300709042,8.68693411084099,8.90382588915901
"2019.012",8.79538,8.70536606165407,8.88539393834593,8.6827377894833,8.9080222105167,8.64201435276772,8.94874564723228
"2019.024",8.79538,8.68513589065707,8.90562410934293,8.65742203036745,8.93333796963254,8.60754621010461,8.98321378989539
"2019.036",8.79538,8.66808106758858,8.92267893241142,8.63607985819159,8.95468014180841,8.57848822168198,9.01227177831802
"2019.048",8.79538,8.65305546683245,8.93770453316755,8.61727702704552,8.97348297295448,8.55288761996004,9.03787238003996
"2019.060",8.79538,8.63947128539548,8.95128871460452,8.6002779683082,8.9904820316918,8.529742906858,9.061017093142
"2019.071",8.79538,8.62697934133768,8.96378065866232,8.58464572047881,9.00611427952119,8.50845914657798,9.08230085342202
