"","Point Forecast","Lo 75","Hi 75","Lo 85","Hi 85","Lo 95","Hi 95"
"2019.000",8.78829,8.72514877337074,8.85143122662926,8.70927593314601,8.86730406685399,8.68071004886152,8.89586995113848
"2019.012",8.78829,8.69899482095603,8.87758517904397,8.67654723503683,8.90003276496317,8.63614897406053,8.94043102593947
"2019.024",8.78829,8.6789261874259,8.8976538125741,8.65143362169624,8.92514637830376,8.60195605875238,8.97462394124762
"2019.036",8.78829,8.66200754674148,8.91457245325852,8.63026186629202,8.94631813370798,8.57313009772304,9.00344990227696
"2019.048",8.78829,8.64710192507425,8.92947807492575,8.61160917533576,8.96497082466424,8.54773391623825,9.02884608376175
"2019.060",8.78829,8.63362621302488,8.94295378697512,8.59474585370556,8.98183414629444,8.52477401315718,9.05180598684282
"2019.071",8.78829,8.62123401686341,8.95534598313659,8.57923842902851,8.99734157097149,8.5036602032311,9.0729197967689
