"","Point Forecast","Lo 75","Hi 75","Lo 85","Hi 85","Lo 95","Hi 95"
"2019.000",33.036999,32.9002106870862,33.1737873129138,32.8658239773025,33.2081740226975,32.8039392258214,33.2700587741787
"2019.008",33.036999,32.8435511127032,33.2304468872968,32.7949209613616,33.2790770386384,32.7074027065129,33.3665952934871
"2019.015",33.036999,32.8000746921517,33.2739233078483,32.7405151637011,33.3334828362989,32.6333276299221,33.440670370078
"2019.023",33.036999,32.7634223741725,33.3105756258275,32.694648954605,33.3793490453951,32.5708794516427,33.5031185483573
"2019.031",33.036999,32.7311310337973,33.3428669662027,32.6542400131983,33.4197579868017,32.5158615021158,33.5581364978842
"2019.038",33.036999,32.7019374305851,33.3720605694149,32.6177075376817,33.4562904623183,32.466121473694,33.607876526306
"2019.046",33.036999,32.6750911417701,33.3989068582299,32.5841124592765,33.4898855407235,32.4203807969104,33.6536172030896
