"","Point Forecast","Lo 75","Hi 75","Lo 85","Hi 85","Lo 95","Hi 95"
"2019.000",33.169998,33.0340992811185,33.3058967188815,32.9999362030995,33.3400597969005,32.9384539151362,33.4015420848638
"2019.007",33.169998,32.9778081886487,33.3621878113513,32.9294943003818,33.4105016996182,32.8425452148983,33.4974507851017
"2019.015",33.169998,32.9346145142137,33.4053814857863,32.8754423273419,33.4645536726581,32.7689518808238,33.5710441191762
"2019.022",33.169998,32.898200562237,33.441795437763,32.829874406199,33.510121593801,32.7069098302723,33.6330861697277
"2019.030",33.169998,32.8661192265259,33.4738767734741,32.7897282617547,33.5502677382453,32.6522496864565,33.6877463135435
"2019.037",33.169998,32.8371154820424,33.5028805179576,32.7534333728529,33.5865626271471,32.6028331391239,33.7371628608761
"2019.045",33.169998,32.8104437863473,33.5295522136527,32.7200567778885,33.6199392221115,32.5573899339022,33.7826060660978
