"","Point Forecast","Lo 75","Hi 75","Lo 85","Hi 85","Lo 95","Hi 95"
"2019.000",4.68235787675295,4.62814394927642,4.73657180422948,4.6145153098798,4.7502004436261,4.58998824790181,4.77472750560409
"2019.007",4.68881254335095,4.6179336241714,4.75969146253049,4.60011563393747,4.77750945276442,4.56804912032061,4.80957596638128
"2019.015",4.69547287500774,4.61042222946454,4.78052352055095,4.58904166117682,4.80190408883867,4.55056368048801,4.84038206952748
"2019.022",4.70210074979928,4.60502647187064,4.79917502772791,4.58062332695647,4.82357817264208,4.53670570390186,4.86749579569669
"2019.030",4.70873374674481,4.60095449587481,4.8165129976148,4.57386026727128,4.84360722621833,4.52509957995206,4.89236791353755
"2019.037",4.71536593534173,4.59785499374275,4.83287687694072,4.56831435127772,4.86241751940575,4.51515092479588,4.91558094588759
"2019.045",4.72199825150755,4.59550179185899,4.8484947111561,4.56370231313196,4.88029418988313,4.50647372538318,4.93752277763191
