"","Point Forecast","Lo 75","Hi 75","Lo 85","Hi 85","Lo 95","Hi 95"
"2019.000",33.080002,32.9433728638502,33.2166311361499,32.9090261689264,33.2509778310736,32.8472134310133,33.3127905689867
"2019.008",33.080002,32.8867792226416,33.2732247773584,32.8382056608576,33.3217983391424,32.7507892485735,33.4092147514265
"2019.015",33.080002,32.8433533943942,33.3166506056058,32.7838631737141,33.3761408262859,32.6768003710937,33.4832036289063
"2019.023",33.080002,32.8067437277003,33.3532602722997,32.7380503378527,33.4219536621473,32.6144248620265,33.5455791379735
"2019.030",33.080002,32.7744899638619,33.3855140361381,32.6976884192098,33.4623155807902,32.5594709353607,33.6005330646393
"2019.038",33.080002,32.7453303324356,33.4146736675644,32.6611984555213,33.4988055444787,32.5097887880298,33.6502152119702
"2019.045",33.080002,32.7185152839019,33.4414887160981,32.6276424707765,33.5323615292235,32.4641013384025,33.6959026615975
