"","Point Forecast","Lo 75","Hi 75","Lo 85","Hi 85","Lo 95","Hi 95"
"2019.000",4.66961156476365,4.61523450654498,4.72398862298231,4.6015648583124,4.73765827121489,4.57696399393696,4.76225913559033
"2019.008",4.67740736961073,4.60633245400943,4.74848228521203,4.58846519295748,4.76634954626398,4.55631000809676,4.7985047311247
"2019.015",4.68381256263907,4.59853053929545,4.76909458598268,4.57709180579534,4.79053331948279,4.53850914688241,4.82911597839572
"2019.023",4.69043790006374,4.59310283917876,4.78777296094872,4.56863413699843,4.81224166312905,4.52459853245768,4.8562772676698
"2019.030",4.69702838696105,4.58896169274458,4.80509508117752,4.56179520481769,4.83226156910441,4.51290447451686,4.88115229940525
"2019.038",4.70362439096113,4.58580164667804,4.82144713524421,4.55618262128556,4.85106616063669,4.50287813135169,4.90437065057056
"2019.045",4.710219521562,4.58338865740486,4.83705038571914,4.55150511396102,4.86893392916297,4.49412523741083,4.92631380571316
