"","Point Forecast","Lo 75","Hi 75","Lo 85","Hi 85","Lo 95","Hi 95"
"2019.000",33.1998624377928,33.0623867683898,33.3373381071958,33.0278272665919,33.3718976089938,32.9656315463985,33.4340933291871
"2019.008",33.2297268755856,33.0325545036201,33.4268992475512,32.9829880678061,33.4764656833652,32.8937848092958,33.5656689418755
"2019.015",33.2595913133785,33.0147199592891,33.5044626674678,32.9531626521766,33.5660199745803,32.842379774825,33.6768028519319
"2019.023",33.2894557511713,33.0027773715778,33.5761341307648,32.9307103504239,33.6482011519187,32.8010134494369,33.7778980529057
"2019.030",33.3193201889641,32.9943981823651,33.6442421955631,32.9127172367837,33.7259231411444,32.7657184384156,33.8729219395126
"2019.038",33.3491846267569,32.9884059446278,33.709963308886,32.897711121552,33.8006581319618,32.7344903126418,33.963878940872
"2019.045",33.3790490645497,32.9841121570147,33.7739859720848,32.8848304235608,33.8732677055386,32.7061560042854,34.051942124814
