"","Point Forecast","Lo 75","Hi 75","Lo 85","Hi 85","Lo 95","Hi 95"
"2019.000",4.6184548328013,4.56411768241866,4.67279198318394,4.55045806646988,4.68645159913272,4.52587525690089,4.71103440870171
"2019.008",4.62520880560388,4.55430536656195,4.69611224464581,4.53648121237019,4.71393639883756,4.5044036056595,4.74601400554826
"2019.015",4.63138071992839,4.54633042508746,4.71643101476932,4.52494994496148,4.73781149489529,4.48647212293479,4.77628931692198
"2019.023",4.63764676564867,4.54059899301076,4.73469453828658,4.51620251116392,4.75909102013341,4.47229687943587,4.80299665186147
"2019.030",4.64389758829429,4.53616428979058,4.75163088679799,4.50908161298303,4.77871356360554,4.4603417150917,4.82745346149687
"2019.038",4.65015087283904,4.53270260881605,4.76759913686203,4.50317772263582,4.79712402304226,4.45004265227689,4.85025909340119
"2019.045",4.65640375924167,4.52998454878925,4.78282296969409,4.4982044894529,4.81460302903044,4.44101085021108,4.87179666827226
