"","Point Forecast","Lo 75","Hi 75","Lo 85","Hi 85","Lo 95","Hi 95"
"2019.000",4.60109867191641,4.54659007392859,4.65560726990422,4.53288735839829,4.66930998543452,4.50822698377852,4.6939703600543
"2019.008",4.60720903703996,4.53608757071445,4.67833050336547,4.51820860744752,4.6962094666324,4.48603236245427,4.72838571162566
"2019.015",4.61338226285086,4.52807166661379,4.69869285908793,4.50662575027931,4.72013877542241,4.46803016463037,4.75873436107135
"2019.023",4.61954531251731,4.52220160898428,4.71688901605034,4.49773073416052,4.7413598908741,4.4536912195772,4.78539940545742
"2019.031",4.62571000953953,4.51764888390642,4.73377113517265,4.49048379584517,4.7609362232339,4.44159558484141,4.80982443423765
"2019.038",4.63187443988108,4.51406931058823,4.74967956917393,4.48445471336321,4.77929416639895,4.43115819267225,4.83259068708991
"2019.046",4.63803891339398,4.51123598696383,4.76484183982414,4.47935946668221,4.79671836010576,4.42199222951074,4.85408559727723
