"","Point Forecast","Lo 75","Hi 75","Lo 85","Hi 85","Lo 95","Hi 95"
"2019.000",13.7479392007048,13.6221698613129,13.8737085400967,13.590553170667,13.9053252307426,13.5336535412584,13.9622248601512
"2019.008",13.7749784014096,13.5946638671712,13.9552929356479,13.5493352610457,14.0006215417735,13.4677587001387,14.0821981026805
"2019.015",13.8020176021144,13.5781653454677,14.0258698587611,13.5218919517853,14.0821432524435,13.4206183782176,14.1834168260112
"2019.023",13.8290568028192,13.5670815165763,14.0910320890621,13.5012245150046,14.1568890906338,13.382703603839,14.2754100017993
"2019.031",13.856096003524,13.5592785446834,14.1529134623646,13.4846626977701,14.2275293092779,13.3503787499361,14.3618132571119
"2019.038",13.8831352042288,13.5536779052601,14.2125925031975,13.470856849247,14.2954135592106,13.3218062276257,14.4444641808319
"2019.046",13.9101744049336,13.5496481316306,14.2707006782366,13.4590167606793,14.3613320491879,13.2959101446934,14.5244386651737
