"","Point Forecast","Lo 75","Hi 75","Lo 85","Hi 85","Lo 95","Hi 95"
"2019.000",13.7007,13.5756068444399,13.8257931555601,13.5441601371551,13.8572398628449,13.4875664218082,13.9138335781918
"2019.007",13.7007,13.5237915628468,13.8776084371532,13.4793192029127,13.9220807970873,13.399283603124,14.002116396876
"2019.015",13.7007,13.4840322988907,13.9173677011093,13.4295650041427,13.9718349958573,13.3315418137728,14.0698581862272
"2019.022",13.7007,13.4505136888798,13.9508863111202,13.3876202743102,14.0137797256898,13.2744328436163,14.1269671563837
"2019.030",13.7007,13.4209832006476,13.9804167993524,13.3506662254903,14.0507337745097,13.2241188308753,14.1772811691247
"2019.037",13.7007,13.3942855985631,14.0071144014369,13.3172572116247,14.0841427883753,13.1786314863764,14.2227685136236
"2019.045",13.7007,13.3697346196716,14.0316653803284,13.2865344526442,14.1148655473558,13.136801556067,14.264598443933
