"","Point Forecast","Lo 75","Hi 75","Lo 85","Hi 85","Lo 95","Hi 95"
"2019.000",13.6146,13.4881486760139,13.7410513239861,13.4563605437747,13.7728394562253,13.3991523759667,13.8300476240333
"2019.008",13.6146,13.4357708226388,13.7934291773612,13.3908156149036,13.8383843850964,13.309911048111,13.919288951889
"2019.015",13.6146,13.3955798821717,13.8336201178283,13.3405212220556,13.8886787779444,13.2414337688043,13.9877662311957
"2019.023",13.6146,13.3616973520278,13.8675026479722,13.2981210875493,13.9310789124507,13.1837047519334,14.0454952480666
"2019.030",13.6146,13.3318462437222,13.8973537562778,13.2607658191575,13.9684341808425,13.1328444670707,14.0963555329293
"2019.038",13.6146,13.3048587789346,13.9243412210654,13.2269940750724,14.0022059249276,13.0868632548234,14.1423367451766
"2019.045",13.6146,13.2800412437779,13.9491587562221,13.1959377512297,14.0332622487703,13.0445791662481,14.1846208337519
