"","Point Forecast","Lo 75","Hi 75","Lo 85","Hi 85","Lo 95","Hi 95"
"2019.000",13.6951,13.5697553744946,13.8204446255054,13.5382454511072,13.8519545488928,13.4815379675973,13.9086620324027
"2019.008",13.6951,13.5178359306397,13.8723640693603,13.4732741696358,13.9169258303642,13.3930776773682,13.9971223226318
"2019.015",13.6951,13.4779967401689,13.9122032598311,13.4234199519193,13.9667800480807,13.3251997093109,14.0650002906891
"2019.023",13.6951,13.4444107489892,13.9457892510108,13.3813909022143,14.0088090977857,13.2679759351946,14.1222240648054
"2019.030",13.6951,13.4148208967557,13.9753791032443,13.3443625660956,14.0458374339044,13.2175607781346,14.1726392218654
"2019.038",13.6951,13.3880696255115,14.0021303744885,13.3108863913781,14.0793136086219,13.1719819921817,14.2182180078183
"2019.045",13.6951,13.3634692927342,14.0267307072658,13.2801018716203,14.1100981283797,13.130067972777,14.260132027223
