"","Point Forecast","Lo 75","Hi 75","Lo 85","Hi 85","Lo 95","Hi 95"
"2019.000",13.914569521745,13.7883019600113,14.0408370834788,13.7565600230874,14.0725790204027,13.6994349916313,14.1297040518587
"2019.008",13.9468390434901,13.7655867613451,14.128091325635,13.7200224182299,14.1736556687503,13.6380216083873,14.2556564785929
"2019.015",13.9791085652351,13.7538198293416,14.2043973011286,13.6971853244362,14.2610318060341,13.5952618696082,14.3629552608621
"2019.023",14.0113780869802,13.7474089449006,14.2753472290597,13.6810507152595,14.3417054587008,13.561627758661,14.4611284152993
"2019.030",14.0436476087252,13.7442234835405,14.3430717339099,13.668952356383,14.4183428610674,13.5334891199427,14.5538060975077
"2019.038",14.0759171304702,13.7431880402953,14.4086462206451,13.6595445007506,14.4922897601898,13.5090136796783,14.6428205812622
"2019.045",14.1081866522153,13.7436738723311,14.4726994320994,13.6520403481846,14.5643329562459,13.4871301865318,14.7292431178987
