"","Point Forecast","Lo 75","Hi 75","Lo 85","Hi 85","Lo 95","Hi 95"
"2019.000",14.96,14.7208900771536,15.1991099228464,14.6607811150047,15.2592188849953,14.5526047815387,15.3673952184613
"2019.008",14.96,14.6218475042126,15.2981524957874,14.5368405947215,15.3831594052785,14.383856156806,15.536143843194
"2019.016",14.96,14.5458494650361,15.3741505349639,14.4417376886041,15.4782623113959,14.2543707828643,15.6656292171357
"2019.024",14.96,14.4817801543071,15.4382198456929,14.3615622300095,15.5584377699905,14.1452095630773,15.7747904369227
"2019.032",14.96,14.4253339584207,15.4946660415793,14.2909262329989,15.6290737670011,14.0490365978121,15.8709634021879
"2019.040",14.96,14.37430269659,15.54569730341,14.2270664103571,15.6929335896429,13.96208959112,15.95791040888
"2019.048",14.96,14.3273746081405,15.5926253918595,14.1683412427285,15.7516587572715,13.8821335666345,16.0378664333655
