"","Point Forecast","Lo 75","Hi 75","Lo 85","Hi 85","Lo 95","Hi 95"
"2019.000",15.06,14.8201502257211,15.2998497742789,14.7598552750477,15.3601447249523,14.6513442234975,15.4686557765025
"2019.008",15.06,14.7208011962826,15.3991988037174,14.6355312592978,15.4844687407022,14.4820734585281,15.6379265414719
"2019.016",15.06,14.644568004765,15.475431995235,14.5401340867589,15.5798659132411,14.3521874322912,15.7678125677088
"2019.024",15.06,14.5803004514422,15.5396995485578,14.4597105500955,15.6602894499045,14.242688446995,15.877311553005
"2019.032",15.06,14.5236796003244,15.5963203996756,14.3888559919187,15.7311440080813,14.1462179043425,15.9737820956575
"2019.040",15.06,14.4724904380949,15.6475095619051,14.3247985748789,15.7952014251211,14.059001867128,16.060998132872
"2019.048",15.06,14.425417145243,15.694582854757,14.2658917004484,15.8541082995516,13.9787984435444,16.1412015564556
