"","Point Forecast","Lo 75","Hi 75","Lo 85","Hi 85","Lo 95","Hi 95"
"2019.000",14.92,14.6818055401873,15.1581944598127,14.6219267129161,15.2180732870839,14.5141645464291,15.3258354535709
"2019.008",14.92,14.5831421644508,15.2568578355492,14.4984607148249,15.3415392851751,14.3460619974682,15.4939380025318
"2019.016",14.92,14.507435093523,15.332564906477,14.4037219223917,15.4362780776083,14.2170723749025,15.6229276250975
"2019.024",14.92,14.4436110803746,15.3963889196254,14.3238534258323,15.5161465741677,14.1083290928583,15.7316709071417
"2019.031",14.92,14.387380995995,15.452619004005,14.2534878678037,15.5865121321963,14.0125243381361,15.8274756618639
"2019.039",14.92,14.336545113901,15.503454886099,14.1898725406904,15.6501274593096,13.9259102192204,15.9140897807796
"2019.047",14.92,14.2897966956622,15.5502033043378,14.1313722099045,15.7086277900955,13.8462603166384,15.9937396833616
