"","Point Forecast","Lo 75","Hi 75","Lo 85","Hi 85","Lo 95","Hi 95"
"2019.000",125.19561469307,122.985823950757,127.405405435382,122.430312801302,127.960916584837,121.430575703883,128.960653682256
"2019.013",124.306340064723,121.306909248101,127.305770881344,120.552893390967,128.059786738478,119.195913202254,129.416766927191
"2019.025",124.329939059333,121.027160293177,127.632717825488,120.196886913146,128.462991205519,118.702668300555,129.95720981811
"2019.038",124.593768397745,120.970446102161,128.217090693328,120.059592465785,129.127944329704,118.420355932913,130.767180862576
"2019.051",124.565029822725,120.573657240786,128.556402404663,119.570280799552,129.559778845898,117.764533692651,131.365525952798
"2019.063",124.488543848501,120.178346353721,128.79874134328,119.094821692831,129.88226600417,117.144834189388,131.832253507613
"2019.076",124.503419530073,119.914217018728,129.092622041417,118.760554315132,130.246284745013,116.68434143655,132.322497623595
