"","Point Forecast","Lo 75","Hi 75","Lo 85","Hi 85","Lo 95","Hi 95"
"2019.000",124.929057600195,123.043216071521,126.814899128869,122.569141320811,127.288973879579,121.715962918002,128.142152282389
"2019.008",124.739753875929,122.104088244822,127.375419507036,121.441517976842,128.037989775016,120.249109728695,129.230398023163
"2019.016",124.893474477295,121.857182870838,127.929766083751,121.093900715616,128.693048238974,119.720244242433,130.066704712157
"2019.024",124.983135837478,121.516436779748,128.449834895207,120.644956081826,129.32131559313,119.076577869699,130.889693805256
"2019.032",124.826586878776,120.886583210969,128.766590546584,119.896120211712,129.75705354584,118.113613047005,131.539560710547
"2019.040",124.816814462382,120.539997065432,129.093631859332,119.464863704296,130.168765220468,117.529977776525,132.103651148239
"2019.048",124.944409134171,120.382471754813,129.506346513529,119.235663132247,130.653155136095,117.171785341957,132.717032926385
