"","Point Forecast","Lo 75","Hi 75","Lo 85","Hi 85","Lo 95","Hi 95"
"2019.000",24.9955148113996,24.8864712047429,25.1045584180564,24.8590591343986,25.1319704884007,24.809726436635,25.1813031861643
"2019.008",24.9861150621355,24.8258504743963,25.1463796498746,24.7855621504174,25.1866679738535,24.7130564372304,25.2591736870405
"2019.016",24.9755300536319,24.7669842391261,25.1840758681378,24.7145586755141,25.2365014317497,24.6202099286935,25.3308501785704
"2019.024",24.9850179932816,24.7425329387994,25.2275030477637,24.6815755147494,25.2884604718137,24.5718722293234,25.3981637572397
"2019.031",24.9916588404324,24.7242133577583,25.2591043231065,24.6569812236689,25.326336457196,24.5359855269059,25.447332153959
"2019.039",24.9828456126269,24.6886301064832,25.2770611187705,24.6146683548676,25.3510228703861,24.4815615631267,25.484129662127
"2019.047",24.9792195834865,24.6577823354314,25.3006568315417,24.5769774104556,25.3814617565175,24.431555160638,25.5268840063351
