"","Point Forecast","Lo 75","Hi 75","Lo 85","Hi 85","Lo 95","Hi 95"
"2019.000",25.0614517455844,24.9521780486894,25.1707254424795,24.9247081368082,25.1981953543607,24.8752713433298,25.2476321478391
"2019.008",25.0829250551008,24.9214916078778,25.2443585023238,24.8809094486216,25.2849406615799,24.8078749287176,25.357975181484
"2019.016",25.0781906802692,24.8681502396003,25.2882311209381,24.8153489474264,25.341032413112,24.7203240129499,25.4360573475885
"2019.024",25.0619715189706,24.817952233097,25.3059908048441,24.7566091242727,25.3673339136685,24.6462117332879,25.4777313046533
"2019.032",25.0684284583501,24.7992652624954,25.3375916542049,24.7316013188209,25.4052555978794,24.6098285070322,25.527028409668
"2019.040",25.0801982691549,24.7840900767322,25.3763064615775,24.7096525296894,25.4507440086204,24.5756894628947,25.5847070754151
"2019.048",25.0731194084102,24.7496560188713,25.396582797949,24.6683417496563,25.4778970671641,24.5220028479734,25.624235968847
