"","Point Forecast","Lo 75","Hi 75","Lo 85","Hi 85","Lo 95","Hi 95"
"2019.000",24.8847823648706,24.7756718400888,24.9938928896524,24.7482429474437,25.0213217822976,24.6988799750795,25.0706847546617
"2019.008",24.9181559833479,24.7524009131672,25.0839110535287,24.7107323570451,25.1255796096507,24.6357426806147,25.2005692860812
"2019.016",24.9676926188364,24.7541974229765,25.1811878146964,24.7005276526293,25.2348575850436,24.603939743496,25.3314454941769
"2019.024",24.9450696859902,24.6989160078757,25.1912233641048,24.6370363420532,25.2531030299273,24.5256733252004,25.3644660467801
"2019.032",24.9013983221169,24.6305023051567,25.1722943390771,24.5624027539716,25.2403938902621,24.4398459921423,25.3629506520915
"2019.040",24.9156744337456,24.6185118014069,25.2128370660842,24.5438091826003,25.2875396848909,24.4093690739388,25.4219797935524
"2019.048",24.9535800505914,24.6288440643946,25.2783160367883,24.5472098817964,25.3599502193864,24.4002952413956,25.5068648597873
