"","Point Forecast","Lo 75","Hi 75","Lo 85","Hi 85","Lo 95","Hi 95"
"2019.000",132.446102399158,130.530654389653,134.361550408663,130.049136974855,134.843067823461,129.182564228118,135.709640570198
"2019.008",132.589662648379,130.099813145817,135.079512150941,129.473899056915,135.705426239843,128.347459857475,136.831865439284
"2019.016",132.542081532487,129.707705748562,135.376457316412,128.995182467707,136.088980597267,127.712875249671,137.371287815303
"2019.024",132.457538531648,129.169700395503,135.745376667794,128.343182885379,136.571894177918,126.855723601531,138.059353461766
"2019.032",132.520725423133,128.808525310051,136.232925536215,127.875329006736,137.16612183953,126.195883032495,138.845567813771
"2019.040",132.558184964988,128.560509560984,136.555860368993,127.555548676541,137.560821253435,125.746950093744,139.369419836232
"2019.048",132.500500360438,128.221021381034,136.779979339841,127.145218934496,137.855781786379,125.209128873381,139.791871847494
