"","Point Forecast","Lo 75","Hi 75","Lo 85","Hi 85","Lo 95","Hi 95"
"2019.000",132.634681429539,130.727159228392,134.542203630686,130.247634253344,135.021728605735,129.384647241894,135.884715617184
"2019.008",132.57994567215,130.100468650351,135.059422693949,129.477162061156,135.682729283144,128.355415502341,136.804475841959
"2019.016",132.504070441239,129.681297759269,135.326843123209,128.971691339446,136.036449543032,127.694633510525,137.313507371953
"2019.024",132.569263387972,129.294728720953,135.843798054992,128.471555520896,136.666971255049,126.990114893636,138.148411882309
"2019.032",132.599979223596,128.902734708355,136.297223738838,127.973298037656,137.226660409537,126.300618163792,138.899340283401
"2019.040",132.543219375824,128.561643883441,136.524794868206,127.560730296438,137.525708455209,125.759415515952,139.327023235696
"2019.048",132.541418397969,128.279182484098,136.80365431184,127.207714708246,137.875122087691,125.279425626634,139.803411169304
