"","Point Forecast","Lo 75","Hi 75","Lo 85","Hi 85","Lo 95","Hi 95"
"2019.000",114.108569362321,111.755338211946,116.461800512697,111.163768107027,117.053370617615,110.099136766698,118.118001957944
"2019.008",114.693150313527,111.289110514347,118.097190112707,110.43338149647,118.952919130584,108.893351120213,120.492949506841
"2019.016",115.384102729655,111.225665337957,119.542540121352,110.180291089995,120.587914369314,108.298961764022,122.469243695287
"2019.024",116.11030582827,111.408782772729,120.811828883812,110.226884221539,121.993727435002,108.099856117475,124.120755539066
"2019.032",116.81828820857,111.739504195072,121.897072222068,110.46276740224,123.173809014901,108.165061700586,125.471514716555
"2019.040",117.470537581481,112.143139751638,122.797935411325,110.803904847901,124.137170315062,108.393723131947,126.547352031016
"2019.048",118.043320582269,112.562868972203,123.523772192336,111.185158442809,124.901482721729,108.705733273591,127.380907890947
