"","Point Forecast","Lo 75","Hi 75","Lo 85","Hi 85","Lo 95","Hi 95"
"2019.000",114.481571585239,112.146296639384,116.816846531094,111.559240478533,117.403902691945,110.502732750746,118.460410419732
"2019.008",115.220321997795,111.840744440462,118.599899555128,110.991164895395,119.449479100195,109.462201544713,120.978442450877
"2019.016",115.985514938369,111.854338518832,120.116691357905,110.815817306178,121.155212570559,108.94682118654,123.024208690198
"2019.024",116.724448552024,112.050283398111,121.398613705937,110.875262248971,122.573634855078,108.760611203351,124.688285900698
"2019.031",117.400580731608,112.347420377589,122.453741085627,111.077125022064,123.724036441152,108.791011785915,126.010149677302
"2019.039",117.991218495683,112.686707085965,123.295729905401,111.353225515025,124.629211476342,108.953397903099,127.029039088267
"2019.047",118.485026352825,113.02443739552,123.94561531013,111.651720065191,125.318332640459,109.181281009652,127.788771695998
