"","Point Forecast","Lo 75","Hi 75","Lo 85","Hi 85","Lo 95","Hi 95"
"2019.000",2.552947,2.06362598336396,3.04226801663604,1.94061737662163,3.16527662337837,1.7192424004707,3.3866515995293
"2019.005",2.552947,1.86094258191912,3.24495141808088,1.6869821419755,3.4189118580245,1.37391064833283,3.73198335166717
"2019.011",2.552947,1.70541813797512,3.40047586202488,1.49236098132915,3.61353301867085,1.10892827511138,3.99696572488862
"2019.016",2.552947,1.57430496672792,3.53158903327208,1.32828775324326,3.77760624675674,0.885537800941391,4.22035619905861
"2019.022",2.552947,1.45879194398251,3.64710205601749,1.18373633748913,3.92215766251087,0.688726842298236,4.41716715770176
"2019.027",2.552947,1.35436018882178,3.75153381117822,1.0530518683324,4.0528421316676,0.510796134941812,4.59509786505819
"2019.033",2.552947,1.25832527870374,3.84756872129626,0.932875096142996,4.173018903857,0.347171962754763,4.75872203724524
