"","Point Forecast","Lo 75","Hi 75","Lo 85","Hi 85","Lo 95","Hi 95"
"2019.000",2.731316,2.2439693839281,3.2186626160719,2.12145711446598,3.34117488553402,1.90097538193822,3.56165661806178
"2019.005",2.731316,2.04210380597448,3.42052819402552,1.86884529294405,3.59378670705595,1.55703703654778,3.90559496345222
"2019.011",2.731316,1.8872069000667,3.5754250999333,1.67500942480774,3.78762257519226,1.29312386192886,4.16950813807114
"2019.016",2.731316,1.7566227678562,3.7060092321438,1.51159822893196,3.95103377106804,1.07063476387645,4.39199723612355
"2019.022",2.731316,1.64157583785874,3.82105616214126,1.36763007526367,4.09500192473633,0.874617933534677,4.58801406646532
"2019.027",2.731316,1.53756546275178,3.92506653724821,1.23747291533924,4.22515908466077,0.697405173041433,4.76522682695857
"2019.032",2.731316,1.44191805158487,4.02071394841513,1.11778105403397,4.34485094596603,0.534441221132871,4.92819077886713
