"","Point Forecast","Lo 75","Hi 75","Lo 85","Hi 85","Lo 95","Hi 95"
"2019.000",2.693742,2.20643560195765,3.18104839804235,2.08393344275774,3.30355055724226,1.86346990537189,3.52401409462811
"2019.005",2.693742,2.00458668285733,3.38289731714267,1.83134246789683,3.55614153210317,1.51955994331701,3.86792405668299
"2019.011",2.693742,1.84970255973727,3.53778144026273,1.63752259596613,3.74996140403387,1.25566854799747,4.13181545200252
"2019.016",2.693742,1.71912920391531,3.66835479608469,1.47412488551548,3.91335911448452,1.03319781074378,4.35428618925622
"2019.022",2.693742,1.60409176810674,3.78339223189326,1.33016861274524,4.05731538725476,0.837197156590403,4.5502868434096
"2019.027",2.693742,1.50008997640265,3.88739402359734,1.20002219397368,4.18746180602632,0.659999020489335,4.72748497951067
"2019.032",2.693742,1.4044504584893,3.9830335415107,1.08034021017789,4.30714378982211,0.497048517097328,4.89043548290267
