"","Point Forecast","Lo 75","Hi 75","Lo 85","Hi 85","Lo 95","Hi 95"
"2019.000",2.731321,2.13430531640691,3.32833668359309,1.98422374429915,3.47841825570085,1.71412634765399,3.74851565234601
"2019.009",2.731321,1.8870133233132,3.5756286766868,1.67476592857613,3.78787607142387,1.29279052707889,4.16985147292111
"2019.017",2.731321,1.6972595031013,3.7653824968987,1.43731059493085,4.02533140506915,0.96948818094935,4.49315381905065
"2019.026",2.731321,1.53728963281382,3.92535236718618,1.23712648859829,4.22551551140171,0.69693169530798,4.76571030469202
"2019.035",2.731321,1.39635334785234,4.06628865214766,1.06076075044935,4.40188124955065,0.456804611005055,5.00583738899494
"2019.043",2.731321,1.26893720675803,4.19370479324197,0.9013139352993,4.5613280647007,0.239713132664548,5.22292886733545
"2019.052",2.731321,1.15176597240745,4.31087602759255,0.754687456236711,4.70795454376329,0.0400769149476536,5.42256508505235
