"","Point Forecast","Lo 75","Hi 75","Lo 85","Hi 85","Lo 95","Hi 95"
"2019.000",81.230003,79.8397911227471,82.6202148772528,79.4903108832243,82.9696951167757,78.8613615622094,83.5986444377906
"2019.008",81.230003,79.2639465086169,83.1960594913831,78.7697068141023,83.6902991858977,77.8802381542776,84.5797678457224
"2019.016",81.230003,78.8220853953124,83.6379206046876,78.2167678642175,84.2432381357825,77.1273956848336,85.3326103151664
"2019.024",81.230003,78.4495792454943,84.0104267545057,77.7506187664487,84.7093872335513,76.4927201244187,85.9672858755813
"2019.032",81.230003,78.121394739335,84.338611260665,77.3399331669691,85.1200728330309,75.9335597307773,86.5264462692227
"2019.040",81.230003,77.8246932663738,84.6353127336262,76.9686450043573,85.4913609956427,75.4280400938006,87.0319659061994
"2019.048",81.230003,77.5518481031007,84.9081578968993,76.6272103011921,85.8327956988079,74.9631668105235,87.4968391894765
