"","Point Forecast","Lo 75","Hi 75","Lo 85","Hi 85","Lo 95","Hi 95"
"2019.000",81.519997,80.1245122081798,82.9154817918203,79.7737064300997,83.2662875699003,79.1423715762813,83.8976224237187
"2019.008",81.519997,79.5464834813224,83.4935105186776,79.0503691922028,83.9896248077972,78.1575268795339,84.8824671204661
"2019.016",81.519997,79.1029464393777,83.9370475606223,78.4953330081543,84.5446609918457,77.4018289647517,85.6381650352483
"2019.024",81.519997,78.7290274163595,84.3109665836405,78.0274158601995,85.0125781398006,76.7647461525626,86.2752478474374
"2019.032",81.519997,78.3995981439228,84.6403958560772,77.6151725772361,85.4248214227639,76.2034649275332,86.8365290724668
"2019.040",81.519997,78.1017713162264,84.9382226837736,77.2424761611103,85.7975178388897,75.6960279124205,87.3439660875795
"2019.048",81.519997,77.8278912824709,85.2121027175291,76.8997464351866,86.1402475648134,75.2293914179757,87.8106025820243
