"","Point Forecast","Lo 75","Hi 75","Lo 85","Hi 85","Lo 95","Hi 95"
"2019.000",29.462476819279,28.6951476647961,30.2298059737619,28.5022516170142,30.4227020215438,28.1551022661824,30.7698513723756
"2019.008",29.5867720696123,28.5465519567649,30.6269921824598,28.2850548568316,30.888489282393,27.8144462076131,31.3590979316115
"2019.016",29.5740401796778,28.3867517467316,30.7613286126239,28.0882836839003,31.0597966754552,27.5511394787838,31.5969408805717
"2019.024",29.5531740818073,28.2252073957344,30.8811407678802,27.8913747453875,31.2149734182271,27.2905859309613,31.8157622326534
"2019.032",29.5571895298818,28.0933546461768,31.0210244135867,27.7253665904353,31.3890124693282,27.0631092962424,32.0512697635211
"2019.040",29.5605333364526,27.9746338903373,31.1464327825679,27.5759604741796,31.5451061987257,26.8584796382344,32.2625870346708
"2019.048",29.5595411397684,27.8614794730506,31.2576028064863,27.4346100096838,31.684472269853,26.6663855758412,32.4526967036956
