"","Point Forecast","Lo 75","Hi 75","Lo 85","Hi 85","Lo 95","Hi 95"
"2019.000",29.1713927773592,28.4057517868056,29.9370337679128,28.2132801203314,30.129505434387,27.8668945160727,30.4758910386458
"2019.008",29.2370893703952,28.1962364004666,30.2779423403238,27.9345802089244,30.539598531866,27.4636852472106,31.0104934935797
"2019.016",29.2031163361172,28.0147887712677,30.3914439009667,27.7160594848975,30.6901731873369,27.1784451634515,31.2277875087829
"2019.024",29.1940880214593,27.865312853724,30.5228631891946,27.531276962152,30.8568990807666,26.9301223804632,31.4580536624554
"2019.031",29.2008597198534,27.7360800222143,30.6656394174924,27.3678544531805,31.0338649865263,26.7051697132924,31.6965497264143
"2019.039",29.2019341489069,27.614874895518,30.7889934022959,27.2159099196847,31.1879583781291,26.4979043723562,31.9059639254576
"2019.047",29.2006417125696,27.5013105601707,30.8999728649686,27.0741219654778,31.3271614596615,26.3053232003623,32.095960224777
