"","Point Forecast","Lo 75","Hi 75","Lo 85","Hi 85","Lo 95","Hi 95"
"2019.000",109.450529013071,107.688622521979,111.212435504163,107.245703343543,111.655354682598,106.448594708956,112.452463317186
"2019.008",109.701815047831,107.356610441114,112.047019654549,106.767058099419,112.636571996243,105.706058068294,113.697572027369
"2019.016",109.410672957958,106.565185080443,112.256160835473,105.84986837134,112.971477544577,104.562533902542,114.258812013375
"2019.024",109.410672957958,105.933783068078,112.887562847839,105.059740534424,113.761605381493,103.486751861787,115.33459405413
"2019.032",109.410672957958,105.400594984699,113.420750931218,104.392516264087,114.42882965183,102.578306603123,116.243039312793
"2019.040",109.410672957958,104.9304176754,113.890928240517,103.804142814071,115.017203101846,101.777219030692,117.044126885225
"2019.048",109.410672957958,104.505099653832,114.316246262085,103.271905662776,115.549440253141,101.052562662401,117.768783253516
