"","Point Forecast","Lo 75","Hi 75","Lo 85","Hi 85","Lo 95","Hi 95"
"2019.000",108.572451168776,106.812715858646,110.332186478907,106.370342485389,110.774559852164,105.574216120349,111.570686217204
"2019.008",108.241122846144,105.892270987484,110.589974704803,105.301801776568,111.180443915719,104.239151682837,112.243094009451
"2019.016",107.963675078204,105.114758451719,110.81259170469,104.39857980205,111.528770354358,103.109694124137,112.817656032272
"2019.024",107.963675078204,104.484687531653,111.442662624755,103.610117675821,112.317232480588,102.03617999695,113.891170159459
"2019.031",107.963675078204,103.952393144277,111.974957012131,102.944011764432,112.983338391977,101.129257416534,114.798092739874
"2019.039",107.963675078204,103.482892651235,112.444457505174,102.356485273014,113.570864883394,100.329323002881,115.598027153528
"2019.047",107.963675078204,103.058123166112,112.869226990297,101.824934552721,114.102415603688,99.6056012303706,116.321748926038
