"","Point Forecast","Lo 75","Hi 75","Lo 85","Hi 85","Lo 95","Hi 95"
"2019.000",129.059998,126.604290866806,131.515705133194,125.986959702291,132.133036297709,124.875966939744,133.244029060256
"2019.008",129.059998,125.58710366702,132.53289233298,124.714065561688,133.405930438312,123.142884529196,134.977111470804
"2019.016",129.059998,124.806588476798,133.313407523202,123.737339534763,134.382656465237,121.813043623191,136.306952376809
"2019.024",129.059998,124.148583733611,133.971412266389,122.913921404582,135.206074595418,120.691935879488,137.428060120512
"2019.032",129.059998,123.568869917346,134.551126082654,122.188475468862,135.931520531138,119.704220129297,138.415775870703
"2019.040",129.059998,123.044768565961,135.075227434039,121.532622210582,136.587373789418,118.811256834417,139.308739165583
"2019.048",129.059998,122.56280763276,135.55718836724,120.929502894884,137.190493105116,117.990092336793,140.129903663207
