"","Point Forecast","Lo 75","Hi 75","Lo 85","Hi 85","Lo 95","Hi 95"
"2019.000",128.520004,126.072948352746,130.967059647254,125.457792053393,131.582215946607,124.35071333179,132.68929466821
"2019.008",128.520004,125.059344715772,131.980663284228,124.189382334247,132.850625665753,122.623736591542,134.416271408458
"2019.016",128.520004,124.281579290008,132.758428709992,123.216097324932,133.823910675068,121.298580731137,135.741427268863
"2019.024",128.520004,123.625892705492,133.414115294508,122.395580106785,134.644427893215,120.18142266358,136.85858533642
"2019.031",128.520004,123.048221228016,133.991786771984,121.672689925874,135.367318074126,119.197186647927,137.842821352073
"2019.039",128.520004,122.525966292032,134.514041707968,121.019147246557,136.020860753443,118.307369273538,138.732638726462
"2019.047",128.520004,122.04570331303,134.99430468697,120.418152727506,136.621855272494,117.489097748374,139.550910251626
