"","Point Forecast","Lo 75","Hi 75","Lo 85","Hi 85","Lo 95","Hi 95"
"2019.000",15.14,14.7631206359651,15.5168793640349,14.668378321812,15.611621678188,14.4978733621056,15.7821266378944
"2019.008",15.14,14.6070120920033,15.6729879079967,14.4730262263973,15.8069737736027,14.2318957999287,16.0481042000713
"2019.016",15.14,14.4872257931673,15.7927742068327,14.3231272914275,15.9568727085726,14.0278040382736,16.2521959617264
"2019.024",15.14,14.3862412719302,15.8937587280698,14.196756643624,16.083243356376,13.8557467242112,16.4242532757888
"2019.031",15.14,14.2972721227011,15.9827278772989,14.0854218679091,16.1945781320909,13.7041611875048,16.5758388124952
"2019.039",15.14,14.2168378635299,16.0631621364701,13.9847675368043,16.2952324631957,13.5671173869099,16.7128826130901
"2019.047",15.14,14.1428709284915,16.1371290715085,13.8922063266076,16.3877936733924,13.4410926059215,16.8389073940785
