"","Point Forecast","Lo 75","Hi 75","Lo 85","Hi 85","Lo 95","Hi 95"
"2019.000",15.72,15.3463516565453,16.0936483434547,15.2524215767463,16.1875784232537,15.0833783713476,16.3566216286524
"2019.008",15.72,15.1915814451281,16.2484185548719,15.0587442523616,16.3812557476384,14.8196810586597,16.6203189413403
"2019.016",15.72,15.0728220849725,16.3671779150275,14.9101304144017,16.5298695855983,14.6173389939768,16.8226610060232
"2019.024",15.72,14.9727033130906,16.4672966869094,14.7848431534927,16.6551568465073,14.4467567426952,16.9932432573048
"2019.032",15.72,14.8844969043551,16.5555030956449,14.6744628607926,16.7655371392074,14.2964707623866,17.1435292376134
"2019.040",15.72,14.8047522152998,16.6352477847002,14.5746714482934,16.8653285517066,14.160601850582,17.279398149418
"2019.048",15.72,14.7314194054276,16.7085805945724,14.4829037736511,16.9570962263489,14.0356574913408,17.4043425086592
