"","Point Forecast","Lo 75","Hi 75","Lo 85","Hi 85","Lo 95","Hi 95"
"2019.000",15.97,15.5957380479019,16.3442619520981,15.5016537152878,16.4383462847122,15.3323329056289,16.6076670943711
"2019.008",15.97,15.4407136714626,16.4992863285374,15.307658332273,16.632341667727,15.0682025468614,16.8717974531386
"2019.016",15.97,15.3217592836262,16.6182407163738,15.1588004393424,16.7811995606576,14.8655281942345,17.0744718057655
"2019.024",15.97,15.2214760958038,16.7185239041962,15.0333074305756,16.9066925694244,14.6946658112579,17.2453341887421
"2019.032",15.97,15.1331248337169,16.8068751662831,14.9227458703741,17.0172541296259,14.5441330299715,17.3958669700285
"2019.040",15.97,15.0532491872217,16.8867508127783,14.8227905795269,17.1172094204731,14.4080409930277,17.5319590069723
"2019.048",15.97,14.9797959495549,16.9602040504451,14.7308722031905,17.2091277968095,14.282891449045,17.657108550955
