"","Point Forecast","Lo 75","Hi 75","Lo 85","Hi 85","Lo 95","Hi 95"
"2019.000",73.4886140898085,72.5068587558622,74.4703694237549,72.2600589011966,74.7171692784205,71.8159004525516,75.1613277270654
"2019.008",73.587229179617,72.1749854766684,74.9994728825656,71.8199667376929,75.3544916215411,71.1810499419075,75.9934084173265
"2019.016",73.6858442694255,71.9268675568927,75.4448209819583,71.4846848846904,75.8870036541606,70.6889017187353,76.6827868201157
"2019.024",73.784459359234,71.7193257594997,75.8495929589683,71.2001794359135,76.3687392825545,70.2658870473858,77.3030316710822
"2019.032",73.8830744490425,71.5359489181113,76.2301999799738,70.9459136823594,76.8202352157256,69.8840446009837,77.8821042971014
"2019.040",73.981689538851,71.3684738287151,76.5949052489869,70.7115471636173,77.2518319140848,69.5292955417973,78.4340835359048
"2019.048",74.0803046286595,71.2120815015506,76.9485277557685,70.4910494618534,77.6695597954656,69.1934292804755,78.9671799768436
