"","Point Forecast","Lo 75","Hi 75","Lo 85","Hi 85","Lo 95","Hi 95"
"2019.000",74.4092202608559,73.4278882212074,75.3905523005043,73.1811947769351,75.6372457447766,72.7372278319492,76.0812126897626
"2019.008",74.5384415217117,73.1258844435488,75.9509985998746,72.7707869263333,76.3060961170901,72.1317283556634,76.94515468776
"2019.016",74.6676627825676,72.9071739806337,76.4281515845015,72.4646111898504,76.8707143752848,71.6681439356511,77.6671816294841
"2019.024",74.7968840434234,72.7286895214568,76.86507856539,72.2087737239131,77.3849943629337,71.2730965357077,78.3206715511392
"2019.031",74.9261053042793,72.5740749438047,77.2781356647538,71.9828067010331,77.8694039075255,70.9187186131437,78.9334919954149
"2019.039",75.0553265651351,72.4351010843623,77.675552045908,71.776412258862,78.3342408714083,70.5909893287294,79.5196638015409
"2019.047",75.184547825991,72.3069726520231,78.0621229999589,71.5835896357376,78.7855060162444,70.281738470854,80.087357181128
