"","Point Forecast","Lo 75","Hi 75","Lo 85","Hi 85","Lo 95","Hi 95"
"2019.000",74.0450655287884,73.0614729529932,75.0286581045836,72.8142112408713,75.2759198167055,72.3692216009294,75.7209094566474
"2019.008",74.1701330575768,72.754168210738,75.5860979044155,72.3982140271161,75.9420520880375,71.7576137390793,76.5826523760743
"2019.016",74.2952005863652,72.5302775983614,76.060123574369,72.0866001138863,76.503801058844,71.2881267781943,77.302274394536
"2019.024",74.4202681151536,72.3466501778093,76.4938860524979,71.8253710078644,77.0151652224427,70.8872401983979,77.9532960319092
"2019.032",74.545335643942,72.1869001638893,76.9037711239946,71.5940217617161,77.4966495261678,70.5270359172504,78.5636353706335
"2019.040",74.6704031727303,72.0427845320819,77.2980218133788,71.3822371673715,77.9585691780892,70.1934694788175,79.1473368666432
"2019.048",74.7954707015187,71.9095005616827,77.6814408413547,71.1840071658713,78.4069342371662,69.8783580129478,79.7125833900897
