"","Point Forecast","Lo 75","Hi 75","Lo 85","Hi 85","Lo 95","Hi 95"
"2019.000",140.466001,138.491379503567,142.440622496433,137.994986684004,142.937015315996,137.101643108277,143.830358891723
"2019.008",140.712001,137.919464499192,143.504537500808,137.2174590415,144.2065429585,135.954080440849,145.469921559151
"2019.016",140.958001,137.537856242461,144.378145757539,136.678078658465,145.237923341535,135.130762196691,146.785239803309
"2019.024",141.204001,137.254758007135,145.153243992865,136.261972368008,146.146029631992,134.475285216554,147.932716783446
"2019.032",141.450001,137.034613104144,145.865388895856,135.924645016058,146.975356983942,133.92706805347,148.97293394653
"2019.040",141.696001,136.859185898609,146.532816101391,135.643276778697,147.748725221303,133.455040853173,149.936961146827
"2019.048",141.942001,136.717643586957,147.166358413043,135.404311633794,148.479690366206,133.040746697084,150.843255302916
