"","Point Forecast","Lo 75","Hi 75","Lo 85","Hi 85","Lo 95","Hi 95"
"2019.000",138.891670690476,136.916274028389,140.867067352563,136.419686342789,141.363655038163,135.525992072381,142.257349308572
"2019.008",139.123337380953,136.329704630363,141.916970131543,135.62742359048,142.619251171426,134.363549032653,143.883125729253
"2019.016",139.355004071429,135.933516687593,142.776491455266,135.07340158572,143.636606557138,133.52547770294,145.184530439919
"2019.024",139.586670761906,135.635877437732,143.53746408608,134.642702066532,144.53063945728,132.855313525715,146.318027998097
"2019.031",139.818337452382,135.40121623343,144.235458671335,134.290812411639,145.345862493126,132.292451271903,147.344223632861
"2019.039",140.050004142859,135.211290281149,144.888718004569,133.994903838879,146.105104446838,131.805808890329,148.294199395388
"2019.047",140.281670833335,135.055262524746,145.508079141924,133.741415004511,146.821926662159,131.376922216887,149.186419449784
