"","Point Forecast","Lo 75","Hi 75","Lo 85","Hi 85","Lo 95","Hi 95"
"2019.000",58.1710736719732,57.2362685959956,59.1058787479508,57.0012713936229,59.3408759503236,56.578353831604,59.7637935123425
"2019.008",58.3221473439464,56.9763708988182,59.6679237890746,56.6380611187889,60.006233569104,56.0292149455898,60.6150797423031
"2019.016",58.4732210159197,56.7957288897125,60.1507131421268,56.3740303273157,60.5724117045236,55.6151118120525,61.3313302197868
"2019.024",58.6242946878929,56.6533365420485,60.5952528337373,56.1578646386863,61.0907247370994,55.2661784087949,61.9824109669908
"2019.031",58.7753683598661,56.5336231734691,61.0171135462631,55.9700791140994,61.5806576056328,54.9558854246747,62.5948512950574
"2019.039",58.9264420318393,56.4287561147154,61.4241279489632,55.8008720584418,62.0520120052368,54.6708875665901,63.1819964970885
"2019.047",59.0775157038125,56.3341719238265,61.8208594837985,55.6445328428992,62.5104985647259,54.4034096472447,63.7516217603804
