"","Point Forecast","Lo 75","Hi 75","Lo 85","Hi 85","Lo 95","Hi 95"
"2019.000",56.9794280610493,56.0472371473779,57.9116189747207,55.8128971096316,58.1459590124671,55.3911622274865,58.5676938946121
"2019.008",57.0888571220986,55.7481708660956,58.4295433781017,55.411140689948,58.7665735542492,54.8045973822664,59.3731168619309
"2019.016",57.1982861831479,55.52875133533,58.8678210309659,55.109053123817,59.2875192424789,54.3537345812788,60.0428377850171
"2019.024",57.3077152441973,55.3479529605957,59.2674775277988,54.855295543775,59.7601349446195,53.9686744626362,60.6467560257583
"2019.032",57.4171443052466,55.190179592224,59.6441090182691,54.6303511415752,60.2039374689179,53.622844324019,61.2114442864741
"2019.040",57.5265733662959,55.0475766179909,60.0055701146008,54.4243907629788,60.628755969613,53.3028614859266,61.7502852466652
"2019.048",57.6360024273452,54.915562253592,60.3564426010984,54.2316808258132,61.0403240288772,53.0009195093979,62.2710853452925
