"","Point Forecast","Lo 75","Hi 75","Lo 85","Hi 85","Lo 95","Hi 95"
"2019.000",57.0673908830397,56.1315578277749,58.0032239383044,55.8963022054783,58.238479560601,55.4729195727136,58.6618621933658
"2019.008",57.1847807660793,55.8385260360123,58.5310354961464,55.5000960216951,58.8694655104636,54.8910334663801,59.4785280657786
"2019.016",57.302170649119,55.6252997437721,58.9790415544659,55.2037573477976,59.4005839504405,54.4451198806571,60.159221417581
"2019.024",57.4195605321587,55.4507265186542,59.3883945456632,54.9557885930915,59.8833324712259,54.06506334736,60.7740577169574
"2019.032",57.5369504151984,55.2991664718024,59.7747343585944,54.7366182147096,60.3372826156872,53.7242166413908,61.3496841890059
"2019.040",57.6543402982381,55.1627452253061,60.14593537117,54.5363923239032,60.7722882725729,53.4091634064943,61.8995171899818
"2019.048",57.7717301812777,55.0368708387085,60.506589523847,54.3493646292298,61.1940957333257,53.112079899668,62.4313804628875
