"","Point Forecast","Lo 75","Hi 75","Lo 85","Hi 85","Lo 95","Hi 95"
"2019.000",50.419998,49.629023660239,51.210972339761,49.4301835364858,51.4098124635142,49.0723368067369,51.7676591932631
"2019.008",50.419998,49.3013913612208,51.5386046387792,49.0201889614652,51.8198070385348,48.5141172630034,52.3258787369966
"2019.016",50.419998,49.0499902560506,51.7900057439494,48.7055890591269,52.1344069408731,48.0857803418794,52.7542156581206
"2019.024",50.419998,48.8380493204779,52.0019466795221,48.4403690729716,52.3996269270284,47.7246756134738,53.1153203865262
"2019.032",50.419998,48.6513256078363,52.1886703921637,48.2067055744698,52.6332904255302,47.4065359612253,53.4334600387747
"2019.040",50.419998,48.4825144679507,52.3574815320493,47.9954576243635,52.8445383756365,47.1189157303551,53.7210802696449
"2019.048",50.419998,48.3272766035588,52.5127193964412,47.8011950854466,53.0388009145534,46.8544216310533,53.9855743689467
