"","Point Forecast","Lo 75","Hi 75","Lo 85","Hi 85","Lo 95","Hi 95"
"2019.000",50.700001,49.9116492937656,51.4883527062344,49.7134684641877,51.6865335358123,49.3568082467992,52.0431937532008
"2019.008",50.700001,49.5851033251234,51.8148986748766,49.304833308132,52.095168691868,48.8004395915422,52.5995624084578
"2019.016",50.700001,49.3345357905685,52.0654662094315,48.9912765246534,52.4087254753466,48.3735229070979,53.0264790929021
"2019.024",50.700001,49.1232975875313,52.2767044124687,48.7269359283755,52.6730660716245,48.0136154935985,53.3863865064015
"2019.031",50.700001,48.937192994682,52.462809005318,48.4940471879086,52.9059548120914,47.696530696958,53.703471303042
"2019.039",50.700001,48.7689415818733,52.6310604181267,48.283499672606,53.116502327394,47.409864128454,53.990137871546
"2019.047",50.700001,48.6142184396504,52.7857835603496,48.0898812499669,53.3101207500331,47.1462470122066,54.2537549877934
