"","Point Forecast","Lo 75","Hi 75","Lo 85","Hi 85","Lo 95","Hi 95"
"2019.000",193.763091231129,190.102419847904,197.423762614353,189.182177162054,198.344005300203,187.526043432649,200.000139029609
"2019.008",193.77652257203,188.161751942522,199.391293201538,186.750275449929,200.802769694131,184.210082668623,203.342962475437
"2019.016",193.7658528663,186.995369470988,200.536336261613,185.293362606139,202.238343126462,182.230310848274,205.301394884327
"2019.024",193.774328760196,185.827994548353,201.720662972038,183.830394880905,203.718262639487,180.235373439301,207.313284081091
"2019.032",193.767595605679,184.933013243714,202.602177967644,182.712120147875,204.823071063482,178.715244082488,208.819947128869
"2019.040",193.772944347689,184.03401637251,203.511872322868,181.58578316637,205.960105529008,177.179769782636,210.366118912742
"2019.048",193.768695367361,183.274317010785,204.263073723937,180.636173917844,206.901216816878,175.888385289476,211.649005445245
