"","Point Forecast","Lo 75","Hi 75","Lo 85","Hi 85","Lo 95","Hi 95"
"2019.000",193.640043882757,189.964421268925,197.315666496589,189.040420048322,198.239667717192,187.377522194331,199.902565571183
"2019.008",193.600285917034,187.962695641668,199.2378761924,186.545482602416,200.655089231652,183.994965926599,203.205605907469
"2019.016",193.631869587538,186.833847414725,200.429891760352,185.124917678107,202.138821496969,182.049407031281,205.214332143796
"2019.024",193.606779565341,185.628150499196,201.585408631486,183.622432347363,203.591126783319,180.012800307894,207.200758822787
"2019.032",193.626711042709,184.756214991622,202.497207093797,182.526293685852,204.727128399567,178.513169816257,208.740252269162
"2019.040",193.610877505897,183.832370658353,203.389384353441,181.374187865376,205.847567146417,176.950268502483,210.271486509311
"2019.048",193.623455644655,183.08642464,204.160486649309,180.437559255076,206.809352034234,175.670474032795,211.576437256515
