"","Point Forecast","Lo 75","Hi 75","Lo 85","Hi 85","Lo 95","Hi 95"
"2019.000",60.4736016180066,59.0059303606875,61.9412728753258,58.6369778931239,62.3102253428894,57.9729849753046,62.9742182607087
"2019.008",60.1429003706302,58.1809799389668,62.1048208022936,57.6877799932598,62.5980207480006,56.8001825388211,63.4856182024393
"2019.016",59.6116299901317,57.2658934031636,61.9573665770998,56.6762073289149,62.5470526513484,55.6149666232399,63.6082933570234
"2019.024",59.7452210611296,56.9953892596156,62.4950528626436,56.3041191788711,63.1863229433881,55.0600607207566,64.4303814015026
"2019.032",60.2841034361796,57.1522615863424,63.4159452860167,56.3649594076332,64.203247464726,54.9480748037743,65.6201320685849
"2019.040",60.3366646929032,56.9138423014608,63.7594870843455,56.0533915969473,64.6199377888591,54.5048637399514,66.1684656458549
"2019.048",59.851843863694,56.1965786988425,63.5071090285455,55.2776950623021,64.4259926650858,53.6240071740171,66.0796805533709
