"","Point Forecast","Lo 75","Hi 75","Lo 85","Hi 85","Lo 95","Hi 95"
"2019.000",59.7820811685187,58.3145936082047,61.2495687288328,57.9456873195541,61.6184750174834,57.281777508568,62.2823848284694
"2019.008",60.0137806931279,58.0384392341292,61.9891221521266,57.54186542583,62.4856959604258,56.6481961299921,63.3793652562636
"2019.016",60.8918834048173,58.6078484100082,63.1759183996265,58.0336732715813,63.7500935380534,57.0003471414676,64.783419668167
"2019.024",60.7687565236012,58.1612307080777,63.3762823391247,57.5057344046136,64.0317786425888,56.3260569626087,65.2114560845937
"2019.031",59.9880100026407,57.017964001018,62.9580560042634,56.2713350842143,63.7046849210671,54.9276489550214,65.04837105026
"2019.039",60.0248490793659,56.7667602018308,63.2829379569009,55.9477212481732,64.1019769105585,54.4737209027141,65.5759772560177
"2019.047",60.7124218657427,57.2444591313368,64.1803846001485,56.3726607623923,65.052182969093,54.80371084706,66.6211328844253
