"","Point Forecast","Lo 75","Hi 75","Lo 85","Hi 85","Lo 95","Hi 95"
"2019.000",77.3116840171034,75.2412079860839,79.3821600481229,74.720718648389,79.9026493858178,73.7840092768213,80.8393587573855
"2019.008",77.0384283907555,74.2332183579639,79.8436384235471,73.5280269477819,80.5488298337291,72.2589146820206,81.8179420994905
"2019.016",76.6772941764091,73.2702412318778,80.0843471209405,72.4137547504972,80.940833602321,70.872361189424,82.4822271633943
"2019.024",76.3159035677735,72.2907754983808,80.3410316371663,71.2789133895768,81.3528937459702,69.4578948760208,83.1739122595263
"2019.032",76.0251571731639,71.3139169499491,80.7363973963788,70.1295756357947,81.9207387105331,67.9981513629819,84.052162983346
"2019.040",75.8485344695827,70.3830192237442,81.3140497154213,69.0090634918987,82.6880054472668,66.5363957215298,85.1606732176357
"2019.048",75.7988182489312,69.5429725017603,82.054663996102,67.970338498331,83.6272979995313,65.1401152788081,86.4575212190542
