"","Point Forecast","Lo 75","Hi 75","Lo 85","Hi 85","Lo 95","Hi 95"
"2019.000",76.5754228025322,74.5202454987984,78.630600106266,74.003602051765,79.1472435532994,73.0738140166469,80.0770315884175
"2019.008",76.2389870667773,73.458811131736,79.0191630018185,72.7599129511121,79.7180611824424,71.5021264257217,80.9758477078328
"2019.016",75.9351350273343,72.5630964555955,79.3071735990731,71.7154121083289,80.1548579463397,70.1898594894559,81.6804105652127
"2019.024",75.7177618784933,71.7377197175483,79.6978040394384,70.7371915890831,80.6983321679036,68.9365705070046,82.4989532499821
"2019.031",75.613456378448,70.9567107417611,80.2702020151349,69.7860686208478,81.4408441360482,67.6792983836943,83.5476143732017
"2019.039",75.6214177801823,70.218507291916,81.0243282684486,68.8602895393164,82.3825460210482,66.41594494789,84.8268906124747
"2019.047",75.7188031045419,69.5322878648723,81.9053183442116,67.9770826021726,83.4605236069113,65.1782253753678,86.2593808337161
