"","Point Forecast","Lo 75","Hi 75","Lo 85","Hi 85","Lo 95","Hi 95"
"2019.000",77.7256299536875,75.6642708758208,79.7869890315541,75.1460734153741,80.3051864920009,74.2134886679655,81.2377712394095
"2019.008",77.3693393102286,74.5797861538849,80.1588924665723,73.8785306681621,80.8601479522951,72.6165017700315,82.1221768504257
"2019.016",77.0494414998637,73.6663988628492,80.4324841368783,72.8159482441737,81.2829347555538,71.2854172479059,82.8134657518215
"2019.024",76.8224733630514,72.8312525977764,80.8136941283264,71.8279143211728,81.81703240493,70.0222358980384,83.6227108280644
"2019.032",76.7160595045595,72.0490627215342,81.3830562875849,70.8758436027284,82.5562754063906,68.7644356181676,84.6676833909514
"2019.040",76.7288255807053,71.3170929744894,82.1405581869212,69.9566574621767,83.5009936992339,67.5083216337416,85.949329527669
"2019.048",76.8360667475911,70.6420769655632,83.030056529619,69.0849927052111,84.5871407899711,66.2827539015272,87.389379593655
