"","Point Forecast","Lo 75","Hi 75","Lo 85","Hi 85","Lo 95","Hi 95"
"2019.000",64.5016543768436,63.7727493354365,65.2305594182506,63.5895125838101,65.413796169877,63.2597467845254,65.7435619691617
"2019.008",64.3035898596516,63.2033389211397,65.4038407981636,62.9267508932153,65.6804288260879,62.4289835441903,66.1781961751129
"2019.016",64.125164966659,62.7978463976494,65.4524835356686,62.4641766750621,65.7861532582559,61.8636810769387,66.3866488563793
"2019.024",63.9644322776809,62.4781278393866,65.4507367159752,62.1044912451393,65.8243733102225,61.4320684421245,66.4967961132373
"2019.032",63.8196374742607,62.2158564095174,65.4234185390039,61.8126877991641,65.8265871493572,61.0871170942725,66.5521578542488
"2019.040",63.6892001921446,61.9960656090224,65.3823347752668,61.5704347470396,65.8079656372497,60.8044393877236,66.5739609965657
"2019.048",63.5716967723814,61.8093771982671,65.3340163464958,61.3663541764136,65.7770393683493,60.5690586578766,66.5743348868863
