"","Point Forecast","Lo 75","Hi 75","Lo 85","Hi 85","Lo 95","Hi 95"
"2019.000",64.9710066616769,64.2450853161933,65.6969280071605,64.0625986248872,65.8794146984666,63.7341826871279,66.207830636226
"2019.008",64.753728540305,63.6550413304079,65.852415750202,63.3788464024562,66.1286106781538,62.8817865039045,66.6256705767054
"2019.016",64.5563921162879,63.2266754104277,65.8861088221481,62.892402829057,66.2203814035188,62.2908222836902,66.8219619488856
"2019.024",64.3771671487764,62.8835398323649,65.8707944651879,62.5080623667797,66.2462719307731,61.8323266016942,66.9220076958587
"2019.031",64.2143913756798,62.5980219869022,65.8307607644574,62.1916888441704,66.2370939071893,61.4604230233158,66.9683597280439
"2019.039",64.0665550966442,62.3555544120601,65.7775557812282,61.925432256685,66.2076779366033,61.1513540485835,66.9817561447048
"2019.047",63.9322871709981,62.1469997644048,65.7175745775913,61.6982029438035,66.1663713981926,60.8905164892666,66.9740578527295
