"","Point Forecast","Lo 75","Hi 75","Lo 85","Hi 85","Lo 95","Hi 95"
"2019.000",56.32,55.2486730396281,57.3913269603719,54.9793561039551,57.6606438960449,54.4946743260649,58.1453256739351
"2019.008",56.32,54.8049148829061,57.8350851170939,54.4240432199005,58.2159567800995,53.7385996761731,58.9014003238269
"2019.016",56.32,54.4644072731175,58.1755927268825,53.9979366571931,58.6420633428069,53.1584431923845,59.4815568076155
"2019.024",56.32,54.1773460792562,58.4626539207438,53.6387122079101,59.0012877920899,52.6693486521298,59.9706513478702
"2019.032",56.32,53.9244400904802,58.7155599095198,53.3222291148233,59.3177708851767,52.2384477120055,60.4015522879945
"2019.040",56.32,53.695795599402,58.944204400598,53.036106527913,59.603893472087,51.8488834844571,60.7911165155429
"2019.048",56.32,53.4855352900172,59.1544647099828,52.7729896543683,59.8670103456317,51.4906422050663,61.1493577949337
