"","Point Forecast","Lo 75","Hi 75","Lo 85","Hi 85","Lo 95","Hi 95"
"2019.000",55.439999,54.3682092950215,56.5117887049785,54.0987760316875,56.7812219683125,53.613884902323,57.266113097677
"2019.008",55.439999,53.9242594632075,56.9557385367925,53.5432232880461,57.3367747119539,52.8574836766244,58.0225143233756
"2019.016",55.439999,53.583604775948,57.296393224052,53.1169326746043,57.7630653253957,52.2770766024056,58.6029213975944
"2019.024",55.439999,53.296419590043,57.583578409957,52.7575530633749,58.1224449366251,51.7877708046459,59.0922271953541
"2019.032",55.439999,53.0434043620836,57.8365936379164,52.4409332698691,58.4390647301309,51.3566837429234,59.5233142570766
"2019.040",55.439999,52.8146611112345,58.0653368887655,52.1546870963332,58.7253109036668,50.9669512485883,59.9130467514117
"2019.048",55.439999,52.6043099828676,58.2756880171324,51.8914565731571,58.9885414268429,50.6085552319174,60.2714427680826
