"","Point Forecast","Lo 75","Hi 75","Lo 85","Hi 85","Lo 95","Hi 95"
"2019.000",55.560001,54.4900951288755,56.6299068711245,54.2211354355903,56.8988665644097,53.7370965763314,57.3829054236686
"2019.008",55.560001,54.0469256065932,57.0730763934068,53.6665591606175,57.4534428393825,52.9820248411379,58.1379771588621
"2019.016",55.560001,53.7068696718962,57.4131323281038,53.241017817938,57.878984182062,52.4026379208639,58.7173640791361
"2019.024",55.560001,53.4201892577511,57.6998127422489,52.8822698711806,58.2377321288194,51.9141921526628,59.2058098473372
"2019.031",55.560001,53.1676187426396,57.9523832573604,52.5662065852463,58.5537954147537,51.4838627921919,59.6361392078081
"2019.039",55.560001,52.9392775429372,58.1807244570628,52.2804635330128,58.8395384669872,51.0948153121496,60.0251866878504
"2019.047",55.560001,52.7292961387568,58.3907058612432,52.0176956776238,59.1023063223762,50.7370492311333,60.3829527688667
