"","Point Forecast","Lo 75","Hi 75","Lo 85","Hi 85","Lo 95","Hi 95"
"2019.000",146.229996,143.04007226181,149.41991973819,142.238169091277,150.221822908723,140.795007511339,151.664984488661
"2019.008",146.229996,141.718762586516,150.741229413484,140.584700247038,151.875291752962,138.543761567994,153.916230432006
"2019.016",146.229996,140.704886013185,151.755105986815,139.315948979071,153.144043020929,136.816319799088,155.643672200912
"2019.024",146.229996,139.85014852362,152.60984347638,138.246342182554,154.213649817446,135.360019022679,157.099972977321
"2019.032",146.229996,139.097109678367,153.362882321633,137.303999677682,155.155992322318,134.076992282426,158.382999717574
"2019.040",146.229996,138.416310523043,154.043681476957,136.452056932117,156.007935067883,132.917047444881,159.542944555119
"2019.048",146.229996,137.790251087488,154.669740912512,135.668614722703,156.791377277297,131.850368080505,160.609623919495
