"","Point Forecast","Lo 75","Hi 75","Lo 85","Hi 85","Lo 95","Hi 95"
"2019.000",146.940002,143.762023828714,150.117980171286,142.963123610214,150.916880389786,141.525366354837,152.354637645163
"2019.008",146.940002,142.445662169242,151.434341830758,141.315846645256,152.564157354744,139.282550835302,154.597453164698
"2019.016",146.940002,141.435582341988,152.444421658012,140.051846573367,153.828157426633,137.561577958105,156.318426041895
"2019.024",146.940002,140.584045657428,153.295958342572,138.986245220427,154.893758779573,136.110730709675,157.769273290325
"2019.032",146.940002,139.833826777994,154.046177222006,138.047431582188,155.832572417812,134.832508624023,159.047495375977
"2019.040",146.940002,139.155577066646,154.724426933354,137.198679175922,156.681324824078,133.676907526266,160.203096473734
"2019.048",146.940002,138.531862086786,155.348141913214,136.418170786278,157.461833213722,132.614222642874,161.265781357126
