"","Point Forecast","Lo 75","Hi 75","Lo 85","Hi 85","Lo 95","Hi 95"
"2019.000",5.27,4.89040748711046,5.64959251288954,4.79498312446738,5.74501687553262,4.62325070212898,5.91674929787102
"2019.008",5.27,4.73317512009633,5.80682487990367,4.59822469226567,5.94177530773433,4.35535837149553,6.18464162850447
"2019.016",5.27,4.61252648150258,5.92747351849742,4.44724663712488,6.09275336287512,4.14979735632789,6.39020264367211
"2019.024",5.27,4.51081497422093,6.02918502577907,4.31996624893476,6.22003375106524,3.97650140425796,6.56349859574204
"2019.032",5.27,4.42120533742903,6.11879466257097,4.2078299758495,6.3321700241505,3.82382460556014,6.71617539443986
"2019.040",5.27,4.34019203323979,6.19980796676021,4.10645103573393,6.43354896426607,3.68579422871271,6.85420577128729
"2019.048",5.27,4.26569261135221,6.27430738864779,4.01322347878176,6.52677652121824,3.55886219722764,6.98113780277236
