"","Point Forecast","Lo 75","Hi 75","Lo 85","Hi 85","Lo 95","Hi 95"
"2019.000",5.2,4.8218603094887,5.5781396905113,4.7268011665082,5.6731988334918,4.55572601926816,5.84427398073184
"2019.008",5.2,4.66522972120736,5.73477027879264,4.53079579197678,5.86920420802323,4.28885899856492,6.11114100143508
"2019.016",5.2,4.54504284367607,5.85495715632393,4.38039557830988,6.01960442169012,4.08408473137779,6.31591526862221
"2019.024",5.2,4.44372061897741,5.95627938102259,4.25360233301641,6.14639766698359,3.91145203853631,6.48854796146369
"2019.032",5.2,4.35445394702601,6.04554605297399,4.14189524143874,6.25810475856126,3.75935958294921,6.64064041705079
"2019.040",5.2,4.27375070675338,6.12624929324662,4.04090431106488,6.35909568893512,3.62185749265526,6.77814250734474
"2019.048",5.2,4.19953641806418,6.20046358193582,3.94803356589485,6.45196643410515,3.49541127079392,6.90458872920608
