"","Point Forecast","Lo 75","Hi 75","Lo 85","Hi 85","Lo 95","Hi 95"
"2019.000",81.589996,80.5638577563707,82.6161342436293,80.3059006456346,82.8740913543654,79.8416628109863,83.3383291890137
"2019.008",81.589996,80.1388173789897,83.0411746210103,79.7740109344762,83.4059810655238,79.1174794925499,84.0625125074501
"2019.016",81.589996,79.8126724264445,83.3673195735555,79.365877604476,83.814114395524,78.5617940880694,84.6181979119306
"2019.024",81.589996,79.5377195127413,83.6422724872587,79.0218052912692,84.1581867087308,78.0933296219727,85.0866623780273
"2019.031",81.589996,79.2954811329326,83.8845108670674,78.7186714980473,84.4613205019527,77.6806041420464,85.4993878579536
"2019.039",81.589996,79.0764808975524,84.1035111024476,78.4446176007264,84.7353743992736,77.3074717865436,85.8725202134564
"2019.047",81.589996,78.8750893965842,84.3049026034158,78.1925990326558,84.9873929673442,76.9643411729893,86.2156508270107
