"","Point Forecast","Lo 75","Hi 75","Lo 85","Hi 85","Lo 95","Hi 95"
"2019.000",80.8364584120187,79.8009202044136,81.8719966196237,79.5406000713818,82.1323167526555,79.0721095749222,82.6008072491151
"2019.013",81.1391371658197,79.4040711136511,82.8742032179882,78.9678992542235,83.3103750774159,78.1829335714501,84.0953407601893
"2019.025",81.0019150361965,78.9191810989936,83.0846489733994,78.3956102914457,83.6082197809473,77.4533552891024,84.5504747832906
"2019.038",80.992654621855,78.486375651267,83.498933592443,77.856331418957,84.128977824753,76.7224593217481,85.2628499219619
"2019.051",81.1023641069961,78.3216142842869,83.8831139297053,77.6225718361574,84.5821563778347,76.3645256767752,85.8402025372169
"2019.063",80.9398212534085,77.858169818829,84.021472687988,77.0834848236103,84.7961576832067,75.6893069942469,86.1903355125701
"2019.076",81.1130340410655,77.7794593092861,84.4466087728448,76.9414442449697,85.2846238371612,75.4332931505851,86.7927749315458
