"","Point Forecast","Lo 75","Hi 75","Lo 85","Hi 85","Lo 95","Hi 95"
"2019.000",81.860001,80.7164799132303,83.0035220867697,80.4290143622286,83.2909876377714,79.9116710544507,83.8083309455493
"2019.013",81.860001,80.2428179702307,83.4771840297693,79.836280289289,83.883721710711,79.1046463670265,84.6153556329735
"2019.025",81.860001,79.8793643781885,83.8406376218115,79.3814594384277,84.3385425615723,78.4853945444007,85.2346074555993
"2019.038",81.860001,79.5729588264606,84.1470431735394,78.9980277244571,84.7219742755428,77.9633411089013,85.7566608910986
"2019.051",81.860001,79.3030101162785,84.4169918837215,78.6602176030492,85.0597843969508,77.5034027991532,86.2165992008467
"2019.063",81.860001,79.0589578273014,84.6610441726986,78.3548139087191,85.3651880912809,77.0875867828196,86.6324152171804
"2019.076",81.860001,78.8345285854491,84.8854734145509,78.0739662270003,85.6460357729997,76.7052044921765,87.0147975078235
