"","Point Forecast","Lo 75","Hi 75","Lo 85","Hi 85","Lo 95","Hi 95"
"2019.000",27.110001,26.6103466175354,27.6096553824646,26.4847403440461,27.7352616559539,26.2586904233576,27.9613115766424
"2019.008",27.110001,26.4033829958195,27.8166190041805,26.2257489003317,27.9942530996683,25.9060660367206,28.3139359632794
"2019.016",27.110001,26.2445742233469,27.9754277766531,26.027017775914,28.192984224086,25.6354878282346,28.5845141717654
"2019.024",27.110001,26.1106922350709,28.1093097649291,25.8594796880922,28.3605223119078,25.4073798467152,28.8126221532848
"2019.032",27.110001,25.9927398355536,28.2272621644464,25.711875669631,28.508126330369,25.206412680663,29.013589319337
"2019.040",27.110001,25.8861027152164,28.3338992847836,25.5784314366751,28.6415705633249,25.0247244745916,29.1952775254084
"2019.048",27.110001,25.7880397625152,28.4319622374848,25.4557167997529,28.7642852002471,24.8576449257252,29.3623570742748
