"","Point Forecast","Lo 75","Hi 75","Lo 85","Hi 85","Lo 95","Hi 95"
"2019.000",26.700001,26.2005644727892,27.1994375272108,26.0750129651291,27.3249890348709,25.8490616048948,27.5509403951052
"2019.008",26.700001,25.993691089674,27.406310910326,25.8161344447647,27.5838675552353,25.4965909666846,27.9034110333154
"2019.016",26.700001,25.8349515597152,27.5650504402848,25.6174899694811,27.7825120305189,25.2261307335158,28.1738712664842
"2019.024",26.700001,25.7011279455785,27.6988740544215,25.4500249302583,27.9499770697417,24.9981222097895,28.4018797902105
"2019.032",26.700001,25.5832269747103,27.8167750252897,25.3024852689048,28.0975167310952,24.7972426678121,28.6027593321879
"2019.040",26.700001,25.476636349426,27.923365650574,25.1690992192216,28.2309027807784,24.6156336799596,28.7843683200404
"2019.048",26.700001,25.3786161533386,28.0213858466614,25.0464380873408,28.3535639126592,24.4486269797638,28.9513750202362
