"","Point Forecast","Lo 75","Hi 75","Lo 85","Hi 85","Lo 95","Hi 95"
"2019.000",85.650002,83.8988187667899,87.4011852332101,83.458595268628,87.841408731372,82.666337970642,88.633666029358
"2019.008",85.650002,83.173454921394,88.126549078606,82.550884879818,88.749119120182,81.4304638641172,89.8695401358828
"2019.016",85.650002,82.6168636667174,88.6831403332826,81.8543742012152,89.4456297987848,80.4821443084363,90.8178596915637
"2019.024",85.650002,82.1476355335799,89.1523684664201,81.2671885372559,90.0328154627441,79.6826739412841,91.6173300587159
"2019.032",85.650002,81.7342372494845,89.5657667505156,80.7498675823015,90.5501364176985,78.9783264083347,92.3216775916653
"2019.040",85.650002,81.3604966325181,89.9395073674819,80.2821736892382,91.0178303107618,78.3415475641766,92.9584564358235
"2019.048",85.650002,81.0168066648202,90.2831973351798,79.8520847673967,91.4479192326033,77.7559689825499,93.5440350174501
