"","Point Forecast","Lo 75","Hi 75","Lo 85","Hi 85","Lo 95","Hi 95"
"2019.000",84,82.247592741702,85.752407258298,81.8070615403849,86.1929384596151,81.0142504780696,86.9857495219304
"2019.008",84,81.5217218885139,86.4782781114861,80.8987166889628,87.1012833110372,79.777512532237,88.222487467763
"2019.016",84,80.9647415930754,87.0352584069246,80.2017191700749,87.7982808299251,78.828530129342,89.171469870658
"2019.024",84,80.495185483404,87.504814516596,79.6141230807698,88.3858769192302,78.0285009561391,89.9714990438609
"2019.032",84,80.0814982461817,87.9185017538183,79.096440533827,88.903559466173,77.3236611051761,90.6763388948239
"2019.040",84,79.7074963956203,88.2925036043797,78.6284197366181,89.3715802633819,76.6864371715116,91.3135628284884
"2019.048",84,79.363566198839,88.636433801161,78.1980301953894,89.8019698046106,76.1004492878421,91.8995507121579
