"","Point Forecast","Lo 75","Hi 75","Lo 85","Hi 85","Lo 95","Hi 95"
"2019.000",84.440002,82.6939802320316,86.1860237679685,82.2550542555916,86.6249497444084,81.4651320693338,87.4148719306662
"2019.008",84.440002,81.9707543355404,86.9092496644596,81.3500192667811,87.5299847332189,80.2329005977559,88.6471034022441
"2019.016",84.440002,81.4158035867574,87.4642004132426,80.6555614948016,88.2244425051984,79.2873761341772,89.5926278658228
"2019.024",84.440002,80.9479584640631,87.9320455359369,80.0701065111832,88.8098974888168,78.4902621386676,90.3897418613325
"2019.031",84.440002,80.5357786366282,88.3442253633718,79.5543103162179,89.3256936837821,77.7879906108102,91.0920133891898
"2019.039",84.440002,80.1631395886851,88.7168644113149,79.0879949115543,89.7920090884457,77.153088618719,91.726915381281
"2019.047",84.440002,79.8204626182502,89.0595413817498,78.6591736406238,90.2208303593762,76.5692359806932,92.3107680193068
