"","Point Forecast","Lo 75","Hi 75","Lo 85","Hi 85","Lo 95","Hi 95"
"2019.000",18.030001,17.5629873346988,18.4970146653012,17.445586490784,18.614415509216,17.2343036406645,18.8256983593355
"2019.008",18.030001,17.3695439407175,18.6904580592825,17.2035140750191,18.8564879249809,16.9047150028833,19.1552869971167
"2019.016",18.030001,17.2211096038694,18.8388923961306,17.0177653773574,19.0422366226426,16.6518127461826,19.4081892538174
"2019.024",18.030001,17.0959736693976,18.9640283306024,16.861171981568,19.198830018432,16.438606281329,19.621395718671
"2019.032",18.030001,16.9857266979652,19.0742753020348,16.7232104303558,19.3367915696442,16.2507676150088,19.8092343849912
"2019.040",18.030001,16.8860558171051,19.1739461828949,16.5984836541417,19.4615183458583,16.0809484799481,19.9790535200519
"2019.048",18.030001,16.7943989827443,19.2656030172557,16.4837855460365,19.5762164539635,15.9247836683275,20.1352183316725
