"","Point Forecast","Lo 75","Hi 75","Lo 85","Hi 85","Lo 95","Hi 95"
"2019.000",17.93,17.4647443542712,18.3952556457288,17.3477854524167,18.5122145475833,17.137297952441,18.722702047559
"2019.008",17.93,17.2720291558397,18.5879708441603,17.1066242905968,18.7533757094032,16.8089500134211,19.0510499865789
"2019.016",17.93,17.1241535830895,18.7358464169105,16.92157482268,18.93842517732,16.5569997783639,19.3030002216361
"2019.024",17.93,16.9994887085425,18.8605112914575,16.7655709048334,19.0944290951666,16.344595904882,19.515404095118
"2019.032",17.93,16.8896567492349,18.9703432507651,16.6281286941145,19.2318713058855,16.1574643357548,19.7025356642452
"2019.040",17.93,16.7903610680154,19.0696389319846,16.5038714375956,19.3561285624044,15.988284465421,19.871715534579
"2019.048",17.93,16.6990492653329,19.1609507346671,16.3896050974106,19.4703949025894,15.8327075183872,20.0272924816128
