"","Point Forecast","Lo 75","Hi 75","Lo 85","Hi 85","Lo 95","Hi 95"
"2019.000",20.440001,20.1116861262518,20.7683158737482,20.0291522603039,20.8508497396961,19.8806184862067,20.9993835137933
"2019.008",20.440001,19.9756936528165,20.9043083471835,19.8589731402378,21.0210288597622,19.6489146624392,21.2310873375608
"2019.016",20.440001,19.8713429577876,21.0086590422124,19.7283901086207,21.1516118913793,19.4711220652445,21.4088799347555
"2019.024",20.440001,19.7833712525036,21.0966307474964,19.6183035206077,21.2616984793922,19.3212359724135,21.5587660275865
"2019.032",20.440001,19.7058666242748,21.1741353757252,19.5213152895693,21.3586867104306,19.1891836737335,21.6908183262665
"2019.040",20.440001,19.6357970843507,21.2442049156493,19.4336312262789,21.446370773721,19.0697992701711,21.8102027298289
"2019.048",20.440001,19.5713614923387,21.3086405076613,19.3529974082997,21.5270045917003,18.9600139807449,21.9199880192551
