"","Point Forecast","Lo 75","Hi 75","Lo 85","Hi 85","Lo 95","Hi 95"
"2019.000",20.110001,19.7812474640406,20.4387545359594,19.6986033244163,20.5213986755837,19.5498710940231,20.6701309059769
"2019.008",20.110001,19.6450732907681,20.5749287092319,19.5281968276608,20.6918051723393,19.3178576902767,20.9021443097233
"2019.016",20.110001,19.5405831725504,20.6794188274496,19.3974393237733,20.8225626762267,19.1398275440092,21.0801744559908
"2019.024",20.110001,19.4524939280812,20.7675080719188,19.2872056488326,20.9327963511674,18.9897411880462,21.2302608119538
"2019.031",20.110001,19.3748857457514,20.8451162542486,19.1900878316094,21.0299141683906,18.8575124540051,21.3624895459949
"2019.039",20.110001,19.3047225857638,20.9152794142362,19.1022866134529,21.1177153865471,18.7379685406834,21.4820334593166
"2019.047",20.110001,19.2402009012183,20.9798010987817,19.0215450604555,21.1984569395445,18.6280365668951,21.5919654331049
