"","Point Forecast","Lo 75","Hi 75","Lo 85","Hi 85","Lo 95","Hi 95"
"2019.000",36.299999,35.8305993510303,36.7693986489697,35.7125987034757,36.8873992965243,35.5002364043652,37.0997615956348
"2019.008",36.299999,35.6361676502538,36.9638303497462,35.4692895341133,37.1307084658867,35.1689638905745,37.4310341094255
"2019.016",36.299999,35.4869749589294,37.1130230410706,35.2825918420389,37.3174061579611,34.9147695503673,37.6852284496327
"2019.024",36.299999,35.3611997020605,37.2387982979395,35.1251984069514,37.4747995930486,34.7004738087303,37.8995241912697
"2019.032",36.299999,35.2503894762891,37.3496085237109,34.9865320069681,37.6134659930319,34.5116754702988,38.0883225297012
"2019.040",36.299999,35.1502093745826,37.4497886254174,34.8611679987559,37.7388300012441,34.3409887253308,38.2590092746692
"2019.048",36.299999,35.058084263325,37.541913736675,34.7458838953511,37.8541141046489,34.1840260640587,38.4159719359413
