"","Point Forecast","Lo 75","Hi 75","Lo 85","Hi 85","Lo 95","Hi 95"
"2019.000",36.57,36.1016486754794,37.0383513245206,35.983911562344,37.156088437656,35.7720235383862,37.3679764616138
"2019.008",36.57,35.9076512049075,37.2323487950925,35.7411457827168,37.3988542172832,35.4414908655313,37.6985091344687
"2019.016",36.57,35.7587917101381,37.3812082898619,35.5548650482511,37.5851349517489,35.1878642252409,37.9521357747591
"2019.024",36.57,35.6332973509588,37.5067026490412,35.397823124688,37.742176875312,34.9740470767725,38.1659529232275
"2019.031",36.57,35.5227346010198,37.6172653989802,35.2594664125745,37.8805335874255,34.7856703873869,38.3543296126131
"2019.039",36.57,35.4227782345678,37.7172217654322,35.1343823835978,38.0056176164022,34.6153648422947,38.5246351577053
"2019.047",36.57,35.3308588691107,37.8091411308893,35.0193557476718,38.1206442523282,34.4587527304867,38.6812472695133
