"","Point Forecast","Lo 75","Hi 75","Lo 85","Hi 85","Lo 95","Hi 95"
"2019.000",48.709999,47.6884727487164,49.7315252512836,47.4316750297364,49.9883229702636,46.9695237183742,50.4504742816258
"2019.010",48.709999,47.2653427211146,50.1546552788854,46.9021759041466,50.5178220958534,46.2485952517496,51.1714027482504
"2019.019",48.709999,46.9406636315115,50.4793343684885,46.4958769349703,50.9241210650297,45.6954073829063,51.7245906170937
"2019.029",48.709999,46.6669464974328,50.7530515025672,46.1533510594728,51.2666469405272,45.2290484367483,52.1909495632517
"2019.038",48.709999,46.4257968613294,50.9942011386706,45.8515797052232,51.5684182947768,44.8181779571265,52.6018200428735
"2019.048",48.709999,46.2077809254971,51.2122170745029,45.5787575468855,51.8412404531145,44.4467226500899,52.9732753499102
"2019.057",48.709999,46.0072945813796,51.4127034186204,45.3278716797098,52.0921263202902,44.1051342417629,53.3148637582371
