"","Point Forecast","Lo 75","Hi 75","Lo 85","Hi 85","Lo 95","Hi 95"
"2019.000",154.139999,148.802795613342,159.477202386658,147.46109572682,160.81890227318,145.046477853758,163.233520146242
"2019.008",154.139999,146.592053585444,161.687944414556,144.694603409291,163.585394590709,141.279818065258,167.000179934742
"2019.016",154.139999,144.895691563979,163.384306436021,142.571799192014,165.708198807986,138.389558355007,169.890439644993
"2019.024",154.139999,143.465592226683,164.814405773317,140.78219245364,167.49780554636,135.952956707516,172.327041292484
"2019.032",154.139999,142.20564941769,166.07434858231,139.205517266024,169.074480733976,133.806267562171,174.473730437829
"2019.040",154.139999,141.066574049233,167.213423950767,137.780093939305,170.499904060695,131.865512226499,176.414485773501
"2019.048",154.139999,140.01908614233,168.26091185767,136.46928190851,171.81071609149,130.080803505137,178.199194494863
