"","Point Forecast","Lo 75","Hi 75","Lo 85","Hi 85","Lo 95","Hi 95"
"2019.000",169.04272598838,164.01087764289,174.07457433387,162.745939834634,175.339512142127,160.469468418924,177.615983557836
"2019.008",169.226867073605,161.446624414563,177.007109732646,159.490777890362,178.962956256847,155.970898354154,182.482835793055
"2019.016",169.930823521398,160.416518448995,179.4451285938,158.024752366428,181.836894676368,153.720361206253,186.141285836542
"2019.024",170.227572292972,159.503356690445,180.9517878955,156.807435659421,183.647708926524,151.955665773123,188.499478812822
"2019.032",169.457874023958,157.654849159079,181.260898888837,154.687730244067,184.228017803849,149.347893492451,189.567854555466
"2019.040",169.457874023958,157.204067851217,181.711680196699,154.123628684795,184.792119363121,148.579852805521,190.335895242395
"2019.048",169.457874023958,156.769291144958,182.146456902958,153.579555064929,185.336192982987,147.839080740857,191.076667307059
