"","Point Forecast","Lo 75","Hi 75","Lo 85","Hi 85","Lo 95","Hi 95"
"2019.000",34.75,33.2849995124285,36.2150004875715,32.9167184398273,36.5832815601727,32.2539338117996,37.2460661882004
"2019.008",34.75,32.6781764415932,36.8218235584068,32.1573483539553,37.3426516460447,31.2200293440661,38.2799706559339
"2019.016",34.75,32.212544722413,37.287455277587,31.5746631932018,37.9253368067982,30.4266865429822,39.0733134570178
"2019.024",34.75,31.819999024857,37.680000975143,31.0834368796547,38.4165631203453,29.7578676235993,39.7421323764007
"2019.032",34.75,31.4741593227197,38.0258406772803,30.650657809557,38.849342190443,29.1686263268452,40.3313736731548
"2019.040",34.75,31.1614963325212,38.3385036674788,30.2593956227235,39.2406043772765,28.6359114746953,40.8640885253047
"2019.048",34.75,30.8739730392974,38.6260269607026,29.8995929086226,39.6004070913774,28.1460296100649,41.3539703899351
