"","Point Forecast","Lo 75","Hi 75","Lo 85","Hi 85","Lo 95","Hi 95"
"2019.000",35.130001,33.6703485394353,36.5896534605647,33.3034118876307,36.9565901123693,32.6430467742178,37.6169552257822
"2019.008",35.130001,33.0657406939182,37.1942613060818,32.5468139044043,37.7131880955957,31.6129166048977,38.6470853951023
"2019.016",35.130001,32.6018087769091,37.6581932230909,31.9662558528242,38.2937461471758,30.8224699248471,39.4375320751529
"2019.024",35.130001,32.2106960788706,38.0493059211294,31.4768227752614,38.7831792247386,30.1560925484356,40.1039094515644
"2019.032",35.130001,31.8661188746526,38.3938831253474,31.0456235777812,39.2143784222188,29.5690022942207,40.6909997057793
"2019.040",35.130001,31.5545972698186,38.7054047301814,30.6557897049719,39.6042122950281,29.0382321331752,41.2217698668248
"2019.048",35.130001,31.2681235887624,38.9918784112376,30.2973004611726,39.9627015388274,28.5501385965792,41.7098634034208
