"","Point Forecast","Lo 75","Hi 75","Lo 85","Hi 85","Lo 95","Hi 95"
"2019.000",46.1340641776635,45.5995310416429,46.6685973136842,45.4651567268597,46.8029716284674,45.2233272198175,47.0448011355095
"2019.008",46.0331811703396,45.214125797955,46.8522365427242,45.0082264869168,47.0581358537624,44.6376755451762,47.4286867955029
"2019.016",45.9414797130259,44.9469618796528,46.9359975463989,44.6969537072988,47.186005718753,44.2470213435548,47.6359380824969
"2019.024",45.85812417579,44.739199219678,46.9770491319019,44.4579167993013,47.2583315522786,43.9517010900787,47.7645472615012
"2019.031",45.7823549809328,44.5702331836303,46.9944767782354,44.2655223528688,47.2991876089968,43.7171432216911,47.8475667401745
"2019.039",45.7134816813337,44.4294485936071,46.9975147690602,44.10666024861,47.3203031140574,43.5257475460928,47.9012158165745
"2019.047",45.6508766687475,44.3103335100712,46.9914198274237,43.9733393066332,47.3284140308617,43.3668607379802,47.9348925995147
