"","Point Forecast","Lo 75","Hi 75","Lo 85","Hi 85","Lo 95","Hi 95"
"2019.000",45.6383469167217,45.102870486281,46.1738233471625,44.9682590401905,46.308434793253,44.7260027749004,46.5506910585431
"2019.008",45.5747959212366,44.7557800252005,46.3938118172726,44.5498906379761,46.599701204497,44.1793575558316,46.9702342866415
"2019.016",45.5172361274603,44.524341281581,46.5101309733395,44.2747411060706,46.7597311488499,43.8255430022614,47.2089292526591
"2019.024",45.4651027212991,44.349624895989,46.5805805466093,44.0692090371185,46.8609964054797,43.5645528531831,47.3656525894151
"2019.032",45.4178841359004,44.2111082345836,46.6246600372173,43.9077412889091,46.9280269828917,43.3617807082454,47.4739875635554
"2019.040",45.3751170318258,44.0983107476476,46.651923316004,43.7773391221565,46.9728949414951,43.199695916368,47.5505381472836
"2019.048",45.3363817504639,44.0048740082095,46.6678894927184,43.6701511848014,47.0026123161265,43.0677603520659,47.6050031488619
