"","Point Forecast","Lo 75","Hi 75","Lo 85","Hi 85","Lo 95","Hi 95"
"2019.000",46.2683547736933,45.7316610100619,46.8050485373247,45.5967435430677,46.939966004319,45.3539365409466,47.1827730064401
"2019.008",46.1558101379366,45.3333458767511,46.9782743991222,45.1265896177224,47.1850306581509,44.7544964518562,47.5571238240171
"2019.016",46.0534874628577,45.0547362439861,47.0522386817293,44.8036638564557,47.3033110692596,44.3518162559206,47.7551586697948
"2019.024",45.960458330328,44.8366751756608,47.0842414849951,44.5541714706566,47.3667451899993,44.0457578513653,47.8751588092907
"2019.032",45.8758786465722,44.6583997544682,47.0933575386762,44.3523422233908,47.3994150697535,43.801539475214,47.9502178179303
"2019.040",45.798980983338,44.5091815797751,47.0887803869009,44.1849436618944,47.4130183047817,43.6014222056402,47.9965397610359
"2019.048",45.7290676146862,44.382417136092,47.0757180932805,44.0438876360113,47.4142475933612,43.43464603909,48.0234891902824
