"","Point Forecast","Lo 75","Hi 75","Lo 85","Hi 85","Lo 95","Hi 95"
"2019.000",0.1887,0.10508332309725,0.27231667690275,0.0840632349004634,0.293336765099537,0.0462339996421396,0.33116600035786
"2019.005",0.1887,0.0704481614835614,0.306951838516439,0.0407212676733876,0.336678732326612,-0.0127773498831364,0.390177349883136
"2019.011",0.1887,0.0438716672443654,0.333528332755635,0.00746380650795272,0.369936193492047,-0.0580583509709401,0.43545835097094
"2019.016",0.1887,0.0214666461944993,0.355933353805501,-0.0205735301990732,0.397973530199073,-0.0962320007157208,0.473632000715721
"2019.022",0.1887,0.00172742639281367,0.375672573607186,-0.0452749197082414,0.422674919708241,-0.129863661282685,0.507263661282685
"2019.027",0.1887,-0.0161181923989021,0.393518192398902,-0.0676066828293277,0.445006682829328,-0.160269006571924,0.537669006571924
"2019.032",0.1887,-0.032528932542316,0.409928932542316,-0.0881428584476565,0.465542858447657,-0.188229607228938,0.565629607228938
