"","Point Forecast","Lo 75","Hi 75","Lo 85","Hi 85","Lo 95","Hi 95"
"2019.000",0.1994,0.115783185051361,0.283016814948639,0.0947630621517275,0.304036937848273,0.056933764439709,0.341866235560291
"2019.005",0.1994,0.0811479662571932,0.317652033742807,0.0514210233697824,0.347378976630218,-0.00207768250960358,0.400877682509604
"2019.011",0.1994,0.0545714281418722,0.344228571858128,0.0181635072983651,0.380636492701635,-0.0473587583534998,0.4461587583535
"2019.016",0.1994,0.0321663701027217,0.366633629897278,-0.00987387569654508,0.408673875696545,-0.0855324711205819,0.484332471120582
"2019.022",0.1994,0.0124271177128223,0.386372882287178,-0.0345753059861579,0.433375305986158,-0.119164187211308,0.517964187211308
"2019.027",0.1994,-0.00541853054089067,0.404218530540891,-0.0569071059755845,0.455707105975585,-0.149569582697865,0.548369582697865
"2019.032",0.1994,-0.0218292977774072,0.420629297777407,-0.0774433154978511,0.476243315497851,-0.177530229516077,0.576330229516077
