"","Point Forecast","Lo 75","Hi 75","Lo 85","Hi 85","Lo 95","Hi 95"
"2019.000",0.2138,0.129937548226233,0.297662451773767,0.108855675590545,0.318744324409455,0.0709152486924591,0.356684751307541
"2019.005",0.2138,0.0952005833276797,0.33239941667232,0.0653863131260667,0.362213686873933,0.0117304468445689,0.415869553155431
"2019.011",0.2138,0.0685459726805416,0.359054027319458,0.0320310981568329,0.395568901843167,-0.0336836488915044,0.461283648891504
"2019.016",0.2138,0.0460750964524669,0.381524903547533,0.00391135118108965,0.42368864881891,-0.0719695026150817,0.499569502615082
"2019.022",0.2138,0.0262778570740601,0.40132214292594,-0.0208626432323322,0.448462643232332,-0.105700016871813,0.533300016871813
"2019.027",0.2138,0.00837978457550984,0.41922021542449,-0.0432600462042708,0.470860046204271,-0.136194732727947,0.563794732727947
"2019.033",0.2138,-0.00807919172953392,0.435679191729534,-0.0638565838951037,0.491456583895104,-0.164237518103064,0.591837518103064
