"","Point Forecast","Lo 75","Hi 75","Lo 85","Hi 85","Lo 95","Hi 95"
"2019.000",0.167287,0.0832320120134551,0.251341987986545,0.0621017384089217,0.272472261591078,0.0240742057089945,0.310499794291005
"2019.005",0.167287,0.0484152960043206,0.286158703995679,0.0185325764961353,0.316041423503865,-0.0352464759916881,0.369820475991688
"2019.011",0.167287,0.0216994901777127,0.312874509822287,-0.0148992172831707,0.349473217283171,-0.0807648360059315,0.415338836005932
"2019.016",0.167287,-0.000822975973089751,0.33539697597309,-0.0430835231821566,0.377657523182157,-0.119138588582011,0.453712588582011
"2019.022",0.167287,-0.0206656669858426,0.355239666985843,-0.0679143951487488,0.402488395148749,-0.152946543282382,0.487520543282382
"2019.027",0.167287,-0.0386048309028049,0.373178830902805,-0.0903632193593116,0.424937219359312,-0.183511270651135,0.518085270651135
"2019.033",0.167287,-0.0551015946669195,0.389675594666919,-0.111007043759267,0.445581043759267,-0.211618438256651,0.546192438256651
