"","Point Forecast","Lo 75","Hi 75","Lo 85","Hi 85","Lo 95","Hi 95"
"2019.000",25.879999,25.7035543479047,26.0564436520953,25.6591985771867,26.1007994228133,25.5793727995856,26.1806252004144
"2019.008",25.879999,25.6304685799986,26.1295294200014,25.5677400474798,26.1922579525202,25.4548493501692,26.3051486498308
"2019.016",25.879999,25.5743878978471,26.1856101021529,25.4975614493547,26.2624365506453,25.3592991467959,26.4006988532042
"2019.023",25.879999,25.5271096958094,26.2328883041906,25.4383981543735,26.3215998456265,25.2787465991712,26.4812514008288
"2019.031",25.879999,25.4854567636486,26.2745412363514,25.3862742451289,26.3737237548711,25.2077783800559,26.5522196199441
"2019.039",25.879999,25.4477996345236,26.3121983654764,25.3391506291167,26.4208473708833,25.143618205673,26.616379794327
"2019.047",25.879999,25.4131703303885,26.3468276696115,25.2958159918582,26.4641820081418,25.0846168361132,26.6753811638868
