"","Point Forecast","Lo 75","Hi 75","Lo 85","Hi 85","Lo 95","Hi 95"
"2019.000",25.780001,25.6031542290577,25.9568477709423,25.558697371165,26.001304628835,25.4786896699449,26.0813123300551
"2019.008",25.780001,25.5299018980715,26.0301001019285,25.4670304066992,26.0929715933008,25.3538824305395,26.2061195694605
"2019.016",25.780001,25.4736934075734,26.0863085924266,25.3966918709584,26.1633101290416,25.2581144674485,26.3018875325515
"2019.024",25.780001,25.4263074581154,26.1336945418846,25.33739374233,26.22260825767,25.1773783398899,26.3826236601101
"2019.031",25.780001,25.3845595985717,26.1754424014283,25.2851510422576,26.2748509577424,25.106248383606,26.453753616394
"2019.039",25.780001,25.3468166485325,26.2131853514675,25.237920031128,26.322081968872,25.0419419876458,26.5180600123542
"2019.047",25.780001,25.3121084239219,26.2478935760781,25.1944866338665,26.3655153661335,24.9828061534682,26.5771958465318
