"","Point Forecast","Lo 75","Hi 75","Lo 85","Hi 85","Lo 95","Hi 95"
"2019.000",56.1859179840001,54.757246034447,57.6145899335533,54.3980974591119,57.9737385088884,53.7517483181448,58.6200876498555
"2019.008",56.3618379680003,54.3413907207603,58.3822852152404,53.8334779346143,58.8901980013863,52.9194022134305,59.8042737225701
"2019.016",56.5377579520004,54.0632255480259,59.012290355975,53.4411619680795,59.6343539359214,52.321652416496,60.7538634875049
"2019.024",56.7136779360006,53.8563340368943,59.5710218351069,53.1380368862241,60.2893189857771,51.8453386042899,61.5820172677113
"2019.032",56.8895979200007,53.6949903232528,60.0842055167487,52.8919096947812,60.8872861452203,51.4466290783802,62.3325667616212
"2019.040",57.0655179040009,53.5660006177684,60.5650351902333,52.6862698663498,61.444765941652,51.1030442752943,63.0279915327075
"2019.048",57.241437888001,53.4615272043896,61.0213485716124,52.5113093903297,61.9715663856724,50.8012303032106,63.6816454727915
