"","Point Forecast","Lo 75","Hi 75","Lo 85","Hi 85","Lo 95","Hi 95"
"2019.000",56.1744444444444,54.7513711036742,57.5975177852147,54.3936299419646,57.9552589469242,53.7498136819564,58.5990752069325
"2019.008",56.3488888888889,54.33635927012,58.3614185076577,53.8304368674112,58.8673409103665,52.9199431808313,59.7778345969465
"2019.016",56.5233333333333,54.0584980042225,58.9881686624441,53.4388721361828,59.6077945304838,52.3237496631096,60.7229170035571
"2019.024",56.6977777777778,53.8516310962373,59.5439244593182,53.1361487728182,60.2594067827374,51.8485162528017,61.5470393027538
"2019.031",56.8722222222222,53.6901334952923,60.0543109491521,52.8901999393599,60.8542445050845,51.4505830169618,62.2938614274826
"2019.039",57.0466666666667,53.5608631152218,60.5324702181115,52.6845798090429,61.4087535242905,51.1075584839157,62.9857748494177
"2019.047",57.2211111111111,53.4560129540272,60.986209268195,52.5095188064123,61.9327034158099,50.8061410924109,63.6360811298114
