"","Point Forecast","Lo 75","Hi 75","Lo 85","Hi 85","Lo 95","Hi 95"
"2019.000",56.1268558467741,54.6924388448377,57.5612728487106,54.3318460419601,57.9218656515882,53.6828977671093,58.5708139264389
"2019.008",56.3037106935482,54.2751387153112,58.3322826717853,53.7651834829875,58.8422379041089,52.8474320314149,59.7599893556815
"2019.016",56.4805655403223,53.9960824137278,58.9650486669169,53.3715173583001,59.5896137223446,52.2475059747744,60.7136251058703
"2019.024",56.6574203870965,53.7885863832236,59.5262543909694,53.0674007774684,60.2474399967246,51.7695042277668,61.5453365464261
"2019.032",56.8342752338706,53.6268213094592,60.0417291582819,52.8205112900277,60.8480391777134,51.3694188335802,62.299131634161
"2019.040",57.0111300806447,53.4975403475276,60.5247198137618,52.6142719755574,61.407988185732,51.0246798327137,62.9975803285757
"2019.048",57.1879849274188,53.3928742639321,60.9830955909055,52.4388353829582,61.9371344718794,50.7218796339587,63.6540902208789
