"","Point Forecast","Lo 75","Hi 75","Lo 85","Hi 85","Lo 95","Hi 95"
"2019.000",57.7871808987314,56.8759145116849,58.6984472857779,56.6468346135592,58.9275271839036,56.2345662501719,59.3397955472909
"2019.013",57.3471385382841,56.0626521183072,58.6316249582611,55.7397498117866,58.9545272647817,55.1586320160633,59.535645060505
"2019.025",57.4535160628637,55.9664403831126,58.9405917426148,55.5926099093182,59.3144222164092,54.9198381869779,59.9871939387495
"2019.038",57.4535160628637,55.6721816423808,59.2348504833466,55.2243785483871,59.6826535773403,54.4184804744351,60.4885516512923
"2019.051",57.4535160628637,55.420068114701,59.4869640110264,54.9088871302705,59.9981449954568,53.988929728638,60.9181023970894
"2019.063",57.4535160628637,55.1959357656922,59.7110963600352,54.6284109761928,60.2786211495345,53.6070532836887,61.2999788420387
"2019.076",57.4535160628637,54.9921288445523,59.9149032811751,54.3733697843767,60.5336623413506,53.259807279954,61.6472248457734
