"","Point Forecast","Lo 75","Hi 75","Lo 85","Hi 85","Lo 95","Hi 95"
"2019.000",57.66,56.8440327382218,58.4759672617782,56.6389097359262,58.6810902640738,56.2697558942255,59.0502441057745
"2019.008",57.66,56.5060480319408,58.8139519680592,56.2159603001397,59.1040396998603,55.6938979306044,59.6261020693956
"2019.016",57.66,56.2467032452873,59.0732967547127,55.8914197835103,59.4285802164897,55.2520265738754,60.0679734261246
"2019.024",57.66,56.0280654764435,59.2919345235565,55.6178194718524,59.7021805281475,54.879511788451,60.440488211549
"2019.031",57.66,55.8354417352495,59.4845582647505,55.3767727583678,59.9432272416322,54.5513196741698,60.7686803258302
"2019.039",57.66,55.6612965618273,59.6587034381726,55.1588498716955,60.1611501283045,54.2546113229406,61.0653886770594
"2019.047",57.66,55.5011535473645,59.8188464526355,54.9584490951115,60.3615509048885,53.9817598344473,61.3382401655527
