"","Point Forecast","Lo 75","Hi 75","Lo 85","Hi 85","Lo 95","Hi 95"
"2019.000",57.9376085547898,57.0249188284221,58.8502982811574,56.795481122271,59.0797359873085,56.3825688222908,59.4926482872887
"2019.013",57.4712661985932,56.1870963503787,58.7554360468077,55.8642736256665,59.0782587715199,55.2832990509863,59.6592333462002
"2019.025",57.6138361804702,56.1291463786032,59.0985259823373,55.7559156818558,59.4717566790847,55.0842233606483,60.1434490002922
"2019.038",57.6138361804702,55.8367893346143,59.3908830263262,55.3900640782021,59.8376082827383,54.5861057568838,60.6415666040566
"2019.051",57.6138361804702,55.5861559352232,59.6415164257173,55.076424872369,60.1512474885715,54.1590768520056,61.0685955089349
"2019.063",57.6138361804702,55.3632631730866,59.8644091878538,54.7974999203383,60.4301724406022,53.7793124137794,61.448359947161
"2019.076",57.6138361804702,55.1605382886189,60.0671340723216,54.543812774405,60.6838595865354,53.4339099829136,61.7937623780268
