"","Point Forecast","Lo 75","Hi 75","Lo 85","Hi 85","Lo 95","Hi 95"
"2019.000",58.07,57.2481672700055,58.8918327299945,57.041569769275,59.098430230725,56.6697623160548,59.4702376839452
"2019.008",58.07,56.9077530072396,59.2322469927604,56.6155800197543,59.5244199802457,56.0897648768187,60.0502351231813
"2019.016",58.07,56.6465439563264,59.4934560436736,56.2887065883446,59.8512934116554,55.6447171887343,60.4952828112657
"2019.024",58.07,56.4263345400109,59.7136654599891,56.0131395385501,60.1268604614499,55.2695246321095,60.8704753678905
"2019.032",58.07,56.232326149598,59.907673850402,55.7703600939832,60.3696399060168,54.9389733540416,61.2010266459584
"2019.040",58.07,56.0569291575949,60.0830708424051,55.5508706986711,60.5891293013289,54.6401321557177,61.4998678442823
"2019.048",58.07,55.8956349771411,60.2443650228589,55.349029368721,60.790970631279,54.3653193118998,61.7746806881002
