"","Point Forecast","Lo 75","Hi 75","Lo 85","Hi 85","Lo 95","Hi 95"
"2019.000",75.290001,74.1742797385167,76.4057222614833,73.8938026831239,76.6861993168761,73.3890363656051,77.190965634395
"2019.008",75.290001,73.7121328601823,76.8678691398178,73.3154784045114,77.2645235954886,72.6016310324471,77.9783709675529
"2019.016",75.290001,73.357515088026,77.222486911974,72.8717145777285,77.7082874222715,71.9974336698364,78.5825683301637
"2019.024",75.290001,73.0585584770333,77.5214435229667,72.4976043662479,78.0823976337522,71.4880717312101,79.0919302687899
"2019.031",75.290001,72.7951724153814,77.7848295846186,72.1680066533943,78.4119953466057,71.0393148546699,79.5406871453301
"2019.039",75.290001,72.5570532141915,78.0229487858085,71.8700275439209,78.7099744560791,70.633607626656,79.946394373344
"2019.047",75.290001,72.3380800096478,78.2419219903522,71.596007472619,78.983994527381,70.2605213262622,80.3194806737379
