"","Point Forecast","Lo 75","Hi 75","Lo 85","Hi 85","Lo 95","Hi 95"
"2019.000",75.940002,74.8223402758191,77.0576637241809,74.5413754146614,77.3386285853387,74.0357312074366,77.8442727925634
"2019.008",75.940002,74.3593896315181,77.5206143684819,73.9620453143185,77.9179586856815,73.2469564187258,78.6330475812742
"2019.016",75.940002,74.0041551080437,77.8758488919563,73.5175096933769,78.3624943066231,72.6417082359107,79.2382957640893
"2019.024",75.940002,73.7046785516382,78.1753254483618,73.1427488293227,78.7372551706773,72.1314604148731,79.7485435851269
"2019.032",75.940002,73.4408344088819,78.4391695911181,72.8125778800444,79.0674261199556,71.6819230602608,80.1980809397393
"2019.040",75.940002,73.2023010707176,78.6777029292825,72.5140805252291,79.3659234747709,71.2755102261343,80.6044937738658
"2019.048",75.940002,72.9829470279217,78.8970569720783,72.2395838781505,79.6404201218495,70.9017750539533,80.9782289460467
