"","Point Forecast","Lo 75","Hi 75","Lo 85","Hi 85","Lo 95","Hi 95"
"2019.000",75.290001,74.0846780091898,76.4953239908102,73.7816763053322,76.7983256946678,73.2363730396373,77.3436289603627
"2019.013",75.290001,73.5854168793561,76.9945851206439,73.1569077603385,77.4230942396615,72.3857324863865,78.1942695136135
"2019.025",75.290001,73.2023203403859,77.3776816596141,72.6775059945246,77.9024960054755,71.7330130328077,78.8469889671923
"2019.038",75.290001,72.8793550183796,77.7006469816204,72.2733516106644,78.3066503893356,71.1827450792746,79.3972569207254
"2019.051",75.290001,72.5948168577051,77.985185142295,71.9172844505812,78.6627175494188,70.6979492801348,79.8820527198653
"2019.063",75.290001,72.3375746972697,78.2424273027303,71.5953751316246,78.9846268683754,70.2596603755988,80.3203416244012
"2019.076",75.290001,72.1010161168076,78.4789858831924,71.2993489615716,79.2806530384284,69.8566121314315,80.7233898685685
