"","Point Forecast","Lo 75","Hi 75","Lo 85","Hi 85","Lo 95","Hi 95"
"2019.000",74.82,73.7008690637159,75.9391309362841,73.419534862743,76.220465137257,72.9132259655024,76.7267740344976
"2019.008",74.82,73.2373098518357,76.4026901481643,72.8394432092605,76.8005567907395,72.1234143000326,77.5165856999674
"2019.016",74.82,72.8816083580338,76.7583916419662,72.394323228042,77.245676771958,71.517370493697,78.122629506303
"2019.024",74.82,72.5817381274318,77.0582618725682,72.019069725486,77.620930274514,71.0064519310047,78.6335480689952
"2019.032",74.82,72.3175471507458,77.3224528492542,71.6884647529748,77.9515352470252,70.5563236411318,79.0836763588682
"2019.040",74.82,72.0787002507408,77.5612997492592,71.3895750111636,78.2504249888364,70.1493765606928,79.4906234393072
"2019.048",74.82,71.8590578580734,77.7809421419266,71.1147175270021,78.5252824729979,69.775150098324,79.864849901676
