"","Point Forecast","Lo 75","Hi 75","Lo 85","Hi 85","Lo 95","Hi 95"
"2019.000",26.8272476541178,26.4334409901316,27.2210543181039,26.3344433844375,27.320051923798,26.1562803015449,27.4982150066906
"2019.008",26.7047297958362,26.1474332983789,27.2620262932935,26.0073365860695,27.4021230056029,25.7552086482961,27.6542509433763
"2019.016",26.7861198787171,26.1514484618282,27.4207912956059,25.9919007537257,27.5803390037084,25.7047674302005,27.8674723272336
"2019.024",26.7437931557409,26.0030526524644,27.4845336590173,25.8168406277039,27.6707456837778,25.4817203167592,28.0058659947225
"2019.032",26.7617573114889,25.9487737709124,27.5747408520654,25.7444008352918,27.7791137876859,25.3765968665526,28.1469177564251
"2019.040",26.7559155209174,25.8677255033586,27.6441055384762,25.6444466886994,27.8673843531354,25.2426183648184,28.2692126770163
"2019.048",26.756853406412,25.80261498046,27.7110918323641,25.5627324998682,27.9509743129559,25.1310230461446,28.3826837666795
