"","Point Forecast","Lo 75","Hi 75","Lo 85","Hi 85","Lo 95","Hi 95"
"2019.000",26.3615400632962,25.9676886426139,26.7553914839785,25.8686797856989,26.8544003408935,25.6904964543146,27.0325836722777
"2019.008",26.5190389781422,25.9629289366852,27.0751490195991,25.8231304831765,27.2149474731078,25.5715393130053,27.466538643279
"2019.016",26.4085827610695,25.7745041984323,27.0426613237066,25.6151055257749,27.202059996364,25.3282404169623,27.4889251051767
"2019.024",26.469217773274,25.7291813557583,27.2092541907896,25.543146328522,27.3952892180259,25.2083445548222,27.7300909917257
"2019.031",26.4413588015337,25.6292696102089,27.2534479928586,25.4251215017501,27.4575961013173,25.0577221478497,27.8249954552177
"2019.039",26.4519232134275,25.5643813609728,27.3394650658821,25.34126548615,27.562580940705,24.9397304003062,27.9641160265487
"2019.047",26.449017363971,25.4956425613124,27.4023921666295,25.2559771837971,27.6420575441449,24.8246584441027,28.0733762838393
