"","Point Forecast","Lo 75","Hi 75","Lo 85","Hi 85","Lo 95","Hi 95"
"2019.000",26.462723830319,26.0682067758861,26.8572408847519,25.969030587756,26.9564170728819,25.7905461152994,27.1349015453386
"2019.008",26.5722186381188,26.0136107055483,27.1308265706892,25.8731843163997,27.2712529598378,25.6204630689032,27.5239742073343
"2019.016",26.5077843721474,25.8725800176768,27.142988726618,25.71289833636,27.3026704079348,25.4255239051766,27.5900448391183
"2019.024",26.5376115131893,25.7962638257982,27.2789592005804,25.6098991632613,27.4653238631174,25.2745041545939,27.8007188717847
"2019.032",26.5270192957232,25.7133650974943,27.3406734939521,25.5088235677185,27.5452150237279,25.1407161850307,27.9133224064157
"2019.040",26.5291566707021,25.6406221739188,27.4176911674854,25.4172567618971,27.6410565795071,25.0152725912866,28.0430407501175
"2019.048",26.5297948774592,25.5750596052684,27.4845301496501,25.335052224332,27.7245375305865,24.9031179911272,28.1564717637913
