"","Point Forecast","Lo 75","Hi 75","Lo 85","Hi 85","Lo 95","Hi 95"
"2019.000",71.790001,70.7856621338296,72.7943398661704,70.5331850882408,73.0468169117592,70.07880956586,73.50119243414
"2019.008",71.790001,70.3696513542435,73.2103506457565,70.0125948921839,73.5674071078161,69.3700108660225,74.2099911339775
"2019.016",71.790001,70.0504350557768,73.5295669442232,69.6131319850721,73.9668700149279,68.8261304945929,74.7538715054071
"2019.024",71.790001,69.7813232676593,73.7986787323407,69.2763691764817,74.3036328235184,68.36761813172,75.21238386828
"2019.032",71.790001,69.544231022798,74.035770977202,68.9796751861031,74.6003268138969,67.9636606307476,75.6163413692524
"2019.040",71.790001,69.3298832490372,74.2501187509628,68.7114433155792,74.8685586844208,67.5984551341356,75.9815468658644
"2019.048",71.790001,69.1327701280767,74.4472318719233,68.4647786536963,75.1152233463037,67.2626140196416,76.3173879803584
