"","Point Forecast","Lo 75","Hi 75","Lo 85","Hi 85","Lo 95","Hi 95"
"2019.000",71.629997,70.6217519921176,72.6382420078824,70.3682929959618,72.8917010040382,69.9121502859905,73.3478437140095
"2019.008",71.629997,70.2041232356577,73.0558707643423,69.8456780857887,73.4143159142113,69.2005948789697,74.0593991210303
"2019.016",71.629997,69.88366541987,73.37632858013,69.4446615608927,73.8153324391073,68.6545992117203,74.6053947882797
"2019.024",71.629997,69.6135069842352,73.6464870157648,69.1065889919235,74.1534050080765,68.194303571981,75.065690428019
"2019.032",71.629997,69.3754926244001,73.8845013755999,68.8087410794869,74.4512529205132,67.7887749725501,75.4712190274499
"2019.040",71.629997,69.1603111949797,74.0996828050203,68.5394659836799,74.7205280163201,67.4221490943599,75.8378449056401
"2019.048",71.629997,68.9624314485208,74.2975625514792,68.2918419771404,74.9681520228596,67.0850018042013,76.1749921957987
