"","Point Forecast","Lo 75","Hi 75","Lo 85","Hi 85","Lo 95","Hi 95"
"2019.000",70.3124855632505,69.3523988854567,71.2725722410443,69.111046234391,71.5139248921101,68.676690958052,71.9482801684491
"2019.008",70.213123753585,68.8647205236369,71.561526983533,68.5257504058541,71.9004971013158,67.9157158421974,72.5105316649725
"2019.016",70.3502572965436,68.7770490866727,71.9234655064146,68.3815660736147,72.3189485194726,67.6698269124094,73.0306876806778
"2019.024",70.4225650988982,68.5180316378711,72.3270985599253,68.0392579911848,72.8058722066117,67.1776231233182,73.6675070744782
"2019.032",70.3752312676109,68.1830222125801,72.5674403226417,67.631930858685,73.1185316765367,66.6401479375024,74.1103145977193
"2019.040",70.4026291030186,67.9884382718489,72.8168199341884,67.3815437374717,73.4237144685655,66.2893334716054,74.5159247344318
"2019.048",70.4285057841588,67.7831323841554,73.0738791841622,67.1181217159346,73.738889852383,65.9213215511633,74.9356900171543
