"","Point Forecast","Lo 75","Hi 75","Lo 85","Hi 85","Lo 95","Hi 95"
"2019.000",69.1822921246677,68.2199269412961,70.1446573080394,67.9780015051117,70.3865827442238,67.5426154042203,70.8219688451152
"2019.008",69.4634461112565,68.117694045175,70.809198177338,67.7793903937044,71.1475018288086,67.1705552498923,71.7563369726206
"2019.016",69.25300688088,67.685572364621,70.8204413971391,67.2915407791183,71.2144729826417,66.5824137094485,71.9236000523116
"2019.024",69.1974074857819,67.3055679246318,71.0892470469319,66.829985350646,71.5648296209177,65.9740933625802,72.4207216089835
"2019.031",69.3016426989514,67.1293777679333,71.4739076299695,66.5833000938601,72.0199853040427,65.6005401449749,73.0027452529279
"2019.039",69.2526763434969,66.8632604717427,71.642092215251,66.2625940230929,72.2427586639009,65.1815922601588,73.3237604268349
"2019.047",69.2244627489523,66.6096525784858,71.8392729194188,65.9523250878827,72.496600410022,64.769352112175,73.6795733857297
