"","Point Forecast","Lo 75","Hi 75","Lo 85","Hi 85","Lo 95","Hi 95"
"2019.000",0.212473513491579,0.165400045834998,0.259546981148161,0.153566420312894,0.271380606670265,0.132269792075958,0.292677234907201
"2019.005",0.212755232396796,0.151364940142709,0.274145524650883,0.135932260856635,0.289578203936957,0.10815852128363,0.317351943509962
"2019.011",0.213509637031197,0.14506361861595,0.281955655446444,0.127857226337521,0.299162047724872,0.0968913875953598,0.330127886467033
"2019.016",0.213324592682889,0.137143261956963,0.289505923408814,0.117992318028996,0.308656867336781,0.0835269268047679,0.343122258561009
"2019.022",0.213188250683141,0.129373914042597,0.297002587323684,0.108304136892897,0.318072364473384,0.0703854778856392,0.355991023480642
"2019.027",0.213251293036879,0.122803148836713,0.303699437237046,0.100065723256713,0.326436862817045,0.0591458463569612,0.367356739716797
"2019.033",0.21327111275333,0.116705551195704,0.309836674310957,0.0924302906149194,0.334111934891741,0.0487428172384756,0.377799408268185
