"","Point Forecast","Lo 75","Hi 75","Lo 85","Hi 85","Lo 95","Hi 95"
"2019.000",0.214247550010012,0.16729500758273,0.261200092437294,0.155491781008291,0.273003319011733,0.134249860864492,0.294245239155532
"2019.005",0.212250671717534,0.151043343737076,0.273457999697992,0.135656659165346,0.288844684269722,0.107965694928642,0.316535648506427
"2019.011",0.212412734477171,0.144173797333498,0.280651671620845,0.127019462452631,0.297806006501712,0.0961473098796664,0.328678159074676
"2019.016",0.212826571158188,0.13687232460537,0.288780817711006,0.117778466530652,0.307874675785724,0.0834158110396066,0.34223733127677
"2019.022",0.212723080413418,0.129160043486634,0.296286117340202,0.10815343964569,0.317292721181146,0.0703484717864693,0.355097689040366
"2019.027",0.212648760574112,0.122473688720858,0.302823832427365,0.0998049097916086,0.325492611356615,0.0590085742527015,0.366288946895522
"2019.032",0.212683750515891,0.116410009507613,0.308957491524169,0.0922081086190829,0.333159392412699,0.0486526585258336,0.376714842505948
