"","Point Forecast","Lo 75","Hi 75","Lo 85","Hi 85","Lo 95","Hi 95"
"2019.000",0.216252569252681,0.169295732728486,0.263209405776876,0.157491426676852,0.27501371182851,0.136247563829655,0.296257574675707
"2019.005",0.213792882701811,0.152581209776993,0.275004555626628,0.137193432945716,0.290392332457905,0.10950050300159,0.318085262402031
"2019.011",0.214117979539634,0.145871056772045,0.282364902307222,0.128714714414618,0.299521244664649,0.0978389490450564,0.330397010034211
"2019.016",0.214606765415613,0.138641968598952,0.290571562232274,0.119545458332295,0.309668072498931,0.0851780297693244,0.344035501061901
"2019.022",0.214455084364414,0.130880530648043,0.298029638080786,0.109871031643815,0.319039137085014,0.0720608534442791,0.35684931528455
"2019.027",0.214372213068514,0.124184238055521,0.304560188081508,0.101512215448505,0.327232210688523,0.0607100423580063,0.368034383779022
"2019.032",0.214419208601363,0.118131041520144,0.310707375682581,0.0939255141143125,0.334912903088413,0.0503635374844043,0.378474879718321
