"","Point Forecast","Lo 75","Hi 75","Lo 85","Hi 85","Lo 95","Hi 95"
"2019.000",0.199199384159754,0.15202064570419,0.246378122615319,0.140160556543956,0.258238211775553,0.118816302474852,0.279582465844657
"2019.005",0.199123340747808,0.1376164452688,0.260630236226815,0.122154453527811,0.276092227967804,0.0943279611907546,0.303918720304861
"2019.011",0.199512247698978,0.130955764973884,0.268068730424072,0.113721603479773,0.285302891918183,0.0827057892958745,0.316318706102082
"2019.016",0.199465472076309,0.123166130412767,0.275764813739851,0.103985520150179,0.294945424002438,0.069466739294988,0.329464204857629
"2019.022",0.199387029444399,0.115443951158538,0.28333010773026,0.0943418101211625,0.304432248767636,0.0563649067759486,0.34240915211285
"2019.027",0.199410214332135,0.108827611241228,0.289992817423043,0.0860563845362988,0.312764044127972,0.0450756767449253,0.353744751919345
"2019.033",0.199423787246273,0.102718336743409,0.296129237749136,0.0784079099963102,0.320439664496235,0.0346571491033634,0.364190425389182
