"","Point Forecast","Lo 75","Hi 75","Lo 85","Hi 85","Lo 95","Hi 95"
"2019.000",64.6856866386992,63.1388513949886,66.2325218824099,62.7499981846833,66.6213750927152,62.0501904847402,67.3211827926582
"2019.008",64.8383621374842,62.6680431479557,67.0086811270127,62.1224546569408,67.5542696180276,61.140575076436,68.5361491985324
"2019.016",64.6252330178165,62.037215424485,67.2132506111479,61.3866232210908,67.8638428145421,60.2157715439226,69.0346944917103
"2019.024",64.6208468328642,61.4980563331957,67.7436373325327,60.7130295400422,68.5286641256862,59.300239880728,69.9414537850004
"2019.031",64.6694635074507,61.0921211855849,68.2468058293164,60.1928262853203,69.146100729581,58.5743916702876,70.7645353446137
"2019.039",64.6229681799609,60.6638634723269,68.5820728875949,59.6685987330744,69.5773376268475,57.8774500179489,71.368486341973
"2019.047",64.619206383884,60.2824003928749,68.9560123748931,59.1921867201958,70.0462260475721,57.2301611987272,72.0082515690408
