"","Point Forecast","Lo 75","Hi 75","Lo 85","Hi 85","Lo 95","Hi 95"
"2019.000",64.8765351320968,63.3232748185001,66.4297954456935,62.9328064335588,66.8202638306347,62.2300919512695,67.522978312924
"2019.008",65.0157838597042,62.8339998366118,67.1975678827965,62.2855291930693,67.746038526339,61.2984626873242,68.7331050320841
"2019.016",65.0713979597834,62.4694486079282,67.6733473116387,61.8153541511109,68.327441768456,60.6381995713366,69.5045963482302
"2019.024",64.9742890803595,61.8276791865945,68.1208989741246,61.036664523757,68.9119136369621,59.6130986712674,70.3354794894517
"2019.032",65.0027533615722,61.3932601626738,68.6122465604706,60.4858829719396,69.5196237512048,58.8529028961677,71.1526038269767
"2019.040",65.0220224353634,61.0250604416564,69.0189844290703,60.0202788987994,70.0237659719273,58.212003071785,71.8320417989417
"2019.048",64.9978624726352,60.6157323461119,69.3799925991585,59.5141248060701,70.4816001392003,57.5315940762057,72.4641308690646
