"","Point Forecast","Lo 75","Hi 75","Lo 85","Hi 85","Lo 95","Hi 95"
"2019.000",65.7659153950803,64.2169669145985,67.3148638755622,63.8275824654907,67.70424832467,63.1268187106799,68.4050120794808
"2019.008",65.7653327335068,63.5896693698391,67.9409960971744,63.0427373763087,68.4879280907048,62.0584399337923,69.4722255332212
"2019.016",65.8396654528211,63.2435559821054,68.4357749235367,62.5909295914821,69.08840131416,61.4164170473124,70.2629138583297
"2019.024",65.8663310385803,62.7301822551759,69.0024798219847,61.9417973723125,69.7908647048482,60.5229642575919,71.2096978195687
"2019.032",65.8604797223148,62.265124752428,69.4558346922017,61.3613017189717,70.359657725658,59.7347179556488,71.9862414889809
"2019.040",65.8749517500124,61.894090824256,69.8558126757688,60.8933568695228,70.856546630502,59.092365367956,72.6575381320688
"2019.048",65.8810291091331,61.5182718604184,70.2437863578477,60.4215343967208,71.3405238215454,58.4477682001936,73.3142900180726
