"","Point Forecast","Lo 75","Hi 75","Lo 85","Hi 85","Lo 95","Hi 95"
"2019.000",51.5728940002054,51.0265555610601,52.1192324393507,50.8892135546386,52.2565744457723,50.6420431801315,52.5037448202794
"2019.008",51.5489528485905,50.6743160468568,52.4235896503242,50.4544443251669,52.6434613720141,50.0587476464188,53.0391580507622
"2019.016",51.5623152157173,50.4978387952434,52.6267916361912,50.2302439915443,52.8943864398903,49.7486614839797,53.3759689474549
"2019.024",51.5548572263063,50.3079784914946,52.8017359611179,49.9945302423263,53.1151842102862,49.4304266359052,53.6792878167074
"2019.032",51.5590197826503,50.16402541099,52.9540141543106,49.8133429178263,53.3046966474743,49.1822299362503,53.9358096290503
"2019.040",51.5566965190517,50.0223951281266,53.0909979099769,49.6366927568734,53.4767002812301,48.942555529416,54.1708375086875
"2019.048",51.5579932111088,49.8988519768623,53.2171344453553,49.4817665775544,53.6342198446633,48.7311502363896,54.384836185828
