"","Point Forecast","Lo 75","Hi 75","Lo 85","Hi 85","Lo 95","Hi 95"
"2019.000",51.4630045427982,50.9194132094028,52.0065958761936,50.7827617877699,52.1432472978265,50.5368342384208,52.3891748471756
"2019.008",51.4011454546903,50.5313498694223,52.2709410399582,50.3126951632951,52.4895957460854,49.919188711705,52.8831021976755
"2019.016",51.4350067399468,50.375560339618,52.4944531402756,50.1092300141426,52.760783465751,49.6299231508929,53.2400903290007
"2019.024",51.4164712801737,50.1758894027769,52.6570531575705,49.864024097384,52.9689184629634,49.3027692683762,53.5301732919712
"2019.031",51.426617477118,50.0382801628979,52.8149547913382,49.6892711628662,53.1639637913698,49.0611699177208,53.7920650365153
"2019.039",51.4210635111688,49.8942299501847,52.947897072153,49.5104048891741,53.3317221331635,48.8196462018138,54.0224808205238
"2019.047",51.4241037180497,49.7728776617885,53.0753297743108,49.3577820298991,53.4904254062003,48.6107466147077,54.2374608213917
