"","Point Forecast","Lo 75","Hi 75","Lo 85","Hi 85","Lo 95","Hi 95"
"2019.000",51.1235095855188,50.5782278641448,51.6687913068927,50.4411515021088,51.8058676689287,50.1944591999989,52.0525599710386
"2019.008",51.1820354939862,50.308875877945,52.0551951100274,50.0893755005214,52.274695487451,49.6943471191412,52.6697238688313
"2019.016",51.1498703270214,50.0865412048065,52.2131994492363,49.8192348161879,52.480505837855,49.3381713607712,52.9615692932716
"2019.024",51.167547933281,49.9222603401398,52.4128355264223,49.6092120822111,52.725883784351,49.045828328274,53.289267538288
"2019.032",51.157832523956,49.7643057863735,52.5513592615385,49.4139922363309,52.9016728115811,48.7835432308522,53.5321218170598
"2019.040",51.1631720013132,49.630577387016,52.6957666156104,49.2453040760482,53.0810399265782,48.5519390157825,53.7744049868438
"2019.048",51.1602374858961,49.502806015917,52.8176689558752,49.0861504279461,53.2343245438461,48.3363076056188,53.9841673661734
