"","Point Forecast","Lo 75","Hi 75","Lo 85","Hi 85","Lo 95","Hi 95"
"2019.000",32.52,32.1753375240718,32.8646624759282,32.0886940946689,32.9513059053312,31.932764459941,33.107235540059
"2019.008",32.52,32.0325736521013,33.0074263478987,31.9100413391491,33.1299586608509,31.6895235349411,33.350476465059
"2019.016",32.52,31.9230270802299,33.1169729197701,31.772956258362,33.267043741638,31.5028782086076,33.5371217913924
"2019.024",32.52,31.8306750481436,33.2093249518564,31.6573881893377,33.3826118106623,31.345528919882,33.694471080118
"2019.032",32.52,31.7493112745312,33.2906887254688,31.5555706765825,33.4844293234175,31.2069014136242,33.8330985863758
"2019.040",32.52,31.6757528004916,33.3642471995084,31.4635206088895,33.5764793911105,31.0815725680277,33.9584274319723
"2019.048",32.52,31.6081088024382,33.4318911975618,31.3788718355002,33.6611281644998,30.9663207999851,34.0736792000149
