"","Point Forecast","Lo 75","Hi 75","Lo 85","Hi 85","Lo 95","Hi 95"
"2019.000",32.709999,32.3661551983714,33.0538428016287,32.2797175724829,33.1402804275171,32.1241583162947,33.2958396837053
"2019.008",32.709999,32.2237304323988,33.1962675676012,32.1014891695681,33.3185088304319,31.881495159714,33.538502840286
"2019.016",32.709999,32.1144440657115,33.3055539342885,31.9647297059872,33.4552682940128,31.6952931706815,33.7247048293185
"2019.024",32.709999,32.0223113967427,33.3976866032573,31.8494361449659,33.5705618550341,31.5383176325893,33.8816803674107
"2019.031",32.709999,31.9411408859164,33.4788571140836,31.7478604786162,33.6721375213838,31.4000194072499,34.0199785927501
"2019.039",32.709999,31.867757134791,33.552240865209,31.6560290567868,33.7639689432132,31.2749882543587,34.1450097456413
"2019.047",32.709999,31.8002738110396,33.6197241889604,31.57158134902,33.84841665098,31.1600102430116,34.2599877569884
