"","Point Forecast","Lo 75","Hi 75","Lo 85","Hi 85","Lo 95","Hi 95"
"2019.000",52.2623967547524,51.7480810385827,52.7767124709221,51.6187891064547,52.9060044030501,51.3861062141812,53.1386872953237
"2019.008",52.0121877794565,51.2585317769829,52.7658437819301,51.0690729724856,52.9553025864274,50.7281095274233,53.2962660314897
"2019.016",51.7949186807671,50.9022660473564,52.6875713141777,50.6778653921473,52.9119719693868,50.2740181247831,53.3158192367511
"2019.024",51.6062529417004,50.6216844888923,52.5908213945085,50.3741774546451,52.8383284287557,49.9287463156808,53.28375956772
"2019.031",51.4424249453941,50.3938637432978,52.4909861474904,50.1302698076834,52.7545800831048,49.6558875448844,53.2289623459037
"2019.039",51.300164816414,50.2058228071896,52.3945068256385,49.9307202032186,52.6696094296094,49.4356261280479,53.1647035047802
"2019.047",51.1766331566629,50.0489993812347,52.304266932091,49.7655276828707,52.587738630455,49.2553719943647,53.097894318961
