"","Point Forecast","Lo 75","Hi 75","Lo 85","Hi 85","Lo 95","Hi 95"
"2019.000",52.1621765355825,51.6466706123747,52.6776824587903,51.5170794784865,52.8072735926785,51.2838581215942,53.0404949495708
"2019.008",51.9080375958721,51.1553740194871,52.6607011722571,50.9661646973262,52.849910494418,50.625650238296,53.1904249534482
"2019.016",51.6891694997868,50.8005918226581,52.5777471769156,50.5772155556885,52.8011234438852,50.1752118497472,53.2031271498264
"2019.024",51.5006771595789,50.5234271952491,52.4779271239087,50.2777599288447,52.7235943903131,49.8356397660234,53.1657145531344
"2019.032",51.3383448555448,50.3002080392142,52.3764816718755,50.0392346515133,52.6374550595764,49.5695685118151,53.1071211992745
"2019.040",51.1985419494748,50.1174585777283,52.2796253212213,49.8456890137618,52.5513948851878,49.3565933127783,53.0404905861713
"2019.048",51.0781416837241,49.9662762003596,52.1900071670886,49.6867684348158,52.4695149326324,49.183746519765,52.9725368476832
