"","Point Forecast","Lo 75","Hi 75","Lo 85","Hi 85","Lo 95","Hi 95"
"2019.000",51.7676091780164,51.2530426193992,52.2821757366335,51.123687628913,52.4115307271198,50.8908912523644,52.6443271036684
"2019.008",51.5436218215052,50.7953436985431,52.2918999444674,50.6072368193534,52.4800068236571,50.2687063945541,52.8185372484563
"2019.016",51.3534074582261,50.4743350862003,52.2324798302519,50.2533483228441,52.4534665936081,49.8556449363637,52.8511699800884
"2019.024",51.1918737691765,50.2294452885094,52.1543022498437,49.9875039402512,52.3962435981019,49.552089202868,52.8316583354851
"2019.032",51.0546962592971,50.0363795489222,52.0730129696719,49.7803886646009,52.3290038539932,49.319689389873,52.7897031287211
"2019.040",50.9382024843609,49.8814134572544,51.9949915114675,49.6157511590383,52.2606538096836,49.1376465248237,52.7387584438982
"2019.048",50.839273734227,49.755586840772,51.9229606276819,49.4831627870797,52.1953846813742,48.9928892201626,52.6856582482913
