"","Point Forecast","Lo 75","Hi 75","Lo 85","Hi 85","Lo 95","Hi 95"
"2019.000",83.9331648429106,82.9165900312266,84.9497396545947,82.6610370363966,85.2052926494246,82.2011258185231,85.6652038672982
"2019.008",83.7757625574699,82.1840094301062,85.3675156848335,81.783864478596,85.7676606363437,81.0637353637037,86.487789751236
"2019.016",83.8919899585323,81.9734380558484,85.8105418612161,81.4911403647857,86.2928395522788,80.6231633777746,87.1608165392899
"2019.024",83.8061664984733,81.5513579592416,86.060975037705,80.9845299517541,86.6278030451925,79.9644262373685,87.6479067595781
"2019.032",83.8695393884215,81.3603877403057,86.3786910365373,80.7296213561806,87.0094574206624,79.5944496235635,88.1446291532796
"2019.040",83.8227442210205,81.0573016059135,86.5881868361276,80.362107180281,87.28338126176,79.1109861939502,88.5345022480909
"2019.048",83.8572982344776,80.8748035242322,86.839792944723,80.1250451724537,87.5895512965016,78.7757270910642,88.938869377891
