"","Point Forecast","Lo 75","Hi 75","Lo 85","Hi 85","Lo 95","Hi 95"
"2019.000",83.2827072194308,82.2629165432123,84.3024978956493,82.0065551240506,84.558859314811,81.5451890086549,85.0202254302067
"2019.008",83.4126590454589,81.8135443236387,85.0117737672791,81.4115487680328,85.413769322885,80.6880891753113,86.1372289156065
"2019.016",83.3174065919395,81.3897720877355,85.2450410961435,80.9051911549551,85.7296220289239,80.0331050848951,86.6017080989839
"2019.024",83.3872250021826,81.1217236092801,85.6527263950851,80.5522075647219,86.2222424396432,79.5272662689821,87.2471837353831
"2019.032",83.3360493082371,80.8146436354532,85.8574549810209,80.1807967572349,86.4913018592392,79.0400811498885,87.6320174665856
"2019.040",83.3735602117608,80.5947746693455,86.152345754176,79.8962260143989,86.8508944091227,78.6390685201024,88.1080519034191
"2019.048",83.3460653646042,80.3488887009587,86.3432420282496,79.5954395070323,87.096691222176,78.2394791254488,88.4526516037596
