"","Point Forecast","Lo 75","Hi 75","Lo 85","Hi 85","Lo 95","Hi 95"
"2019.000",108.820168225504,107.542966109955,110.097370341053,107.221894977874,110.418441473134,106.644072693,110.996263758008
"2019.008",109.04301453132,107.297136039806,110.788893022834,106.858246081106,111.227782981534,106.068388714917,112.017640347723
"2019.016",109.023214047838,107.018469612565,111.027958483111,106.514504298439,111.531923797236,105.607532726692,112.438895368983
"2019.024",109.023214047838,106.691862700854,111.354565394821,106.105792879061,111.940635216614,105.051060236703,112.995367858972
"2019.032",109.023214047838,106.405696530149,111.640731565526,105.747688449507,112.298739646169,104.563490635898,113.482937459777
"2019.040",109.023214047838,106.147871145203,111.898556950472,105.42504929138,112.621378804296,104.124208034095,113.92222006158
"2019.048",109.023214047838,105.911334284727,112.135093810948,105.12905030142,112.917377794255,103.721196796416,114.325231299259
