"","Point Forecast","Lo 75","Hi 75","Lo 85","Hi 85","Lo 95","Hi 95"
"2019.000",109.449997,108.160197659132,110.739796340868,107.835959757012,111.064034242988,107.252438329121,111.647555670879
"2019.008",109.449997,107.625945279404,111.274048720596,107.167403640791,111.732590359209,106.342179723533,112.557814276467
"2019.016",109.449997,107.215999010047,111.683994989953,106.654402489836,112.245591510164,105.643713729425,113.256280270575
"2019.024",109.449997,106.870398318264,112.029595681736,106.221922514023,112.678071485977,105.054879658243,113.845114341757
"2019.032",109.449997,106.565917996484,112.334076003516,105.840900006462,113.059093993538,104.536106427371,114.363887572629
"2019.040",109.449997,106.290646744295,112.609347255705,105.49642932883,113.40356467117,104.067099576519,114.832894423481
"2019.048",109.449997,106.037508702888,112.862485297112,105.179655848257,113.720338151743,103.635803265382,115.264190734618
