"","Point Forecast","Lo 75","Hi 75","Lo 85","Hi 85","Lo 95","Hi 95"
"2019.000",143.554977535738,123.139053821889,163.970901249586,118.006770012248,169.103185059227,108.770349601935,178.339605469541
"2019.005",144.014828220441,116.600381752116,171.429274688766,109.708765103676,178.320891337207,97.3061250641396,190.723531376743
"2019.011",142.88145991841,108.137936735302,177.624983101518,99.4038905063978,186.359029330422,83.68548407265,202.07743576417
"2019.016",142.622727645006,103.730742871155,181.514712418857,93.9538301741198,191.291625115893,76.3586075920948,208.886847697918
"2019.022",143.013876726516,101.114442494711,184.913310958321,90.5814981638529,195.446255289179,71.6256676590235,214.402085794008
"2019.027",143.554411150724,98.6064662457452,188.502356055703,87.3071680535221,199.801654247926,66.9721530161966,220.136669285251
"2019.032",143.554432562796,94.9570921741448,192.151772951447,82.7403859028975,204.368479222695,60.7543384948037,226.354526630788
