"","Point Forecast","Lo 75","Hi 75","Lo 85","Hi 85","Lo 95","Hi 95"
"2019.000",127.566555169555,107.06288705097,148.07022328814,101.908545498846,153.224564840264,92.6324284173381,162.500681921772
"2019.005",127.650525528374,100.123508719433,155.177542337315,93.2035934279975,162.097457628751,80.7500251519421,174.551025904806
"2019.011",128.946530744471,94.0936667029763,163.799394785966,85.3321336787104,172.560927810232,69.5642600667812,188.328801422161
"2019.016",129.981815469348,90.989985999104,168.973644939591,81.1879737118684,178.775657226827,63.5475801346659,196.416050804029
"2019.022",129.544516498379,87.5531854035896,171.535847593169,76.9971394590765,182.091893537682,57.9997336587663,201.089299337993
"2019.027",128.544540523016,83.506320042606,173.582761003426,72.1843278062298,184.904753239802,51.8084709642839,205.280610081748
"2019.033",128.236868820131,79.5411588425427,176.932578797719,67.2997238029213,189.17401383734,45.2691727567974,211.204564883464
