"","Point Forecast","Lo 75","Hi 75","Lo 85","Hi 85","Lo 95","Hi 95"
"2019.000",136.889436777202,116.476007595116,157.302865959289,111.34435087662,162.434522677785,102.109059023818,171.669814530587
"2019.005",136.262293696553,108.85454969865,163.670037694457,101.964617959543,170.559969433563,89.5650102018413,182.959577191265
"2019.011",136.539730030714,101.826712084668,171.252747976761,93.1003344548668,179.979125606562,77.395728973658,195.683731087771
"2019.016",136.959003166298,98.1100835369646,175.807922795631,88.3439968278719,185.574009504723,70.7682574583322,203.149748874263
"2019.022",137.092971955834,95.2460088223833,178.939935089285,84.7262550075331,189.459688904136,65.7941630868884,208.39178082478
"2019.027",136.833472109186,91.9474620132803,181.719482205092,80.6637333844193,193.003210833953,60.3567384329174,213.310205785455
"2019.032",136.585303789435,88.058464370312,185.112143208559,75.8594810779288,197.311126500942,53.9053291942806,219.26527838459
