"","Point Forecast","Lo 75","Hi 75","Lo 85","Hi 85","Lo 95","Hi 95"
"2019.000",139.540798253749,119.128765080664,159.952831426834,113.997459299725,165.084137207773,104.762799018937,174.318797488561
"2019.005",139.343182691463,111.936191527588,166.750173855339,105.046449040652,173.639916342274,92.6471818745238,186.039183508403
"2019.011",139.059813597031,104.339077928135,173.780549265927,95.6107601684334,182.508867025629,79.9026630924356,198.216964101627
"2019.016",139.209501143156,100.348457551976,178.070544734336,90.5793230448035,187.839679241508,72.998098642589,205.420903643723
"2019.022",139.445599145047,97.5831085452024,181.308089744892,87.0594513378094,191.831746952285,68.1203345962684,210.770863693826
"2019.027",139.504506637514,94.5995325980106,184.409480677018,83.3110366932694,195.697976581759,62.9954622154056,216.013551059623
"2019.032",139.356104069796,90.8073511788923,187.904856960701,78.6028591396108,200.109348999982,56.6387933259904,222.073414813603
