"","Point Forecast","Lo 75","Hi 75","Lo 85","Hi 85","Lo 95","Hi 95"
"2019.000",118.096457545596,97.4298876053796,138.763027485813,92.2345947647702,143.958320326422,82.8847788523258,153.308136238867
"2019.006",119.101883640632,91.3475206153573,146.856246665906,84.3704535965925,153.833313684671,71.8140310357062,166.389736245557
"2019.011",118.97457202186,83.8370652746638,154.112078769055,75.0039769698003,162.945167073919,59.107327421331,178.841816622388
"2019.017",118.520736645624,79.2044767335875,157.836996557661,69.3209070734352,167.720566217814,51.5337370879591,185.50773620329
"2019.022",118.194738152709,75.850692063935,160.538784241483,65.2059783971863,171.183497908232,46.0489999018013,190.340476403617
"2019.028",118.382679348812,72.9676163610413,163.797742336582,61.5508910757754,175.214467621848,41.0045459485457,195.760812749078
"2019.033",118.722228178721,69.6245945171284,167.819861840314,57.2821213640697,180.162334993373,35.0697349932081,202.374721364234
