"","Point Forecast","Lo 75","Hi 75","Lo 85","Hi 85","Lo 95","Hi 95"
"2019.000",141.697866670438,121.226395968724,162.169337372153,116.080148406549,167.315584934328,106.818597840987,176.577135499889
"2019.005",141.619817851101,114.12673638081,169.112899321392,107.215351969073,176.02428373313,94.7771364666135,188.462499235589
"2019.011",140.981643729942,106.149451371096,175.813836088788,97.3931149249351,184.570172534948,81.634593441972,200.328694017911
"2019.016",140.53607963466,101.545522764935,179.526636504384,91.743830392053,189.328328877266,74.1040125553154,206.968146714004
"2019.022",140.777872723401,98.7727959377878,182.782949509014,88.2132945147251,193.342450932077,69.2096699911745,212.346075455627
"2019.027",141.241342172128,96.1809081100856,186.30177623417,84.8533316833018,197.629352660953,64.4674251379162,218.015259206339
"2019.033",141.35229403459,92.6350059451769,190.069582124003,80.3881464635605,202.31644160562,58.3478332085221,224.356754860658
