"","Point Forecast","Lo 75","Hi 75","Lo 85","Hi 85","Lo 95","Hi 95"
"2019.000",82.730003,81.4043068411322,84.0556991588678,81.0710449702503,84.3889610297497,80.4712833708603,84.9887226291397
"2019.008",82.730003,80.8551855125433,84.6048204874567,80.3838820549202,85.0761239450798,79.5356910668724,85.9243149331276
"2019.016",82.730003,80.4338298974421,85.0261761025579,79.8566034048491,85.6034025951509,78.817785842277,86.642220157723
"2019.024",82.730003,80.0786106822644,85.3813953177356,79.4120869405006,86.0479190594994,78.2125637417207,87.2474422582793
"2019.032",82.730003,79.7656562712613,85.6943497287387,79.0204600736605,86.4395459263395,77.6793523671306,87.7806536328694
"2019.040",82.730003,79.4827238568063,85.9772821431937,78.6664023224203,86.7936036775797,77.1972924365994,88.2627135634006
"2019.048",82.730003,79.2225406496023,86.2374653503977,78.3408126177885,87.1191933822114,76.7539925798764,88.7060134201236
