"","Point Forecast","Lo 75","Hi 75","Lo 85","Hi 85","Lo 95","Hi 95"
"2019.000",82.239998,80.9201967252616,83.5597992747384,80.5884167475726,83.8915792524274,79.9913220678309,84.4886739321691
"2019.008",82.239998,80.3735171376277,84.1064788623723,79.904309393456,84.575686606544,79.0598899993444,85.4201060006556
"2019.016",82.239998,79.954035136259,84.525960863741,79.3793753579674,85.1006206420326,78.3451770357257,86.1348189642743
"2019.024",82.239998,79.6003954505233,84.8796005494767,78.9368354951451,85.5431605048549,77.7426461356617,86.7373498643383
"2019.031",82.239998,79.2888326328942,85.1911633671058,78.546950049208,85.933045950792,77.2118057563021,87.2681902436979
"2019.039",82.239998,79.0071583150163,85.4728376849837,78.194466662806,86.285529337194,76.7318893693083,87.7481066306917
"2019.047",82.239998,78.7481320470163,85.7318639529837,77.8703247360604,86.6096712639396,76.2905607043041,88.1894352956959
