"","Point Forecast","Lo 75","Hi 75","Lo 85","Hi 85","Lo 95","Hi 95"
"2019.000",43.7789530758626,42.7764006319907,44.7815055197346,42.5243726685187,45.0335334832065,42.0708053460318,45.4871008056935
"2019.008",43.5305880930509,42.0182127256768,45.0429634604251,41.6380222566651,45.4231539294367,40.9538046377585,46.1073715483434
"2019.016",43.3444050058506,41.5617817219227,45.1270282897784,41.1136546252983,45.5751553864028,40.3071734533294,46.3816365583717
"2019.024",43.1582219186502,41.1412409338703,45.17520290343,40.6341995186676,45.6822443186327,39.7216919781737,46.5947518591266
"2019.032",42.9720388314498,40.7452297211924,45.1988479417072,40.1854403869492,45.7586372759504,39.1780039660391,46.7660736968605
"2019.040",42.7858557442494,40.3673551066462,45.2043563818526,39.7593771459156,45.8123343425832,38.665217069467,46.9064944190319
"2019.048",42.599672657049,40.0035964149774,45.1957488991207,39.3509783775805,45.8483669365176,38.1764808664668,47.0228644476313
