"","Point Forecast","Lo 75","Hi 75","Lo 85","Hi 85","Lo 95","Hi 95"
"2019.000",43.6466206380794,42.6405299049689,44.6527113711899,42.3876124640074,44.9056288121515,41.9324443750109,45.3607969011479
"2019.008",43.3998728490919,41.8828935652658,44.9168521329181,41.5015457346672,45.2981999635167,40.8152452461103,45.9845004520736
"2019.016",43.2111689631993,41.4232489094552,44.9990890169433,40.9737902773905,45.448547649008,40.1649127802039,46.2574251461946
"2019.024",43.0224650773066,40.9995735602937,45.0453565943195,40.4910463181791,45.553883836434,39.5758647786382,46.4690653759749
"2019.032",42.8337611914139,40.6004851089231,45.0670372739046,40.0390700663674,45.6284523164604,39.0287079059626,46.6388144768652
"2019.040",42.6450573055212,40.2195771403482,45.0705374706942,39.6098446219083,45.6802699891342,38.5125269194906,46.7775876915518
"2019.048",42.4563534196285,39.8528200507872,45.0598867884698,39.1983273937785,45.7143794454785,38.0204561848169,46.8922506544401
