"","Point Forecast","Lo 75","Hi 75","Lo 85","Hi 85","Lo 95","Hi 95"
"2019.000",44.3876805609919,43.386202051869,45.3891590701148,43.1344440608951,45.6409170610887,42.6813625999824,46.0939985220014
"2019.008",44.0695271858997,42.5568294607207,45.5822249110786,42.1765579553688,45.9624964164306,41.4921944977408,46.6468598740585
"2019.016",43.8890297215098,42.1036741164885,45.6743853265312,41.6548601517357,46.123199291284,40.847142843373,46.9309165996466
"2019.024",43.70853225712,41.6869648293549,45.7300996848851,41.1787704451557,46.2382940690842,40.2641879402275,47.1528765740125
"2019.031",43.5280347927302,41.2951050818748,45.7609645035855,40.7337771124078,46.3222924730525,39.723571654883,47.3324979305773
"2019.039",43.3475373283403,40.921591054772,45.7734836019087,40.3117413630606,46.38333329362,39.2142127873483,47.4808618693323
"2019.047",43.1670398639505,40.5623411192087,45.7717386086923,39.9075555026479,46.4265242252531,38.7291570629861,47.6049226649149
