"","Point Forecast","Lo 75","Hi 75","Lo 85","Hi 85","Lo 95","Hi 95"
"2019.000",0.504627185163417,0.400865661260737,0.608388709066096,0.374781434230238,0.634472936096595,0.327838417073005,0.681415953253829
"2019.005",0.50016611486185,0.339879481275436,0.660452748448264,0.299585615272235,0.700746614451465,0.22706992826691,0.77326230145679
"2019.011",0.50016611486185,0.310661004334752,0.689671225388948,0.263022013112292,0.737310216611407,0.177287520014439,0.823044709709261
"2019.016",0.50016611486185,0.285381178413061,0.714951051310638,0.231387184933201,0.768945044790498,0.134215780952208,0.866116448771492
"2019.022",0.50016611486185,0.262778349939703,0.737553879783997,0.203102314723607,0.797229915000093,0.0957051071410581,0.904627122582642
"2019.027",0.50016611486185,0.242148028394729,0.758184201328971,0.177285812688492,0.823046417035208,0.0605551884229607,0.939777041300739
"2019.032",0.50016611486185,0.223049325486725,0.777282904236975,0.153385957253973,0.846946272469727,0.0280148398213196,0.97231738990238
