"","Point Forecast","Lo 75","Hi 75","Lo 85","Hi 85","Lo 95","Hi 95"
"2019.000",0.450685688820529,0.346729123729267,0.554642253911791,0.320595866013289,0.58077551162777,0.273564609771685,0.627806767869373
"2019.005",0.439071645175897,0.279746584046963,0.598396706304831,0.239694444199506,0.638448846152288,0.167613784655919,0.710529505695875
"2019.011",0.429686719270396,0.242862693531526,0.616510745009266,0.195897690331541,0.66347574820925,0.111376153679199,0.747997284861593
"2019.016",0.420301793364894,0.209536620523608,0.631066966206181,0.15655314060025,0.684050446129539,0.0612003281828502,0.779403258546939
"2019.022",0.410916867459393,0.178665495940608,0.643168238978179,0.120280679729515,0.701553055189272,0.0152072410604459,0.806626493858341
"2019.027",0.401531941553892,0.149620367659606,0.653443515448178,0.086293245640542,0.716770637467242,-0.0276747156098782,0.830738598717662
"2019.033",0.392147015648391,0.122002271943399,0.662291759353382,0.0540915805728076,0.730202450723974,-0.06812529579626,0.852419327093041
