"","Point Forecast","Lo 75","Hi 75","Lo 85","Hi 85","Lo 95","Hi 95"
"2019.000",0.481251802102237,0.377223833354534,0.58527977084994,0.351072625736556,0.611430978467918,0.304009065583606,0.658494538620868
"2019.005",0.482752428923382,0.322038771886251,0.643466085960513,0.281637558031776,0.683867299814988,0.208928680251879,0.756576177594885
"2019.011",0.482752428923382,0.29275382788019,0.672751029966574,0.244990779895889,0.720514077950875,0.159033025487941,0.806471832358823
"2019.016",0.482752428923382,0.267415350744794,0.69808950710197,0.213282556390666,0.752222301456098,0.115861356553556,0.849643501293208
"2019.022",0.482752428923382,0.24475947508102,0.720745382765744,0.184931303652988,0.780573554193776,0.0772603009988515,0.888244556847912
"2019.027",0.482752428923382,0.22408036835492,0.741424489491844,0.159053752509886,0.806451105336878,0.0420272621438494,0.923477595702915
"2019.033",0.482752428923382,0.204936259921549,0.760568597925215,0.135097077222341,0.830407780624423,0.00940955165899354,0.95609530618777
