"","Point Forecast","Lo 75","Hi 75","Lo 85","Hi 85","Lo 95","Hi 95"
"2019.000",0.504509485913194,0.400748116119044,0.608270855707343,0.37466392782932,0.634355043997068,0.327720980392721,0.681297991433666
"2019.005",0.500068679615291,0.339782238187873,0.660355121042708,0.299488420490814,0.700648938739767,0.226972820420634,0.773164538809947
"2019.011",0.500068679615291,0.310563868626664,0.689573490603917,0.262924952704077,0.737212406526504,0.177190595121192,0.822946764109389
"2019.016",0.500068679615291,0.285284128331439,0.714853230899142,0.231290231676773,0.768847127553808,0.134119001949237,0.866018357281345
"2019.022",0.500068679615291,0.262681372556603,0.737455986673978,0.203005452441114,0.797131906789468,0.095608452001747,0.904528907228834
"2019.027",0.500068679615291,0.242051115029183,0.758086244201398,0.177189030516691,0.82294832871389,0.0604586423566877,0.939678716873893
"2019.032",0.500068679615291,0.222952469845244,0.777184889385337,0.153289247317276,0.846848111913305,0.0279183921052427,0.972218967125338
