"","Point Forecast","Lo 75","Hi 75","Lo 85","Hi 85","Lo 95","Hi 95"
"2019.000",24.200001,23.4960052177756,24.9039967822244,23.3190303129999,25.0809716870001,23.0005337755495,25.3994682244505
"2019.008",24.200001,23.2044006169248,25.1956013830752,22.9541203063913,25.4458816936087,22.5036981835601,25.8963038164399
"2019.017",24.200001,22.9806445368731,25.4193574631269,22.674115010137,25.725886989863,22.1224628252382,26.2775391747618
"2019.025",24.200001,22.7920094355512,25.6079925644488,22.4380596259998,25.9619423740002,21.801066551099,26.598935448901
"2019.034",24.200001,22.6258185750731,25.7741834249269,22.2300906576831,26.1699113423169,21.5179107493457,26.8820912506543
"2019.042",24.200001,22.4755705524787,25.9244314475213,22.0420723385007,26.3579296614993,21.2619183369039,27.1380836630961
"2019.051",24.200001,22.3374032361958,26.0625987638042,21.8691716498601,26.5308303501399,21.0265090183311,27.3734929816689
