"","Point Forecast","Lo 75","Hi 75","Lo 85","Hi 85","Lo 95","Hi 95"
"2019.000",24,23.2932990407986,24.7067009592014,23.1156440915539,24.8843559084461,22.7959236980491,25.2040763019509
"2019.009",24,23.0005739189553,24.9994260810447,22.7493318803107,25.2506681196893,22.2971789636489,25.7028210363511
"2019.017",24,22.7759580329055,25.2240419670945,22.4682506345976,25.5317493654024,21.9144786688313,26.0855213311687
"2019.026",24,22.5865980815971,25.4134019184029,22.2312881831078,25.7687118168922,21.5918473960981,26.4081526039019
"2019.034",24,22.4197686154613,25.5802313845387,22.0225200724109,25.9774799275891,21.3076035387411,26.6923964612589
"2019.043",24,22.2689432492211,25.7310567507789,21.8337792732916,26.1662207267084,21.0506274488429,26.9493725511571
"2019.051",24,22.1302450106622,25.8697549893378,21.660214195781,26.339785804219,20.8143135454915,27.1856864545085
