"","Point Forecast","Lo 75","Hi 75","Lo 85","Hi 85","Lo 95","Hi 95"
"2019.000",24.280001,23.578943407125,24.981058592875,23.4027071229398,25.1572948770602,23.0855398592689,25.4744621407311
"2019.008",24.280001,23.2885558441516,25.2714461558484,23.0393201008746,25.5206818991254,22.5907778550504,25.9692241449496
"2019.017",24.280001,23.0657336301086,25.4942683698914,22.7604834317626,25.7995185682374,22.211133616587,26.348868383413
"2019.025",24.280001,22.8778858142501,25.6821161857499,22.5254132458796,26.0345887541204,21.8910787185377,26.6689232814623
"2019.034",24.280001,22.7123885661892,25.8476134338108,22.318312254649,26.241689745351,21.6091046928433,26.9508973071567
"2019.042",24.280001,22.5627676171525,25.9972343828475,22.1310786467345,26.4289233532655,21.354180687626,27.205821312374
"2019.050",24.280001,22.4251769545193,26.1348250454807,21.958899574579,26.601102425421,21.1197538708949,27.4402481291051
