"","Point Forecast","Lo 75","Hi 75","Lo 85","Hi 85","Lo 95","Hi 95"
"2019.000",0.0249,0.0161974134570002,0.0336025865429998,0.0140097023035568,0.0357902976964432,0.0100725428051717,0.0397274571948283
"2019.005",0.0249,0.0125926840831641,0.0372073159168359,0.00949879329940952,0.0403012067005905,0.00393080893956724,0.0458691910604328
"2019.011",0.0249,0.00982667795025914,0.0399733220497409,0.00603745108021003,0.04376254891979,-0.000781909208495378,0.0505819092084954
"2019.016",0.0249,0.00749482691400038,0.0423051730859996,0.00311940460711356,0.0466805953928864,-0.00475491438965667,0.0545549143896567
"2019.022",0.0249,0.00544042490977753,0.0443595750902225,0.000548554055543587,0.0492514459444564,-0.0082552022211045,0.0580552022211045
"2019.027",0.0249,0.00358310352723905,0.0462168964727609,-0.00177567250329294,0.0515756725032929,-0.0114197043102886,0.0612197043102886
"2019.033",0.0249,0.0018751202442052,0.0479248797557948,-0.00391301940824835,0.0537130194082483,-0.0143297643129712,0.0641297643129712
