"","Point Forecast","Lo 75","Hi 75","Lo 85","Hi 85","Lo 95","Hi 95"
"2019.000",0.02715,0.018446426593731,0.035853573406269,0.0162584673563679,0.0380415326436321,0.01232086138864,0.04197913861136
"2019.005",0.02715,0.0148412884477445,0.0394587115522555,0.0117470468203462,0.0425529531796538,0.00617843105750419,0.0481215689424958
"2019.011",0.02715,0.0120749686529367,0.0422250313470633,0.00828531208893419,0.0460146879110658,0.00146517849264313,0.0528348215073569
"2019.016",0.02715,0.00974285318746194,0.0445571468125381,0.00536693471273575,0.0489330652872643,-0.00250827722271996,0.05680827722272
"2019.022",0.02715,0.00768821821642306,0.0466117817835769,0.00279579262968057,0.0515042073703194,-0.00600896198276776,0.0603089619827678
"2019.027",0.02715,0.00583068621578357,0.0484693137842164,0.000471302506234957,0.053828697493765,-0.00917382292283626,0.0634738229228363
"2019.033",0.02715,0.00412250924941682,0.0501774907505832,-0.00166628677139249,0.0559662867713925,-0.0120842129229642,0.0663842129229642
