"","Point Forecast","Lo 75","Hi 75","Lo 85","Hi 85","Lo 95","Hi 95"
"2019.000",67.580002,66.3605299296953,68.7994740703047,66.0539713408968,69.1060326591032,65.5022668538581,69.6577371461419
"2019.008",67.580002,65.8554080592398,69.3045959407601,65.4218687452991,69.7381352547009,64.6416407773069,70.5183632226931
"2019.016",67.580002,65.467814415821,69.692189584179,64.9368393645255,70.2231646354745,63.9812591622107,71.1787448377893
"2019.024",67.580002,65.1410578593905,70.0189461406095,64.5279406817936,70.6320633182063,63.4245317077162,71.7354722922838
"2019.032",67.580002,64.8531795541362,70.3068244458638,64.1676937104965,70.9923102895035,62.9340449739863,72.2259590260137
"2019.040",67.580002,64.592917672178,70.567086327822,63.8420055533541,71.3179984466459,62.4906110713054,72.6693929286946
"2019.048",67.580002,64.3535821711846,70.8064218288154,63.542504382953,71.617499617047,62.0828315130501,73.0771724869498
