"","Point Forecast","Lo 75","Hi 75","Lo 85","Hi 85","Lo 95","Hi 95"
"2019.000",67.059998,65.84420626271,68.2757897372899,65.5385728592625,68.5814231407375,64.9885334011224,69.1314625988776
"2019.008",67.059998,65.3406088361034,68.7793871638966,64.9083779318337,69.2116180681663,64.1305046702915,69.9894913297084
"2019.016",67.059998,64.9541849395914,69.1658110604086,64.4248123563301,69.6951836436699,63.4721160686637,70.6478799313363
"2019.024",67.059998,64.6284145254201,69.4915814745799,64.0171477185251,70.1028482814749,62.9170688022448,71.2029271977552
"2019.031",67.059998,64.3414050289371,69.7785909710629,63.6579879626338,70.4620080373662,62.4280623439253,71.6919336560747
"2019.039",67.059998,64.0819286101477,70.0380673898523,63.3332827233511,70.7867132766489,61.9859667125108,72.1340292874892
"2019.047",67.059998,63.8433154170836,70.2766805829164,63.0346854392072,71.0853105607928,61.5794178216957,72.5405781783043
