"","Point Forecast","Lo 75","Hi 75","Lo 85","Hi 85","Lo 95","Hi 95"
"2019.000",67.379997,66.1557919205671,68.6042020794329,65.8480435180498,68.9119504819502,65.2941977582121,69.4657962417879
"2019.008",67.379997,65.64870957354,69.11128442646,65.2134876089013,69.5465063910987,64.4302314238761,70.3297625761239
"2019.016",67.379997,65.2596116035384,69.5003823964616,64.7265757344301,70.0334182655699,63.7672867388348,70.9927072611652
"2019.024",67.379997,64.9315868411343,69.8284071588657,64.3160900360995,70.4439039639005,63.2083985164243,71.5515954835757
"2019.032",67.379997,64.6425912239876,70.1174027760124,63.9544448759918,70.8055491240082,62.7160081079448,72.0439858920552
"2019.040",67.379997,64.3813192148661,70.3786747851339,63.6274926595419,71.1325013404581,62.2708531517357,72.4891408482643
"2019.048",67.379997,64.1410548060786,70.6189391939214,63.3268290666402,71.4331649333598,61.8614909214222,72.8985030785778
