"","Point Forecast","Lo 75","Hi 75","Lo 85","Hi 85","Lo 95","Hi 95"
"2019.000",78.471579103274,77.2327654199916,79.7103927865564,76.9213446143995,80.0218135921485,76.3608897386261,80.5822684679219
"2019.008",78.7182950706949,77.1852872694806,80.2513028719092,76.7999100889767,80.6366800524131,76.1063580977581,81.3302320436317
"2019.016",78.9464166868787,77.1707722567618,80.7220611169956,76.724399548473,81.1684338252844,75.9210756976561,81.9717576761012
"2019.024",79.1600509989504,77.2015083288047,81.1185936690961,76.7091575061152,81.6109444917856,75.823088193428,82.4970138044728
"2019.032",79.3595564959756,77.2534871933872,81.465625798564,76.7240501943488,81.9950627976024,75.7712379795007,82.9478750124505
"2019.040",79.5459826690682,77.3192476210782,81.7727177170581,76.7594769050755,82.3324884330608,75.7520739908657,83.3398913472706
"2019.048",79.7201633342565,77.3931716661565,82.0471550023565,76.8081978079687,82.6321288605444,75.7554375391159,83.6848891293971
