"","Point Forecast","Lo 75","Hi 75","Lo 85","Hi 85","Lo 95","Hi 95"
"2019.000",78.442339594712,77.2081535480474,79.6765256413766,76.8978960669673,79.9867831224566,76.3395347921451,80.5451443972788
"2019.008",78.6633141950006,77.1359080973458,80.1907202926553,76.751939108452,80.5746892815492,76.0609213983081,81.2657069916931
"2019.016",78.8888989775194,77.1183278270497,80.6594701279892,76.6732304718313,81.1045674832075,75.8722018364716,81.9055961185672
"2019.024",79.0962420983969,77.1418439347524,81.0506402620414,76.6505349842756,81.5419492125182,75.7663406984045,82.4261434983893
"2019.032",79.2911792611723,77.1879696921234,81.3943888302211,76.6592515909587,81.9231069313859,75.7077331554958,82.8746253668487
"2019.040",79.4735324349731,77.2481908130155,81.6988740569306,76.6887703852469,82.2582944846993,75.6819978744823,83.2650669954639
"2019.048",79.6443038574427,77.317132605908,81.9714751089774,76.7321136029024,82.556494111983,75.6792720882473,83.6093356266381
