"","Point Forecast","Lo 75","Hi 75","Lo 85","Hi 85","Lo 95","Hi 95"
"2019.000",111.82,110.065863387481,113.574136612519,109.624897450181,114.015102549819,108.831304006288,114.808695993712
"2019.008",111.82,109.339276212321,114.300723787679,108.715656203247,114.924343796753,107.593345591882,116.046654408118
"2019.016",111.82,108.781746263701,114.858253736299,108.01797085589,115.62202914411,106.643426690513,116.996573309487
"2019.024",111.82,108.311726774963,115.328273225037,107.429794900363,116.210205099637,105.842608012575,117.797391987425
"2019.032",111.82,107.897631292587,115.742368707413,106.911601481022,116.728398518978,105.137072593978,118.502927406022
"2019.040",111.82,107.523260360195,116.116739639804,106.443118819862,117.196881180138,104.499219819104,119.140780180896
"2019.048",111.82,107.178990757643,116.461009242357,106.012304550896,117.627695449104,103.912653656262,119.727346343738
