"","Point Forecast","Lo 75","Hi 75","Lo 85","Hi 85","Lo 95","Hi 95"
"2019.000",111.440002,109.679243998182,113.200760001818,109.236613534232,113.643390465768,108.440024490623,114.439979509377
"2019.008",111.440002,108.949914153772,113.930089846228,108.323940148535,114.556063851465,107.197393119424,115.682610880576
"2019.016",111.440002,108.390279681018,114.489724318982,107.623621228479,115.256382771521,106.243888532195,116.636115467805
"2019.024",111.440002,107.918485996364,114.961518003636,107.033225068464,115.846778931536,105.440046981246,117.439957018754
"2019.032",111.440002,107.502827416008,115.377176583992,106.513075609704,116.366928390296,104.731848358062,118.148155641938
"2019.040",111.440002,107.127043335023,115.752960664977,106.042824553735,116.837179446265,104.0915878622,118.7884161378
"2019.048",111.440002,106.781474208222,116.098529791778,105.61038407791,117.26961992209,103.502807571401,119.377196428599
