"","Point Forecast","Lo 75","Hi 75","Lo 85","Hi 85","Lo 95","Hi 95"
"2019.000",52.3223713151824,51.3491163549874,53.2956262753774,51.1044533779469,53.5402892524179,50.6641406051927,53.9806020251721
"2019.008",52.5567184869701,51.2568820766953,53.8565548972449,50.9301209926935,54.1833159812467,50.3420586684898,54.7713783054504
"2019.016",52.3666301359341,50.8403911408417,53.8928691310265,50.4567155455591,54.2765447263091,49.7662258472789,54.9670344245894
"2019.024",52.5645546118571,50.7558144076351,54.3732948160791,50.3011218746845,54.8279873490297,49.4828250798205,55.6462841438937
"2019.031",52.5645546118571,50.6090039036252,54.520105320089,50.1174052192128,55.0117040045013,49.2326895076889,55.8964197160253
"2019.039",52.5645546118571,50.4724704790929,54.6566387446213,49.9465491603475,55.1825600633667,49.0000640120489,56.1290452116653
"2019.047",52.5645546118571,50.3443173577194,54.7847918659948,49.7861800981624,55.3429291255518,48.7817168675349,56.3473923561793
