"","Point Forecast","Lo 75","Hi 75","Lo 85","Hi 85","Lo 95","Hi 95"
"2019.000",53.1905821752097,52.2174744847769,54.1636898656426,51.9728485293391,54.4083158210804,51.5326023832756,54.8485619671439
"2019.008",53.0863754623303,51.7866429078537,54.386108016807,51.4599079317781,54.7128429928825,50.8718925932425,55.3008583314182
"2019.016",53.2740224010645,51.7513144935197,54.7967303086093,51.3685265653202,55.1795182368089,50.6796343754139,55.8684104267152
"2019.024",53.2333228778369,51.4312362680128,55.0354094876609,50.9782163576329,55.4884293980408,50.1629297324756,56.3037160231981
"2019.032",53.2333228778369,51.2893996952647,55.177246060409,50.8007240116691,55.6659217440046,49.9212687388513,56.5453770168224
"2019.040",53.2333228778369,51.157230748336,55.3094150073377,50.6353296003447,55.831316155329,49.6960794352588,56.7705663204149
"2019.048",53.2333228778369,51.0329866033984,55.4336591522753,50.4798521777733,55.9867935779004,49.4843924004138,56.9822533552599
