"","Point Forecast","Lo 75","Hi 75","Lo 85","Hi 85","Lo 95","Hi 95"
"2019.000",52.7874072362643,51.810409634595,53.7644048379336,51.5648058087096,54.010008663819,51.1227998179268,54.4520146546018
"2019.008",53.0356094524085,51.7296283742312,54.3415905305859,51.4013226048146,54.6698963000025,50.8104803556452,55.2607385491719
"2019.016",52.9418290679956,51.4113019435912,54.4723561924,51.0265483712868,54.8571097647044,50.3341186694263,55.5495394665649
"2019.024",53.0980240781352,51.285765049718,54.9102831065524,50.8301879325233,55.3658602237471,50.01029917738,56.1857489788904
"2019.032",53.0980240781352,51.141897981845,55.0541501744254,50.6501546527496,55.5458935035208,49.7651786284384,56.430869527832
"2019.040",53.0980240781352,51.0079102479586,55.1881379083118,50.4824842363182,55.7135639199521,49.5368904776667,56.6591576786037
"2019.048",53.0980240781352,50.8820091094125,55.3140390468579,50.3249332746227,55.8711148816477,49.3223802589691,56.8736678973013
