"","open","high","low","close","volume","adjusted"
"2018-06-29",383.149994,391.950012,383.049988,383.149994,0,383.149994
