"","open","high","low","close","volume","adjusted"
"2018-07-05",379.309998,381.880005,377.950012,379.299988,0,379.299988
