"","open","high","low","close","volume","adjusted"
"2018-07-04",383.25,384.109985,378.690002,379.299988,0,379.299988
