"","open","high","low","close","volume","adjusted"
"2018-07-02",391.880005,391.880005,390.299988,390.480011,0,390.480011
