"","open","high","low","close","volume","adjusted"
"2018-07-03",381.570007,383.109985,378.730011,381.559998,0,381.559998
