"","open","high","low","close","volume","adjusted"
"2018-07-04",383.25,384.109985,381.269989,383.26001,0,383.26001
