"","open","high","low","close","volume","adjusted"
"2018-07-05",274.329987,274.950012,273.609985,274.470001,0,274.470001
