"","open","high","low","close","volume","adjusted"
"2018-07-04",274.679993,275,273.76001,275.309998,0,275.309998
