"","open","high","low","close","volume","adjusted"
"2018-07-02",271.51001,273.019989,271.51001,272.390015,0,272.390015
