"","open","high","low","close","volume","adjusted"
"2018-06-29",273.570007,274.399994,271.730011,273.640015,0,273.640015
