"","open","high","low","close","volume","adjusted"
"2018-07-03",271.700012,275.029999,271.700012,271.929993,0,271.929993
