"","open","high","low","close","volume","adjusted"
"2018-07-03",102.879997,103.830002,101.870003,102,800634,102
