"","open","high","low","close","volume","adjusted"
"2018-04-24",108.970001,109.449997,104.389999,105.769997,2372240,105.769997
