"","open","high","low","close","volume","adjusted"
"2018-07-02",102.720001,103.379898,101.169998,102.68,2304309,102.68
