"","open","high","low","close","volume","adjusted"
"2018-04-24",28.209999,28.66,28.146099,28.5,5748262,28.0448
