"","open","high","low","close","volume","adjusted"
"2018-07-03",206.639999,207.309998,205.470001,205.880005,490056,205.880005
