"","open","high","low","close","volume","adjusted"
"2018-06-28",203.149994,206.270004,202.830002,205.610001,1116307,205.610001
